timestamp,anomaly,degradation,severity,persistence,urgency,anomaly_change,degradation_change,severity_change,persistence_change,urgency_change
2026-01-01 00:00:00+00:00,0.0,0.0,0.0,0.0,0.0,0.0,0.0,0.0,0.0,0.0
2026-01-01 00:05:00+00:00,0.0,0.0,0.0,0.0,0.0,0.0,0.0,0.0,0.0,0.0
2026-01-01 00:10:00+00:00,0.0,0.0,0.0,0.0,0.0,0.0,0.0,0.0,0.0,0.0
2026-01-01 00:15:00+00:00,0.0,0.0,0.0,0.0,0.0,0.0,0.0,0.0,0.0,0.0
2026-01-01 00:20:00+00:00,0.0,0.0,0.0,0.0,0.0,0.0,0.0,0.0,0.0,0.0
2026-01-01 00:25:00+00:00,0.0,0.0,0.0,0.0,0.0,0.0,0.0,0.0,0.0,0.0
2026-01-01 00:30:00+00:00,0.0,0.0,0.0,0.0,0.0,0.0,0.0,0.0,0.0,0.0
2026-01-01 00:35:00+00:00,0.0,0.0,0.0,0.0,0.0,0.0,0.0,0.0,0.0,0.0
2026-01-01 00:40:00+00:00,0.0,0.0,0.0,0.0,0.0,0.0,0.0,0.0,0.0,0.0
2026-01-01 00:45:00+00:00,0.0,0.0,0.0,0.0,0.0,0.0,0.0,0.0,0.0,0.0
2026-01-01 00:50:00+00:00,0.0,0.0,0.0,0.0,0.0,0.0,0.0,0.0,0.0,0.0
2026-01-01 00:55:00+00:00,0.0,0.0,0.0,0.0,0.0,0.0,0.0,0.0,0.0,0.0
2026-01-01 01:00:00+00:00,0.0,0.0,0.0,0.0,0.0,0.0,0.0,0.0,0.0,0.0
2026-01-01 01:05:00+00:00,0.0,0.0,0.0,0.0,0.0,0.0,0.0,0.0,0.0,0.0
2026-01-01 01:10:00+00:00,0.0,0.0,0.0,0.0,0.0,0.0,0.0,0.0,0.0,0.0
2026-01-01 01:15:00+00:00,0.0,0.0,0.0,0.0,0.0,0.0,0.0,0.0,0.0,0.0
2026-01-01 01:20:00+00:00,0.0,0.0,0.0,0.0,0.0,0.0,0.0,0.0,0.0,0.0
2026-01-01 01:25:00+00:00,0.0,0.0,0.0,0.0,0.0,0.0,0.0,0.0,0.0,0.0
2026-01-01 01:30:00+00:00,0.0,0.0,0.0,0.0,0.0,0.0,0.0,0.0,0.0,0.0
2026-01-01 01:35:00+00:00,0.0,0.0,0.0,0.0,0.0,0.0,0.0,0.0,0.0,0.0
2026-01-01 01:40:00+00:00,0.0,0.0,0.0,0.0,0.0,0.0,0.0,0.0,0.0,0.0
2026-01-01 01:45:00+00:00,0.0,0.0,0.0,0.0,0.0,0.0,0.0,0.0,0.0,0.0
2026-01-01 01:50:00+00:00,0.0,0.0,0.0,0.0,0.0,0.0,0.0,0.0,0.0,0.0
2026-01-01 01:55:00+00:00,0.0,0.0,0.0,0.0,0.0,0.0,0.0,0.0,0.0,0.0
2026-01-01 02:00:00+00:00,0.0,0.0,0.0,0.0,0.0,0.0,0.0,0.0,0.0,0.0
2026-01-01 02:05:00+00:00,0.0,0.0,0.0,0.0,0.0,0.0,0.0,0.0,0.0,0.0
2026-01-01 02:10:00+00:00,0.0,0.0,0.0,0.0,0.0,0.0,0.0,0.0,0.0,0.0
2026-01-01 02:15:00+00:00,0.0,0.0,0.0,0.0,0.0,0.0,0.0,0.0,0.0,0.0
2026-01-01 02:20:00+00:00,0.0,0.0,0.0,0.0,0.0,0.0,0.0,0.0,0.0,0.0
2026-01-01 02:25:00+00:00,0.0,0.0,0.0,0.0,0.0,0.0,0.0,0.0,0.0,0.0
2026-01-01 02:30:00+00:00,0.0,0.0,0.0,0.0,0.0,0.0,0.0,0.0,0.0,0.0
2026-01-01 02:35:00+00:00,0.0,0.0,0.0,0.0,0.0,0.0,0.0,0.0,0.0,0.0
2026-01-01 02:40:00+00:00,0.0,0.0,0.0,0.0,0.0,0.0,0.0,0.0,0.0,0.0
2026-01-01 02:45:00+00:00,0.0,0.0,0.0,0.0,0.0,0.0,0.0,0.0,0.0,0.0
2026-01-01 02:50:00+00:00,0.0,0.0,0.0,0.0,0.0,0.0,0.0,0.0,0.0,0.0
2026-01-01 02:55:00+00:00,0.0,0.0,0.0,0.0,0.0,0.0,0.0,0.0,0.0,0.0
2026-01-01 03:00:00+00:00,0.0,0.0,0.0,0.0,0.0,0.0,0.0,0.0,0.0,0.0
2026-01-01 03:05:00+00:00,0.0,0.0,0.0,0.0,0.0,0.0,0.0,0.0,0.0,0.0
2026-01-01 03:10:00+00:00,0.0,0.0,0.0,0.0,0.0,0.0,0.0,0.0,0.0,0.0
2026-01-01 03:15:00+00:00,0.0,0.0,0.0,0.0,0.0,0.0,0.0,0.0,0.0,0.0
2026-01-01 03:20:00+00:00,0.0,0.0,0.0,0.0,0.0,0.0,0.0,0.0,0.0,0.0
2026-01-01 03:25:00+00:00,0.0,0.0,0.0,0.0,0.0,0.0,0.0,0.0,0.0,0.0
2026-01-01 03:30:00+00:00,0.0,0.0,0.0,0.0,0.0,0.0,0.0,0.0,0.0,0.0
2026-01-01 03:35:00+00:00,0.0,0.0,0.0,0.0,0.0,0.0,0.0,0.0,0.0,0.0
2026-01-01 03:40:00+00:00,0.0,0.0,0.0,0.0,0.0,0.0,0.0,0.0,0.0,0.0
2026-01-01 03:45:00+00:00,0.0,0.0,0.0,0.0,0.0,0.0,0.0,0.0,0.0,0.0
2026-01-01 03:50:00+00:00,0.0,0.0,0.0,0.0,0.0,0.0,0.0,0.0,0.0,0.0
2026-01-01 03:55:00+00:00,0.0,0.0,0.0,0.0,0.0,0.0,0.0,0.0,0.0,0.0
2026-01-01 04:00:00+00:00,0.0,0.0,0.0,0.0,0.0,0.0,0.0,0.0,0.0,0.0
2026-01-01 04:05:00+00:00,0.0,0.0,0.0,0.0,0.0,0.0,0.0,0.0,0.0,0.0
2026-01-01 04:10:00+00:00,0.0,0.0,0.0,0.0,0.0,0.0,0.0,0.0,0.0,0.0
2026-01-01 04:15:00+00:00,0.0,0.0,0.0,0.0,0.0,0.0,0.0,0.0,0.0,0.0
2026-01-01 04:20:00+00:00,0.0,0.0,0.0,0.0,0.0,0.0,0.0,0.0,0.0,0.0
2026-01-01 04:25:00+00:00,0.0,0.0,0.0,0.0,0.0,0.0,0.0,0.0,0.0,0.0
2026-01-01 04:30:00+00:00,0.0,0.0,0.0,0.0,0.0,0.0,0.0,0.0,0.0,0.0
2026-01-01 04:35:00+00:00,0.0,0.0,0.0,0.0,0.0,0.0,0.0,0.0,0.0,0.0
2026-01-01 04:40:00+00:00,0.0,0.0,0.0,0.0,0.0,0.0,0.0,0.0,0.0,0.0
2026-01-01 04:45:00+00:00,0.0,0.0,0.0,0.0,0.0,0.0,0.0,0.0,0.0,0.0
2026-01-01 04:50:00+00:00,0.0,0.0,0.0,0.0,0.0,0.0,0.0,0.0,0.0,0.0
2026-01-01 04:55:00+00:00,0.0,0.0,0.0,0.0,0.0,0.0,0.0,0.0,0.0,0.0
2026-01-01 05:00:00+00:00,0.0,0.0,0.0,0.0,0.0,0.0,0.0,0.0,0.0,0.0
2026-01-01 05:05:00+00:00,0.0,0.0,0.0,0.0,0.0,0.0,0.0,0.0,0.0,0.0
2026-01-01 05:10:00+00:00,0.0,0.0,0.0,0.0,0.0,0.0,0.0,0.0,0.0,0.0
2026-01-01 05:15:00+00:00,0.0,0.0,0.0,0.0,0.0,0.0,0.0,0.0,0.0,0.0
2026-01-01 05:20:00+00:00,0.0,0.0,0.0,0.0,0.0,0.0,0.0,0.0,0.0,0.0
2026-01-01 05:25:00+00:00,0.0,0.0,0.0,0.0,0.0,0.0,0.0,0.0,0.0,0.0
2026-01-01 05:30:00+00:00,0.0,0.0,0.0,0.0,0.0,0.0,0.0,0.0,0.0,0.0
2026-01-01 05:35:00+00:00,0.0,0.0,0.0,0.0,0.0,0.0,0.0,0.0,0.0,0.0
2026-01-01 05:40:00+00:00,0.0,0.0,0.0,0.0,0.0,0.0,0.0,0.0,0.0,0.0
2026-01-01 05:45:00+00:00,0.0,0.0,0.0,0.0,0.0,0.0,0.0,0.0,0.0,0.0
2026-01-01 05:50:00+00:00,0.0,0.0,0.0,0.0,0.0,0.0,0.0,0.0,0.0,0.0
2026-01-01 05:55:00+00:00,0.0,0.0,0.0,0.0,0.0,0.0,0.0,0.0,0.0,0.0
2026-01-01 06:00:00+00:00,1.080076107602476,0.0,0.0,0.0,0.0,1.080076107602476,0.0,0.0,0.0,0.0
2026-01-01 06:05:00+00:00,0.9234494400241143,0.0,0.0,0.0,0.0,-0.15662666757836174,0.0,0.0,0.0,0.0
2026-01-01 06:10:00+00:00,1.3494833001429591,1.125314938509862e-06,0.0,0.0,3.2637118546172e-08,0.4260338601188448,1.125314938509862e-06,0.0,0.0,3.2637118546172e-08
2026-01-01 06:15:00+00:00,1.2866107696468836,1.151653876884934e-05,0.0,0.0,3.1512795850384034e-07,-0.06287253049607555,1.0391223830339477e-05,0.0,0.0,2.824908399576683e-07
2026-01-01 06:20:00+00:00,1.1888574786220025,0.00041675842846667575,0.0,0.0,1.1644052110830268e-05,-0.09775329102488106,0.0004052418896978264,0.0,0.0,1.1328924152326427e-05
2026-01-01 06:25:00+00:00,1.7809059670409118,2.9430983350962867e-05,0.0,0.0,7.058190626024028e-07,0.5920484884189092,-0.00038732744511571287,0.0,0.0,-1.0938233048227866e-05
2026-01-01 06:30:00+00:00,2.4578516400819344,6.707207457469387e-05,0.0,0.0,1.3457480344966242e-06,0.6769456730410226,3.7641091223731e-05,0.0,0.0,6.399289718942213e-07
2026-01-01 06:35:00+00:00,2.5758987829988658,0.0003551327117555332,0.0,0.0,6.3275010720461816e-06,0.11804714291693141,0.0002880606371808393,0.0,0.0,4.981753037549558e-06
2026-01-01 06:40:00+00:00,3.179645525700959,0.0011762603396633232,0.0,0.0,1.9723832411932373e-05,0.6037467427020933,0.00082112762790779,0.0,0.0,1.339633133988619e-05
2026-01-01 06:45:00+00:00,4.139181841276678,0.005848597578892509,0.0,0.0,0.00014349304252787124,0.9595363155757193,0.0046723372392291854,0.0,0.0,0.00012376921011593886
2026-01-01 06:50:00+00:00,4.622826765341646,0.006509132226719905,0.0,0.0,0.00015093685800466672,0.4836449240649676,0.0006605346478273958,0.0,0.0,7.443815476795482e-06
2026-01-01 06:55:00+00:00,4.224821234832516,0.0059507082328186045,0.0,0.0,0.00013450616893154549,-0.39800553050913035,-0.0005584239939013004,0.0,0.0,-1.643068907312124e-05
2026-01-01 07:00:00+00:00,3.8902595670140103,0.005057442809233652,0.0,0.0,0.00011422063219598465,-0.33456166781850527,-0.0008932654235849526,0.0,0.0,-2.0285536735560836e-05
2026-01-01 07:05:00+00:00,3.444687627016124,0.004333178450238269,0.0,0.0,9.776541137291624e-05,-0.44557193999788636,-0.0007242643589953834,0.0,0.0,-1.6455220823068413e-05
2026-01-01 07:10:00+00:00,3.0057203581456955,0.003680518297789425,0.0,0.0,8.297992814779094e-05,-0.4389672688704285,-0.0006526601524488437,0.0,0.0,-1.4785483225125294e-05
2026-01-01 07:15:00+00:00,2.7686977442645557,0.0031214458511386834,0.0,0.0,7.032438795200499e-05,-0.23702261388113977,-0.0005590724466507414,0.0,0.0,-1.265554019578595e-05
2026-01-01 07:20:00+00:00,2.575576141303863,0.0026567623010748742,0.0,0.0,5.978242548030312e-05,-0.19312160296069258,-0.0004646835500638092,0.0,0.0,-1.0541962471701872e-05
2026-01-01 07:25:00+00:00,2.2314034595231753,0.002280229376727849,0.0,0.0,5.129933636268179e-05,-0.34417268178068783,-0.0003765329243470253,0.0,0.0,-8.48308911762133e-06
2026-01-01 07:30:00+00:00,1.8960424904937094,0.0019469813610860146,0.0,0.0,4.374918270278614e-05,-0.3353609690294659,-0.00033324801564183436,0.0,0.0,-7.550153659895653e-06
2026-01-01 07:35:00+00:00,1.6264923608789688,0.0016987366680660907,0.0,0.0,3.829444194875743e-05,-0.2695501296147407,-0.0002482446930199239,0.0,0.0,-5.454740754028706e-06
2026-01-01 07:40:00+00:00,1.6984184604415622,0.0014967808522158422,0.0,0.0,3.397960985095395e-05,0.07192609956259344,-0.00020195581585024844,0.0,0.0,-4.3148320978034815e-06
2026-01-01 07:45:00+00:00,2.2163253486032635,0.007695012390664929,0.0,0.0,0.00018853906597831484,0.5179068881617013,0.006198231538449088,0.0,0.0,0.0001545594561273609
2026-01-01 07:50:00+00:00,2.949221192005849,0.010671402966317547,0.0,0.0,0.00027409003572782613,0.7328958434025856,0.0029763905756526174,0.0,0.0,8.555096974951129e-05
2026-01-01 07:55:00+00:00,3.1891176045600407,0.011528017309951979,0.0,0.0,0.0002905075269232343,0.23989641255419158,0.000856614343634432,0.0,0.0,1.6417491195408148e-05
2026-01-01 08:00:00+00:00,3.1713149625855146,0.012106142509010811,0.0,0.0,0.0003096878841629059,-0.01780264197452608,0.0005781251990588324,0.0,0.0,1.9180357239671644e-05
2026-01-01 08:05:00+00:00,2.719921430215099,0.010677455684226822,0.0,0.0,0.00027326989573728873,-0.4513935323704157,-0.0014286868247839896,0.0,0.0,-3.641798842561719e-05
2026-01-01 08:10:00+00:00,2.3015752822929363,0.009289077334381718,0.0,0.0,0.00023829207734397674,-0.4183461479221626,-0.0013883783498451034,0.0,0.0,-3.4977818393311995e-05
2026-01-01 08:15:00+00:00,1.947841196805507,0.00791661998147899,0.0,0.0,0.00020305100935306226,-0.35373408548742935,-0.0013724573529027284,0.0,0.0,-3.524106799091448e-05
2026-01-01 08:20:00+00:00,1.7268133713751495,0.007727379158603472,0.0,0.0,0.0002026569905500906,-0.22102782543035748,-0.00018924082287551797,0.0,0.0,-3.9401880297165455e-07
2026-01-01 08:25:00+00:00,1.468016885621687,0.009100838721271248,0.0,0.0,0.0002491550906172845,-0.25879648575346237,0.0013734595626677757,0.0,0.0,4.6498100067193885e-05
2026-01-01 08:30:00+00:00,1.4584050260951202,0.00896018900376151,0.0,0.0,0.0002484417993457356,-0.009611859526566846,-0.00014064971750973702,0.0,0.0,-7.132912715488771e-07
2026-01-01 08:35:00+00:00,1.2392447822475134,0.011955466770503667,0.0,0.0,0.0003501768404929537,-0.2191602438476068,0.002995277766742157,0.0,0.0,0.00010173504114721811
2026-01-01 08:40:00+00:00,1.0519552108118635,0.011983090142832954,0.0,0.0,0.0003521982465154871,-0.18728957143564995,2.7623372329286383e-05,0.0,0.0,2.021406022533357e-06
2026-01-01 08:45:00+00:00,1.473894163336798,0.013802899883969705,0.0,0.0,0.0004272294401217348,0.4219389525249344,0.0018198097411367513,0.0,0.0,7.503119360624771e-05
2026-01-01 08:50:00+00:00,1.2511130338346788,0.013459192969514592,0.0,0.0,0.0004280696530699677,-0.22278112950211915,-0.00034370691445511324,0.0,0.0,8.402129482328849e-07
2026-01-01 08:55:00+00:00,1.2915792348850854,0.015043964874192064,0.0,0.0,0.0005011795720148074,0.04046620105040666,0.0015847719046774723,0.0,0.0,7.310991894483973e-05
2026-01-01 09:00:00+00:00,1.4857110782650922,0.014181054082715382,0.0,0.0,0.000478915453222284,0.19413184338000677,-0.0008629107914766825,0.0,0.0,-2.2264118792523428e-05
2026-01-01 09:05:00+00:00,1.8403439185094892,0.01204785800479985,0.0,0.0,0.0004068459304750129,0.354632840244397,-0.002133196077915532,0.0,0.0,-7.20695227472711e-05
2026-01-01 09:10:00+00:00,2.144966312871821,0.010948912729610292,0.0,0.0,0.00037207003488537796,0.30462239436233185,-0.0010989452751895574,0.0,0.0,-3.4775895589634915e-05
2026-01-01 09:15:00+00:00,1.9729829485785508,0.009694042276957544,0.0,0.0,0.0003293226653057704,-0.1719833642932702,-0.0012548704526527486,0.0,0.0,-4.2747369579607575e-05
2026-01-01 09:20:00+00:00,2.321024025696164,0.010369929820685558,0.0,0.0,0.00035735994048960554,0.348041077117613,0.000675887543728014,0.0,0.0,2.8037275183835154e-05
2026-01-01 09:25:00+00:00,2.3743020975529623,0.009765961108485158,0.0,0.0,0.00033904527995957685,0.05327807185679845,-0.0006039687122003992,0.0,0.0,-1.831466053002869e-05
2026-01-01 09:30:00+00:00,2.4363104919249845,0.0093176072744491,0.0,0.0,0.00032726360708230636,0.06200839437202221,-0.00044835383403605926,0.0,0.0,-1.1781672877270491e-05
2026-01-01 09:35:00+00:00,2.146647427051546,0.008145834706274616,0.0,0.0,0.00028710096870257295,-0.2896630648734386,-0.001171772568174483,0.0,0.0,-4.0162638379733406e-05
2026-01-01 09:40:00+00:00,2.043011429186197,0.008241917785799174,0.0,0.0,0.0002969500867516295,-0.10363599786534872,9.608307952455736e-05,0.0,0.0,9.849118049056567e-06
2026-01-01 09:45:00+00:00,2.482263931971203,0.0076572579566661384,0.0,0.0,0.00027546576584705956,0.4392525027850058,-0.0005846598291330352,0.0,0.0,-2.1484320904569952e-05
2026-01-01 09:50:00+00:00,3.166651530227076,0.00793367089345719,0.0,0.0,0.0002894549189271672,0.6843875982558729,0.00027641293679105203,0.0,0.0,1.3989153080107622e-05
2026-01-01 09:55:00+00:00,2.86573302100607,0.007250660565276893,0.0,0.0,0.00026215671642109057,-0.30091850922100605,-0.0006830103281802976,0.0,0.0,-2.7298202506076613e-05
2026-01-01 10:00:00+00:00,3.073928588046726,0.00021068111921799623,0.0,0.0,7.4052619829335764e-06,0.20819556704065612,-0.0070399794460588964,0.0,0.0,-0.000254751454438157
2026-01-01 10:05:00+00:00,3.054899053839038,0.008449159954314108,0.0,0.0,0.0003009513968283327,-0.019029534207688048,0.008238478835096113,0.0,0.0,0.0002935461348453991
2026-01-01 10:10:00+00:00,3.2324772511331914,0.007860197268634959,0.0,0.0,0.00027658953712939184,0.17757819729415347,-0.000588962685679149,0.0,0.0,-2.4361859698940867e-05
2026-01-01 10:15:00+00:00,3.07832000380253,0.00021223591120208751,0.0,0.0,7.256232121538537e-06,-0.15415724733066138,-0.0076479613574328715,0.0,0.0,-0.0002693333050078533
2026-01-01 10:20:00+00:00,3.209622278025684,0.00018385310763320857,0.0,0.0,6.218912892748533e-06,0.13130227422315377,-2.8382803568878946e-05,0.0,0.0,-1.037319228790004e-06
2026-01-01 10:25:00+00:00,3.105500321909258,0.005439666570864992,0.0,0.0,0.0001830727395420646,-0.10412195611642572,0.0052558134632317835,0.0,0.0,0.00017685382664931607
2026-01-01 10:30:00+00:00,2.6601100857773594,0.004743270196238825,0.0,0.0,0.00015721489400740736,-0.44539023613189865,-0.0006963963746261671,0.0,0.0,-2.5857845534657244e-05
2026-01-01 10:35:00+00:00,2.636921296609347,0.004138253088450333,0.0,0.0,0.00013563076280631388,-0.02318878916801248,-0.0006050171077884919,0.0,0.0,-2.1584131201093476e-05
2026-01-01 10:40:00+00:00,2.807809985741844,0.00011839784971113531,0.0,0.0,3.6294568893541342e-06,0.170888689132497,-0.004019855238739198,0.0,0.0,-0.00013200130591695976
2026-01-01 10:45:00+00:00,2.862983662782671,0.00010070349553928452,0.0,0.0,3.080396759098457e-06,0.055173677040826874,-1.7694354171850793e-05,0.0,0.0,-5.490601302556773e-07
2026-01-01 10:50:00+00:00,2.7358015794587662,8.805661734839715e-05,0.0,0.0,2.64788367502881e-06,-0.12718208332390457,-1.2646878190887374e-05,0.0,0.0,-4.32513084069647e-07
2026-01-01 10:55:00+00:00,3.8836269416097915,7.873895193099644e-05,0.0,0.0,2.3060370629808e-06,1.1478253621510253,-9.317665417400711e-06,0.0,0.0,-3.418466120480098e-07
2026-01-01 11:00:00+00:00,4.268576138413078,7.954311956067823e-05,0.0,0.0,2.1973056689419946e-06,0.3849491968032863,8.041676296817972e-07,0.0,0.0,-1.0873139403880562e-07
2026-01-01 11:05:00+00:00,4.5211030151721365,7.020081480488597e-05,0.0,0.0,1.9187356424588812e-06,0.2525268767590587,-9.342304755792264e-06,0.0,0.0,-2.7857002648311337e-07
2026-01-01 11:10:00+00:00,4.686991343793297,5.999699646801557e-05,0.0,0.0,1.6363438551148279e-06,0.16588832862116032,-1.0203818336870398e-05,0.0,0.0,-2.8239178734405335e-07
2026-01-01 11:15:00+00:00,4.535458096586285,5.076668931909009e-05,0.0,0.0,1.384598646635624e-06,-0.1515332472070119,-9.23030714892548e-06,0.0,0.0,-2.5174520847920396e-07
2026-01-01 11:20:00+00:00,4.174425363786098,4.295642942384546e-05,0.0,0.0,1.1715834702301432e-06,-0.36103273280018655,-7.81025989524463e-06,0.0,0.0,-2.1301517640548072e-07
2026-01-01 11:25:00+00:00,3.5389793400582192,3.634774797402308e-05,0.0,0.0,9.913398594255057e-07,-0.6354460237278792,-6.608681449822381e-06,0.0,0.0,-1.8024361080463746e-07
2026-01-01 11:30:00+00:00,3.000194716249349,3.0755786747250294e-05,0.0,0.0,8.388260348985047e-07,-0.53878462380887,-5.591961226772787e-06,0.0,0.0,-1.52513824527001e-07
2026-01-01 11:35:00+00:00,2.540330996562357,3.452027054329887e-05,0.0,0.0,9.057334711407572e-07,-0.45986371968699213,3.7644837960485784e-06,0.0,0.0,6.69074362422525e-08
2026-01-01 11:40:00+00:00,2.6066716812558854,3.3869235304683565e-05,0.0,0.0,8.535717516353842e-07,0.06634068469352838,-6.510352386153071e-07,0.0,0.0,-5.216171950537305e-08
2026-01-01 11:45:00+00:00,2.21099900394224,4.8077108703593125e-05,0.0,0.0,1.1736508355669276e-06,-0.3956726773136454,1.420787339890956e-05,0.0,0.0,3.200790839315434e-07
2026-01-01 11:50:00+00:00,1.875113871795049,5.053383953498635e-05,0.0,0.0,1.187462839065358e-06,-0.33588513214719096,2.4567308313932243e-06,0.0,0.0,1.38120034984304e-08
2026-01-01 11:55:00+00:00,1.5945089099390255,4.2759402683449995e-05,0.0,0.0,1.0047762484399181e-06,-0.28060496185602357,-7.774436851536354e-06,0.0,0.0,-1.8268659062543983e-07
2026-01-01 12:00:00+00:00,1.3646529963940606,4.079076068658432e-05,0.0,0.0,9.300702396802599e-07,-0.22985591354496493,-1.968641996865675e-06,0.0,0.0,-7.47060087596582e-08
2026-01-01 12:05:00+00:00,1.1547063815642051,5.298918227718132e-05,0.0,0.0,1.1113350755613477e-06,-0.20994661482985544,1.2198421590597001e-05,0.0,0.0,1.812648358810878e-07
2026-01-01 12:10:00+00:00,0.9879473579696129,5.407690398501216e-05,0.0,0.0,1.0869121538166809e-06,-0.16675902359459227,1.0877217078308384e-06,0.0,0.0,-2.4422921744666856e-08
2026-01-01 12:15:00+00:00,1.4397636089569659,0.0002982991190710145,0.0,0.0,7.67248441369338e-06,0.451816250987353,0.0002442222150860024,0.0,0.0,6.585572259876698e-06
2026-01-01 12:20:00+00:00,1.2265518786777072,0.000252406946906243,0.0,0.0,6.49210219620209e-06,-0.21321173027925866,-4.5892172164771494e-05,0.0,0.0,-1.1803822174912892e-06
2026-01-01 12:25:00+00:00,1.0378515896503675,0.00021357510892066716,0.0,0.0,5.49331724294023e-06,-0.1887002890273397,-3.883183798557586e-05,0.0,0.0,-9.987849532618598e-07
2026-01-01 12:30:00+00:00,0.8781821143195417,0.00018071739985594918,0.0,0.0,4.648191513257118e-06,-0.15966947533082576,-3.285770906471798e-05,0.0,0.0,-8.45125729683112e-07
2026-01-01 12:35:00+00:00,0.7551886301352605,0.00015291472295503393,0.0,0.0,3.933085126602176e-06,-0.12299348418428124,-2.780267690091526e-05,0.0,0.0,-7.151063866549422e-07
2026-01-01 12:40:00+00:00,0.639005763960605,0.00012938938096195175,0.0,0.0,3.3279951071249186e-06,-0.11618286617465545,-2.352534199308217e-05,0.0,0.0,-6.050900194772576e-07
2026-01-01 12:45:00+00:00,1.7879077570506978,0.00031676239357324724,0.0,0.0,5.857111288414729e-06,1.1489019930900928,0.00018737301261129548,0.0,0.0,2.5291161812898104e-06
2026-01-01 12:50:00+00:00,1.8664849209326781,0.00026949408181609123,0.0,0.0,4.9782026169261875e-06,0.07857716388198033,-4.7268311757156e-05,0.0,0.0,-8.789086714885415e-07
2026-01-01 12:55:00+00:00,1.7264326163057022,0.00022803345384438486,0.0,0.0,4.212325291245235e-06,-0.14005230462697593,-4.146062797170637e-05,0.0,0.0,-7.658773256809522e-07
2026-01-01 13:00:00+00:00,1.5411216460994832,0.00019295138402217183,0.0,0.0,3.5642752464382766e-06,-0.185310970206219,-3.5082069822213035e-05,0.0,0.0,-6.480500448069588e-07
2026-01-01 13:05:00+00:00,1.3754086550484979,0.00016326655571106846,0.0,0.0,3.0159252085246956e-06,-0.16571299105098536,-2.9684828311103364e-05,0.0,0.0,-5.48350037913581e-07
2026-01-01 13:10:00+00:00,1.3817755533943414,2.612765914173262e-05,0.0,0.0,5.440083002430714e-07,0.006366898345843586,-0.00013713889656933584,0.0,0.0,-2.471916908281624e-06
2026-01-01 13:15:00+00:00,1.3104593468626713,2.2108019273773752e-05,0.0,0.0,4.603147155902911e-07,-0.07131620653167015,-4.019639867958867e-06,0.0,0.0,-8.36935846527803e-08
2026-01-01 13:20:00+00:00,1.3472581069586815,1.8706785539347024e-05,0.0,0.0,3.894970670379386e-07,0.03679876009601024,-3.401233734426728e-06,0.0,0.0,-7.08176485523525e-08
2026-01-01 13:25:00+00:00,1.1760884241847844,1.5828818533293633e-05,0.0,0.0,3.2957444133979417e-07,-0.1711696827738971,-2.8779670060533904e-06,0.0,0.0,-5.992262569814442e-08
2026-01-01 13:30:00+00:00,1.2668769965930713,5.648010834692993e-05,0.0,0.0,1.0401819552786854e-06,0.09078857240828686,4.06512898136363e-05,0.0,0.0,7.106075139388912e-07
2026-01-01 13:35:00+00:00,1.9582429637026566,4.779086090894072e-05,0.0,0.0,8.801539621588875e-07,0.6913659671095853,-8.68924743798921e-06,0.0,0.0,-1.6002799311979784e-07
2026-01-01 13:40:00+00:00,1.9419599025061298,0.00045462640314845496,0.0,0.0,1.2698126099444367e-05,-0.016283061196526782,0.0004068355422395142,0.0,0.0,1.181797213728548e-05
2026-01-01 13:45:00+00:00,1.9811192463388752,0.0014375658371046306,0.0,0.0,3.651220924157022e-05,0.03915934383274533,0.0009829394339561756,0.0,0.0,2.3814083142125853e-05
2026-01-01 13:50:00+00:00,3.0127999788156368,0.0028334907575165527,0.0,0.0,7.67781854224424e-05,1.0316807324767616,0.001395924920411922,0.0,0.0,4.026597618087218e-05
2026-01-01 13:55:00+00:00,3.3214422380216906,0.0028707176349517132,0.0,0.0,7.864400628138743e-05,0.3086422592060538,3.7226877435160566e-05,0.0,0.0,1.865820858945022e-06
2026-01-01 14:00:00+00:00,3.421036395630642,0.002429068768036065,0.0,0.0,6.65449283919432e-05,0.0995941576089514,-0.0004416488669156484,0.0,0.0,-1.2099077889444224e-05
2026-01-01 14:05:00+00:00,3.067308744493251,0.0020553658806459012,0.0,0.0,5.630724710087502e-05,-0.3537276511373908,-0.0003737028873901636,0.0,0.0,-1.0237681291068181e-05
2026-01-01 14:10:00+00:00,3.3051010270078334,0.001730023271750288,0.0,0.0,4.7463944213708966e-05,0.23779228251458218,-0.00032534260889561313,0.0,0.0,-8.843302887166055e-06
2026-01-01 14:15:00+00:00,3.9769364213267924,0.0021213510486797348,0.0,0.0,6.07731446857468e-05,0.671835394318959,0.0003913277769294467,0.0,0.0,1.3309200472037832e-05
2026-01-01 14:20:00+00:00,4.2746662405686315,0.0018002159058662325,0.0,0.0,5.1526909230173445e-05,0.29772981924183917,-0.0003211351428135023,0.0,0.0,-9.246235455573352e-06
2026-01-01 14:25:00+00:00,3.8826014755532157,0.001528342023016587,0.0,0.0,4.370531347822968e-05,-0.3920647650154159,-0.00027187388284964555,0.0,0.0,-7.821595751943768e-06
2026-01-01 14:30:00+00:00,3.7304955768034738,0.0013037541676776373,0.0,0.0,3.720312228584424e-05,-0.1521058987497419,-0.00022458785533894968,0.0,0.0,-6.502191192385437e-06
2026-01-01 14:35:00+00:00,3.278201055632836,0.0011056756718162777,0.0,0.0,3.152606154453811e-05,-0.45229452117063795,-0.00019807849586135954,0.0,0.0,-5.67706074130613e-06
2026-01-01 14:40:00+00:00,2.9404231226268465,0.0009364543220435568,0.0,0.0,2.669251249036971e-05,-0.33777793300598935,-0.00016922134977272088,0.0,0.0,-4.833549054168402e-06
2026-01-01 14:45:00+00:00,2.6590027303546284,0.0008137481664688996,0.0,0.0,2.295691506737235e-05,-0.28142039227221805,-0.0001227061555746572,0.0,0.0,-3.735597422997358e-06
2026-01-01 14:50:00+00:00,2.6683748759652492,0.0007531709960708745,0.0,0.0,2.0629699369345024e-05,0.00937214561062083,-6.0577170398025144e-05,0.0,0.0,-2.3272156980273273e-06
2026-01-01 14:55:00+00:00,2.811010044471562,0.0007004446490420148,0.0,0.0,1.8535946039201497e-05,0.14263516850631275,-5.272634702885965e-05,0.0,0.0,-2.0937533301435273e-06
2026-01-01 15:00:00+00:00,2.3935047166175285,0.0006042530673142778,0.0,0.0,1.586760916615471e-05,-0.4175053278540335,-9.619158172773708e-05,0.0,0.0,-2.6683368730467873e-06
2026-01-01 15:05:00+00:00,2.3427671300952153,0.00020522788549391416,0.0,0.0,3.887672790896264e-06,-0.050737586522313194,-0.00039902518182036357,0.0,0.0,-1.1979936375258446e-05
2026-01-01 15:10:00+00:00,1.990299250841611,0.0001736543646486966,0.0,0.0,3.289569284604531e-06,-0.35246787925360423,-3.157352084521756e-05,0.0,0.0,-5.98103506291733e-07
2026-01-01 15:15:00+00:00,2.5421030164190785,0.0021919752834869697,0.0,0.0,3.610486500921226e-05,0.5518037655774675,0.002018320918838273,0.0,0.0,3.281529572460773e-05
2026-01-01 15:20:00+00:00,2.574914160079256,0.0024467991192964767,0.0,0.0,4.002120208371635e-05,0.03281114366017768,0.00025482383580950705,0.0,0.0,3.916337074504093e-06
2026-01-01 15:25:00+00:00,2.511326174787765,0.002321362108070747,0.0,0.0,3.7511402420567796e-05,-0.06358798529149112,-0.00012543701122572993,0.0,0.0,-2.509799663148557e-06
2026-01-01 15:30:00+00:00,2.5540168302156214,0.003206113726070022,0.0,0.0,5.514541631326345e-05,0.04269065542785633,0.000884751617999275,0.0,0.0,1.7634013892695656e-05
2026-01-01 15:35:00+00:00,2.500874034632886,0.0028785956525445634,0.0,0.0,4.902310737780002e-05,-0.05314279558273549,-0.00032751807352545846,0.0,0.0,-6.1223089354634335e-06
2026-01-01 15:40:00+00:00,2.5718928914373946,0.0024357347829223226,0.0,0.0,4.148109085813848e-05,0.0710188568045087,-0.00044286086962224075,0.0,0.0,-7.542016519661537e-06
2026-01-01 15:45:00+00:00,2.9434654987511846,0.002061006354780427,0.0,0.0,3.5099384572271025e-05,0.37157260731378994,-0.0003747284281418956,0.0,0.0,-6.381706285867457e-06
2026-01-01 15:50:00+00:00,2.514348968780083,0.001747492981272884,0.0,0.0,2.9788888260013798e-05,-0.4291165299711017,-0.0003135133735075431,0.0,0.0,-5.310496312257227e-06
2026-01-01 15:55:00+00:00,2.135057041448008,0.0014790900419409203,0.0,0.0,2.5215410049317392e-05,-0.37929192733207495,-0.0002684029393319636,0.0,0.0,-4.573478210696406e-06
2026-01-01 16:00:00+00:00,1.850874082809212,0.0012599992558018924,0.0,0.0,2.1506850326097936e-05,-0.28418295863879584,-0.00021909078613902792,0.0,0.0,-3.708559723219456e-06
2026-01-01 16:05:00+00:00,1.804792461986224,0.00026053670741957346,0.0,0.0,6.018521919557106e-06,-0.04608162082298817,-0.000999462548382319,0.0,0.0,-1.548832840654083e-05
2026-01-01 16:10:00+00:00,2.0811392284365597,0.0005378632703193142,0.0,0.0,1.0961700675308476e-05,0.27634676645033585,0.00027732656289974076,0.0,0.0,4.94317875575137e-06
2026-01-01 16:15:00+00:00,2.0594433893589095,0.00030832336728565593,0.0,0.0,7.502730829234862e-06,-0.02169583907765027,-0.00022953990303365828,0.0,0.0,-3.4589698460736143e-06
2026-01-01 16:20:00+00:00,2.2332256515084605,0.0007095749627210793,0.0,0.0,1.8712296975108885e-05,0.17378226214955106,0.0004012515954354234,0.0,0.0,1.1209566145874024e-05
2026-01-01 16:25:00+00:00,2.521455450717505,0.002828686150221369,0.0,0.0,6.924305525562787e-05,0.28822979920904457,0.00211911118750029,0.0,0.0,5.053075828051899e-05
2026-01-01 16:30:00+00:00,2.8628886619650373,0.0036903170753263903,0.0,0.0,9.022545398637047e-05,0.34143321124753223,0.0008616309251050212,0.0,0.0,2.0982398730742593e-05
2026-01-01 16:35:00+00:00,2.720182956932017,0.0036800595428377165,0.0,0.0,8.819928844761951e-05,-0.14270570503302027,-1.0257532488673875e-05,0.0,0.0,-2.0261655387509577e-06
2026-01-01 16:40:00+00:00,2.3016932712501683,0.0043371835820081635,0.0,0.0,0.00010283342353839053,-0.41848968568184874,0.0006571240391704471,0.0,0.0,1.4634135090771017e-05
2026-01-01 16:45:00+00:00,1.9855645700667846,0.004035940193932486,0.0,0.0,9.554540397793233e-05,-0.31612870118338376,-0.00030124338807567715,0.0,0.0,-7.288019560458195e-06
2026-01-01 16:50:00+00:00,2.191607319958764,0.005393504623035836,0.0,0.0,0.00012926058347626892,0.20604274989197924,0.0013575644291033495,0.0,0.0,3.371517949833659e-05
2026-01-01 16:55:00+00:00,1.8547990417187412,0.005175123529830781,0.0,0.0,0.00012674336305968877,-0.3368082782400226,-0.00021838109320505492,0.0,0.0,-2.517220416580146e-06
2026-01-01 17:00:00+00:00,2.0715756638295257,0.00453823498081479,0.0,0.0,0.00011237567613026451,0.21677662211078452,-0.000636888549015991,0.0,0.0,-1.4367686929424265e-05
2026-01-01 17:05:00+00:00,2.4343673297146413,0.003901779143209539,0.0,0.0,9.727644699592971e-05,0.3627916658851156,-0.000636455837605251,0.0,0.0,-1.5099229134334796e-05
2026-01-01 17:10:00+00:00,2.4890157646852673,0.0034075589102581256,0.0,0.0,8.567156970190945e-05,0.05464843497062599,-0.0004942202329514134,0.0,0.0,-1.1604877294020259e-05
2026-01-01 17:15:00+00:00,2.141260108503265,0.00384007618904038,0.0,0.0,9.820456529626673e-05,-0.3477556561820023,0.00043251727878225454,0.0,0.0,1.2532995594357276e-05
2026-01-01 17:20:00+00:00,2.304580513929071,0.003815610991712163,0.0,0.0,9.991214992711478e-05,0.16332040542580595,-2.4465197328217125e-05,0.0,0.0,1.7075846308480484e-06
2026-01-01 17:25:00+00:00,2.1208460685395565,0.004249388078625604,0.0,0.0,0.00011519582299996119,-0.18373444538951444,0.00043377708691344106,0.0,0.0,1.528367307284641e-05
2026-01-01 17:30:00+00:00,2.535881443799249,0.0035956360665293573,0.0,0.0,9.747338869227485e-05,0.4150353752596927,-0.0006537520120962468,0.0,0.0,-1.7722434307686336e-05
2026-01-01 17:35:00+00:00,2.9492945203449525,0.0030424612870633026,0.0,0.0,8.247748273961718e-05,0.41341307654570336,-0.0005531747794660547,0.0,0.0,-1.4995905952657675e-05
2026-01-01 17:40:00+00:00,2.799013287498912,0.002940826473928776,0.0,0.0,7.906235359585451e-05,-0.15028123284604034,-0.00010163481313452648,0.0,0.0,-3.415129143762667e-06
2026-01-01 17:45:00+00:00,2.7077153228389226,0.002633342998239913,0.0,0.0,7.051722915804068e-05,-0.09129796465998963,-0.0003074834756888632,0.0,0.0,-8.545124437813834e-06
2026-01-01 17:50:00+00:00,3.498423311959858,0.0024462493670548368,0.0,0.0,6.44994582567735e-05,0.7907079891209352,-0.00018709363118507615,0.0,0.0,-6.017770901267172e-06
2026-01-01 17:55:00+00:00,3.266615902918113,0.0020699033105848618,0.0,0.0,5.457646467880836e-05,-0.2318074090417448,-0.000376346056469975,0.0,0.0,-9.922993577965146e-06
2026-01-01 18:00:00+00:00,2.771686696316615,0.0017514566474179597,0.0,0.0,4.618008549745322e-05,-0.4949292066014981,-0.00031844666316690204,0.0,0.0,-8.396379181355137e-06
2026-01-01 18:05:00+00:00,2.512831426536963,0.0014849096559860905,0.0,0.0,3.912762169242036e-05,-0.258855269779652,-0.0002665469914318692,0.0,0.0,-7.052463805032859e-06
2026-01-01 18:10:00+00:00,2.1278541216888733,0.0014145654838898687,0.0,0.0,3.622526439120445e-05,-0.38497730484808956,-7.034417209622178e-05,0.0,0.0,-2.9023573012159108e-06
2026-01-01 18:15:00+00:00,1.8271934452229854,0.0012540611919345014,0.0,0.0,3.1561574937471714e-05,-0.3006606764658879,-0.00016050429195536733,0.0,0.0,-4.663689453732738e-06
2026-01-01 18:20:00+00:00,1.5556254990263196,0.0011810328185582436,0.0,0.0,2.8855893379237955e-05,-0.2715679461966658,-7.30283733762578e-05,0.0,0.0,-2.7056815582337587e-06
2026-01-01 18:25:00+00:00,1.3261520976927337,0.0009993354618569755,0.0,0.0,2.4416525167047505e-05,-0.22947340133358596,-0.0001816973567012681,0.0,0.0,-4.43936821219045e-06
2026-01-01 18:30:00+00:00,1.19658385465056,2.725634997016247e-05,0.0,0.0,6.51316094836587e-07,-0.12956824304217363,-0.000972079111886813,0.0,0.0,-2.376520907221092e-05
2026-01-01 18:35:00+00:00,1.0378141499439502,2.3063065359368243e-05,0.0,0.0,5.511136187078813e-07,-0.1587697047066099,-4.193284610794227e-06,0.0,0.0,-1.002024761287057e-07
2026-01-01 18:40:00+00:00,0.8781504345679579,1.9514901457926975e-05,0.0,0.0,4.66326908137438e-07,-0.15966371537599222,-3.548163901441268e-06,0.0,0.0,-8.478671057044327e-08
2026-01-01 18:45:00+00:00,1.4247947154123408,1.6512608925938207e-05,0.0,0.0,3.9458430688552454e-07,0.5466442808443829,-3.002292531988768e-06,0.0,0.0,-7.174260125191347e-08
2026-01-01 18:50:00+00:00,1.2121989191248064,1.4793992313330675e-05,0.0,0.0,3.4687008720510954e-07,-0.21259579628753444,-1.7186166126075323e-06,0.0,0.0,-4.7714219680415e-08
2026-01-01 18:55:00+00:00,2.4136709557123552,1.592795052723188e-05,0.0,0.0,3.5356564268181777e-07,1.2014720365875489,1.1339582139012062e-06,0.0,0.0,6.695555476708233e-09
2026-01-01 19:00:00+00:00,2.361050944069966,1.5158353751407112e-05,0.0,0.0,3.2663752377628185e-07,-0.052620011642389386,-7.695967758247687e-07,0.0,0.0,-2.6928118905535917e-08
2026-01-01 19:05:00+00:00,2.0309110082334083,3.8779867317870765e-05,0.0,0.0,8.177135546526614e-07,-0.33013993583655754,2.362151356646365e-05,0.0,0.0,4.910760308763796e-07
2026-01-01 19:10:00+00:00,1.7400724704579962,4.103681268109667e-05,0.0,0.0,8.90876143080383e-07,-0.29083853777541213,2.256945363225907e-06,0.0,0.0,7.316258842772159e-08
2026-01-01 19:15:00+00:00,1.775789243978101,3.4213289543856074e-05,0.0,0.0,8.519236864377216e-07,0.035716773520104717,-6.8235231372405975e-06,0.0,0.0,-3.8952456642661344e-08
2026-01-01 19:20:00+00:00,2.2025574217619925,4.9850641159794255e-05,0.0,0.0,1.300417936902414e-06,0.42676817778389164,1.563735161593818e-05,0.0,0.0,4.4849425046469236e-07
2026-01-01 19:25:00+00:00,2.859575794439028,0.00012923222282666257,0.0,0.0,3.7609719620338722e-06,0.6570183726770353,7.938158166686832e-05,0.0,0.0,2.460554025131458e-06
2026-01-01 19:30:00+00:00,3.3386390559478087,0.00019442449135074973,0.0,0.0,5.6863080055943065e-06,0.47906326150878087,6.519226852408716e-05,0.0,0.0,1.9253360435604343e-06
2026-01-01 19:35:00+00:00,3.1338950261341405,0.0001967710107423893,0.0,0.0,5.663186997349766e-06,-0.20474402981366824,2.346519391639582e-06,0.0,0.0,-2.3121008244540756e-08
2026-01-01 19:40:00+00:00,3.6815436388258944,0.00025164570492747744,0.0,0.0,7.254103943238791e-06,0.5476486126917539,5.487469418508813e-05,0.0,0.0,1.5909169458890249e-06
2026-01-01 19:45:00+00:00,4.155334754720809,0.0002837780101860215,0.0,0.0,8.104724676131242e-06,0.47379111589491485,3.2132305258544065e-05,0.0,0.0,8.506207328924519e-07
2026-01-01 19:50:00+00:00,3.904281627840363,0.00026318306962707153,0.0,0.0,7.428819274615726e-06,-0.25105312688044634,-2.059494055894998e-05,0.0,0.0,-6.759054015155163e-07
2026-01-01 19:55:00+00:00,3.9298752456846766,0.00025846195422205676,0.0,0.0,7.131171697110574e-06,0.025593617844313687,-4.721115405014766e-06,0.0,0.0,-2.9764757750515226e-07
2026-01-01 20:00:00+00:00,4.0558020528965235,0.00026111373255685734,0.0,0.0,7.097791594319432e-06,0.1259268072118469,2.651778334800581e-06,0.0,0.0,-3.33801027911419e-08
2026-01-01 20:05:00+00:00,4.6568655129240994,0.00023555793499156064,0.0,0.0,6.304125906605362e-06,0.6010634600275759,-2.5555797565296706e-05,0.0,0.0,-7.936656877140702e-07
2026-01-01 20:10:00+00:00,4.737895861478082,0.00021083248659883245,0.0,0.0,5.552401757120748e-06,0.08103034855398228,-2.4725448392728185e-05,0.0,0.0,-7.51724149484614e-07
2026-01-01 20:15:00+00:00,4.779247219345507,0.0001802076230136551,0.0,0.0,4.7303348804022345e-06,0.041351357867425165,-3.0624863585177364e-05,0.0,0.0,-8.220668767185133e-07
2026-01-01 20:20:00+00:00,4.42962129102463,0.0003194019831932584,0.0,0.0,6.944165784237994e-06,-0.3496259283208767,0.0001391943601796033,0.0,0.0,2.2138309038357596e-06
2026-01-01 20:25:00+00:00,4.1790408766477976,0.0002824007248944903,0.0,0.0,6.105136797307351e-06,-0.25058041437683265,-3.700125829876811e-05,0.0,0.0,-8.390289869306434e-07
2026-01-01 20:30:00+00:00,3.9722112527838114,0.00023895445952610718,0.0,0.0,5.165884982336989e-06,-0.20682962386398618,-4.34462653683831e-05,0.0,0.0,-9.392518149703613e-07
2026-01-01 20:35:00+00:00,4.368568450745046,0.00020219223498362914,0.0,0.0,4.3711334465928375e-06,0.39635719796123503,-3.6762224542478034e-05,0.0,0.0,-7.94751535744152e-07
2026-01-01 20:40:00+00:00,3.933973609436938,0.0001726003510240561,0.0,0.0,3.7333070009089226e-06,-0.4345948413081082,-2.9591883959573055e-05,0.0,0.0,-6.378264456839149e-07
2026-01-01 20:45:00+00:00,4.5673340847429715,0.00015602544557810126,0.0,0.0,3.422688523008652e-06,0.6333604753060333,-1.6574905445954834e-05,0.0,0.0,-3.106184779002707e-07
2026-01-01 20:50:00+00:00,3.9134719595450136,0.00013397941370279283,0.0,0.0,2.942446693886413e-06,-0.6538621251979579,-2.204603187530842e-05,0.0,0.0,-4.802418291222388e-07
2026-01-01 20:55:00+00:00,4.74942249062667,0.00041800739115251194,0.0,0.0,1.0810211713308668e-05,0.8359505310816564,0.0002840279774497191,0.0,0.0,7.867765019422256e-06
2026-01-01 21:00:00+00:00,4.8348667766271864,0.00046043006212207263,0.0,0.0,1.1989968109946982e-05,0.08544428600051646,4.2422670969560696e-05,0.0,0.0,1.1797563966383138e-06
2026-01-01 21:05:00+00:00,4.85510709726061,0.0007689065057449643,0.0,0.0,1.974626450053202e-05,0.02024032063342318,0.0003084764436228917,0.0,0.0,7.756296390585037e-06
2026-01-01 21:10:00+00:00,5.222011014488669,0.0014365495449715016,0.0,0.0,3.705041043094307e-05,0.3669039172280595,0.0006676430392265373,0.0,0.0,1.730414593041105e-05
2026-01-01 21:15:00+00:00,6.3031062333281165,0.0016290796807843931,0.0,0.0,4.106987361492316e-05,1.0810952188394474,0.00019253013581289153,0.0,0.0,4.019463183980093e-06
2026-01-01 21:20:00+00:00,6.895671490569397,0.0017489993161939133,0.0,0.0,4.362098486289052e-05,0.5925652572412803,0.00011991963540952015,0.0,0.0,2.551111247967357e-06
2026-01-01 21:25:00+00:00,7.689834788885018,0.0016622802484695545,0.0,0.0,4.0794182141366195e-05,0.7941632983156213,-8.671906772435875e-05,0.0,0.0,-2.826802721524325e-06
2026-01-01 21:30:00+00:00,7.436456841731107,0.002019471233549624,0.0,0.0,4.901528885583253e-05,-0.25337794715391126,0.00035719098508006967,0.0,0.0,8.221106714466333e-06
2026-01-01 21:35:00+00:00,7.0412242984488564,0.0026898864915856197,0.0,0.0,6.677759267399048e-05,-0.3952325432822503,0.0006704152580359955,0.0,0.0,1.7762303818157952e-05
2026-01-01 21:40:00+00:00,6.504612492570746,0.002409814883121483,0.0,0.0,5.9290074718331386e-05,-0.5366118058781106,-0.0002800716084641365,0.0,0.0,-7.487517955659094e-06
2026-01-01 21:45:00+00:00,5.575376390449409,0.0020436799343697136,0.0,0.0,5.0265720287914986e-05,-0.9292361021213367,-0.0003661349487517696,0.0,0.0,-9.0243544304164e-06
2026-01-01 21:50:00+00:00,4.973832900881609,0.0020787648210625607,0.0,0.0,5.021974239026859e-05,-0.6015434895678,3.508488669284708e-05,0.0,0.0,-4.597789764639439e-08
2026-01-01 21:55:00+00:00,4.658433124364276,0.00028166121052344107,0.0,0.0,5.360878691387014e-06,-0.3153997765173333,-0.0017971036105391197,0.0,0.0,-4.4858863698881576e-05
2026-01-01 22:00:00+00:00,5.105128647725094,0.0002662053823663785,0.0,0.0,4.986739006223544e-06,0.44669552336081786,-1.545582815706256e-05,0.0,0.0,-3.7413968516346996e-07
2026-01-01 22:05:00+00:00,4.958708906886114,0.00022748959569430767,0.0,0.0,4.261847917591494e-06,-0.14641974083897935,-3.871578667207084e-05,0.0,0.0,-7.248910886320504e-07
2026-01-01 22:10:00+00:00,4.583047484648988,0.0002250024330665146,0.0,0.0,4.131323610788011e-06,-0.3756614222371262,-2.4871626277930597e-06,0.0,0.0,-1.3052430680348247e-07
2026-01-01 22:15:00+00:00,4.3147242675051585,0.00025841449150540647,0.0,0.0,4.5420815151903834e-06,-0.2683232171438297,3.341205843889185e-05,0.0,0.0,4.107579044023721e-07
2026-01-01 22:20:00+00:00,3.784388497782605,0.00024851829875282715,0.0,0.0,4.410101959033495e-06,-0.5303357697225533,-9.89619275257932e-06,0.0,0.0,-1.3197955615688884e-07
2026-01-01 22:25:00+00:00,4.19192196529543,0.0004498372768098063,0.0,0.0,9.060052650639256e-06,0.4075334675128248,0.00020131897805697913,0.0,0.0,4.649950691605762e-06
2026-01-01 22:30:00+00:00,3.6914047834913335,0.00041443565450170533,0.0,0.0,8.205318695596855e-06,-0.5005171818040965,-3.540162230810095e-05,0.0,0.0,-8.547339550424017e-07
2026-01-01 22:35:00+00:00,3.1537020994075204,0.00045478877650153605,0.0,0.0,8.628165501732923e-06,-0.537702684083813,4.035312199983073e-05,0.0,0.0,4.228468061360684e-07
2026-01-01 22:40:00+00:00,2.6962628124286945,0.0005587739224599511,0.0,0.0,1.0383687333836397e-05,-0.45743928697882597,0.00010398514595841507,0.0,0.0,1.7555218321034744e-06
2026-01-01 22:45:00+00:00,2.930772735397609,0.0008068884458561106,0.0,0.0,1.601356329444119e-05,0.2345099229689147,0.00024811452339615944,0.0,0.0,5.629875960604792e-06
2026-01-01 22:50:00+00:00,2.4879077014092914,0.0007384707074590297,0.0,0.0,1.4523416815160633e-05,-0.4428650339883178,-6.841773839708087e-05,0.0,0.0,-1.490146479280556e-06
2026-01-01 22:55:00+00:00,2.54689488850665,0.0007123589476864065,0.0,0.0,1.4072173172524338e-05,0.05898718709735862,-2.6111759772623174e-05,0.0,0.0,-4.512436426362951e-07
2026-01-01 23:00:00+00:00,2.5661400623100707,0.0006727740992358211,0.0,0.0,1.3469285488437863e-05,0.019245173803420723,-3.958484845058546e-05,0.0,0.0,-6.028876840864748e-07
2026-01-01 23:05:00+00:00,2.4194659552689357,0.0006454478198286563,0.0,0.0,1.3115586242621107e-05,-0.14667410704113504,-2.7326279407164766e-05,0.0,0.0,-3.53699245816756e-07
2026-01-01 23:10:00+00:00,2.052172703028524,0.0006054478922818034,0.0,0.0,1.237772337957847e-05,-0.36729325224041176,-3.999992754685289e-05,0.0,0.0,-7.378628630426369e-07
2026-01-01 23:15:00+00:00,1.7378780736428032,0.0005917861693792674,0.0,0.0,1.242775990051305e-05,-0.3142946293857207,-1.3661722902536e-05,0.0,0.0,5.003652093457959e-08
2026-01-01 23:20:00+00:00,1.49704541845405,0.0005356700023352931,0.0,0.0,1.1191059474245744e-05,-0.2408326551887532,-5.611616704397429e-05,0.0,0.0,-1.2367004262673058e-06
2026-01-01 23:25:00+00:00,1.2667307386918887,0.00047061090459037526,0.0,0.0,9.800971587374102e-06,-0.23031467976216136,-6.505909774491786e-05,0.0,0.0,-1.3900878868716426e-06
2026-01-01 23:30:00+00:00,1.0781439496377982,0.0004237044090541056,0.0,0.0,8.847534045868622e-06,-0.18858678905409043,-4.6906495536269666e-05,0.0,0.0,-9.534375415054794e-07
2026-01-01 23:35:00+00:00,1.1674536463331289,0.0003795562683544568,0.0,0.0,7.92390520819009e-06,0.08930969669533062,-4.41481406996488e-05,0.0,0.0,-9.236288376785329e-07
2026-01-01 23:40:00+00:00,0.9940033561548376,0.0003266959779877224,0.0,0.0,6.823809182914576e-06,-0.17345029017829128,-5.2860290366734406e-05,0.0,0.0,-1.1000960252755137e-06
2026-01-01 23:45:00+00:00,1.410851197611509,0.00040732444996018877,0.0,0.0,8.59771823848255e-06,0.4168478414566714,8.062847197246639e-05,0.0,0.0,1.7739090555679741e-06
2026-01-01 23:50:00+00:00,1.74482573573261,0.0003475265704079133,0.0,0.0,7.3417490557266926e-06,0.333974538121101,-5.9797879552275464e-05,0.0,0.0,-1.2559691827558572e-06
2026-01-01 23:55:00+00:00,1.4900605863327407,0.0003004717793873124,0.0,0.0,6.344427959343615e-06,-0.2547651493998693,-4.7054791020600896e-05,0.0,0.0,-9.973210963830775e-07
2026-01-02 00:00:00+00:00,1.4812564594664202,0.0002644094589271686,0.0,0.0,5.615863199711043e-06,-0.008804126866320594,-3.6062320460143835e-05,0.0,0.0,-7.285647596325717e-07
2026-01-02 00:05:00+00:00,2.573024045932692,0.00023678369145603903,0.0,0.0,5.096719145907315e-06,1.091767586466272,-2.7625767471129543e-05,0.0,0.0,-5.191440538037287e-07
2026-01-02 00:10:00+00:00,2.9035171510732036,0.00020816551909567626,0.0,0.0,4.486637186265919e-06,0.33049310514051156,-2.8618172360362774e-05,0.0,0.0,-6.10081959641396e-07
2026-01-02 00:15:00+00:00,2.8961573714537803,0.00020441377440342176,0.0,0.0,4.405112662050629e-06,-0.007359779619423357,-3.751744692254502e-06,0.0,0.0,-8.152452421528994e-08
2026-01-02 00:20:00+00:00,3.2649525342313583,0.00021797797719824797,0.0,0.0,4.725401409981891e-06,0.36879516277757807,1.3564202794826214e-05,0.0,0.0,3.20288747931262e-07
2026-01-02 00:25:00+00:00,3.9928811796502304,0.0001963915656936693,0.0,0.0,4.2535984505040756e-06,0.727928645418872,-2.1586411504578683e-05,0.0,0.0,-4.718029594778152e-07
2026-01-02 00:30:00+00:00,4.329093137481832,0.0001998722462708505,0.0,0.0,4.4726586887062625e-06,0.33621195783160207,3.480680577181214e-06,0.0,0.0,2.190602382021869e-07
2026-01-02 00:35:00+00:00,4.355435837637672,0.00020000059234123445,0.0,0.0,4.486883104403433e-06,0.026342700155839616,1.283460703839479e-07,0.0,0.0,1.4224415697170749e-08
2026-01-02 00:40:00+00:00,3.6909559900309725,0.00020369921519145277,0.0,0.0,4.493646987721602e-06,-0.6644798476066995,3.6986228502183186e-06,0.0,0.0,6.7638833181684905e-09
2026-01-02 00:45:00+00:00,3.3773779430806186,0.00020083937092687113,0.0,0.0,4.3845337144216126e-06,-0.31357804695035396,-2.8598442645816336e-06,0.0,0.0,-1.0911327329998912e-07
2026-01-02 00:50:00+00:00,2.8602511506732324,0.00019013919570118448,0.0,0.0,4.168645290348236e-06,-0.5171267924073861,-1.0700175225686651e-05,0.0,0.0,-2.158884240733762e-07
2026-01-02 00:55:00+00:00,2.4247415231097733,0.00016088701174715608,0.0,0.0,3.5273152456792766e-06,-0.4355096275634591,-2.92521839540284e-05,0.0,0.0,-6.413300446689598e-07
2026-01-02 01:00:00+00:00,2.0556073706511637,0.00013613516378605515,0.0,0.0,2.9846513617286186e-06,-0.3691341524586096,-2.4751847961100934e-05,0.0,0.0,-5.42663883950658e-07
2026-01-02 01:05:00+00:00,1.7481121960812713,0.00011519129243435435,0.0,0.0,2.5254742291549857e-06,-0.3074951745698924,-2.09438713517008e-05,0.0,0.0,-4.59177132573633e-07
2026-01-02 01:10:00+00:00,2.2718630466854437,9.746955513676137e-05,0.0,0.0,2.1369397323619104e-06,0.5237508506041724,-1.7721737297592976e-05,0.0,0.0,-3.885344967930752e-07
2026-01-02 01:15:00+00:00,2.1823164560490156,8.247423896187502e-05,0.0,0.0,1.8081797735370014e-06,-0.08954659063642811,-1.499531617488635e-05,0.0,0.0,-3.28759958824909e-07
2026-01-02 01:20:00+00:00,2.3006961607504968,6.978589450620192e-05,0.0,0.0,1.529998269915924e-06,0.11837970470148118,-1.2688344455673102e-05,0.0,0.0,-2.7818150362107745e-07
2026-01-02 01:25:00+00:00,2.319167227175504,5.9049603043709325e-05,0.0,0.0,1.2946139206980896e-06,0.018471066425007177,-1.0736291462492596e-05,0.0,0.0,-2.353843492178344e-07
2026-01-02 01:30:00+00:00,2.82839846125694,4.9965048729292506e-05,0.0,0.0,1.095442548282999e-06,0.5092312340814362,-9.08455431441682e-06,0.0,0.0,-1.9917137241509067e-07
2026-01-02 01:35:00+00:00,2.4796217982600863,5.132325250602184e-05,0.0,0.0,1.098561535843409e-06,-0.34877666299685384,1.3582037767293328e-06,0.0,0.0,3.118987560410096e-09
2026-01-02 01:40:00+00:00,2.1061725212242437,4.342736750509541e-05,0.0,0.0,9.295520687905769e-07,-0.37344927703584263,-7.89588500092643e-06,0.0,0.0,-1.6900946705283212e-07
2026-01-02 01:45:00+00:00,1.842835581368089,3.964416770499519e-05,0.0,0.0,8.288459275858627e-07,-0.2633369398561547,-3.783199800100219e-06,0.0,0.0,-1.0070614120471419e-07
2026-01-02 01:50:00+00:00,1.72155877634515,3.240413130395792e-05,0.0,0.0,6.709754806965626e-07,-0.12127680502293892,-7.240036401037273e-06,0.0,0.0,-1.5787044688930005e-07
2026-01-02 01:55:00+00:00,1.8122262557289113,5.363274162165987e-05,0.0,0.0,1.0159031408249837e-06,0.09066747938376118,2.1228610317701956e-05,0.0,0.0,3.4492766012842104e-07
2026-01-02 02:00:00+00:00,1.8710802910471365,6.663245872320651e-05,0.0,0.0,1.305641244946424e-06,0.058854035318225195,1.2999717101546636e-05,0.0,0.0,2.897381041214403e-07
2026-01-02 02:05:00+00:00,1.851185641768323,9.810286666685695e-05,0.0,0.0,2.1124620085793218e-06,-0.01989464927881346,3.147040794365044e-05,0.0,0.0,8.068207636328978e-07
2026-01-02 02:10:00+00:00,1.7973970830385357,0.0004152598911331349,0.0,0.0,1.0282572803302725e-05,-0.05378855872978727,0.00031715702446627795,0.0,0.0,8.170110794723403e-06
2026-01-02 02:15:00+00:00,1.8030195310045136,0.0006170540703060055,0.0,0.0,1.5021766914695961e-05,0.005622447965977884,0.0002017941791728706,0.0,0.0,4.739194111393236e-06
2026-01-02 02:20:00+00:00,1.9152866432388602,0.0006108706047231298,0.0,0.0,1.4832223654709266e-05,0.1122671122343466,-6.183465582875738e-06,0.0,0.0,-1.8954325998669508e-07
2026-01-02 02:25:00+00:00,1.6378521879195453,0.0005889216198869356,0.0,0.0,1.4972227063802776e-05,-0.2774344553193149,-2.194898483619419e-05,0.0,0.0,1.4000340909351023e-07
2026-01-02 02:30:00+00:00,1.7573723506258645,0.0005986371599214792,0.0,0.0,1.4992711599243721e-05,0.11952016270631916,9.715540034543652e-06,0.0,0.0,2.048453544094457e-08
2026-01-02 02:35:00+00:00,2.3014981355660424,0.000866662100222368,0.0,0.0,1.91053009151969e-05,0.5441257849401779,0.00026802494030088875,0.0,0.0,4.112589315953178e-06
2026-01-02 02:40:00+00:00,2.1223911730055733,0.0009266968597279703,0.0,0.0,2.045381808353813e-05,-0.1791069625604691,6.003475950560233e-05,0.0,0.0,1.348517168341231e-06
2026-01-02 02:45:00+00:00,2.627309747127558,0.0014213744289161855,0.0,0.0,3.0068141078476372e-05,0.5049185741219846,0.0004946775691882152,0.0,0.0,9.614322994938243e-06
2026-01-02 02:50:00+00:00,2.4428015739206406,0.001343078832217507,0.0,0.0,2.8308910562113097e-05,-0.18450817320691737,-7.829559669867846e-05,0.0,0.0,-1.7592305163632757e-06
2026-01-02 02:55:00+00:00,2.356959137284265,0.001587418166511511,0.0,0.0,3.207743551532436e-05,-0.08584243663637547,0.0002443393342940038,0.0,0.0,3.76852495321126e-06
2026-01-02 03:00:00+00:00,2.3631317684350805,0.0013509380593288239,0.0,0.0,2.731936439859584e-05,0.006172631150815455,-0.00023648010718268705,0.0,0.0,-4.758071116728518e-06
2026-01-02 03:05:00+00:00,2.0993359806522935,0.0011462020285703436,0.0,0.0,2.3186388754036617e-05,-0.263795787782787,-0.00020473603075848025,0.0,0.0,-4.132975644559222e-06
2026-01-02 03:10:00+00:00,1.7896315807969638,0.0009812414382176537,0.0,0.0,1.9868718619351166e-05,-0.3097043998553297,-0.00016496059035268993,0.0,0.0,-3.3176701346854503e-06
2026-01-02 03:15:00+00:00,1.8839532400642345,0.007473943976071633,0.0,0.0,0.00022721441601498862,0.09432165926727065,0.006492702537853979,0.0,0.0,0.00020734569739563744
2026-01-02 03:20:00+00:00,1.9873619580166149,0.00701997258780004,0.0,0.0,0.00021616119643416576,0.10340871795238038,-0.0004539713882715929,0.0,0.0,-1.1053219580822862e-05
2026-01-02 03:25:00+00:00,2.349382195545034,0.005954223860632392,0.0,0.0,0.0001833394833179127,0.36202023752841894,-0.0010657487271676473,0.0,0.0,-3.282171311625305e-05
2026-01-02 03:30:00+00:00,2.492412653152637,0.0003106595276765319,0.0,0.0,7.729105836193816e-06,0.14303045760760336,-0.00564356433295586,0.0,0.0,-0.0001756103774817189
2026-01-02 03:35:00+00:00,3.4359053513703515,0.0003690687410772153,0.0,0.0,9.828349178692459e-06,0.9434926982177143,5.84092134006834e-05,0.0,0.0,2.0992433424986424e-06
2026-01-02 03:40:00+00:00,3.631428797530435,0.0005492637447673191,0.0,0.0,1.6565694749028528e-05,0.19552344616008366,0.00018019500369010385,0.0,0.0,6.737345570336069e-06
2026-01-02 03:45:00+00:00,4.087115715777942,0.0005332723717262151,0.0,0.0,1.633721508876176e-05,0.4556869182475065,-1.5991373041104005e-05,0.0,0.0,-2.2847966026676871e-07
2026-01-02 03:50:00+00:00,3.996806316778214,0.0005938581239977425,0.0,0.0,1.8585705178992462e-05,-0.09030939899972745,6.058575227152734e-05,0.0,0.0,2.248490090230703e-06
2026-01-02 03:55:00+00:00,3.8388705148653255,0.0008645362189793985,0.0,0.0,2.838371567786682e-05,-0.1579358019128887,0.000270678094981656,0.0,0.0,9.798010498874356e-06
2026-01-02 04:00:00+00:00,4.251773991427558,0.0016285517182882223,0.0,0.0,5.769900124457683e-05,0.41290347656223236,0.0007640154993088238,0.0,0.0,2.9315285566710008e-05
2026-01-02 04:05:00+00:00,4.4510207416293195,0.001688589734660175,0.0,0.0,6.0837548241398054e-05,0.19924675020176164,6.003801637195273e-05,0.0,0.0,3.1385469968212267e-06
2026-01-02 04:10:00+00:00,4.664432217979805,0.001493343950457315,0.0,0.0,5.29614908353292e-05,0.21341147635048507,-0.00019524578420286012,0.0,0.0,-7.876057406068855e-06
2026-01-02 04:15:00+00:00,4.575172122277705,0.0012776922032866928,0.0,0.0,4.5100968159661435e-05,-0.08926009570209992,-0.0002156517471706221,0.0,0.0,-7.860522675667764e-06
2026-01-02 04:20:00+00:00,4.3524285133059735,0.0010834716266628192,0.0,0.0,3.820496023581442e-05,-0.22274360897173118,-0.0001942205766238736,0.0,0.0,-6.896007923847013e-06
2026-01-02 04:25:00+00:00,4.176682039741627,0.0009211409791657668,0.0,0.0,3.240509613919566e-05,-0.17574647356434614,-0.00016233064749705242,0.0,0.0,-5.799864096618765e-06
2026-01-02 04:30:00+00:00,4.28827432161596,0.0007838972450511827,0.0,0.0,2.7506867232049096e-05,0.11159228187433268,-0.00013724373411458412,0.0,0.0,-4.89822890714656e-06
2026-01-02 04:35:00+00:00,4.319731774741042,0.0007211864653955158,0.0,0.0,2.5113864273415566e-05,0.03145745312508197,-6.271077965566685e-05,0.0,0.0,-2.3930029586335304e-06
2026-01-02 04:40:00+00:00,4.59689621140027,0.0013594538636724045,0.0,0.0,4.5341263337465087e-05,0.27716443665922785,0.0006382673982768887,0.0,0.0,2.022739906404952e-05
2026-01-02 04:45:00+00:00,4.464683036500621,0.001553236132466277,0.0,0.0,4.8685590036548055e-05,-0.13221317489964868,0.00019378226879387256,0.0,0.0,3.3443266990829684e-06
2026-01-02 04:50:00+00:00,4.249558750855236,0.0017717127364061634,0.0,0.0,5.256915447488543e-05,-0.215124285645385,0.00021847660393988638,0.0,0.0,3.883564438337374e-06
2026-01-02 04:55:00+00:00,4.694187515112079,0.0025387168637635545,0.0,0.0,7.451879656640112e-05,0.4446287642568425,0.0007670041273573911,0.0,0.0,2.1949642091515688e-05
2026-01-02 05:00:00+00:00,4.816979240595099,0.004904928498365079,0.0,0.0,0.00014457072123053602,0.12279172548302064,0.002366211634601524,0.0,0.0,7.00519246641349e-05
2026-01-02 05:05:00+00:00,5.299435179326202,0.01016327713598822,0.0,0.0,0.0003226030675104547,0.4824559387311025,0.005258348637623142,0.0,0.0,0.0001780323462799187
2026-01-02 05:10:00+00:00,4.791662551704268,0.011023167811998314,0.0,0.0,0.0003350277351643805,-0.5077726276219341,0.0008598906760100937,0.0,0.0,1.2424667653925772e-05
2026-01-02 05:15:00+00:00,4.814517945904472,0.013833567079903835,0.0,0.0,0.00041688111590746393,0.022855394200203882,0.0028103992679055206,0.0,0.0,8.185338074308344e-05
2026-01-02 05:20:00+00:00,5.069926049772455,0.017620618548778926,0.0,0.0,0.0005495068622640134,0.2554081038679836,0.003787051468875091,0.0,0.0,0.00013262574635654946
2026-01-02 05:25:00+00:00,5.745927010832418,0.019493432049460992,0.0,0.0,0.0005972790879809783,0.6760009610599624,0.0018728135006820662,0.0,0.0,4.777222571696494e-05
2026-01-02 05:30:00+00:00,5.947377705167817,0.019045977430939224,0.0,0.0,0.0005761325321270126,0.2014506943353993,-0.00044745461852176843,0.0,0.0,-2.114655585396571e-05
2026-01-02 05:35:00+00:00,5.47722203925158,0.018103746559957862,0.0,0.0,0.0005425942997090703,-0.4701556659162369,-0.0009422308709813622,0.0,0.0,-3.353823241794237e-05
2026-01-02 05:40:00+00:00,5.161128980861026,0.01628292433878764,0.0,0.0,0.0004805368594190083,-0.3160930583905541,-0.0018208222211702207,0.0,0.0,-6.205744029006197e-05
2026-01-02 05:45:00+00:00,4.67394687596902,0.00042934360147086996,0.0,0.0,1.2440331471609829e-05,-0.487182104892006,-0.015853580737316773,0.0,0.0,-0.00046809652794739846
2026-01-02 05:50:00+00:00,4.76698641364251,0.0003632907397061208,0.0,0.0,1.052643432213139e-05,0.09303953767348982,-6.605286176474917e-05,0.0,0.0,-1.913897149478439e-06
2026-01-02 05:55:00+00:00,4.541323543269215,0.0003073998566744098,0.0,0.0,8.906982887957331e-06,-0.22566287037329502,-5.5890883031710966e-05,0.0,0.0,-1.6194514341740586e-06
2026-01-02 06:00:00+00:00,4.415540861819559,0.0002601075710321929,0.0,0.0,7.536677828271588e-06,-0.12578268144965588,-4.7292285642216905e-05,0.0,0.0,-1.3703050596857427e-06
2026-01-02 06:05:00+00:00,4.236595186232037,0.00022009102164262482,0.0,0.0,6.377188931614421e-06,-0.1789456755875216,-4.0016549389568104e-05,0.0,0.0,-1.1594888966571672e-06
2026-01-02 06:10:00+00:00,4.072636541621492,0.00018623086446683637,0.0,0.0,5.396082942135278e-06,-0.16395864461054543,-3.386015717578845e-05,0.0,0.0,-9.81105989479143e-07
2026-01-02 06:15:00+00:00,4.107656827667184,0.0001577440451080822,0.0,0.0,4.5695071104562e-06,0.035020286045692295,-2.848681935875417e-05,0.0,0.0,-8.265758316790781e-07
2026-01-02 06:20:00+00:00,3.7112887993322023,0.00013347573047606956,0.0,0.0,3.8665060165398615e-06,-0.39636802833498175,-2.4268314632012642e-05,0.0,0.0,-7.030010939163384e-07
2026-01-02 06:25:00+00:00,3.189636945048035,0.00011294100271052038,0.0,0.0,3.27165893707219e-06,-0.5216518542841673,-2.0534727765549176e-05,0.0,0.0,-5.948470794676715e-07
2026-01-02 06:30:00+00:00,2.9552016433446324,9.556546383197878e-05,0.0,0.0,2.768326792907237e-06,-0.23443530170340265,-1.7375538878541604e-05,0.0,0.0,-5.033321441649529e-07
2026-01-02 06:35:00+00:00,2.7215281152443627,0.002605670096163937,0.0,0.0,7.670929327084103e-05,-0.23367352810026976,0.0025101046323319585,0.0,0.0,7.394096647793379e-05
2026-01-02 06:40:00+00:00,3.2533103585520453,0.0022047977736771775,0.0,0.0,6.490786353686548e-05,0.5317822433076826,-0.00040087232248675955,0.0,0.0,-1.1801429733975554e-05
2026-01-02 06:45:00+00:00,3.0379405131397093,0.001865598116188381,0.0,0.0,5.4922038377347714e-05,-0.21536984541233606,-0.0003391996574887966,0.0,0.0,-9.985825159517761e-06
2026-01-02 06:50:00+00:00,3.5281330267040185,0.0015785830213901687,0.0,0.0,4.6472494011601915e-05,0.49019251356430926,-0.0002870150947982123,0.0,0.0,-8.449544365745799e-06
2026-01-02 06:55:00+00:00,3.482128227181217,0.0013357240950224501,0.0,0.0,3.9322879548278537e-05,-0.046004799522801676,-0.00024285892636771852,0.0,0.0,-7.149614463323378e-06
2026-01-02 07:00:00+00:00,2.965471255870035,0.0011302280804036118,0.0,0.0,3.327320577162031e-05,-0.5166569713111819,-0.00020549601461883837,0.0,0.0,-6.049673776658228e-06
2026-01-02 07:05:00+00:00,2.5324698322716253,0.0009563468372645945,0.0,0.0,2.8154251037524873e-05,-0.43300142359840965,-0.00017388124313901725,0.0,0.0,-5.118954734095436e-06
2026-01-02 07:10:00+00:00,2.2455146022077614,0.0008092165546085031,0.0,0.0,2.3822827800982584e-05,-0.2869552300638638,-0.00014713028265609144,0.0,0.0,-4.331423236542289e-06
2026-01-02 07:15:00+00:00,2.366940614999879,0.0007033112844656022,0.0,0.0,2.0782509525919932e-05,0.12142601279211762,-0.00010590527014290088,0.0,0.0,-3.0403182750626515e-06
2026-01-02 07:20:00+00:00,2.3691626308804996,0.0006112945332606953,0.0,0.0,1.8098014488598992e-05,0.0022220158806205426,-9.201675120490687e-05,0.0,0.0,-2.68449503732094e-06
2026-01-02 07:25:00+00:00,2.0594576131705957,0.0009857139013160765,0.0,0.0,3.1905377025207265e-05,-0.3097050177099039,0.00037441936805538117,0.0,0.0,1.3807362536608273e-05
2026-01-02 07:30:00+00:00,2.566466675852591,0.0012565429298293466,0.0,0.0,4.047688479975061e-05,0.5070090626819952,0.0002708290285132701,0.0,0.0,8.571507774543342e-06
2026-01-02 07:35:00+00:00,2.9745406477516014,0.0010696562725628581,0.0,0.0,3.43943438132006e-05,0.4080739718990105,-0.00018688665726648845,0.0,0.0,-6.082540986550005e-06
2026-01-02 07:40:00+00:00,2.7390476082611737,0.0009115321157696828,0.0,0.0,2.9245818357191015e-05,-0.23549303949042777,-0.00015812415679317528,0.0,0.0,-5.1485254560095875e-06
2026-01-02 07:45:00+00:00,2.4689989244041164,0.0007905532770167284,0.0,0.0,2.510118527782763e-05,-0.27004868385705727,-0.00012097883875295445,0.0,0.0,-4.144633079363387e-06
2026-01-02 07:50:00+00:00,2.107492336526647,0.0006689296959372317,0.0,0.0,2.1239464465854145e-05,-0.36150658787746925,-0.00012162358107949665,0.0,0.0,-3.861720811973483e-06
2026-01-02 07:55:00+00:00,1.7918769880543004,0.0005660174350238115,0.0,0.0,1.797185454803043e-05,-0.31561534847234674,-0.00010291226091342024,0.0,0.0,-3.267609917823716e-06
2026-01-02 08:00:00+00:00,1.5186092086739615,0.0006021855742044299,0.0,0.0,1.7984268352794124e-05,-0.27326777938033886,3.616813918061836e-05,0.0,0.0,1.241380476369483e-08
2026-01-02 08:05:00+00:00,1.2849770227241213,0.0005645788890847091,0.0,0.0,1.6253223879330007e-05,-0.23363218594984025,-3.7606685119720754e-05,0.0,0.0,-1.7310444734641172e-06
2026-01-02 08:10:00+00:00,1.0872882499973335,0.0004936784635681455,0.0,0.0,1.4053011446010578e-05,-0.19768877272678775,-7.090042551656365e-05,0.0,0.0,-2.200212433319429e-06
2026-01-02 08:15:00+00:00,1.4280937412908108,0.0004806304518992253,0.0,0.0,1.3258701084880157e-05,0.34080549129347726,-1.3048011668920158e-05,0.0,0.0,-7.94310361130421e-07
2026-01-02 08:20:00+00:00,1.2162089798902513,0.00045120219893588886,0.0,0.0,1.2049641653050476e-05,-0.21188476140055945,-2.942825296333644e-05,0.0,0.0,-1.2090594318296814e-06
2026-01-02 08:25:00+00:00,1.0374734163743207,0.00039079459033768,0.0,0.0,1.0344321122940589e-05,-0.17873556351593067,-6.0407608598208836e-05,0.0,0.0,-1.7053205301098866e-06
2026-01-02 08:30:00+00:00,0.9634610765344461,0.0003311747936833983,0.0,0.0,8.764668809634215e-06,-0.07401233983987454,-5.961979665428173e-05,0.0,0.0,-1.579652313306374e-06
2026-01-02 08:35:00+00:00,0.8152362955291468,0.000296272360819807,0.0,0.0,7.681999236796982e-06,-0.14822478100529934,-3.490243286359128e-05,0.0,0.0,-1.0826695728372328e-06
2026-01-02 08:40:00+00:00,0.6941243780729278,0.0002636331796186077,0.0,0.0,6.763509879270679e-06,-0.12111191745621896,-3.263918120119933e-05,0.0,0.0,-9.184893575263031e-07
2026-01-02 08:45:00+00:00,0.5873360122155542,0.0002327778256958477,0.0,0.0,5.859319229670365e-06,-0.10678836585737361,-3.0855353922759984e-05,0.0,0.0,-9.041906496003143e-07
2026-01-02 08:50:00+00:00,0.4969766257208536,0.0002799688462331805,0.0,0.0,6.196399834503935e-06,-0.0903593864947006,4.7191020537332796e-05,0.0,0.0,3.370806048335703e-07
2026-01-02 08:55:00+00:00,0.4205186833022607,0.0002502197249809555,0.0,0.0,5.447703042904443e-06,-0.07645794241859288,-2.974912125222498e-05,0.0,0.0,-7.486967915994918e-07
2026-01-02 09:00:00+00:00,0.355823501255759,0.00029359413070112705,0.0,0.0,6.107895386415437e-06,-0.06469518204650171,4.337440572017154e-05,0.0,0.0,6.601923435109937e-07
2026-01-02 09:05:00+00:00,0.6598678390251753,0.00026051215893455374,0.0,0.0,5.472769433618753e-06,0.3040443377694163,-3.3081971766573315e-05,0.0,0.0,-6.351259527966838e-07
2026-01-02 09:10:00+00:00,0.6162740851393382,0.00023348901705902813,0.0,0.0,4.860250062614418e-06,-0.04359375388583708,-2.7023141875525612e-05,0.0,0.0,-6.125193710043348e-07
2026-01-02 09:15:00+00:00,0.530532896570927,0.00021393648662019693,0.0,0.0,4.4439649910559515e-06,-0.08574118856841129,-1.9552530438831197e-05,0.0,0.0,-4.162850715584669e-07
2026-01-02 09:20:00+00:00,0.44891245094463045,0.00019985458262742088,0.0,0.0,4.150305245183431e-06,-0.0816204456262965,-1.4081903992776051e-05,0.0,0.0,-2.936597458725204e-07
2026-01-02 09:25:00+00:00,0.5859218267900909,0.00023928552504077312,0.0,0.0,5.468267410168711e-06,0.1370093758454604,3.943094241335224e-05,0.0,0.0,1.31796216498528e-06
2026-01-02 09:30:00+00:00,0.7204873229200395,0.0005384889232492904,0.0,0.0,1.3795828841857951e-05,0.13456549612994861,0.0002992033982085173,0.0,0.0,8.32756143168924e-06
2026-01-02 09:35:00+00:00,1.0982463632156467,0.001291727599547165,0.0,0.0,3.54263288498062e-05,0.37775904029560725,0.0007532386762978746,0.0,0.0,2.1630500007948248e-05
2026-01-02 09:40:00+00:00,1.6907000070943086,0.0013049816432048485,0.0,0.0,3.598442058307735e-05,0.5924536438786618,1.3254043657683458e-05,0.0,0.0,5.580917332711498e-07
2026-01-02 09:45:00+00:00,2.5557213045964753,0.0014228539100319879,0.0,0.0,4.0064274789311126e-05,0.8650212975021667,0.00011787226682713936,0.0,0.0,4.079854206233775e-06
2026-01-02 09:50:00+00:00,3.6075280991155205,0.0017468090563026613,0.0,0.0,5.115606942343463e-05,1.0518067945190452,0.00032395514627067343,0.0,0.0,1.1091794634123503e-05
2026-01-02 09:55:00+00:00,4.294680671872957,0.0014780692014868672,0.0,0.0,4.3285904896752374e-05,0.6871525727574364,-0.00026873985481579415,0.0,0.0,-7.870164526682254e-06
2026-01-02 10:00:00+00:00,4.77617811314644,0.0012506739397196568,0.0,0.0,3.662653491263663e-05,0.4814974412734827,-0.00022739526176721037,0.0,0.0,-6.659369984115744e-06
2026-01-02 10:05:00+00:00,4.543046002336086,0.001058653842009511,0.0,0.0,3.10031852276101e-05,-0.23313211081035323,-0.00019202009771014574,0.0,0.0,-5.6233496850265305e-06
2026-01-02 10:10:00+00:00,4.926951980344452,0.0008985102631188385,0.0,0.0,2.6291567663529304e-05,0.38390597800836535,-0.00016014357889067255,0.0,0.0,-4.711617564080796e-06
2026-01-02 10:15:00+00:00,4.614277869367593,0.0007737251811970505,0.0,0.0,2.2560685503994498e-05,-0.31267411097685827,-0.00012478508192178802,0.0,0.0,-3.730882159534806e-06
2026-01-02 10:20:00+00:00,4.511175128499247,0.0009337756835555482,0.0,0.0,2.9023426523696922e-05,-0.10310274086834603,0.0001600505023584977,0.0,0.0,6.462741019702424e-06
2026-01-02 10:25:00+00:00,4.914089297240218,0.0026732394314739555,0.0,0.0,8.925362160252074e-05,0.4029141687409705,0.0017394637479184074,0.0,0.0,6.023019507882382e-05
2026-01-02 10:30:00+00:00,4.937410089017946,0.005362355932307596,0.0,0.0,0.0001748483111648601,0.023320791777727834,0.0026891165008336403,0.0,0.0,8.559468956233935e-05
2026-01-02 10:35:00+00:00,5.089561949290899,0.006904263653447111,0.0,0.0,0.0002217552637306231,0.15215186027295324,0.0015419077211395156,0.0,0.0,4.690695256576302e-05
2026-01-02 10:40:00+00:00,4.937915795927935,0.007233240320281701,0.0,0.0,0.00022199256195073831,-0.1516461533629636,0.0003289766668345892,0.0,0.0,2.3729822011520595e-07
2026-01-02 10:45:00+00:00,4.975170366625242,0.007996022875960197,0.0,0.0,0.0002404859747593039,0.0372545706973062,0.0007627825556784963,0.0,0.0,1.8493412808565584e-05
2026-01-02 10:50:00+00:00,5.102935944758997,0.007994456742590307,0.0,0.0,0.00023281832430450107,0.12776557813375522,-1.5661333698895052e-06,0.0,0.0,-7.667650454802833e-06
2026-01-02 10:55:00+00:00,5.277987128925667,0.008333807643078592,0.0,0.0,0.0002372576997600193,0.1750511841666702,0.00033935090048828505,0.0,0.0,4.439375455518227e-06
2026-01-02 11:00:00+00:00,5.323181883442993,0.007477550485062111,0.0,0.0,0.00021184742635948508,0.04519475451732635,-0.0008562571580164819,0.0,0.0,-2.5410273400534216e-05
2026-01-02 11:05:00+00:00,5.223986027882814,0.00667631827121572,0.0,0.0,0.00018777674130394148,-0.09919585556017907,-0.0008012322138463909,0.0,0.0,-2.40706850555436e-05
2026-01-02 11:10:00+00:00,5.14511430173002,0.0056525778567780615,0.0,0.0,0.0001589621985953572,-0.07887172615279425,-0.0010237404144376582,0.0,0.0,-2.881454270858429e-05
2026-01-02 11:15:00+00:00,4.402238605522851,0.004796429441325345,0.0,0.0,0.000134806211737058,-0.742875696207169,-0.0008561484154527167,0.0,0.0,-2.4155986858299196e-05
2026-01-02 11:20:00+00:00,3.7728214534636235,0.00407843362581934,0.0,0.0,0.0001145509904205233,-0.6294171520592275,-0.0007179958155060047,0.0,0.0,-2.0255221316534694e-05
2026-01-02 11:25:00+00:00,3.8635745610835204,0.0001487270381642462,0.0,0.0,3.91261540399296e-06,0.09075310761989686,-0.003929706587655094,0.0,0.0,-0.00011063837501653034
2026-01-02 11:30:00+00:00,4.348347566134019,0.00012961545973043788,0.0,0.0,3.379556053306319e-06,0.4847730050504988,-1.9111578433808325e-05,0.0,0.0,-5.330593506866415e-07
2026-01-02 11:35:00+00:00,4.3042570261635476,0.00012240500902399403,0.0,0.0,3.0949116671697986e-06,-0.04409053997047163,-7.210450706443853e-06,0.0,0.0,-2.846443861365202e-07
2026-01-02 11:40:00+00:00,4.281056979951443,0.00012193466616988655,0.0,0.0,2.9483966985404245e-06,-0.023200046212104475,-4.7034285410747767e-07,0.0,0.0,-1.4651496862937415e-07
2026-01-02 11:45:00+00:00,5.0009906151991625,0.00011756811761644627,0.0,0.0,2.761447503351417e-06,0.7199336352477195,-4.36654855344028e-06,0.0,0.0,-1.8694919518900747e-07
2026-01-02 11:50:00+00:00,5.001378395164354,0.00010040294986909025,0.0,0.0,2.3516016236435275e-06,0.0003877799651910152,-1.716516774735602e-05,0.0,0.0,-4.0984587970788954e-07
2026-01-02 11:55:00+00:00,5.224882003671008,8.495634219692252e-05,0.0,0.0,1.9898167584676003e-06,0.22350360850665485,-1.5446607672167726e-05,0.0,0.0,-3.617848651759272e-07
2026-01-02 12:00:00+00:00,5.4833294199374105,7.188613570508829e-05,0.0,0.0,1.6836911033187388e-06,0.2584474162664021,-1.3070206491834233e-05,0.0,0.0,-3.061256551488615e-07
2026-01-02 12:05:00+00:00,5.5273841026358195,6.0826730211997785e-05,0.0,0.0,1.4246617028081635e-06,0.04405468269840895,-1.1059405493090504e-05,0.0,0.0,-2.5902940051057527e-07
2026-01-02 12:10:00+00:00,5.6744760254186115,5.161950506801726e-05,0.0,0.0,1.2096182550358228e-06,0.14709192278279204,-9.207225143980528e-06,0.0,0.0,-2.1504344777234074e-07
2026-01-02 12:15:00+00:00,5.730032334558364,4.3719869934747644e-05,0.0,0.0,1.0244445551516289e-06,0.05555630913975218,-7.899635133269613e-06,0.0,0.0,-1.851736998841939e-07
2026-01-02 12:20:00+00:00,5.985584983059596,3.6993736098632626e-05,0.0,0.0,8.668377005129169e-07,0.25555264850123205,-6.726133836115018e-06,0.0,0.0,-1.5760685463871204e-07
2026-01-02 12:25:00+00:00,5.987310624080635,3.636472583426318e-05,0.0,0.0,8.456949050876142e-07,0.001725641021039337,-6.290102643694429e-07,0.0,0.0,-2.114279542530267e-08
2026-01-02 12:30:00+00:00,6.082176022860655,3.077704280183855e-05,0.0,0.0,7.157122250140608e-07,0.0948653987800201,-5.587683032424632e-06,0.0,0.0,-1.2998268007355336e-07
2026-01-02 12:35:00+00:00,6.317350938786843,3.12181908630397e-05,0.0,0.0,7.126718073537371e-07,0.235174915926188,4.411480612011488e-07,0.0,0.0,-3.0404176603236816e-09
2026-01-02 12:40:00+00:00,6.039547889063679,4.18633594131316e-05,0.0,0.0,9.264425841205591e-07,-0.27780304972316383,1.0645168550091904e-05,0.0,0.0,2.1377077676682194e-07
2026-01-02 12:45:00+00:00,5.831472109140718,4.1985836426614106e-05,0.0,0.0,9.611137040639228e-07,-0.20807577992296178,1.2247701348250262e-07,0.0,0.0,3.467111994336369e-08
2026-01-02 12:50:00+00:00,5.3048732536865835,4.0288934855906376e-05,0.0,0.0,9.502021471117711e-07,-0.5265988554541341,-1.6969015707077301e-06,0.0,0.0,-1.091155695215171e-08
2026-01-02 12:55:00+00:00,4.952200697302838,3.4979300030589056e-05,0.0,0.0,8.197006358651287e-07,-0.3526725563837454,-5.30963482531732e-06,0.0,0.0,-1.3050151124664237e-07
2026-01-02 13:00:00+00:00,4.553300328465322,4.979409207494887e-05,0.0,0.0,1.080862675838928e-06,-0.39890036883751634,1.4814792044359817e-05,0.0,0.0,2.6116203997379934e-07
2026-01-02 13:05:00+00:00,4.367640611714457,5.6902416742019994e-05,0.0,0.0,1.15283585094928e-06,-0.18565971675086512,7.108324667071121e-06,0.0,0.0,7.197317511035199e-08
2026-01-02 13:10:00+00:00,3.7440859321896975,4.8148198781709226e-05,0.0,0.0,9.754764892647753e-07,-0.6235546795247591,-8.754217960310768e-06,0.0,0.0,-1.7735936168450475e-07
2026-01-02 13:15:00+00:00,3.187939616427335,4.1022271945648103e-05,0.0,0.0,8.3380975877251e-07,-0.5561463157623625,-7.125926836061123e-06,0.0,0.0,-1.4166673049226523e-07
2026-01-02 13:20:00+00:00,2.718040855101916,3.4711153184779166e-05,0.0,0.0,7.055313343459699e-07,-0.46989876132541886,-6.311118760868938e-06,0.0,0.0,-1.2827842442654015e-07
2026-01-02 13:25:00+00:00,2.597078638132077,4.824350670271876e-05,0.0,0.0,1.0240359885372226e-06,-0.120962216969839,1.3532353517939598e-05,0.0,0.0,3.185046541912527e-07
2026-01-02 13:30:00+00:00,2.7196400964562963,4.243940537452701e-05,0.0,0.0,8.913332856533481e-07,0.12256145832421916,-5.804101328191755e-06,0.0,0.0,-1.327027028838744e-07
2026-01-02 13:35:00+00:00,2.646853086728514,3.681728572407626e-05,0.0,0.0,7.702670261758636e-07,-0.07278700972778251,-5.622119650450749e-06,0.0,0.0,-1.2106625947748454e-07
2026-01-02 13:40:00+00:00,2.503644311933047,4.105181460853784e-05,0.0,0.0,8.461225078863292e-07,-0.1432087747954669,4.234528884461583e-06,0.0,0.0,7.585548171046557e-08
2026-01-02 13:45:00+00:00,2.1666474515546303,3.907681652613102e-05,0.0,0.0,8.351736239799365e-07,-0.3369968603784166,-1.9749980824068208e-06,0.0,0.0,-1.0948883906392646e-08
2026-01-02 13:50:00+00:00,3.210142129345943,0.0021518532468406573,0.0,0.0,4.685162174358729e-05,1.0434946777913128,0.0021127764303145264,0.0,0.0,4.6016448119607354e-05
2026-01-02 13:55:00+00:00,3.459877983742743,0.002576673273869464,0.0,0.0,5.746215699516232e-05,0.2497358543967998,0.0004248200270288065,0.0,0.0,1.0610535251575032e-05
2026-01-02 14:00:00+00:00,3.666349608054073,0.002799253284866294,0.0,0.0,6.20821932648224e-05,0.20647162431133026,0.00022258001099683018,0.0,0.0,4.620036269660086e-06
2026-01-02 14:05:00+00:00,3.701871016987483,0.0034651112970511214,0.0,0.0,8.062137833481301e-05,0.03552140893340994,0.0006658580121848274,0.0,0.0,1.8539185069990603e-05
2026-01-02 14:10:00+00:00,3.602272526401478,0.0031948098876011842,0.0,0.0,7.507650763751157e-05,-0.099598490586005,-0.0002703014094499372,0.0,0.0,-5.544870697301435e-06
2026-01-02 14:15:00+00:00,3.3916100530627378,0.0037358962367290563,0.0,0.0,8.971138051345719e-05,-0.21066247333874033,0.0005410863491278721,0.0,0.0,1.4634872875945618e-05
2026-01-02 14:20:00+00:00,3.127633701054627,0.0032970254922652167,0.0,0.0,7.889846461531676e-05,-0.26397635200811065,-0.0004388707444638396,0.0,0.0,-1.0812915898140429e-05
2026-01-02 14:25:00+00:00,2.6672589821724557,0.0027928752862092397,0.0,0.0,6.682445090185761e-05,-0.4603747188821714,-0.000504150206055977,0.0,0.0,-1.2074013713459154e-05
2026-01-02 14:30:00+00:00,2.6986881279983432,6.965393427127576e-05,0.0,0.0,1.665338316409115e-06,0.03142914582588752,-0.002723221351937964,0.0,0.0,-6.51591125854485e-05
2026-01-02 14:35:00+00:00,2.2917609644852597,5.923739561574249e-05,0.0,0.0,1.4182086538992955e-06,-0.40692716351308356,-1.0416538655533267e-05,0.0,0.0,-2.4712966250981956e-07
2026-01-02 14:40:00+00:00,2.297867882135306,5.0123950136397485e-05,0.0,0.0,1.2000227071455576e-06,0.0061069176500461175,-9.113445479345008e-06,0.0,0.0,-2.1818594675373791e-07
2026-01-02 14:45:00+00:00,2.2327978900471646,6.493433323942406e-05,0.0,0.0,1.420909274531516e-06,-0.06506999208814124,1.4810383103026579e-05,0.0,0.0,2.2088656738595835e-07
2026-01-02 14:50:00+00:00,2.346900987328192,0.001834177683293427,0.0,0.0,4.750855245282161e-05,0.1141030972810273,0.001769243350054003,0.0,0.0,4.6087643178290095e-05
2026-01-02 14:55:00+00:00,2.6503839708667734,7.651892068615206e-05,0.0,0.0,1.8868309613570397e-06,0.3034829835385815,-0.001757658762607275,0.0,0.0,-4.562172149146457e-05
2026-01-02 15:00:00+00:00,3.0749942468159985,0.00019929389618616994,0.0,0.0,4.746374493602501e-06,0.4246102759492252,0.00012277497550001787,0.0,0.0,2.859543532245461e-06
2026-01-02 15:05:00+00:00,2.8718145956743135,0.0004416054345405426,0.0,0.0,1.0168048854528087e-05,-0.203179651141685,0.00024231153835437268,0.0,0.0,5.421674360925586e-06
2026-01-02 15:10:00+00:00,2.7229070475067663,0.0004269320308946977,0.0,0.0,9.772030821833306e-06,-0.14890754816754725,-1.4673403645844925e-05,0.0,0.0,-3.9601803269478076e-07
2026-01-02 15:15:00+00:00,3.2132217023079663,0.0006416640123263764,0.0,0.0,1.4499669926620249e-05,0.49031465480120007,0.00021473198143167867,0.0,0.0,4.7276391047869426e-06
2026-01-02 15:20:00+00:00,3.427783994906822,0.0008235749943890942,0.0,0.0,1.843290948712609e-05,0.21456229259885573,0.0001819109820627178,0.0,0.0,3.93323956050584e-06
2026-01-02 15:25:00+00:00,3.5595786184968157,0.0010391463466098464,0.0,0.0,2.3258795290800015e-05,0.1317946235899936,0.00021557135222075225,0.0,0.0,4.825885803673927e-06
2026-01-02 15:30:00+00:00,3.277798158955019,0.0010276398871636803,0.0,0.0,2.2487722229181493e-05,-0.28178045954179654,-1.1506459446166111e-05,0.0,0.0,-7.710730616185226e-07
2026-01-02 15:35:00+00:00,3.6733560811489827,0.00031338470245513957,0.0,0.0,7.956669034123993e-06,0.3955579221939636,-0.0007142551847085408,0.0,0.0,-1.45310531950575e-05
2026-01-02 15:40:00+00:00,3.6931654331718256,0.00028342988947616435,0.0,0.0,7.171588241511124e-06,0.01980935202284284,-2.9954812978975215e-05,0.0,0.0,-7.850807926128683e-07
2026-01-02 15:45:00+00:00,3.4667139276587466,0.0002692331424601394,0.0,0.0,6.711610824949863e-06,-0.2264515055130789,-1.419674701602495e-05,0.0,0.0,-4.5997741656126104e-07
2026-01-02 15:50:00+00:00,3.2211895995527247,0.00024157727329114124,0.0,0.0,5.989853732932328e-06,-0.24552432810602198,-2.765586916899816e-05,0.0,0.0,-7.217570920175355e-07
2026-01-02 15:55:00+00:00,3.417570435248281,0.008397903899756254,0.0,0.0,0.00021502320099149854,0.1963808356955563,0.008156326626465113,0.0,0.0,0.0002090333472585662
2026-01-02 16:00:00+00:00,3.430194505543195,0.010846838750951267,0.0,0.0,0.00030436617392230606,0.01262407029491408,0.0024489348511950136,0.0,0.0,8.934297293080752e-05
2026-01-02 16:05:00+00:00,3.5244928312396637,0.011390477771703282,0.0,0.0,0.0003313707930972951,0.09429832569646868,0.000543639020752015,0.0,0.0,2.700461917498902e-05
2026-01-02 16:10:00+00:00,3.61797678081481,0.011417864110224083,0.0,0.0,0.0003393482149580094,0.09348394957514605,2.7386338520800704e-05,0.0,0.0,7.977421860714325e-06
2026-01-02 16:15:00+00:00,3.546545796058849,0.01087501834508095,0.0,0.0,0.00032200395988038987,-0.07143098475596066,-0.000542845765143133,0.0,0.0,-1.7344255077619537e-05
2026-01-02 16:20:00+00:00,3.339336341481857,0.011452964607384007,0.0,0.0,0.00033482796643568945,-0.20720945457699225,0.0005779462623030571,0.0,0.0,1.2824006555299582e-05
2026-01-02 16:25:00+00:00,3.334117317243123,0.01133571522575755,0.0,0.0,0.0003248520136322718,-0.005219024238733994,-0.00011724938162645769,0.0,0.0,-9.975952803417665e-06
2026-01-02 16:30:00+00:00,3.203120554056122,0.010525965169117376,0.0,0.0,0.0002971965543602255,-0.13099676318700082,-0.0008097500566401732,0.0,0.0,-2.7655459272046302e-05
2026-01-02 16:35:00+00:00,2.983939482995116,0.011121605710569653,0.0,0.0,0.0003052332104945171,-0.21918107106100626,0.0005956405414522768,0.0,0.0,8.036656134291595e-06
2026-01-02 16:40:00+00:00,3.255112662071513,0.01076875997276097,0.0,0.0,0.0002907409153434611,0.2711731790763974,-0.00035284573780868314,0.0,0.0,-1.4492295151056003e-05
2026-01-02 16:45:00+00:00,3.4504760930536147,0.009528228047867758,0.0,0.0,0.0002555065645453045,0.19536343098210152,-0.001240531924893212,0.0,0.0,-3.5234350798156564e-05
2026-01-02 16:50:00+00:00,3.585200885685336,0.008080556947406715,0.0,0.0,0.00021659643380741723,0.13472479263172144,-0.0014476711004610433,0.0,0.0,-3.891013073788728e-05
2026-01-02 16:55:00+00:00,3.5958950663322202,0.007367406039395694,0.0,0.0,0.0001976212434313172,0.0106941806468841,-0.0007131509080110206,0.0,0.0,-1.8975190376100044e-05
2026-01-02 17:00:00+00:00,3.9265801505082667,0.007913192575602544,0.0,0.0,0.00020960695744509918,0.3306850841760465,0.0005457865362068501,0.0,0.0,1.1985714013781993e-05
2026-01-02 17:05:00+00:00,4.121462566645766,0.0072540374461950025,0.0,0.0,0.00019166411175736828,0.19488241613749935,-0.0006591551294075418,0.0,0.0,-1.7942845687730902e-05
2026-01-02 17:10:00+00:00,4.4131536801463245,0.007732106806583827,0.0,0.0,0.00021079640424863342,0.29169111350055843,0.0004780693603888249,0.0,0.0,1.913229249126514e-05
2026-01-02 17:15:00+00:00,4.525435440502751,0.007169247743949761,0.0,0.0,0.00019500760425790166,0.11228176035642612,-0.0005628590626340661,0.0,0.0,-1.578879999073176e-05
2026-01-02 17:20:00+00:00,4.377682715962283,0.006133569677309601,0.0,0.0,0.00016656282093882043,-0.14775272454046728,-0.0010356780666401603,0.0,0.0,-2.844478331908123e-05
2026-01-02 17:25:00+00:00,4.023563736035618,0.005280855734672302,0.0,0.0,0.000143525894805091,-0.35411897992666574,-0.0008527139426372987,0.0,0.0,-2.3036926133729427e-05
2026-01-02 17:30:00+00:00,3.5703409550590295,0.0045714595836250016,0.0,0.0,0.0001245636669828597,-0.4532227809765881,-0.0007093961510473007,0.0,0.0,-1.8962227822231294e-05
2026-01-02 17:35:00+00:00,3.307268572957306,0.003888031065432982,0.0,0.0,0.00010597912069038856,-0.26307238210172335,-0.0006834285181920195,0.0,0.0,-1.858454629247115e-05
2026-01-02 17:40:00+00:00,3.261506646861645,0.0033642026870435884,0.0,0.0,9.184998738398366e-05,-0.04576192609566121,-0.0005238283783893937,0.0,0.0,-1.4129133306404896e-05
2026-01-02 17:45:00+00:00,2.777763607601926,0.002881971826505578,0.0,0.0,7.857522450682689e-05,-0.48374303925971907,-0.00048223086053801037,0.0,0.0,-1.3274762877156773e-05
2026-01-02 17:50:00+00:00,2.4251006173281744,0.0003330392576919984,0.0,0.0,8.952171965451614e-06,-0.3526629902737515,-0.00254893256881358,0.0,0.0,-6.962305254137528e-05
2026-01-02 17:55:00+00:00,2.3706567415129975,0.0002957664337943332,0.0,0.0,7.840672472722879e-06,-0.054443875815176845,-3.727282389766524e-05,0.0,0.0,-1.1114994927287352e-06
2026-01-02 18:00:00+00:00,2.8812493675108364,0.0014643610587705927,0.0,0.0,3.4833766686444607e-05,0.5105926259978388,0.0011685946249762596,0.0,0.0,2.6993094213721728e-05
2026-01-02 18:05:00+00:00,2.643806617022952,0.0013765513906544187,0.0,0.0,3.209166159074155e-05,-0.23744275048788444,-8.780966811617404e-05,0.0,0.0,-2.7421050957030568e-06
2026-01-02 18:10:00+00:00,2.864922962762844,0.0017860226469829583,0.0,0.0,4.041167541686413e-05,0.22111634573989214,0.00040947125632853957,0.0,0.0,8.32001382612258e-06
2026-01-02 18:15:00+00:00,2.720538010930226,0.0030464906911701678,0.0,0.0,6.820335143411834e-05,-0.14438495183261812,0.0012604680441872095,0.0,0.0,2.7791676017254205e-05
2026-01-02 18:20:00+00:00,2.3029889504445173,0.005101948011422724,0.0,0.0,0.0001169287964703877,-0.4175490604857086,0.0020554573202525564,0.0,0.0,4.872544503626937e-05
2026-01-02 18:25:00+00:00,2.223596543870001,0.004467952170208654,0.0,0.0,0.00010213684263730779,-0.07939240657451618,-0.0006339958412140698,0.0,0.0,-1.4791953833079917e-05
2026-01-02 18:30:00+00:00,2.099145688383625,0.0038172814815068765,0.0,0.0,8.721451840524398e-05,-0.12445085548637635,-0.0006506706887017778,0.0,0.0,-1.4922324232063809e-05
2026-01-02 18:35:00+00:00,1.7845994570323342,0.003243388555043775,0.0,0.0,7.406862571086905e-05,-0.31454623135129056,-0.0005738929264631014,0.0,0.0,-1.3145892694374934e-05
2026-01-02 18:40:00+00:00,1.5149990561144415,0.0027472227248737406,0.0,0.0,6.273186669867189e-05,-0.2696004009178927,-0.0004961658301700345,0.0,0.0,-1.1336759012197157e-05
2026-01-02 18:45:00+00:00,1.3597863767216125,0.002769692682424865,0.0,0.0,6.122655127077259e-05,-0.155212679392829,2.246995755112455e-05,0.0,0.0,-1.5053154278993016e-06
2026-01-02 18:50:00+00:00,1.1513604598287133,0.0024415618898227564,0.0,0.0,5.336536582604886e-05,-0.20842591689289924,-0.0003281307926021088,0.0,0.0,-7.86118544472373e-06
2026-01-02 18:55:00+00:00,1.423094232930352,0.0036189413027873825,0.0,0.0,8.237044905932999e-05,0.2717337731016387,0.0011773794129646261,0.0,0.0,2.9005083233281132e-05
2026-01-02 19:00:00+00:00,1.2101985912376394,0.003950562781631896,0.0,0.0,8.847122478153694e-05,-0.21289564169271258,0.00033162147884451335,0.0,0.0,6.100775722206955e-06
2026-01-02 19:05:00+00:00,1.2240380375296465,0.00029981833651211687,0.0,0.0,6.7167442830460526e-06,0.013839446292007063,-0.0036507444451197787,0.0,0.0,-8.17544804984909e-05
2026-01-02 19:10:00+00:00,1.1057486171866682,0.00026580272749843523,0.0,0.0,5.883682642484057e-06,-0.11828942034297829,-3.401560901368164e-05,0.0,0.0,-8.330616405619957e-07
2026-01-02 19:15:00+00:00,1.0470705630222685,0.00029172320922778643,0.0,0.0,6.346542090205606e-06,-0.05867805416439964,2.5920481729351202e-05,0.0,0.0,4.6285944772154947e-07
2026-01-02 19:20:00+00:00,1.5894853335791201,0.0003886042950083421,0.0,0.0,9.124193442574145e-06,0.5424147705568516,9.688108578055567e-05,0.0,0.0,2.7776513523685383e-06
2026-01-02 19:25:00+00:00,1.7411413313741653,0.000388174023304161,0.0,0.0,8.987312188471841e-06,0.15165599779504513,-4.3027170418112083e-07,0.0,0.0,-1.3688125410230325e-07
2026-01-02 19:30:00+00:00,2.7555005690786682,0.0004165686916997058,0.0,0.0,9.518734008757417e-06,1.014359237704503,2.8394668395544803e-05,0.0,0.0,5.314218202855751e-07
2026-01-02 19:35:00+00:00,3.468355105040274,0.00038414054787827795,0.0,0.0,8.80138589897564e-06,0.7128545359616059,-3.242814382142784e-05,0.0,0.0,-7.173481097817773e-07
2026-01-02 19:40:00+00:00,3.901679657298968,0.0003323608310734257,0.0,0.0,7.6292405107235876e-06,0.4333245522586937,-5.177971680485224e-05,0.0,0.0,-1.1721453882520517e-06
2026-01-02 19:45:00+00:00,4.474725590053861,0.000285309190501054,0.0,0.0,6.550326722472781e-06,0.5730459327548934,-4.7051640572371724e-05,0.0,0.0,-1.0789137882508069e-06
2026-01-02 19:50:00+00:00,4.760759088049555,0.00024302512057656928,0.0,0.0,5.578746524035647e-06,0.2860334979956942,-4.2284069924484704e-05,0.0,0.0,-9.71580198437134e-07
2026-01-02 19:55:00+00:00,5.012335959697053,0.00021078412614648865,0.0,0.0,4.849730398335067e-06,0.2515768716474973,-3.224099443008063e-05,0.0,0.0,-7.290161257005802e-07
2026-01-02 20:00:00+00:00,5.128933374102574,0.00017881782402528811,0.0,0.0,4.113821526970544e-06,0.11659741440552107,-3.196630212120053e-05,0.0,0.0,-7.359088713645229e-07
2026-01-02 20:05:00+00:00,5.303139081224471,0.0001520298985510835,0.0,0.0,3.4975362055485245e-06,0.17420570712189765,-2.678792547420461e-05,0.0,0.0,-6.162853214220193e-07
2026-01-02 20:10:00+00:00,5.32132518725119,0.00012864068338937836,0.0,0.0,2.9594537123872135e-06,0.018186106026718996,-2.3389215161705146e-05,0.0,0.0,-5.38082493161311e-07
2026-01-02 20:15:00+00:00,5.272178659033817,0.00010887152256064387,0.0,0.0,2.5044435482452987e-06,-0.04914652821737331,-1.9769160828734492e-05,0.0,0.0,-4.5501016414191477e-07
2026-01-02 20:20:00+00:00,5.264684948354395,9.212205755131404e-05,0.0,0.0,2.119144540822945e-06,-0.007493710679422172,-1.6749465009329828e-05,0.0,0.0,-3.8529900742235375e-07
2026-01-02 20:25:00+00:00,5.2581018696404,7.794943331265034e-05,0.0,0.0,1.7931223037732606e-06,-0.006583078713995327,-1.4172624238663703e-05,0.0,0.0,-3.2602223704968443e-07
2026-01-02 20:30:00+00:00,5.649669411766749,6.595721280301182e-05,0.0,0.0,1.51725733396199e-06,0.39156754212634937,-1.199222050963852e-05,0.0,0.0,-2.7586496981127064e-07
2026-01-02 20:35:00+00:00,5.33238414560871,5.580994929485615e-05,0.0,0.0,1.2838331287370684e-06,-0.31728526615803876,-1.0147263508155667e-05,0.0,0.0,-2.3342420522492154e-07
2026-01-02 20:40:00+00:00,4.869270566952684,4.722380324949367e-05,0.0,0.0,1.0863203397005963e-06,-0.4631135786560261,-8.586146045362478e-06,0.0,0.0,-1.975127890364721e-07
2026-01-02 20:45:00+00:00,4.412393112087574,4.285213011156603e-05,0.0,0.0,9.828546322135634e-07,-0.45687745486511044,-4.371673137927644e-06,0.0,0.0,-1.0346570748703288e-07
2026-01-02 20:50:00+00:00,3.9120574203404255,5.107360771339459e-05,0.0,0.0,1.2164200716435705e-06,-0.5003356917471482,8.221477601828564e-06,0.0,0.0,2.3356543943000715e-07
2026-01-02 20:55:00+00:00,3.5094165963921724,5.5489606673376056e-05,0.0,0.0,1.323559299814502e-06,-0.40264082394825307,4.4159989599814646e-06,0.0,0.0,1.0713922817093146e-07
2026-01-02 21:00:00+00:00,3.1958315291204853,5.110644231730547e-05,0.0,0.0,1.2026194913257579e-06,-0.3135850672716871,-4.383164356070585e-06,0.0,0.0,-1.209398084887441e-07
2026-01-02 21:05:00+00:00,2.7399121956835786,4.6273191466270677e-05,0.0,0.0,1.0739444281612205e-06,-0.4559193334369067,-4.833250851034795e-06,0.0,0.0,-1.2867506316453742e-07
2026-01-02 21:10:00+00:00,2.340388870650388,4.4254614738385474e-05,0.0,0.0,1.0190252558896414e-06,-0.39952332503319044,-2.0185767278852024e-06,0.0,0.0,-5.491917227157907e-08
2026-01-02 21:15:00+00:00,2.0069091654329525,4.08207817578038e-05,0.0,0.0,9.26130559060624e-07,-0.33347970521743564,-3.4338329805816726e-06,0.0,0.0,-9.289469682901742e-08
2026-01-02 21:20:00+00:00,2.1206069614235625,0.00023108142399408903,0.0,0.0,5.160282595059513e-06,0.11369779599061003,0.00019026064223628524,0.0,0.0,4.23415203599889e-06
2026-01-02 21:25:00+00:00,2.0838279031171627,0.00019889800519711417,0.0,0.0,4.429297989842448e-06,-0.036779058306399826,-3.2183418796974855e-05,0.0,0.0,-7.309846052170651e-07
2026-01-02 21:30:00+00:00,2.6849303089879433,0.00016829831208986583,0.0,0.0,3.747867529866687e-06,0.6011024058707806,-3.059969310724835e-05,0.0,0.0,-6.814304599757612e-07
2026-01-02 21:35:00+00:00,3.106980924893973,0.0001424062640760403,0.0,0.0,3.171272525271812e-06,0.42205061590602977,-2.5892048013825516e-05,0.0,0.0,-5.765950045948753e-07
2026-01-02 21:40:00+00:00,3.3051070901887893,0.00012049760806434182,0.0,0.0,2.683384444460764e-06,0.1981261652948163,-2.190865601169849e-05,0.0,0.0,-4.87888080811048e-07
2026-01-02 21:45:00+00:00,3.405948354613584,0.00010195951451598153,0.0,0.0,2.2705560683898768e-06,0.10084126442479446,-1.8538093548360293e-05,0.0,0.0,-4.1282837607088703e-07
2026-01-02 21:50:00+00:00,3.2432970837443573,8.627343535967669e-05,0.0,0.0,1.9212397501760498e-06,-0.16265127086922648,-1.568607915630484e-05,0.0,0.0,-3.49316318213827e-07
2026-01-02 21:55:00+00:00,2.8559365321555195,7.300059915049565e-05,0.0,0.0,1.625664403995119e-06,-0.38736055158883786,-1.3272836209181032e-05,0.0,0.0,-2.955753461809308e-07
2026-01-02 22:00:00+00:00,2.6577866809745916,6.17697377427271e-05,0.0,0.0,1.3755621879958697e-06,-0.19814985118092787,-1.123086140776856e-05,0.0,0.0,-2.5010221599924925e-07
2026-01-02 22:05:00+00:00,2.253178630271171,5.226670116692293e-05,0.0,0.0,1.163937235996505e-06,-0.40460805070342065,-9.503036575804167e-06,0.0,0.0,-2.1162495199936462e-07
2026-01-02 22:10:00+00:00,2.3743362563553942,4.422567021816556e-05,0.0,0.0,9.848699689201198e-07,0.12115762608422331,-8.041030948757371e-06,0.0,0.0,-1.7906726707638529e-07
2026-01-02 22:15:00+00:00,2.09939857030444,3.7421720953832387e-05,0.0,0.0,8.333515121631783e-07,-0.27493768605095426,-6.80394926433317e-06,0.0,0.0,-1.5151845675694155e-07
2026-01-02 22:20:00+00:00,1.7764141748729876,3.166453311478125e-05,0.0,0.0,7.05143587214997e-07,-0.3229843954314524,-5.757187839051136e-06,0.0,0.0,-1.2820792494818122e-07
2026-01-02 22:25:00+00:00,1.5121597022804938,2.6793066481737984e-05,0.0,0.0,5.966599584126898e-07,-0.2642544725924938,-4.871466633043266e-06,0.0,0.0,-1.0848362880230729e-07
2026-01-02 22:30:00+00:00,1.281846392413195,2.2671056253778295e-05,0.0,0.0,5.048661186568912e-07,-0.2303133098672987,-4.12201022795969e-06,0.0,0.0,-9.17938397557985e-08
2026-01-02 22:35:00+00:00,1.0846392551188573,1.9183201445504713e-05,0.0,0.0,4.271944080942926e-07,-0.1972071372943378,-3.487854808273582e-06,0.0,0.0,-7.767171056259864e-08
2026-01-02 22:40:00+00:00,0.9177716774082638,1.6231939684657832e-05,0.0,0.0,3.614721914644014e-07,-0.16686757771059346,-2.9512617608468807e-06,0.0,0.0,-6.572221662989121e-08
2026-01-02 22:45:00+00:00,0.7933975409400571,1.3734718194710474e-05,0.0,0.0,3.058610850852627e-07,-0.12437413646820672,-2.497221489947358e-06,0.0,0.0,-5.561110637913872e-08
2026-01-02 22:50:00+00:00,1.0510578524942382,2.127042449504042e-06,0.0,0.0,4.6776239459996206e-08,0.2576603115541811,-1.1607675745206432e-05,0.0,0.0,-2.590848456252665e-07
2026-01-02 22:55:00+00:00,1.1082990529954826,1.7998051495803432e-06,0.0,0.0,3.95798949276891e-08,0.05724120050124437,-3.2723729992369886e-07,0.0,0.0,-7.1963445323071065e-09
2026-01-02 23:00:00+00:00,0.9616160247740735,1.522912049644906e-06,0.0,0.0,3.3490680323429237e-08,-0.1466830282214091,-2.7689309993543725e-07,0.0,0.0,-6.089214604259862e-09
2026-01-02 23:05:00+00:00,0.9438476466739018,1.695651887137402e-05,0.0,0.0,3.661680371680349e-07,-0.017768378100171733,1.5433606821729112e-05,0.0,0.0,3.3267735684460564e-07
2026-01-02 23:10:00+00:00,0.8839376024000756,1.4347823660393401e-05,0.0,0.0,3.0983449298833726e-07,-0.05991004427382618,-2.608695210980619e-06,0.0,0.0,-5.6333544179697636e-08
2026-01-02 23:15:00+00:00,0.8278028331688214,1.2140466174179031e-05,0.0,0.0,2.6216764791320847e-07,-0.056134769231254156,-2.20735748621437e-06,0.0,0.0,-4.76668450751288e-08
2026-01-02 23:20:00+00:00,1.3785548130498513,4.8809673659991146e-05,0.0,0.0,7.590187900223714e-07,0.5507519798810299,3.666920748581211e-05,0.0,0.0,4.968511421091629e-07
2026-01-02 23:25:00+00:00,1.4184190646769277,1.09500597146159e-05,0.0,0.0,2.2375397858196739e-07,0.03986425162707641,-3.785961394537524e-05,0.0,0.0,-5.352648114404041e-07
2026-01-02 23:30:00+00:00,1.717173241996462,1.087304163710998e-05,0.0,0.0,2.1131701478914702e-07,0.29875417731953435,-7.70180775059206e-08,0.0,0.0,-1.243696379282037e-08
2026-01-02 23:35:00+00:00,1.8181988872882229,2.8013567961463743e-05,0.0,0.0,5.002766761509835e-07,0.10102564529176083,1.7140526324353765e-05,0.0,0.0,2.889596613618365e-07
2026-01-02 23:40:00+00:00,2.0630823100436952,4.046277225510747e-05,0.0,0.0,6.768204073753254e-07,0.24488342275547237,1.2449204293643728e-05,0.0,0.0,1.7654373122434192e-07
2026-01-02 23:45:00+00:00,2.350635907040068,4.630952378613564e-05,0.0,0.0,8.578261901629409e-07,0.28755359699637273,5.846751531028169e-06,0.0,0.0,1.8100578278761544e-07
2026-01-02 23:50:00+00:00,3.0027633121893165,0.00014057552790950505,0.0,0.0,3.503908327009373e-06,0.6521274051492485,9.426600412336942e-05,0.0,0.0,2.6460821368464324e-06
2026-01-02 23:55:00+00:00,3.201201716250135,0.0003595515772634464,0.0,0.0,9.233017157536472e-06,0.19843840406081847,0.00021897604935394136,0.0,0.0,5.729108830527099e-06
2026-01-03 00:00:00+00:00,3.650662535429598,0.0003328763663985499,0.0,0.0,8.412976826521374e-06,0.4494608191794631,-2.667521086489649e-05,0.0,0.0,-8.200403310150989e-07
2026-01-03 00:05:00+00:00,4.0010907085000325,0.0006734499054239264,0.0,0.0,1.7901165170099596e-05,0.3504281730704344,0.00034057353902537646,0.0,0.0,9.488188343578223e-06
2026-01-03 00:10:00+00:00,3.9727430942026625,0.0005698422276663993,0.0,0.0,1.5147139759315043e-05,-0.028347614297369983,-0.0001036076777575271,0.0,0.0,-2.754025410784553e-06
2026-01-03 00:15:00+00:00,3.7296397937908665,0.0004821741926407994,0.0,0.0,1.2816810565574268e-05,-0.24310330041179595,-8.766803502559988e-05,0.0,0.0,-2.330329193740775e-06
2026-01-03 00:20:00+00:00,3.807377809883921,0.00041277789973047526,0.0,0.0,1.0947772051125334e-05,0.07773801609305453,-6.939629291032414e-05,0.0,0.0,-1.8690385144489342e-06
2026-01-03 00:25:00+00:00,3.730754902436084,0.0005153145712232888,0.0,0.0,1.2757511781465268e-05,-0.07662290744783684,0.00010253667149281358,0.0,0.0,1.8097397303399344e-06
2026-01-03 00:30:00+00:00,3.5495213157505456,0.000824578103850785,0.0,0.0,1.9164187370829608e-05,-0.18123358668553857,0.0003092635326274962,0.0,0.0,6.40667558936434e-06
2026-01-03 00:35:00+00:00,3.2048407273873014,0.00082820488470579,0.0,0.0,1.9109564534838154e-05,-0.3446805883632442,3.6267808550049596e-06,0.0,0.0,-5.462283599145398e-08
2026-01-03 00:40:00+00:00,2.7216036805678776,0.0007830184508825011,0.0,0.0,1.768351493031402e-05,-0.4832370468194238,-4.5186433823288935e-05,0.0,0.0,-1.426049604524135e-06
2026-01-03 00:45:00+00:00,2.311056403986365,0.0006625540738236547,0.0,0.0,1.4962974171804166e-05,-0.4105472765815126,-0.00012046437705884631,0.0,0.0,-2.7205407585098523e-06
2026-01-03 00:50:00+00:00,2.044051608756353,7.433678642866947e-05,0.0,0.0,1.4258662886359687e-06,-0.2670047952300121,-0.0005882172873949852,0.0,0.0,-1.3537107883168198e-05
2026-01-03 00:55:00+00:00,2.0531880082734477,6.29003577473357e-05,0.0,0.0,1.206502244230435e-06,0.009136399517094773,-1.1436428681333775e-05,0.0,0.0,-2.1936404440553373e-07
2026-01-03 01:00:00+00:00,2.1877897173791867,5.322337963236098e-05,0.0,0.0,1.0208865143488296e-06,0.134601709105739,-9.676978114974723e-06,0.0,0.0,-1.856157298816054e-07
2026-01-03 01:05:00+00:00,2.2391594666389647,4.503516738122851e-05,0.0,0.0,8.638270506028559e-07,0.051369749259778,-8.188212251132465e-06,0.0,0.0,-1.5705946374597373e-07
2026-01-03 01:10:00+00:00,2.512453192126882,3.810668009180874e-05,0.0,0.0,7.309305812793395e-07,0.2732937254879171,-6.9284872894197715e-06,0.0,0.0,-1.3289646932351633e-07
2026-01-03 01:15:00+00:00,2.1427723256243376,3.4524584625970895e-05,0.0,0.0,6.495204885706649e-07,-0.36968086650254417,-3.582095465837845e-06,0.0,0.0,-8.141009270867462e-08
2026-01-03 01:20:00+00:00,2.119531201943919,2.9213110068129222e-05,0.0,0.0,5.495942595597933e-07,-0.02324112368041842,-5.311474557841673e-06,0.0,0.0,-9.992622901087162e-08
2026-01-03 01:25:00+00:00,1.889910990279395,2.6233868325949634e-05,0.0,0.0,4.855413706841789e-07,-0.2296202116645243,-2.979241742179588e-06,0.0,0.0,-6.405288887561442e-08
2026-01-03 01:30:00+00:00,2.329205106901369,3.265245763664612e-05,0.0,0.0,5.730543462717639e-07,0.43929411662197415,6.418589310696486e-06,0.0,0.0,8.751297558758502e-08
2026-01-03 01:35:00+00:00,3.7948086123553697,2.889949863475038e-05,0.0,0.0,5.038089880519437e-07,1.4656035054540006,-3.7529590018957383e-06,0.0,0.0,-6.92453582198202e-08
2026-01-03 01:40:00+00:00,5.4146364834219165,0.0003983699891854651,0.0,0.0,1.4653169166645602e-05,1.6198278710665468,0.00036947049055071474,0.0,0.0,1.4149360178593657e-05
2026-01-03 01:45:00+00:00,6.110047549162086,0.00033708229854154744,0.0,0.0,1.2398835448700125e-05,0.6954110657401698,-6.128769064391769e-05,0.0,0.0,-2.2543337179454768e-06
2026-01-03 01:50:00+00:00,7.218973210591801,0.0002852234833813093,0.0,0.0,1.049132230274626e-05,1.1089256614297147,-5.185881516023814e-05,0.0,0.0,-1.9075131459538655e-06
2026-01-03 01:55:00+00:00,7.969835400366403,0.00024134294747649252,0.0,0.0,8.877272717708374e-06,0.750862189774602,-4.388053590481677e-05,0.0,0.0,-1.6140495850378851e-06
2026-01-03 02:00:00+00:00,8.419644403768945,0.0002044214770362839,0.0,0.0,7.5143630853778455e-06,0.4498090034025424,-3.6921470440208634e-05,0.0,0.0,-1.3629096323305287e-06
2026-01-03 02:05:00+00:00,8.821971727730572,0.00017297201903070173,0.0,0.0,6.3583072260889464e-06,0.40232732396162696,-3.144945800558215e-05,0.0,0.0,-1.1560558592888991e-06
2026-01-03 02:10:00+00:00,8.994868761277456,0.0003603396157333473,0.0,0.0,1.1072236486657268e-05,0.17289703354688335,0.00018736759670264554,0.0,0.0,4.7139292605683216e-06
2026-01-03 02:15:00+00:00,9.007027001701404,0.00036440365159155655,0.0,0.0,1.0919241707404476e-05,0.01215824042394864,4.064035858209272e-06,0.0,0.0,-1.5299477925279176e-07
2026-01-03 02:20:00+00:00,9.257981065673983,0.0005885292677625353,0.0,0.0,1.4745238316207199e-05,0.25095406397257847,0.00022412561617097876,0.0,0.0,3.825996608802723e-06
2026-01-03 02:25:00+00:00,9.242473638294069,0.0005575230560052565,0.0,0.0,1.3580357346491396e-05,-0.015507427379914063,-3.100621175727879e-05,0.0,0.0,-1.1648809697158034e-06
2026-01-03 02:30:00+00:00,8.763080550405737,0.0004717502781582939,0.0,0.0,1.1491071600877334e-05,-0.47939308788833124,-8.577277784696259e-05,0.0,0.0,-2.0892857456140615e-06
2026-01-03 02:35:00+00:00,8.286144063258352,0.00039917331228778716,0.0,0.0,9.72321443151159e-06,-0.4769364871473858,-7.257696587050676e-05,0.0,0.0,-1.7678571693657433e-06
2026-01-03 02:40:00+00:00,7.41035708944161,0.0003377620334742814,0.0,0.0,8.227335288202116e-06,-0.8757869738167416,-6.141127881350574e-05,0.0,0.0,-1.4958791433094751e-06
2026-01-03 02:45:00+00:00,6.757589970675294,0.0002857986437090073,0.0,0.0,6.961591397709483e-06,-0.6527671187663158,-5.196338976527412e-05,0.0,0.0,-1.2657438904926329e-06
2026-01-03 02:50:00+00:00,6.35628360412156,0.0002418296215999293,0.0,0.0,5.890577336523409e-06,-0.401306366553734,-4.396902210907801e-05,0.0,0.0,-1.0710140611860742e-06
2026-01-03 02:55:00+00:00,5.407840585546166,0.0002077261331294341,0.0,0.0,5.0300931854570425e-06,-0.9484430185753938,-3.410348847049518e-05,0.0,0.0,-8.604841510663662e-07
2026-01-03 03:00:00+00:00,5.162993180844332,0.00017576826649413655,0.0,0.0,4.256232695386728e-06,-0.24484740470183475,-3.195786663529756e-05,0.0,0.0,-7.738604900703147e-07
2026-01-03 03:05:00+00:00,4.771546324187191,0.00014872699472580784,0.0,0.0,3.6014276653272315e-06,-0.39144685665714096,-2.7041271768328708e-05,0.0,0.0,-6.548050300594963e-07
2026-01-03 03:10:00+00:00,4.273449395246395,0.0001258459186141451,0.0,0.0,3.0473618706615037e-06,-0.4980969289407957,-2.288107611166275e-05,0.0,0.0,-5.540657946657278e-07
2026-01-03 03:15:00+00:00,3.74452155547681,0.00010648500805812278,0.0,0.0,2.578536967482811e-06,-0.5289278397695849,-1.936091055602231e-05,0.0,0.0,-4.688249031786929e-07
2026-01-03 03:20:00+00:00,3.8615157628416092,7.051536319168728e-05,0.0,0.0,1.4075837350296532e-06,0.11699420736479915,-3.59696448664355e-05,0.0,0.0,-1.1709532324531576e-06
2026-01-03 03:25:00+00:00,4.17110382073538,0.0004831993451716541,0.0,0.0,1.1890542648497573e-05,0.3095880578937704,0.0004126839819799668,0.0,0.0,1.048295891346792e-05
2026-01-03 03:30:00+00:00,4.105564526004369,0.0010234308669473,0.0,0.0,2.74578975515788e-05,-0.0655392947310105,0.000540231521775646,0.0,0.0,1.556735490308123e-05
2026-01-03 03:35:00+00:00,4.449351921649965,0.003487792794473548,0.0,0.0,9.816436285878254e-05,0.3437873956455961,0.002464361927526248,0.0,0.0,7.070646530720373e-05
2026-01-03 03:40:00+00:00,5.014392906096762,0.00546467672245581,0.0,0.0,0.00016038318121006418,0.5650409844467967,0.0019768839279822622,0.0,0.0,6.221881835128164e-05
2026-01-03 03:45:00+00:00,5.49862138452902,0.00529373705271364,0.0,0.0,0.0001594390508971599,0.48422847843225814,-0.00017093966974217074,0.0,0.0,-9.441303129042761e-07
2026-01-03 03:50:00+00:00,4.989450038445588,0.005430323562581364,0.0,0.0,0.00016421099908511052,-0.5091713460834324,0.0001365865098677246,0.0,0.0,4.771948187950613e-06
2026-01-03 03:55:00+00:00,4.865144615496741,0.0055793638964383935,0.0,0.0,0.00017133191308178202,-0.12430542294884717,0.00014904033385702928,0.0,0.0,7.120913996671506e-06
2026-01-03 04:00:00+00:00,5.249939108645056,0.0056251419545814045,0.0,0.0,0.00018427623567292064,0.3847944931483154,4.577805814301103e-05,0.0,0.0,1.294432259113862e-05
2026-01-03 04:05:00+00:00,4.936216817676798,0.005858597488966079,0.0,0.0,0.00020396960883081793,-0.31372229096825777,0.00023345553438467413,0.0,0.0,1.9693373157897285e-05
2026-01-03 04:10:00+00:00,5.035402469299977,0.008442471419438251,0.0,0.0,0.00032095050280806945,0.09918565162317883,0.002583873930472173,0.0,0.0,0.00011698089397725153
2026-01-03 04:15:00+00:00,5.384500264252446,0.00926092749572077,0.0,0.0,0.00036257777302154797,0.34909779495246873,0.0008184560762825189,0.0,0.0,4.162727021347852e-05
2026-01-03 04:20:00+00:00,5.318417126999526,0.010287472010502998,0.0,0.0,0.0004186658119150412,-0.06608313725292003,0.001026544514782228,0.0,0.0,5.6088038893493226e-05
2026-01-03 04:25:00+00:00,5.585268080887278,0.009304040661189679,0.0,0.0,0.0003826821544693615,0.2668509538877526,-0.0009834313493133195,0.0,0.0,-3.598365744567972e-05
2026-01-03 04:30:00+00:00,5.833525393559354,0.008527418143085065,0.0,0.0,0.0003544859031044923,0.24825731267207551,-0.0007766225181046141,0.0,0.0,-2.8196251364869158e-05
2026-01-03 04:35:00+00:00,6.2984091757407255,0.008152514428779935,0.0,0.0,0.00034758095007910643,0.4648837821813716,-0.00037490371430513,0.0,0.0,-6.90495302538589e-06
2026-01-03 04:40:00+00:00,6.480092626646146,0.01294649808606752,0.0,0.0,0.0006182993147109825,0.18168345090542015,0.004793983657287585,0.0,0.0,0.0002707183646318761
2026-01-03 04:45:00+00:00,6.908636548167799,0.018608473261600755,0.0,0.0,0.0009318087785632341,0.4285439215216531,0.005661975175533235,0.0,0.0,0.00031350946385225154
2026-01-03 04:50:00+00:00,7.38697428657533,0.03447899603099032,0.0,0.0,0.0018023622138411814,0.47833773840753135,0.015870522769389564,0.0,0.0,0.0008705534352779473
2026-01-03 04:55:00+00:00,7.330627217568252,0.043903492199286236,0.0,0.0,0.00227169331271389,-0.05634706900707798,0.009424496168295916,0.0,0.0,0.00046933109887270855
2026-01-03 05:00:00+00:00,7.329802513678389,0.05622843985612842,0.0,0.0,0.0028136642848024212,-0.0008247038898634429,0.012324947656842188,0.0,0.0,0.0005419709720885313
2026-01-03 05:05:00+00:00,7.633145485627969,0.05600805274841656,0.0,0.0,0.0028225539071192393,0.30334297194958015,-0.0002203871077118627,0.0,0.0,8.889622316818075e-06
2026-01-03 05:10:00+00:00,8.137569643005834,0.06657696037188687,0.0,0.0,0.0035158770147176955,0.5044241573778656,0.010568907623470312,0.0,0.0,0.0006933231075984562
2026-01-03 05:15:00+00:00,8.026428302207528,0.0751493987983511,0.0,0.0,0.004049562673392385,-0.11114134079830684,0.008572438426464227,0.0,0.0,0.0005336856586746893
2026-01-03 05:20:00+00:00,8.221618702600832,0.07201675854960597,0.0,0.0,0.003947974325968612,0.1951904003933045,-0.0031326402487451277,0.0,0.0,-0.00010158834742377259
2026-01-03 05:25:00+00:00,8.374531211930869,0.08078399727725263,0.0,0.0,0.004620996145584821,0.15291250933003653,0.008767238727646662,0.0,0.0,0.0006730218196162084
2026-01-03 05:30:00+00:00,8.694403038054348,0.09528932713825107,0.0,0.0,0.005712039526689493,0.31987182612347986,0.014505329860998437,0.0,0.0,0.001091043381104672
2026-01-03 05:35:00+00:00,9.144542440968351,0.12834204493188245,0.0,0.0,0.008137028201984321,0.4501394029140027,0.03305271779363138,0.0,0.0,0.002424988675294828
2026-01-03 05:40:00+00:00,9.336380985023816,0.13992087890901478,0.0,0.0,0.009094422448837835,0.1918385440554644,0.01157883397713233,0.0,0.0,0.0009573942468535136
2026-01-03 05:45:00+00:00,9.385974149961784,0.14283646452253584,0.0,0.0,0.009442020804039311,0.04959316493796884,0.0029155856135210656,0.0,0.0,0.0003475983552014769
2026-01-03 05:50:00+00:00,9.070409708589752,0.1431867725322566,0.0,0.0,0.009548077481737824,-0.31556444137203243,0.0003503080097207456,0.0,0.0,0.0001060566776985121
2026-01-03 05:55:00+00:00,8.577819074978725,0.1462228696152165,0.0,0.0,0.009811888163229018,-0.4925906336110266,0.0030360970829599043,0.0,0.0,0.0002638106814911948
2026-01-03 06:00:00+00:00,9.432457203164708,0.1517869809397278,0.0,0.0,0.010450220622150381,0.8546381281859823,0.005564111324511317,0.0,0.0,0.0006383324589213629
2026-01-03 06:05:00+00:00,9.959220010573734,0.1537289159905145,0.0,0.0,0.010805462848863486,0.5267628074090265,0.0019419350507866862,0.0,0.0,0.0003552422267131053
2026-01-03 06:10:00+00:00,10.883763841953717,0.16253549046235582,0.0,0.0,0.011844775817782472,0.9245438313799834,0.008806574471841327,0.0,0.0,0.0010393129689189855
2026-01-03 06:15:00+00:00,11.32476680573015,0.19199919136438431,0.0,0.0,0.014177685109601221,0.4410029637764321,0.02946370090202849,0.0,0.0,0.002332909291818749
2026-01-03 06:20:00+00:00,11.691175970496401,0.25292222356333793,0.0,0.0,0.019031010531580378,0.3664091647662513,0.06092303219895362,0.0,0.0,0.004853325421979157
2026-01-03 06:25:00+00:00,11.365568545218139,0.27112249886856754,0.0,0.0,0.020254651324254073,-0.32560742527826214,0.018200275305229607,0.0,0.0,0.0012236407926736956
2026-01-03 06:30:00+00:00,11.783154328137122,0.2741778694931686,0.0,0.0,0.02062416520381422,0.41758578291898374,0.0030553706246010393,0.0,0.0,0.00036951387956014534
2026-01-03 06:35:00+00:00,11.781780259922323,0.281088037367061,0.0,0.0,0.021502882311855702,-0.001374068214799351,0.0069101678738924255,0.0,0.0,0.0008787171080414831
2026-01-03 06:40:00+00:00,11.608716721873284,0.30632087818043713,0.0,0.0,0.02391600526282948,-0.17306353804903907,0.025232840813376123,0.0,0.0,0.002413122950973779
2026-01-03 06:45:00+00:00,11.149982164305072,0.3332843432399835,0.0,0.0,0.026284098335015285,-0.4587345575682118,0.026963465059546388,0.0,0.0,0.002368093072185804
2026-01-03 06:50:00+00:00,11.339510211426584,0.34131991555794366,0.0,0.0,0.027506527530536295,0.18952804712151128,0.008035572317960149,0.0,0.0,0.0012224291955210097
2026-01-03 06:55:00+00:00,11.24866310143661,0.3397924477894567,0.0,0.0,0.027679466553954632,-0.09084710998997281,-0.0015274677684869453,0.0,0.0,0.00017293902341833714
2026-01-03 07:00:00+00:00,12.209726888016029,0.371274363496449,0.0,0.0,0.030671336720623228,0.9610637865794178,0.03148191570699227,0.0,0.0,0.0029918701666685962
2026-01-03 07:05:00+00:00,12.280878492990903,0.4094401723288062,0.0,0.0,0.0337593399676197,0.07115160497487416,0.038165808832357206,0.0,0.0,0.0030880032469964708
2026-01-03 07:10:00+00:00,11.81582718186548,0.4109886795584806,0.0,0.0,0.03392118336450912,-0.4650513111254231,0.0015485072296744229,0.0,0.0,0.00016184339688941896
2026-01-03 07:15:00+00:00,11.773424592262796,0.4591455606461181,0.0,0.0,0.037629158393526145,-0.04240258960268406,0.04815688108763749,0.0,0.0,0.003707975029017027
2026-01-03 07:20:00+00:00,12.145547846546654,0.5106429882594948,0.004813211915988315,0.0,0.04211987927399374,0.3721232542838582,0.05149742761337672,0.004813211915988315,0.0,0.004490720880467598
2026-01-03 07:25:00+00:00,11.875478796629457,0.5877668204132189,0.01534801304924541,0.0,0.04856764811816494,-0.27006904991719693,0.07712383215372409,0.010534801133257096,0.0,0.006447768844171198
2026-01-03 07:30:00+00:00,12.196799295008441,0.7060089781145639,0.05850928625962882,0.0,0.05874576474804828,0.32132049837898435,0.11824215770134494,0.043161273210383405,0.0,0.010178116629883341
2026-01-03 07:35:00+00:00,12.229722764968438,0.8215894424306365,0.11290969467666703,0.0,0.06971714972408205,0.03292346995999651,0.1155804643160726,0.054400408417038214,0.0,0.010971384976033768
2026-01-03 07:40:00+00:00,12.528251441962528,0.8673764169728008,0.12331654645064426,0.0,0.073630885302558,0.29852867699409025,0.045786974542164294,0.010406851773977224,0.0,0.003913735578475949
2026-01-03 07:45:00+00:00,12.165834286018818,0.9163021289224137,0.13303101573014975,0.0,0.07838633745070274,-0.36241715594371016,0.04892571194961293,0.009714469279505492,0.0,0.00475545214814474
2026-01-03 07:50:00+00:00,12.524702596943355,1.0104993960374606,0.16661459337623247,0.0,0.08692031470898812,0.35886831092453697,0.09419726711504695,0.03358357764608272,0.0,0.008533977258285377
2026-01-03 07:55:00+00:00,12.385538019077426,1.0884903281735472,0.1862011664605797,0.0,0.09249811300595649,-0.1391645778659285,0.07799093213608654,0.01958657308434722,0.0,0.005577798296968375
2026-01-03 08:00:00+00:00,12.681883388948387,1.166233423651191,0.20710643913535184,0.0,0.09903200331089086,0.29634536987096105,0.07774309547764391,0.020905272674772157,0.0,0.00653389030493437
2026-01-03 08:05:00+00:00,12.974548464676063,1.2634887654285478,0.23086346965058596,0.0,0.10547729647165578,0.2926650757276761,0.09725534177735673,0.023757030515234118,0.0,0.00644529316076492
2026-01-03 08:10:00+00:00,13.218924746751899,1.3984538817495256,0.27930614650848873,0.0,0.1153000893258699,0.2443762820758355,0.13496511632097774,0.04844267685790277,0.0,0.009822792854214113
2026-01-03 08:15:00+00:00,12.967260187911872,1.4779989655908843,0.3101306133155499,0.0,0.12018371786481677,-0.2516645588400266,0.07954508384135872,0.03082446680706119,0.0,0.004883628538946874
2026-01-03 08:20:00+00:00,12.624838822985351,1.535376168945,0.330101837977438,0.0,0.12211613084873091,-0.34242136492652087,0.05737720335411578,0.019971224661888054,0.0,0.001932412983914139
2026-01-03 08:25:00+00:00,12.663344650753412,1.610085595172,0.36201482655627826,0.0,0.1261636115770342,0.038505827768060996,0.07470942622699983,0.031912988578840285,0.0,0.004047480728303299
2026-01-03 08:30:00+00:00,12.839659249796341,1.713373328048201,0.4011308487725049,0.08413461538461539,0.13190243222305761,0.17631459904292868,0.10328773287620119,0.03911602221622662,0.08413461538461539,0.005738820646023407
2026-01-03 08:35:00+00:00,12.706029793548668,1.8358392163459971,0.44854235387038943,0.23946005917159763,0.1409063195435387,-0.13362945624767342,0.12246588829779603,0.047411505097884554,0.15532544378698224,0.009003887320481074
2026-01-03 08:40:00+00:00,12.64634435471679,1.9545662479671158,0.4996988433954324,0.4550238962221211,0.15069710117034107,-0.05968543883187749,0.11872703162111864,0.05115648952504298,0.21556383705052345,0.009790781626802386
2026-01-03 08:45:00+00:00,12.48327480814147,2.072142481878997,0.5476665389243521,0.7215586814187178,0.16058489791576458,-0.16306954657532025,0.11757623391188132,0.04796769552891972,0.26653478519659674,0.009887796745423505
2026-01-03 08:50:00+00:00,12.018187796059681,2.1885212442776067,0.6031261792689517,1.0312227304312227,0.1706181340710303,-0.4650870120817885,0.11637876239860967,0.0554596403445996,0.3096640490125049,0.010033236155265718
2026-01-03 08:55:00+00:00,11.866189439558939,2.3114315657774123,0.6596525973631835,1.3773807719033424,0.18026044830083537,-0.15199835650074256,0.12291032149980552,0.056526418094231756,0.3461580414721197,0.009642314229805077
2026-01-03 09:00:00+00:00,11.086875410524812,2.384746450048706,0.7108715171709945,1.7544183454566742,0.18574110772824942,-0.7793140290341274,0.07331488427129385,0.051218919807811014,0.3770375735533318,0.0054806594274140474
2026-01-03 09:05:00+00:00,10.955513931211627,2.4964919020486396,0.7610330798989405,2.157584753847955,0.19289402894668595,-0.13136147931318476,0.11174545199993347,0.05016156272794603,0.40316640839128093,0.007152921218436525
2026-01-03 09:10:00+00:00,10.592757000075668,2.554179418765262,0.7811520903029749,2.4746870994098082,0.19769838700129314,-0.36275693113595864,0.05768751671662242,0.02011901040403441,0.3171023455618531,0.0048043580546071885
2026-01-03 09:15:00+00:00,10.297797313703361,2.606576544244269,0.8197523535234298,2.9353121610390684,0.20178492995284095,-0.29495968637230696,0.05239712547900721,0.038600263220454845,0.4606250616292602,0.004086542951547811
2026-01-03 09:20:00+00:00,10.236358111116457,2.681344116648228,0.8693749894630248,3.409206443956135,0.20735529422430274,-0.06143920258690372,0.07476757240395893,0.04962263593959504,0.4738942829170667,0.005570364271461792
2026-01-03 09:25:00+00:00,10.683522139673189,2.722343704770216,0.9005918954219767,3.8943285295013452,0.21070653796869523,0.4471640285567311,0.040999588121987784,0.03121690595895188,0.4851220855452101,0.003351243744392496
2026-01-03 09:30:00+00:00,10.303136639371457,2.780016406878594,0.9458231150135397,4.388951063424216,0.21613325758715804,-0.3803855003017311,0.05767270210837827,0.045231219591562954,0.4946225339228705,0.005426719618462805
2026-01-03 09:35:00+00:00,10.218664871975932,2.8517962885637753,0.9882680995266142,4.891612438282028,0.22390819391730504,-0.08447176739552553,0.07177988168518112,0.042444984513074546,0.5026613748578121,0.007774936330147003
2026-01-03 09:40:00+00:00,10.60039621043166,2.9461632061402234,1.037438060737978,5.401075909315562,0.23484904892823877,0.3817313384557277,0.0943669175764481,0.049169961211363855,0.5094634710335342,0.010940855010933725
2026-01-03 09:45:00+00:00,10.625216558494293,3.049818054119001,1.0873801565487653,5.916295000190091,0.24649614687367524,0.024820348062633002,0.10365484797877755,0.049942095810787235,0.5152190908745293,0.011647097945436474
2026-01-03 09:50:00+00:00,11.37667127107713,3.197108445502646,1.1552702150516505,6.436384230930078,0.26036001192967173,0.7514547125828379,0.14729039138364497,0.06789005850288521,0.5200892307399867,0.013863865055996488
2026-01-03 09:55:00+00:00,11.138618103333744,3.384339234283424,1.230242832317238,6.9605943492485265,0.27862413536940117,-0.23805316774338614,0.18723078878077803,0.07497261726558757,0.5242101183184484,0.01826412343972944
2026-01-03 10:00:00+00:00,11.396942814370474,3.6607363820437366,1.3350167223081746,7.488291372441061,0.3138168840189115,0.25832471103672994,0.27639714776031266,0.10477388999093651,0.5276970231925349,0.03519274864951033
2026-01-03 10:05:00+00:00,11.295538540633535,3.942709482442905,1.4265275577813854,8.018938853603975,0.3488978311056261,-0.10140427373693939,0.28197310039916834,0.09151083547321082,0.530647481162914,0.03508094708671461
2026-01-03 10:10:00+00:00,11.342252846008819,4.208485565746496,1.5066659062853467,8.552082876126441,0.3804076406571033,0.04671430537528387,0.26577608330359137,0.08013834850396129,0.5331440225224657,0.0315098095514772
2026-01-03 10:15:00+00:00,11.717632430163118,4.499426708724109,1.58817270074858,9.087339356722373,0.413618317134966,0.37537958415429884,0.290941142977613,0.08150679446323328,0.5352564805959314,0.03321067647786269
2026-01-03 10:20:00+00:00,12.132443822765858,4.650409057082798,1.6299558293492018,9.624383301842007,0.4261329311633599,0.4148113926027399,0.1509823483586885,0.04178312860062183,0.5370439451196347,0.012514614028393878
2026-01-03 10:25:00+00:00,12.231237513351376,4.823278525383309,1.6834289269018834,10.162939716943237,0.4429675369423489,0.09879369058551823,0.17286946830051075,0.05347309755268159,0.5385564151012296,0.016834605778989042
2026-01-03 10:30:00+00:00,12.291176605318245,4.984612176686314,1.7331184285238945,10.61864129895197,0.4560163518034261,0.05993909196686964,0.16133365130300525,0.049689501622011134,0.45570158200873223,0.013048814861077174
2026-01-03 10:35:00+00:00,12.51304629253224,5.049951105040101,1.7740689816111268,11.00423494526705,0.45549524520387796,0.22186968721399403,0.0653389283537873,0.04095055308723228,0.38559364631508153,-0.0005211065995481268
2026-01-03 10:40:00+00:00,13.19294247889393,5.054561344125686,1.8161255490167918,11.330506492149045,0.44979011967938154,0.6798961863616899,0.0046102390855846664,0.04205656740566499,0.3262715468819941,-0.005705125524496424
2026-01-03 10:45:00+00:00,13.482748667451059,5.07771900800714,1.8828016181726266,11.606582416433808,0.44610486740882965,0.2898061885571295,0.023157663881454127,0.0666760691558348,0.276075924284763,-0.0036852522705518864
2026-01-03 10:50:00+00:00,13.580111574844398,5.09132155658168,1.9427744441989288,11.840185121597836,0.4430297128974079,0.09736290739333953,0.01360254857454013,0.05997282602630216,0.23360270516402792,-0.0030751545114217627
2026-01-03 10:55:00+00:00,14.304857776774504,5.163869377844827,2.0391224954814278,12.037848949044323,0.44675087634057775,0.7247462019301061,0.07254782126314652,0.09634805128249901,0.1976638274464868,0.0037211634431698615
2026-01-03 11:00:00+00:00,15.484644229640088,5.334763068037302,2.175756704567405,12.205102956883657,0.4595298821402958,1.1797864528655833,0.17089369019247513,0.13663420908597734,0.1672540078393343,0.012779005799718024
2026-01-03 11:05:00+00:00,16.097883582469887,5.533829121751688,2.307696467522864,12.346625578901557,0.4773789325725077,0.6132393528297992,0.19906605371438602,0.13193976295545884,0.14152262201790045,0.01784905043221191
2026-01-03 11:10:00+00:00,16.124199654393014,5.507565372954009,2.3495732128048417,12.177913951378239,0.4752062934639375,0.02631607192312657,-0.02626374879767912,0.04187674528197771,-0.1687116275233187,-0.0021726391085701846
2026-01-03 11:15:00+00:00,16.646955720788068,5.71300031071772,2.4778013963406136,12.32361949732005,0.49227938519315695,0.5227560663950541,0.20543493776371147,0.12822818353577192,0.14570554594181218,0.017073091729219447
2026-01-03 11:20:00+00:00,17.22008141524414,5.974721767870717,2.6173081796408235,12.446908805424657,0.5184005628781928,0.5731256944560741,0.2617214571529969,0.13950678330020994,0.12328930810460648,0.026121177685035857
2026-01-03 11:25:00+00:00,16.93996507618765,6.26464910371513,2.7415268750769677,12.551230527667018,0.548298179564011,-0.2801163390564909,0.2899273358444132,0.12421869543614417,0.10432172224236069,0.02989761668581814
2026-01-03 11:30:00+00:00,16.6749992184465,6.552702359495739,2.854827277572339,12.639502754179784,0.5815748330827426,-0.26496585774114934,0.2880532557806088,0.11330040249537143,0.08827222651276578,0.03327665351873166
2026-01-03 11:35:00+00:00,16.486395779585937,6.914786376430792,2.9887407064770204,12.714194638152124,0.6294704448735192,-0.1886034388605644,0.36208401693505277,0.13391342890468128,0.07469188397234028,0.047895611790776615
2026-01-03 11:40:00+00:00,16.239128192120308,7.157366082409691,3.0927201521035674,12.777395463051796,0.666247464488845,-0.24726758746562894,0.24257970597889944,0.10397944562654704,0.06320082489967227,0.03677701961532576
2026-01-03 11:45:00+00:00,16.592454115668296,7.501972389795601,3.235811282358679,12.830873084120752,0.71349094925971,0.3533259235479882,0.34460630738591025,0.14309113025511166,0.05347762106895537,0.04724348477086504
2026-01-03 11:50:00+00:00,16.436254523804354,7.7507971299139875,3.3563086599517487,12.876123378871407,0.7406329012884174,-0.15619959186394183,0.24882474011838607,0.12049737759306955,0.04525029475065523,0.027141952028707395
2026-01-03 11:55:00+00:00,16.32082109204307,7.874845322242447,3.4620647623665373,12.914412089814267,0.7425414636128004,-0.11543343176128573,0.1240481923284591,0.10575610241478861,0.038288710942859794,0.0019085623243829675
2026-01-03 12:00:00+00:00,16.01619873634265,7.971008615148626,3.5586763219883824,12.946810229842841,0.7480429444581979,-0.3046223557004204,0.09616329290617909,0.09661155962184509,0.03239814002857422,0.005501480845397477
2026-01-03 12:05:00+00:00,15.579559163081877,8.02955363785424,3.6257155214132037,12.974224040636251,0.7519264746562602,-0.43663957326077174,0.05854502270561479,0.0670391994248214,0.02741381079341032,0.0038835301980623127
2026-01-03 12:10:00+00:00,15.625468626973028,8.178638028745588,3.717783803057574,12.997420342076827,0.7688156147836265,0.04590946389115125,0.14908439089134795,0.09206828164437031,0.02319630144057605,0.01688914012736631
2026-01-03 12:15:00+00:00,15.563058772559447,8.215901698534287,3.7912090905035836,13.017047981757317,0.7679413778425132,-0.06240985441358049,0.03726366978869855,0.07342528744600951,0.01962763968048975,-0.0008742369411133266
2026-01-03 12:20:00+00:00,15.357046433398885,8.330280402786217,3.892096148070845,13.033655984563882,0.7775203229964094,-0.20601233916056216,0.11437870425192997,0.10088705756726135,0.01660800280656538,0.009578945153896234
2026-01-03 12:25:00+00:00,15.871283321253772,8.528272155002073,4.024040408484086,13.047708910015592,0.7916704870707145,0.5142368878548869,0.19799175221585585,0.13194426041324103,0.014052925451709442,0.014150164074305138
2026-01-03 12:30:00+00:00,15.68425488339937,8.79435206019151,4.172566115141279,13.05959984693627,0.8155107888298122,-0.18702843785440137,0.2660799051894376,0.14852570665719345,0.011890936920678996,0.023840301759097682
2026-01-03 12:35:00+00:00,15.265144389632605,9.05038808711433,4.321663624221818,13.069661408946075,0.8380043536819779,-0.419110493766766,0.25603602692281946,0.14909750908053887,0.010061562009804348,0.022493564852165693
2026-01-03 12:40:00+00:00,15.149972193313754,9.305102078802044,4.479807049485923,13.078175038338987,0.8637137209599322,-0.11517219631885034,0.2547139916877139,0.15814342526410474,0.008513629392911781,0.025709367277954254
2026-01-03 12:45:00+00:00,15.088667912525281,9.466065860332336,4.6088038054511085,13.085378878594529,0.8750052947326225,-0.061304280788473164,0.16096378153029178,0.12899675596518545,0.007203840255542104,0.0112915737726903
2026-01-03 12:50:00+00:00,15.278969819768328,9.719009540165686,4.749666702789662,13.091474435733831,0.8982197141243033,0.19030190724304674,0.25294367983335064,0.14086289733855395,0.006095557139301988,0.023214419391680896
2026-01-03 12:55:00+00:00,14.88223408393608,9.99774320583502,4.87135921326318,13.096632214851702,0.9187832641019025,-0.3967357358322481,0.2787336656693338,0.12169251047351803,0.005157779117871186,0.020563549977599127
2026-01-03 13:00:00+00:00,15.035455544904048,10.25801346858102,4.985390544393199,13.100996489489901,0.9459112970032258,0.15322146096796807,0.2602702627459994,0.11403133113001829,0.004364274638199106,0.027128032901323373
2026-01-03 13:05:00+00:00,15.027563616712268,10.488692697427314,5.091075101251719,13.104689337260686,0.9671552883044332,-0.007891928191780195,0.2306792288462951,0.1056845568585203,0.003692847770784269,0.021243991301207354
2026-01-03 13:10:00+00:00,14.572830691746727,10.481756227263958,5.080365102439686,12.819352516143658,0.9685916295162562,-0.4547329249655405,-0.006936470163356745,-0.010709998812033383,-0.28533682111702774,0.0014363412118230112
2026-01-03 13:15:00+00:00,14.512557278603435,10.828903204213255,5.235175286112808,12.86637520596771,1.007813198168597,-0.06027341314329249,0.34714697694929697,0.15481018367312238,0.04702268982405222,0.03922156865234072
2026-01-03 13:20:00+00:00,14.566010953130482,10.931156489955,5.349083614650932,12.906163635818832,1.0212875966030979,0.05345367452704686,0.10225328574174597,0.11390832853812416,0.03978842985112152,0.013474398434500934
2026-01-03 13:25:00+00:00,14.670734945373642,10.91185796672405,5.449915656300546,12.939830768769781,1.016387926989051,0.10472399224316042,-0.019298523230951048,0.10083204164961401,0.03366713295094925,-0.004899669614046864
2026-01-03 13:30:00+00:00,14.839753811284869,10.95840925014468,5.540768147038315,12.9683183428052,1.0248379819280755,0.1690188659112266,0.046551283420630085,0.09085249073776858,0.02848757403541846,0.00845005493902451
2026-01-03 13:35:00+00:00,15.149357511417554,10.87892803017596,5.603289558690268,12.992423213142862,1.0213709775067483,0.30960370013268523,-0.07948121996872004,0.0625214116519528,0.02410487033766273,-0.003467004421327191
2026-01-03 13:40:00+00:00,15.440279269900579,10.694088154796392,5.642562574302077,13.012819641890115,0.9956810618086316,0.2909217584830248,-0.18483987537956814,0.03927301561180929,0.02039642874725267,-0.02568991569811674
2026-01-03 13:45:00+00:00,15.714300925663089,10.423092762336877,5.670774282973411,13.030078158522404,0.9548072857628443,0.27402165576251036,-0.27099539245951476,0.028211708671333824,0.017258516632288945,-0.040873776045787236
2026-01-03 13:50:00+00:00,15.776834130687872,10.19204375170022,5.704798213737768,13.044681518749725,0.925418015917296,0.0625332050247831,-0.2310490106366565,0.0340239307643575,0.014603360227321005,-0.02938926984554835
2026-01-03 13:55:00+00:00,15.470296270208397,10.125167252636604,5.779383923913585,13.057038208172845,0.9209213162442784,-0.30653786047947484,-0.06687649906361592,0.07458571017581672,0.01235668942311996,-0.004496699673017579
2026-01-03 14:00:00+00:00,15.454122904714799,9.917896035324523,5.819895582561934,13.067493868453944,0.896901493932259,-0.01617336549359827,-0.20727121731208165,0.040511658648348714,0.010455660281099455,-0.02401982231201938
2026-01-03 14:05:00+00:00,15.421957171159224,9.716273771491794,5.88293461462095,13.076340965614877,0.875486335296187,-0.032165733555574505,-0.20162226383272852,0.06303903205901662,0.008847097160932904,-0.021415158636072018
2026-01-03 14:10:00+00:00,15.60158692459786,9.508534896894096,5.946482865110307,13.083826970904896,0.8543795677224897,0.17962975343863619,-0.20773887459769824,0.0635482504893572,0.007486005290019193,-0.021106767573697338
2026-01-03 14:15:00+00:00,15.429593134181058,9.41826342789108,6.0366382585172484,13.090161283073373,0.8475052330407135,-0.17199379041680274,-0.09027146900301553,0.09015539340694101,0.006334312168476686,-0.0068743346817762285
2026-01-03 14:20:00+00:00,15.237626098990381,9.382986945350144,6.132224326977211,13.09552108567747,0.8473623566571287,-0.19196703519067704,-0.03527648254093663,0.09558606845996298,0.005359802604097297,-0.00014287638358478905
2026-01-03 14:25:00+00:00,15.412636798476772,9.329963325933619,6.231205307824952,13.100056303265552,0.8450129653934354,0.17501069948639092,-0.05302361941652478,0.09898098084774087,0.004535217588081508,-0.002349391263693268
2026-01-03 14:30:00+00:00,15.796219854183636,9.299274331159474,6.330417947310236,13.103893795070853,0.8477472767499263,0.3835830557068647,-0.03068899477414533,0.09921263948528392,0.003837491805301241,0.002734311356490937
2026-01-03 14:35:00+00:00,16.103609769462473,9.317115435480197,6.437491019772637,13.10714090352149,0.8574208036672825,0.3073899152788364,0.01784110432072339,0.10707307246240116,0.0032471084506369152,0.009673526917356123
2026-01-03 14:40:00+00:00,15.80585782759018,9.41693326039456,6.573514050699914,13.109888456825876,0.8758425287905895,-0.29775194187229204,0.09981782491436242,0.13602303092727652,0.002747553304386585,0.018421725123307087
2026-01-03 14:45:00+00:00,15.770368141908317,9.568778232731827,6.735154462284173,13.112213309621895,0.9064421734658884,-0.03548968568186339,0.15184497233726724,0.16164041158425935,0.0023248527960184617,0.030599644675298854
2026-01-03 14:50:00+00:00,15.959672355469987,9.787703178038388,6.89070863981924,13.114180492756988,0.943267293028716,0.1893042135616696,0.21892494530656137,0.15555417753506706,0.0019671831350933644,0.036825119562827635
2026-01-03 14:55:00+00:00,15.743063337010488,9.93766098290862,7.020275431520059,13.115845032332837,0.9691160480084314,-0.21660901845949887,0.14995780487023147,0.1295667917008183,0.001664539575848778,0.025848754979715394
2026-01-03 15:00:00+00:00,15.814555977990214,10.020636460198025,7.13066854524544,13.117253488897017,0.9777258147279942,0.07149264097972541,0.08297547728940557,0.1103931137253813,0.0014084565641798719,0.008609766719562817
2026-01-03 15:05:00+00:00,15.864338884835739,10.026133905134886,7.231096350689478,13.118445259835937,0.9759164511867402,0.04978290684552533,0.005497444936860774,0.1004278054440384,0.0011917709389202003,-0.0018093635412540499
2026-01-03 15:10:00+00:00,15.178205499079963,9.517514208932715,6.972919579953078,12.542530604476562,0.9222550245558728,-0.6861333857557756,-0.508619696202171,-0.25817677073640066,-0.5759146553593748,-0.05366142663086737
2026-01-03 15:15:00+00:00,15.156819103569365,9.580610038845915,7.106719089776739,12.63214128071094,0.9176278667552399,-0.021386395510598177,0.06309582991320006,0.1337995098236613,0.08961067623437735,-0.004627157800632942
2026-01-03 15:20:00+00:00,14.891901096397776,9.636478411933027,7.233165133791354,12.707965699063102,0.9111197038312893,-0.2649180071715893,0.05586837308711168,0.12644604401461468,0.07582441835216258,-0.006508162923950622
2026-01-03 15:25:00+00:00,14.855941702074482,9.772108708928831,7.379475636884907,12.772124822284164,0.9150971339925222,-0.03595939432329409,0.13563029699580476,0.1463105030935532,0.06415912322106188,0.0039774301612329754
2026-01-03 15:30:00+00:00,14.848563694427622,10.026769476066578,7.551557718073952,12.826413311163524,0.9377182313223168,-0.007378007646860141,0.25466076713774655,0.17208208118904533,0.054288488879359775,0.02262109732979456
2026-01-03 15:35:00+00:00,15.087102435405876,10.247608152687663,7.722549547792324,12.872349724830674,0.9566230537881548,0.2385387409782549,0.22083867662108503,0.17099182971837212,0.04593641366714962,0.018904822465838023
2026-01-03 15:40:00+00:00,15.022196335037162,10.540362059701932,7.928548787891026,12.911218997933645,0.9935244912940056,-0.0649061003687148,0.2927539070142693,0.20599924009870207,0.03886927310297139,0.03690143750585073
2026-01-03 15:45:00+00:00,14.695869708744304,10.83617741242782,8.13316979910719,12.944108382866933,1.0356653647751322,-0.32632662629285747,0.2958153527258869,0.2046210112161635,0.03288938493328786,0.042140873481126606
2026-01-03 15:50:00+00:00,14.412982587629386,11.017869092472436,8.300197553771621,12.971937862425865,1.0675323671888717,-0.28288712111491776,0.1816916800446169,0.16702775466443143,0.02782947955893178,0.03186700241373952
2026-01-03 15:55:00+00:00,14.101502573587656,11.160091802931566,8.446749565456056,12.995485883591117,1.101009952107243,-0.31148001404173087,0.14222271045913004,0.14655201168443455,0.023548021165252564,0.03347758491837127
2026-01-03 16:00:00+00:00,14.231602713339157,11.30004603150208,8.610619650646289,13.015411132269406,1.1452632142719519,0.1301001397515016,0.1399542285705131,0.16387008519023283,0.019925248678289265,0.04425326216470893
2026-01-03 16:05:00+00:00,14.267918457859967,11.412658615094198,8.776735423839616,13.032270958074115,1.1825473017062378,0.036315744520809545,0.11261258359211901,0.1661157731933276,0.01685982580470835,0.037284087434285906
2026-01-03 16:10:00+00:00,13.88345980449467,11.493195752276526,8.936981159023077,13.04653696452425,1.2095399914205789,-0.3844586533652965,0.08053713718232736,0.16024573518346052,0.014266006450135649,0.0269926897143411
2026-01-03 16:15:00+00:00,13.944054703304872,11.385895642394026,9.055355251963208,13.058608200751287,1.2108451856621658,0.060594898810201414,-0.10730010988249994,0.11837409294013135,0.012071236227036763,0.0013051942415869267
2026-01-03 16:20:00+00:00,14.00299930345959,11.389748133045098,9.177959584313564,13.068822323712629,1.2137117223919422,0.05894460015471914,0.0038524906510719603,0.12260433235035606,0.010214122961341943,0.0028665367297764366
2026-01-03 16:25:00+00:00,13.554670939868842,11.212842993282505,9.26175910742925,13.077465043141455,1.195866202522582,-0.4483283635907487,-0.17690513976259226,0.08379952311568495,0.008642719428825885,-0.017845519869360338
2026-01-03 16:30:00+00:00,13.69481677453392,11.12490606983334,9.366711084155625,13.084778113427387,1.1875567325662437,0.1401458346650788,-0.08793692344916515,0.10495197672637602,0.007313070285931644,-0.008309469956338189
2026-01-03 16:35:00+00:00,13.692604749787268,11.119988727275912,9.472237743649346,13.090966095977018,1.1817071456010337,-0.0022120247466528298,-0.0049173425574284835,0.1055266594937212,0.006187982549631599,-0.005849586965209985
2026-01-03 16:40:00+00:00,13.557130407283429,11.099021939259403,9.558511320851776,13.096202081211324,1.167256928050096,-0.13547434250383894,-0.02096678801650853,0.08627357720243012,0.0052359852343055735,-0.014450217550937783
2026-01-03 16:45:00+00:00,13.616713039641384,11.021613495441164,9.626661028470725,13.100632530255735,1.1551281348020286,0.059582632357955134,-0.07740844381823919,0.06814970761894834,0.0044304490444115885,-0.012128793248067371
2026-01-03 16:50:00+00:00,14.0504035242127,11.002871160962506,9.715187063386745,13.104381371754853,1.1554707211670345,0.433690484571315,-0.018742334478657696,0.08852603491602018,0.0037488414991173613,0.00034258636500594797
2026-01-03 16:55:00+00:00,14.33273282091122,11.036237914704074,9.823380122417753,13.107553468407952,1.162577790543951,0.2823292966985207,0.033366753741567834,0.10819305903100762,0.0031720966530990324,0.007107069376916408
2026-01-03 17:00:00+00:00,14.664788261547981,11.078722177229166,9.945655847597616,13.110237550191345,1.1823344875701536,0.3320554406367613,0.04248426252509141,0.12227572517986296,0.0026840817833928554,0.01975669702620264
2026-01-03 17:05:00+00:00,14.711242457198933,11.123881077009859,10.062871608505896,13.112508696315754,1.2006396439864286,0.0464541956509521,0.04515889978069332,0.11721576090828023,0.0022711461244089293,0.01830515641627506
2026-01-03 17:10:00+00:00,14.162840355855378,10.665584066429894,9.705360998934346,12.537507358421022,1.1588244869382087,-0.5484021013435552,-0.4582970105799653,-0.3575106095715501,-0.5750013378947312,-0.04181515704821992
2026-01-03 17:15:00+00:00,14.478926908551617,10.615845800387628,9.856716572570017,12.627890841740866,1.1595749972735159,0.3160865526962393,-0.04973826604226517,0.1513555736356711,0.0903834833198438,0.0007505103353071529
2026-01-03 17:20:00+00:00,14.489213083400847,10.56434052275417,9.995630439388744,12.704369173780734,1.1623171122976277,0.010286174849229113,-0.051505277633458135,0.13891386681872753,0.07647833203986742,0.002742115024111813
2026-01-03 17:25:00+00:00,14.433229357446915,10.456932013011654,10.113972275226478,12.769081608583695,1.1638408814940395,-0.055983725953931085,-0.10740850974251615,0.11834183583773417,0.06471243480296174,0.0015237691964118394
2026-01-03 17:30:00+00:00,14.509419516764728,10.390761272820724,10.22792616517135,12.823838284186206,1.1692846475856151,0.0761901593178127,-0.06617074019093039,0.11395388994487199,0.054756675602510185,0.005443766091575597
2026-01-03 17:35:00+00:00,14.850559187659352,10.34198636914505,10.356159376546405,12.870170855849867,1.1815669948738545,0.3411396708946235,-0.04877490367567283,0.12823321137505417,0.04633257166366178,0.012282347288239404
2026-01-03 17:40:00+00:00,14.821633435474292,10.320959996458422,10.466677093136944,12.909375339565274,1.1935956960657237,-0.028925752185060105,-0.021026372686629102,0.11051771659053955,0.03920448371540708,0.012028701191869162
2026-01-03 17:45:00+00:00,14.688635467713944,10.318550319842371,10.584966805501338,12.94254836424754,1.2135846553796272,-0.1329979677603479,-0.0024096766160504046,0.118289712364394,0.033173024682264796,0.019988959313903543
2026-01-03 17:50:00+00:00,14.438398390977408,10.346798819345391,10.692308720029128,12.970617846670994,1.2314548499593032,-0.2502370767365356,0.028248499503019886,0.1073419145277903,0.028069482423454417,0.01787019457967598
2026-01-03 17:55:00+00:00,14.695447767011956,10.461804167832575,10.827944809713882,12.99436894718315,1.256335860655041,0.2570493760345478,0.11500534848718402,0.1356360896847537,0.023751100512155787,0.024881010695737782
2026-01-03 18:00:00+00:00,14.724691849946048,10.596296530942068,10.943273433223215,13.014466032231896,1.2743691156998196,0.029244082934091864,0.13449236310949253,0.11532862350933293,0.02009708504874652,0.018033255044778596
2026-01-03 18:05:00+00:00,14.439089732364753,10.642229042427932,11.061232358425244,13.031471258042373,1.2804963761394377,-0.28560211758129483,0.04593251148586397,0.11795892520202855,0.017005225810477143,0.006127260439618087
2026-01-03 18:10:00+00:00,14.54449691353972,10.696671243405067,11.199440006797948,13.045860295266625,1.2912332906943298,0.10540718117496795,0.05444220097713526,0.13820764837270438,0.014389037224251666,0.010736914554892119
2026-01-03 18:15:00+00:00,14.543445147745746,10.763348460911178,11.32074155646329,13.058035634456374,1.295303571830714,-0.0010517657939743685,0.06667721750611122,0.12130154966534157,0.012175339189749224,0.004070281136384191
2026-01-03 18:20:00+00:00,14.496724982059854,10.851880792158429,11.446916225252235,13.06833784454001,1.302878676491696,-0.04672016568589221,0.0885323312472508,0.1261746687889449,0.010302210083635188,0.0075751046609819905
2026-01-03 18:25:00+00:00,14.505779331940058,10.953090860374326,11.576724655133226,13.077055099226161,1.3171377453056652,0.009054349880203816,0.10121006821589695,0.12980842988099184,0.008717254686152032,0.014259068813969211
2026-01-03 18:30:00+00:00,14.418346723603191,11.06332912264368,11.728939802436889,13.084431237806752,1.341118085547032,-0.08743260833686683,0.11023826226935363,0.1522151473036626,0.007376138580591274,0.02398034024136675
2026-01-03 18:35:00+00:00,14.403767916733091,11.183063386240242,11.884565524851354,13.090672585836483,1.3658972854399372,-0.014578806870099825,0.11973426359656258,0.15562572241446482,0.006241348029730531,0.024779199892905224
2026-01-03 18:40:00+00:00,14.638596530960175,11.287125894858,12.040913495930457,13.095953726477024,1.396573260663606,0.23482861422708368,0.10406250861775845,0.1563479710791036,0.005281140640541082,0.03067597522366894
2026-01-03 18:45:00+00:00,14.791672055356635,11.511061509992174,12.206486578340403,13.100422383942098,1.441743119117587,0.15307552439645988,0.22393561513417382,0.16557308240994573,0.004468657465073633,0.045169858453980805
2026-01-03 18:50:00+00:00,15.091548979564653,11.582423891892443,12.308518000250388,13.104203555643313,1.452758153626911,0.2998769242080179,0.07136238190026845,0.10203142190998449,0.003781171701215058,0.011015034509324062
2026-01-03 18:55:00+00:00,14.908061699727448,11.563553805526341,12.387388318385833,13.107403008621265,1.4512066896385847,-0.18348727983720536,-0.018870086366101546,0.07887031813544532,0.0031994529779524328,-0.0015514639883262848
2026-01-03 19:00:00+00:00,14.868836463027007,11.588674725147106,12.467893174209419,13.110110238064149,1.456966467894718,-0.03922523670044065,0.02512091962076468,0.08050485582358569,0.0027072294428833743,0.0057597782561333855
2026-01-03 19:05:00+00:00,15.263569802515274,11.551753711523244,12.564117911844392,13.112400970669663,1.459670182958257,0.3947333394882673,-0.036921013623862464,0.09622473763497297,0.0022907326055143784,0.0027037150635389473
2026-01-03 19:10:00+00:00,15.078337932575987,11.306743436860648,12.404600295695056,12.825877744412793,1.4385965748431675,-0.18523186993928675,-0.2450102746625955,-0.15951761614933524,-0.28652322625687,-0.021073608115089515
2026-01-03 19:15:00+00:00,15.275854767821363,11.301130000831364,12.57966948025368,12.87189655296467,1.4547057269778154,0.19751683524537533,-0.005613436029284102,0.1750691845586232,0.046018808551876234,0.01610915213464792
2026-01-03 19:20:00+00:00,15.150206345056919,11.418829236787621,12.754085931072034,12.91083554481626,1.4853871567278214,-0.12564842276444388,0.1176992359562572,0.1744164508183541,0.038938991851591,0.030681429750005984
2026-01-03 19:25:00+00:00,14.944871707939425,11.546043446213433,12.89651049924069,12.943783922536834,1.5086477828193052,-0.20533463711749356,0.12721420942581219,0.14242456816865712,0.03294837772057413,0.023260626091483827
2026-01-03 19:30:00+00:00,15.030619911324033,11.656516930165283,13.022741163327602,12.971663319069629,1.5311204045621218,0.08574820338460754,0.11047348395184997,0.1262306640869113,0.027879396532794587,0.022472621742816612
2026-01-03 19:35:00+00:00,14.796445697636422,11.80538069256751,13.119059745479937,12.995253577674301,1.5533412704729312,-0.23417421368761104,0.1488637624022271,0.09631858215233535,0.023590258604672343,0.022220865910809406
2026-01-03 19:40:00+00:00,14.237999453361068,11.98137137485845,13.189510151844917,13.015214565724408,1.5806450187327807,-0.5584462442753537,0.17599068229093895,0.07045040636498001,0.01996098805010682,0.027303748259849492
2026-01-03 19:45:00+00:00,14.092205548510464,12.170512567976866,13.260495512266525,13.032104632536038,1.5910844444609111,-0.1457939048506045,0.1891411931184166,0.07098536042160752,0.016890066811630078,0.010439425728130391
2026-01-03 19:50:00+00:00,14.157718078654877,12.426537868080095,13.321208781496669,13.046396227530494,1.607046476749635,0.06551253014441372,0.25602530010322866,0.06071326923014375,0.014291594994455536,0.01596203228872395
2026-01-03 19:55:00+00:00,14.243370000209543,12.590590311358316,13.389735632512954,13.058489115602725,1.614083455604018,0.08565192155466583,0.1640524432782211,0.0685268510162853,0.012092888072231744,0.007036978854382925
2026-01-03 20:00:00+00:00,14.099739154848496,12.745737365981634,13.47101872902745,13.068721559356153,1.6186680246189753,-0.14363084536104687,0.15514705462331868,0.08128309651449683,0.010232443753427134,0.004584569014957296
2026-01-03 20:05:00+00:00,14.538907138279766,12.718779467558992,13.520589741557156,13.077379780993667,1.5995188128472198,0.43916798343127006,-0.0269578984226424,0.04957101252970553,0.008658221637514174,-0.019149211771755548
2026-01-03 20:10:00+00:00,14.619202955259658,12.735819072421908,13.583463048597201,13.084705968533104,1.5839479557042948,0.0802958169798913,0.01703960486291578,0.06287330704004468,0.007326187539437257,-0.015570857142924943
2026-01-03 20:15:00+00:00,14.662758157787952,12.684032031230275,13.62688674941137,13.090905050297243,1.5624618573578442,0.043555202528294146,-0.051787041191632355,0.04342370081416824,0.0061990817641390805,-0.021486098346450655
2026-01-03 20:20:00+00:00,14.684305199505236,12.607811167711773,13.664400508263896,13.09615042717459,1.537316618137231,0.021547041717283832,-0.07622086351850221,0.03751375885252628,0.005245376877347496,-0.02514523922061307
2026-01-03 20:25:00+00:00,14.511269457074652,12.445248494461204,13.682208615518237,13.100588822993883,1.498698977794073,-0.17303574243058328,-0.1625626732505694,0.01780810725434101,0.004438395819292396,-0.03861764034315818
2026-01-03 20:30:00+00:00,14.603477152250544,12.328055523212518,13.685205324647711,13.104344388687132,1.465954141589921,0.09220769517589211,-0.1171929712486861,0.002996709129474695,0.0037555656932486414,-0.032744836204151806
2026-01-03 20:35:00+00:00,14.664220887353679,12.270252646178431,13.66883352106885,13.107522175042957,1.442889905544108,0.060743735103134355,-0.05780287703408682,-0.016371803578861588,0.0031777863558257735,-0.02306423604581309
2026-01-03 20:40:00+00:00,14.738511420240824,12.167866932535158,13.660446291313011,13.110211071190195,1.4142818725411876,0.07429053288714549,-0.10238571364327242,-0.008387229755838277,0.0026888961472373296,-0.028608033002920363
2026-01-03 20:45:00+00:00,14.753178904455815,11.999965707223167,13.665920823333101,13.112486291007087,1.3781216076046017,0.014667484214990978,-0.1679012253119918,0.00547453202008974,0.002275219816892715,-0.03616026493658597
2026-01-03 20:50:00+00:00,15.168202428156999,11.843925050129169,13.67688945258595,13.114411477005998,1.3436209083577766,0.41502352370118345,-0.15604065709399784,0.010968629252849027,0.0019251859989104503,-0.034500699246825084
2026-01-03 20:55:00+00:00,15.043626717522697,11.766427737284566,13.672712920479567,13.116040480543537,1.3138945831574451,-0.12457571063430173,-0.07749731284460282,-0.004176532106383135,0.0016290035375394751,-0.02972632520033147
2026-01-03 21:00:00+00:00,15.435842824440964,11.659116388925018,13.6554687005574,13.117418868152225,1.2835527033702772,0.39221610691826747,-0.10731134835954848,-0.017244219922167403,0.0013783876086872482,-0.030341879787167958
2026-01-03 21:05:00+00:00,15.443891964917121,11.601652785461269,13.657937333178236,13.118585196128807,1.2630746681139322,0.00804914047615668,-0.05746360346374857,0.0024686326208360754,0.0011663279765823376,-0.02047803525634495
2026-01-03 21:10:00+00:00,15.22858342997192,11.316158276098207,13.383525023142862,12.831110550570527,1.2223054487459486,-0.2153085349452013,-0.28549450936306187,-0.27441231003537325,-0.2874746455582802,-0.04076921936798361
2026-01-03 21:15:00+00:00,15.342424001998161,11.279546742589561,13.47460436093922,12.876324312021216,1.2033510747660467,0.1138405720262412,-0.03661153350864588,0.0910793377963568,0.04521376145068956,-0.01895437397990185
2026-01-03 21:20:00+00:00,15.401120459854683,11.177317386308166,13.593210516026113,12.914582110171798,1.180330605051723,0.05869645785652189,-0.10222935628139496,0.1186061550868942,0.038257798150581834,-0.0230204697143237
2026-01-03 21:25:00+00:00,15.384562665407381,10.93904813616968,13.705159444171583,12.94695409322229,1.1436196891966803,-0.016557794447301433,-0.23826925013848665,0.11194892814546975,0.03237198305049205,-0.036710915855042714
2026-01-03 21:30:00+00:00,15.496617894639916,10.790003643995126,13.81651003914274,12.974345771188094,1.1212109571513358,0.11205522923253497,-0.1490444921745535,0.11135059497115662,0.027391677965804107,-0.022408732045344548
2026-01-03 21:35:00+00:00,15.57211339904258,10.670762200811298,13.922035643279495,12.997523344851462,1.1028501724086,0.07549550440266373,-0.11924144318382801,0.10552560413675494,0.023177573663367923,-0.018360784742735836
2026-01-03 21:40:00+00:00,15.733020439757597,10.647902355236985,14.011622701344875,13.017135137951238,1.1097889355378872,0.16090704071501705,-0.022859845574313198,0.08958705806537992,0.019611793099775454,0.0069387631292872065
2026-01-03 21:45:00+00:00,16.05297238946078,10.662653316198318,14.097460380197107,13.033729732112587,1.1254565299584458,0.3199519497031833,0.014750960961332993,0.08583767885223281,0.016594594161349008,0.01566759442055865
2026-01-03 21:50:00+00:00,15.950742076876555,10.710220134774215,14.194627075765453,13.04777131178757,1.1522918148903496,-0.10223031258422566,0.04756681857589662,0.09716669556834567,0.014041579674984206,0.02683528493190379
2026-01-03 21:55:00+00:00,16.141870734442527,10.800460205280658,14.300792356961566,13.059652648435637,1.190467010079841,0.1911286575659723,0.090240070506443,0.10616528119611246,0.011881336648066565,0.03817519518949131
2026-01-03 22:00:00+00:00,16.022738004129568,10.90817520851915,14.405921539101387,13.069706087137849,1.2334048413924394,-0.11913273031295901,0.10771500323849281,0.10512918213982125,0.010053438702211537,0.04293783131259854
2026-01-03 22:05:00+00:00,15.923640687692918,11.157167561243025,14.526937833257435,13.078212842962795,1.284597598185298,-0.09909731643664976,0.24899235272387443,0.12101629415604798,0.00850675582494631,0.05119275679285851
2026-01-03 22:10:00+00:00,16.248246840650882,11.493517248461442,14.6428546436327,13.085410867122363,1.3509950238700852,0.3246061529579638,0.3363496872184175,0.11591681037526591,0.007198024159567495,0.06639742568478724
2026-01-03 22:15:00+00:00,16.207056171100398,11.920689893040867,14.751756825049238,13.091501502949692,1.4228686645921858,-0.04119066955048467,0.42717264457942505,0.1089021814165374,0.0060906358273289385,0.07187364072210056
2026-01-03 22:20:00+00:00,16.38517010307256,12.34146018218867,14.871120856580863,13.096655117880507,1.4920279366392992,0.1781139319721632,0.4207702891478018,0.11936403153162445,0.005153614930815564,0.06915927204711347
2026-01-03 22:25:00+00:00,16.735117390452096,12.649519655994908,14.965542648634575,13.101015868975816,1.5359600720493032,0.3499472873795355,0.30805947380623877,0.09442179205371204,0.004360751095308757,0.04393213541000396
2026-01-03 22:30:00+00:00,16.520075573819092,12.978678190759759,15.070707088350428,13.104705735287228,1.5769052243074106,-0.21504181663300415,0.3291585347648507,0.10516443971585332,0.0036898663114115493,0.040945152258107465
2026-01-03 22:35:00+00:00,16.686807272612707,13.103516197142497,15.148749728430225,13.107827929858423,1.58716826314481,0.16673169879361538,0.12483800638273834,0.07804264007979711,0.003122194571195891,0.01026303883739943
2026-01-03 22:40:00+00:00,16.650399240945838,13.299426765086585,15.215405384934346,13.110469786803282,1.6063529791276951,-0.03640803166686979,0.1959105679440878,0.0666556565041212,0.0026418569448587448,0.01918471598288507
2026-01-03 22:45:00+00:00,16.688610958141027,13.384165466885115,15.249996476611773,13.11270520421816,1.6210139411360729,0.03821171719518901,0.08473870179853016,0.034591091677427244,0.0022354174148784267,0.014660962008377743
2026-01-03 22:50:00+00:00,17.18982746557309,13.467813138901395,15.289339348752712,13.114596711261521,1.6380457655839908,0.501216507432062,0.08364767201627998,0.03934287214093857,0.0018915070433607184,0.017031824447917954
2026-01-03 22:55:00+00:00,17.17213448973166,13.601370794656157,15.347433667049865,13.116197217221286,1.6542045754018941,-0.017692975841427483,0.1335576557547622,0.058094318297152725,0.0016005059597645754,0.016158809817903297
2026-01-03 23:00:00+00:00,16.96949169414951,13.554981688982497,15.386845611959812,13.117551491494936,1.6495735357015022,-0.20264279558215037,-0.046389105673659614,0.03941194490994704,0.0013542742736500912,-0.004631039700391915
2026-01-03 23:05:00+00:00,17.577172124581484,13.563245511407796,15.42081871412055,13.118697415880328,1.6518410152432559,0.607680430431973,0.008263822425298883,0.03397310216073812,0.001145924385392405,0.0022674795417536586
2026-01-03 23:10:00+00:00,16.644900910327305,13.001950915475373,14.7647151525715,12.542743967283355,1.587924233815777,-0.9322712142541789,-0.5612945959324236,-0.6561035615490507,-0.5759534485969731,-0.06391678142747881
2026-01-03 23:15:00+00:00,16.669847725817544,13.16376867040103,14.898046813049183,12.632321818470531,1.5941332299916697,0.024946815490238805,0.1618177549256572,0.1333316604776833,0.0895778511871761,0.006208996175892656
2026-01-03 23:20:00+00:00,16.52944430948701,13.136012435082806,15.0010896790277,12.708118461782757,1.5732887372968765,-0.14040341633053544,-0.027756235318223688,0.10304286597851764,0.07579664331222524,-0.02084449269479327
2026-01-03 23:25:00+00:00,16.146068982563804,13.128569883898415,15.095475294740067,12.772254083046949,1.5562287105122599,-0.3833753269232041,-0.0074425511843916325,0.09438561571236725,0.06413562126419237,-0.0170600267846166
2026-01-03 23:30:00+00:00,15.70442942516918,13.165860162688551,15.204703528115738,12.82652268565511,1.550036552274107,-0.441639557394625,0.037290278790136355,0.10922823337567067,0.05426860260816113,-0.0061921582381527784
2026-01-03 23:35:00+00:00,15.986338058908721,13.152273428705506,15.295010707517733,12.8724422724774,1.535429616602906,0.2819086337395422,-0.013586733983045107,0.09030717940199473,0.045919586822289915,-0.014606935671201082
2026-01-03 23:40:00+00:00,15.652801779545221,13.104424469100636,15.380590006224924,12.911297307480877,1.5097009031149033,-0.33353627936349994,-0.047848959604870345,0.0855792987071915,0.03885503500347731,-0.025728713488002652
2026-01-03 23:45:00+00:00,15.278236398310478,12.98962492071884,15.46186258515485,12.94417464479151,1.4764402058304997,-0.3745653812347438,-0.11479954838179474,0.08127257892992645,0.032877337310631916,-0.03326069728440362
2026-01-03 23:50:00+00:00,15.022591972447382,12.82847360489578,15.530549977237857,12.971993930208201,1.4491315230786521,-0.2556444258630961,-0.16115131582306041,0.06868739208300667,0.027819285416692097,-0.027308682751847613
2026-01-03 23:55:00+00:00,15.106380856711997,12.70520322582938,15.599139411854976,12.995533325560785,1.4325528594721924,0.0837888842646155,-0.12327037906640115,0.06858943461711853,0.02353939535258398,-0.016578663606459765
2026-01-04 00:00:00+00:00,15.16054320727643,12.614993123704219,15.658709183655946,13.015451275474511,1.4116050109607587,0.054162350564432415,-0.09021010212516067,0.05956977180096956,0.019917949913725863,-0.02094784851143361
2026-01-04 00:05:00+00:00,15.149201405227982,12.463129581784136,15.723062571366922,13.03230492540151,1.3797032787922898,-0.011341802048447036,-0.15186354192008267,0.06435338771097676,0.01685364992699867,-0.03190173216846892
2026-01-04 00:10:00+00:00,14.91706509241853,12.375838892024335,15.784366127014438,13.04656570610897,1.360763215726845,-0.2321363128094518,-0.0872906897598007,0.061303555647516106,0.01426078070745973,-0.018940063065444823
2026-01-04 00:15:00+00:00,14.6058891933367,12.291402436270815,15.824366060947144,13.058632520553743,1.3398900734049497,-0.31117589908182985,-0.08443645575352043,0.03999993393270529,0.012066814444773755,-0.0208731423218953
2026-01-04 00:20:00+00:00,14.933685318059966,12.162562607180309,15.842699220065297,13.068842902007015,1.3176754711387249,0.3277961247232657,-0.12883982909050573,0.018333159118153475,0.010210381453271467,-0.022214602266224848
2026-01-04 00:25:00+00:00,14.911488868174885,11.983001993499267,15.840090921612758,13.077482455544397,1.3036383318613212,-0.022196449885081293,-0.17956061368104237,-0.0026082984525395148,0.008639553537381772,-0.014037139277403687
2026-01-04 00:30:00+00:00,14.889375283209018,11.790298235575591,15.847148348949508,13.084792846999104,1.2891687516777288,-0.022113584965866906,-0.19270375792367567,0.007057427336750521,0.0073103914547072435,-0.014469580183592345
2026-01-04 00:35:00+00:00,15.27103334642482,11.649226480720388,15.880526769548604,13.090978562845397,1.2797744311624877,0.3816580632158022,-0.1410717548552025,0.033378420599095904,0.006185715846292794,-0.009394320515241139
2026-01-04 00:40:00+00:00,15.04571283276166,11.52363415864641,15.912427923284469,13.096212630099952,1.2766168321828861,-0.22532051366315997,-0.1255923220739792,0.03190115373586444,0.005234067254555441,-0.0031575989796015502
2026-01-04 00:45:00+00:00,15.334777298358688,11.426714402664125,15.950673008369499,13.100641456238423,1.2782684348205824,0.28906446559702736,-0.09691975598228453,0.03824508508503044,0.004428826138470399,0.001651602637696259
2026-01-04 00:50:00+00:00,15.544735078303596,11.400391161532585,15.98839677355741,13.104388924509434,1.2690326868105783,0.20995777994490794,-0.026323241131539277,0.037723765187910985,0.003747468271011911,-0.009235748010004041
2026-01-04 00:55:00+00:00,15.287752701474915,11.391352684872766,16.02347729291845,13.10755985920029,1.2668758610822888,-0.25698237682868097,-0.009038476659819494,0.035080519361040174,0.003170934690855276,-0.0021568257282895686
2026-01-04 01:00:00+00:00,15.214551686639052,11.447803277010724,16.100674825344512,13.11024295778486,1.2695658127409353,-0.07320101483586328,0.05645059213795811,0.07719753242606231,0.002683098584570942,0.0026899516586464944
2026-01-04 01:05:00+00:00,15.339105394881189,11.537517783454248,16.16717959271019,13.112513271971807,1.280320569501995,0.12455370824213752,0.0897145064435243,0.06650476736567867,0.0022703141869460097,0.010754756761059747
2026-01-04 01:10:00+00:00,15.352496742355719,11.320084484521109,15.854771714459826,12.825972768591528,1.2579685739017352,0.013391347474529525,-0.21743329893313934,-0.3124078782503652,-0.28654050338027837,-0.0223519956002598
2026-01-04 01:15:00+00:00,16.049867890914566,11.437454986091874,15.954393719712334,12.871976958038985,1.2854253434785223,0.6973711485588474,0.11737050157076467,0.09962200525250786,0.04600418944745677,0.02745676957678711
2026-01-04 01:20:00+00:00,16.899334143207472,11.57329600312128,16.05455935345931,12.910903579879141,1.3228941356412713,0.8494662522929062,0.13584101702940643,0.10016563374697718,0.03892662184015627,0.03746879216274901
2026-01-04 01:25:00+00:00,17.251678851544487,11.659115203716542,16.145033895880736,12.943841490666967,1.348588136105935,0.35234470833701437,0.08581920059526205,0.0904745424214255,0.03293791078782604,0.025694000464663747
2026-01-04 01:30:00+00:00,17.363321660894016,11.675944748998443,16.23967382943674,12.971712030564357,1.3616806690932008,0.11164280934952941,0.01682954528190095,0.09463993355600309,0.02787053989738908,0.01309253298726576
2026-01-04 01:35:00+00:00,18.115867293275233,11.76754358405258,16.327899028584238,12.995294795092915,1.3878528915586947,0.7525456323812172,0.09159883505413724,0.08822519914749805,0.023582764528558897,0.02617222246549389
2026-01-04 01:40:00+00:00,18.78755663072154,11.827660571069915,16.40136745527517,13.015249442001696,1.4237184233359674,0.6716893374463062,0.06011698701733437,0.07346842669093334,0.019954646908781015,0.0358655317772727
2026-01-04 01:45:00+00:00,19.393423351345056,11.96077583405666,16.46635252460044,13.032134143232206,1.471878103421176,0.6058667206235171,0.13311526298674536,0.06498506932526738,0.016884701230509336,0.048159680085208656
2026-01-04 01:50:00+00:00,19.85539642627523,11.991796198089759,16.533101637370905,13.046421198119559,1.5008287807717051,0.4619730749301745,0.031020364033098602,0.06674911277046647,0.014287054887352824,0.02895067735052903
2026-01-04 01:55:00+00:00,20.255444487763384,12.151661074575255,16.612260368480808,13.058510244562703,1.5492212786973514,0.4000480614881532,0.1598648764854964,0.0791587311099029,0.012089046443144014,0.04839249792564626
2026-01-04 02:00:00+00:00,20.57311630899718,12.356734744624204,16.701808660419417,13.068739437706903,1.6039053865655495,0.31767182123379456,0.2050736700489484,0.08954829193860903,0.01022919314420001,0.054684107868198106
2026-01-04 02:05:00+00:00,20.839681576555705,12.601119170351453,16.807003784872897,13.077394908828918,1.6436418229408127,0.2665652675585264,0.24438442572724917,0.10519512445348056,0.008655471122015257,0.03973643637526325
2026-01-04 02:10:00+00:00,21.06031096896705,12.655725409252339,16.88403999671956,13.084718769009086,1.654896215380432,0.22062939241134316,0.05460623890088634,0.07703621184666432,0.007323860180168396,0.011254392439619343
2026-01-04 02:15:00+00:00,21.226494498825414,12.647385958148284,16.942351714181555,13.090915881469225,1.653732303784011,0.16618352985836538,-0.008339451104054874,0.058311717461993595,0.006197112460139209,-0.0011639115964210411
2026-01-04 02:20:00+00:00,20.970880205307093,12.544030572821697,16.987369314989735,13.096159592012423,1.6426934137090192,-0.2556142935183203,-0.10335538532658717,0.045017600808179736,0.0052437105431977216,-0.011038890074991814
2026-01-04 02:25:00+00:00,20.997928926757723,12.481799932038754,17.034989318582408,13.100596577856667,1.6239754794261558,0.027048721450629643,-0.062230640782942714,0.047620003592673044,0.004436985844243679,-0.01871793428286339
2026-01-04 02:30:00+00:00,21.046439446138884,12.35863071135723,17.068931008567752,13.104350950494103,1.603836756917006,0.04851051938116058,-0.12316922068152358,0.03394168998534397,0.0037543726374362762,-0.02013872250914983
2026-01-04 02:35:00+00:00,21.159732044027066,12.227629212757723,17.097847454089056,13.107527727341164,1.586182837347775,0.11329259788818291,-0.13100149859950783,0.028916445521304013,0.0031767768470611912,-0.017653919569230903
2026-01-04 02:40:00+00:00,21.267246964247185,12.204394955983204,17.142831206963894,13.110215769288677,1.579505733367546,0.10751492022011888,-0.023234256774518514,0.044983752874838245,0.0026880419475130424,-0.006677103980229138
2026-01-04 02:45:00+00:00,20.650825258915866,12.29845946860892,17.19778025204637,13.112490266321188,1.5802409497537662,-0.6164217053313195,0.09406451262571558,0.054949045082477,0.002274497032511036,0.0007352163862202055
2026-01-04 02:50:00+00:00,20.414090363572164,12.386449461558005,17.244275597885387,13.114414840733312,1.5845168708381838,-0.23673489534370162,0.08798999294908505,0.04649534583901627,0.0019245744121239028,0.004275921084417655
2026-01-04 02:55:00+00:00,20.276070511462713,12.38386844843248,17.28361781359533,13.116043326774342,1.5758930967839626,-0.13801985210945134,-0.0025810131255248336,0.03934221570994367,0.0016284860410298307,-0.008623774054221212
2026-01-04 03:00:00+00:00,19.802573799444293,12.303444253394181,17.31690738073451,13.117421276501366,1.5616317815390022,-0.47349671201842014,-0.08042419503829912,0.03328956713917819,0.001377949727023875,-0.014261315244960437
2026-01-04 03:05:00+00:00,19.45428900436151,12.22848925307595,17.345075476006127,13.118587233962694,1.5481475754794356,-0.3482847950827832,-0.07495500031823177,0.028168095271617233,0.0011659574613283041,-0.013484206059566572
2026-01-04 03:10:00+00:00,18.30700699422608,11.958031109425008,16.984294633543644,12.83111227489151,1.5108307956437739,-1.1472820101354309,-0.27045814365094145,-0.3607808424624821,-0.2874749590711847,-0.03731677983566173
2026-01-04 03:15:00+00:00,17.963133077224445,12.030446214899422,17.063633920690776,12.876325771062048,1.514744028502713,-0.34387391700163406,0.07241510547441443,0.0793392871471319,0.04521349617053794,0.003913232858939075
2026-01-04 03:20:00+00:00,17.872562528783117,12.108141375522585,17.130767163661424,12.914583344744809,1.5122639657060923,-0.0905705484413275,0.07769516062316306,0.06713324297064815,0.0382575736827615,-0.002480062796620608
2026-01-04 03:25:00+00:00,17.99291370440226,12.29144994417209,17.18757221540582,12.946955137860993,1.524114117363265,0.12035117561914177,0.18330856864950462,0.05680505174439432,0.03237179311618377,0.011850151657172736
2026-01-04 03:30:00+00:00,17.83633663841174,12.45534626626306,17.235638028420308,12.974346655113147,1.5337913037624205,-0.15657706599051835,0.16389632209097016,0.04806581301448887,0.02739151725215372,0.00967718639915538
2026-01-04 03:35:00+00:00,17.79447827469114,12.625150461655414,17.27630910097103,12.997524092788048,1.5521226733481366,-0.04185836372059981,0.16980419539235392,0.04067107255072244,0.023177437674901213,0.01833136958571613
2026-01-04 03:40:00+00:00,17.530680021894963,12.741645923021936,17.310723085437026,13.017135770820655,1.5763715960202833,-0.2637982527961782,0.11649546136652233,0.03441398446599564,0.019611678032607216,0.024248922672146733
2026-01-04 03:45:00+00:00,17.734305648007513,12.786738514100293,17.33984261075441,13.033730267617479,1.586790978595353,0.20362562611255086,0.04509259107835639,0.029119525317383932,0.016594496796823677,0.01041938257506958
2026-01-04 03:50:00+00:00,17.50717544059269,12.906736371617379,17.364482209099886,13.047771764907097,1.6159510140042226,-0.22713020741482381,0.11999785751708636,0.0246395983454768,0.014041497289618121,0.02916003540886969
2026-01-04 03:55:00+00:00,17.585433663216584,13.022851016646587,17.38533110000759,13.059653031844466,1.6463782229660657,0.07825822262389437,0.11611464502920832,0.020848890907704032,0.011881266937368906,0.030427208961843144
2026-01-04 04:00:00+00:00,17.873253572906748,13.167062822825455,17.402972469237195,13.069706411560702,1.6870514547902415,0.2878199096901639,0.14421180617886797,0.017641369229604464,0.010053379716236321,0.040673231824175815
2026-01-04 04:05:00+00:00,17.993561095791843,13.368948236289418,17.41789978166224,13.078213117474439,1.734289293625164,0.12030752288509561,0.2018854134639625,0.014927312425044192,0.008506705913736923,0.047237838834922385
2026-01-04 04:10:00+00:00,17.77880208933876,13.539784527006523,17.430530584483435,13.08541109940145,1.7892639484407267,-0.21475900645308243,0.17083629071710504,0.012630802821195886,0.007197981927010488,0.05497465481556274
2026-01-04 04:15:00+00:00,17.897213257924836,13.604184861827113,17.441218186870596,13.091501699493534,1.8290029280805071,0.11841116858607492,0.06440033482058993,0.010687602387161377,0.006090600092084841,0.03973897963978046
2026-01-04 04:20:00+00:00,17.826440166881234,13.658672324910501,17.45026154273666,13.096655284186838,1.8626638793723231,-0.07077309104360197,0.05448746308338848,0.009043355866062086,0.0051535846933035145,0.03366095129181601
2026-01-04 04:25:00+00:00,17.905149931033563,13.865031682295287,17.457913613084866,13.101016009696552,1.9204714719018792,0.07870976415232889,0.20635935738478572,0.007652070348207474,0.004360725509714669,0.05780759252955603
2026-01-04 04:30:00+00:00,17.888525850682843,14.0396421927114,17.464388441841038,13.104705854358622,1.9800205081507127,-0.01662408035072005,0.17461051041611242,0.006474828756172002,0.0036898446620696745,0.059549036248833564
2026-01-04 04:35:00+00:00,17.73824219103141,14.26751775280708,17.469867143096266,13.10782803061114,2.046306780858363,-0.1502836596514321,0.227875560095681,0.005478701255228202,0.003122176252517761,0.06628627270765008
2026-01-04 04:40:00+00:00,17.24012055298186,14.380207329298297,17.474502967235303,13.110469872055582,2.0985607979995082,-0.49812163804955034,0.11268957649121703,0.004635824139036515,0.002641841444441795,0.052254017141145415
2026-01-04 04:45:00+00:00,16.933443282697933,14.555688252995996,17.47842558766064,13.112705276354722,2.162034283175941,-0.30667727028392733,0.1754809236976982,0.003922620425338863,0.0022354042991405976,0.06347348517643292
2026-01-04 04:50:00+00:00,16.830510111075657,14.70417211150943,17.48174472802054,13.114596772300152,2.2211333865761715,-0.10293317162227567,0.14848385851343515,0.0033191403598991087,0.0018914959454292557,0.05909910340023039
2026-01-04 04:55:00+00:00,16.69500623558405,14.749684094354134,17.484553231401996,13.116197268869358,2.2568059938000298,-0.13550387549160803,0.045511982844702814,0.0028085033814555516,0.0016004965692069106,0.03567260722385823
2026-01-04 05:00:00+00:00,16.62763264424313,14.948452452521996,17.486929657340152,13.11755153519715,2.3190382335497026,-0.06737359134092102,0.19876835816786276,0.0023764259381557906,0.0013542663277910094,0.062232239749672846
2026-01-04 05:05:00+00:00,16.434477172320655,15.036511049569894,17.48894047928782,13.118697452859127,2.3648862288635977,-0.1931554719224735,0.08805859704789754,0.0020108219476675515,0.0011459176619776912,0.04584799531389505
2026-01-04 05:10:00+00:00,16.52728957113243,14.70122363535035,17.10602655939738,12.831205537034647,2.3475803763533993,0.09281239881177683,-0.3352874142195432,-0.3829139198904379,-0.2874919158244804,-0.01730585251019834
2026-01-04 05:15:00+00:00,16.539516456068313,14.827317435040037,17.16663785795163,12.876404685183163,2.3921103111069746,0.012226884935881088,0.12609379968968604,0.060611298554249515,0.04519914814851589,0.04452993475357525
2026-01-04 05:20:00+00:00,16.62194578204078,14.934012188623619,17.21792434134369,12.914650118231908,2.409765467525354,0.08242932597246622,0.10669475358358227,0.0512864833920581,0.03824543304874517,0.01765515641837956
2026-01-04 05:25:00+00:00,16.678535736229776,15.024292364732805,17.261320596521585,12.94701163850392,2.419829907557292,0.05658995418899693,0.09028017610918582,0.04339625517789614,0.032361520272012,0.010064440031937849
2026-01-04 05:30:00+00:00,16.71862456786729,15.020558528638398,17.29804050474903,12.974394463349471,2.4178268168239585,0.0400888316375152,-0.003733836094406584,0.0367199082274432,0.027382824845551212,-0.00200309073333349
2026-01-04 05:35:00+00:00,16.8009164361665,15.017402392946318,17.329111196326103,12.997564545911091,2.4127357244662693,0.0822918682992082,-0.0031561356920803973,0.031070691577074427,0.02317008256162012,-0.005091092357689231
2026-01-04 05:40:00+00:00,17.014818439031558,15.094892991216781,17.355401781506703,13.017170000386306,2.419260648431666,0.21390200286505845,0.07749059827046345,0.026290585180600345,0.01960545447521511,0.006524923965396834
2026-01-04 05:45:00+00:00,16.877092759929873,15.08035324497329,17.377647661274903,13.033759231096106,2.4011917877756157,-0.13772567910168476,-0.01453974624349108,0.022245879768199472,0.016589230709799452,-0.0180688606560504
2026-01-04 05:50:00+00:00,16.918885620252343,15.068010111416525,17.39647109800184,13.047796272465934,2.388554958105192,0.041792860322470204,-0.012343133556765196,0.01882343672693665,0.014037041369828529,-0.012636829670423566
2026-01-04 05:55:00+00:00,16.322947596348413,14.89732443553381,17.41239862138617,13.059673769009638,2.3463926691630674,-0.5959380239039298,-0.17068567588271577,0.01592752338433101,0.01187749654370407,-0.042162288942124704
2026-01-04 06:00:00+00:00,16.294746412557227,14.833041765071483,17.42587575655753,13.069723958392771,2.326775908779318,-0.02820118379118597,-0.06428267046232605,0.013477135171360288,0.010050189383132846,-0.019616760383749376
2026-01-04 06:05:00+00:00,16.185804725182408,14.858732588213572,17.43727948631791,13.078227964793882,2.308938249165299,-0.1089416873748199,0.025690823142088703,0.011403729760377956,0.008504006401111042,-0.017837659614019064
2026-01-04 06:10:00+00:00,16.156646685359718,14.880481862747724,17.446928796115156,13.0854236625179,2.2931059798357887,-0.02915803982268983,0.021749274534151652,0.009649309797246985,0.007195697724018402,-0.015832269329510318
2026-01-04 06:15:00+00:00,16.18950495668789,14.979018464950995,17.455093596712825,13.09151232982284,2.3000826208290475,0.032858271328173316,0.09853660220327143,0.008164800597668886,0.006088667304940287,0.006976640993258787
2026-01-04 06:20:00+00:00,16.44174293468112,15.140605673347892,17.462002274141618,13.096664279080864,2.3218213354830977,0.25223797799322867,0.161587208396897,0.006908677428793197,0.005151949258022981,0.021738714654050195
2026-01-04 06:25:00+00:00,16.631677989480465,15.19269732885357,17.467848078119832,13.101023620760731,2.328264809654459,0.1899350547993457,0.05209165550567718,0.005845803978214548,0.004359341679867512,0.006443474171361263
2026-01-04 06:30:00+00:00,16.751591700567282,15.34212926158413,17.472794527639856,13.104712294489849,2.338835194570473,0.11991371108681648,0.1494319327305611,0.004946449520023322,0.0036886737291172977,0.010570384916014142
2026-01-04 06:35:00+00:00,16.722557206813903,15.399236784149902,17.476979984926032,13.10783347995295,2.3309834894885832,-0.029034493753378854,0.05710752256577223,0.004185457286176586,0.0031211854631010283,-0.007851705081889815
2026-01-04 06:40:00+00:00,16.660958354125267,15.223208768604998,17.480521525706646,13.110474483037112,2.284113884225332,-0.061598852688636185,-0.17602801554490455,0.003541540780613417,0.0026410030841628185,-0.046869605263251124
2026-01-04 06:45:00+00:00,16.74156322934332,14.972351302511818,17.483518214059472,13.112709177954478,2.2257011224621683,0.0806048752180537,-0.25085746609317994,0.0029966883528267374,0.0022346949173659425,-0.05841276176316379
2026-01-04 06:50:00+00:00,17.06798677922687,14.762187423718851,17.486053873434937,13.11460007365379,2.1538127379090923,0.3264235498835504,-0.21016387879296694,0.0025356593754644052,0.0018908956993115567,-0.071888384553076
2026-01-04 06:55:00+00:00,17.221537787912276,14.554744630460167,17.48819943136802,13.116200062322438,2.093550020546436,0.1535510086854046,-0.20744279325868398,0.002145557933083353,0.001599988668647967,-0.060262717362656204
2026-01-04 07:00:00+00:00,17.01493773174622,14.447070652959964,17.490014903465248,13.117553898888218,2.0489654846976864,-0.2066000561660566,-0.10767397750020358,0.001815472097227655,0.0013538365657801421,-0.04458453584874977
2026-01-04 07:05:00+00:00,16.746716551769257,14.334510407064474,17.491551072162903,13.118699452905414,2.000484269799466,-0.2682211799769618,-0.11256024589548907,0.0015361686976547162,0.001145554017195849,-0.048481214898220326
2026-01-04 07:10:00+00:00,15.658264542088979,13.61076211873416,16.723620137983996,12.542745690919967,1.8713895663266682,-1.088452009680278,-0.7237482883303148,-0.7679309341789065,-0.5759537619854473,-0.12909470347279783
2026-01-04 07:15:00+00:00,15.981757836551783,13.6029796117534,16.843063193678766,12.63232327693228,1.8501021641366586,0.3234932944628035,-0.007782506980760218,0.1194430556947701,0.0895775860123127,-0.021287402190009574
2026-01-04 07:20:00+00:00,15.610124609322659,13.648192521326887,16.94413039465126,12.708119695865774,1.8432456378552342,-0.3716332272291236,0.04521290957348789,0.10106720097249422,0.07579641893349454,-0.006856526281424413
2026-01-04 07:25:00+00:00,15.516511724573132,13.654807433917117,17.029648795474145,12.772255127271041,1.8341782482549294,-0.09361288474952723,0.006614912590229949,0.08551840082288464,0.06413543140526734,-0.009067389600304843
2026-01-04 07:30:00+00:00,15.657560147416836,13.777558788810756,17.102010519247354,12.826523569229343,1.8328116362984477,0.14104842284370456,0.12275135489363898,0.07236172377320926,0.054268441958301494,-0.0013666119564816892
2026-01-04 07:35:00+00:00,15.679595423703585,13.869730170220674,17.163239670132377,12.872443020117137,1.8425066659126028,0.02203527628674884,0.09217138140991743,0.061229150885022676,0.045919450887794255,0.009695029614155137
2026-01-04 07:40:00+00:00,15.290695621235454,13.830973290181038,17.215048951650473,12.911297940099116,1.848262128033895,-0.3888998024681314,-0.03875688003963518,0.051809281518096384,0.03885491998197921,0.0057554621212920765
2026-01-04 07:45:00+00:00,15.160621843930452,13.793629401336704,17.258887574473476,12.944175180083867,1.864524008315509,-0.13007377730500203,-0.03734388884433493,0.04383862282300299,0.03287723998475123,0.016261880281614127
2026-01-04 07:50:00+00:00,14.750934263719717,13.885173417776876,17.29598179378525,12.971994383147887,1.884826666176271,-0.4096875802107345,0.09154401644017263,0.037094219311772036,0.02781920306401986,0.020302657860761908
2026-01-04 07:55:00+00:00,14.372576179450236,13.887146595763653,17.327369210125976,12.995533708817442,1.904800725769458,-0.3783580842694807,0.001973177986776875,0.031387416340727725,0.023539325669554856,0.019974059593186988
2026-01-04 08:00:00+00:00,14.23395905570089,13.89967332609802,17.35392779318352,13.015451599768605,1.922229695132073,-0.13861712374934676,0.012526730334366576,0.026558583057543217,0.01991789095116303,0.017428969362615065
2026-01-04 08:05:00+00:00,14.246999195528796,13.910415828492706,17.376400440386053,13.032305199804204,1.9231978320816263,0.013040139827905861,0.010742502394686326,0.022472647202533835,0.016853600035599214,0.0009681369495533332
2026-01-04 08:10:00+00:00,14.286727280170359,14.035487703951016,17.39541575724974,13.046565938295865,1.9342337355566859,0.0397280846415633,0.12507187545831044,0.01901531686368685,0.014260738491660874,0.01103590347505956
2026-01-04 08:15:00+00:00,14.393994635054334,14.182287064618933,17.411505640749777,13.058632717019579,1.9440499359564045,0.10726735488397487,0.14679936066791655,0.016089883500036706,0.012066778723713867,0.009816200399718644
2026-01-04 08:20:00+00:00,15.022764700839112,14.392340897907815,17.425120157557505,13.068843068247336,1.9703707827156005,0.6287700657847779,0.21005383328888172,0.013614516807727739,0.01021035122775693,0.026320846759195993
2026-01-04 08:25:00+00:00,15.141836860477762,14.466543381297786,17.43664013331789,13.077482596209284,1.9604209916265023,0.11907215963864992,0.07420248338997126,0.011519975760386103,0.008639527961948446,-0.009949791089098214
2026-01-04 08:30:00+00:00,15.233212696229506,14.577625494081168,17.446387805115137,13.08479296602324,1.9746877593718095,0.09137583575174446,0.11108211278338231,0.009747671797246227,0.00731036981395583,0.014266767745307218
2026-01-04 08:35:00+00:00,15.353506830537007,14.644284255498825,17.45463583509742,13.090978663558127,1.9864489044519207,0.12029413430750147,0.06665876141765636,0.008248029982283356,0.006185697534887069,0.011761145080111168
2026-01-04 08:40:00+00:00,15.548646191903476,14.761347951018719,17.461614937390127,13.096212715318416,2.0085145937880915,0.19513936136646848,0.11706369551989404,0.00697910229270704,0.005234051760288239,0.022065689336170813
2026-01-04 08:45:00+00:00,15.337907988724561,14.874394759696385,17.4675203316378,13.100641528346351,2.0262583188156547,-0.21073820317891467,0.11304680867766592,0.0059053942476730015,0.004428813027935519,0.017743725027563162
2026-01-04 08:50:00+00:00,15.351238235080663,14.88749291388898,17.472517203693524,13.104388985523837,2.02235931338226,0.013330246356101583,0.013098154192595857,0.0049968720557238555,0.0037474571774858134,-0.00389900543339472
2026-01-04 08:55:00+00:00,15.563931761481614,14.990383805769719,17.476745326202213,13.107559910827861,2.0244986769695994,0.21269352640095107,0.10289089188073852,0.00422812250868887,0.003170925304024408,0.00213936358733946
2026-01-04 09:00:00+00:00,15.88339964494659,15.118045207781162,17.48032296832495,13.11024300146973,2.037011565892472,0.31946788346497534,0.1276614020114426,0.0035776421227353694,0.0026830906418684464,0.012512888922872722
2026-01-04 09:05:00+00:00,16.144295518958202,15.230426984052633,17.483350203967262,13.112513308935926,2.043169319637772,0.26089587401161296,0.11238177627147117,0.0030272356423139968,0.002270307466195831,0.006157753745299921
2026-01-04 09:10:00+00:00,15.700621410471554,14.99998670538192,17.10129632643384,12.82597279986886,2.0058694323491904,-0.4436741084866487,-0.23044027867071293,-0.3820538775334228,-0.2865405090670663,-0.03729988728858169
2026-01-04 09:15:00+00:00,15.997046349671777,15.046522769064236,17.162635353136327,12.87197698450442,2.0081195720488734,0.2964249392002234,0.046536063682316,0.06133902670248759,0.04600418463556011,0.002250139699683018
2026-01-04 09:20:00+00:00,16.08554291483165,15.1068694021957,17.214537606499967,12.91090360227297,1.9971789591327858,0.08849656515987192,0.0603466331314646,0.05190225336363952,0.038926617768551,-0.010940612916087611
2026-01-04 09:25:00+00:00,16.0336015018461,15.182074924264612,17.258454897807667,12.94384150961559,2.0022802390418026,-0.05194141298554911,0.07520552206891118,0.04391729130770017,0.032937907342619255,0.005101279909016876
2026-01-04 09:30:00+00:00,16.029993187701955,15.137701692273467,17.295615682760328,12.971712046597807,1.990902821084906,-0.003608314144145197,-0.044373231991144735,0.037160784952661174,0.027870536982216976,-0.011377417956896618
2026-01-04 09:35:00+00:00,15.934661585906078,15.11293142121168,17.327059423874122,12.995294808659681,1.9976147995391904,-0.09533160179587696,-0.02477027106178653,0.03144374111379378,0.023582762061874263,0.006711978454284395
2026-01-04 09:40:00+00:00,15.640103643478856,14.965809374207346,17.353665666355027,13.01524945348127,1.996739541710261,-0.2945579424272218,-0.14712204700433418,0.026606242480905706,0.019954644821588374,-0.0008752578289294988
2026-01-04 09:45:00+00:00,15.78317782779654,14.935024977997951,17.376178640761946,13.03213415294569,2.005540487073129,0.14307418431768504,-0.03078439620939477,0.022512974406918573,0.016884699464421615,0.008800945362867907
2026-01-04 09:50:00+00:00,15.398286106625628,14.8685221817173,17.395228080644724,13.04642120633866,2.0005708474231914,-0.38489172117091286,-0.06650279628065192,0.019049439882778074,0.01428705339296954,-0.004969639649937463
2026-01-04 09:55:00+00:00,15.56374159830281,14.947597774295637,17.411346837468614,13.058510251517328,2.004712381290831,0.1654554916771822,0.07907559257833796,0.016118756823889413,0.01208904517866749,0.004141533867639602
2026-01-04 10:00:00+00:00,15.609054936300957,15.042805174709775,17.424985785550366,13.068739443591586,2.023189385520417,0.04531333799814696,0.09520740041413767,0.013638948081752034,0.010229192074257654,0.01847700422958587
2026-01-04 10:05:00+00:00,15.587004091606998,15.039017390928588,17.436526433927227,13.077394913808265,2.025260899934052,-0.02205084469395935,-0.0037877837811866044,0.01154064837686164,0.008655470216679007,0.002071514413635178
2026-01-04 10:10:00+00:00,15.764390039905518,14.963383936337824,17.446291597938426,13.084718773222379,2.0198808622376845,0.17738594829851984,-0.07563345459076487,0.00976516401119909,0.007323859414114509,-0.005380037696367523
2026-01-04 10:15:00+00:00,15.902938051923915,14.976832516741249,17.45455442902482,13.090915885034319,2.0268857307072223,0.13854801201839706,0.013448580403425225,0.008262831086394584,0.006197111811939493,0.0070048684695378505
2026-01-04 10:20:00+00:00,16.226922412661374,15.03097580015948,17.461546055328693,13.09615959502904,2.0324268139480695,0.32398436073745884,0.054143283418230936,0.006991626303872067,0.005243709994720902,0.005541083240847122
2026-01-04 10:25:00+00:00,16.077559188136586,15.014284602641492,17.46746204681659,13.100596580409187,2.0310491883829473,-0.14936322452478734,-0.016691197517987533,0.005915991487896122,0.0044369853801473624,-0.0013776255651221092
2026-01-04 10:30:00+00:00,16.143764523329057,15.012089473152876,17.47246788576788,13.104350952653927,2.050591608769446,0.06620533519247118,-0.002195129488615777,0.005005838951291253,0.0037543722447406225,0.01954242038649845
2026-01-04 10:35:00+00:00,15.760387142314663,15.00019282508107,17.476703595649745,13.107527729168709,2.0751567935158186,-0.38337738101439456,-0.011896648071806126,0.004235709881864835,0.00317677651478121,0.024565184746372815
2026-01-04 10:40:00+00:00,15.337898426203909,15.080296334290997,17.480287657857478,13.110215770835062,2.106714147732007,-0.4224887161107542,0.08010350920992693,0.0035840622077323303,0.002688041666353058,0.031557354216188216
2026-01-04 10:45:00+00:00,15.668858335556054,15.067944352540609,17.4833203258794,13.112490267629667,2.1195917977410415,0.3309599093521456,-0.012351981750388319,0.003032668021923257,0.0022744967946053407,0.012877650009034625
2026-01-04 10:50:00+00:00,15.606769818502766,15.057491375226668,17.485886429590266,13.114414841840487,2.1410155317136037,-0.06208851705328833,-0.010452977313940792,0.0025661037108655194,0.0019245742108200403,0.021423733972562253
2026-01-04 10:55:00+00:00,15.677671536862196,15.128774753396923,17.48805774811484,13.116043327711182,2.171193421440972,0.07090171835942982,0.07128337817025532,0.002171318524574417,0.0016284858706949734,0.030177889727368346
2026-01-04 11:00:00+00:00,15.443296405645658,15.189091458002526,17.489895017635632,13.117421277294078,2.2125034464934306,-0.23437513121653808,0.06031670460560257,0.0018372695207915513,0.00137794958289561,0.04131002505245851
2026-01-04 11:05:00+00:00,15.767976524624167,15.160000464463675,17.491449630307073,13.11858723463345,2.2364893810089344,0.32468011897850957,-0.02909099353885125,0.0015546126714411912,0.0011659573393725253,0.023985934515503793
2026-01-04 11:10:00+00:00,15.33483193215537,14.805714678722008,17.10814968718291,12.831112275459073,2.2187702449217737,-0.433144592468798,-0.35428578574166636,-0.3832999431241646,-0.2874749591743768,-0.017719136087160692
2026-01-04 11:15:00+00:00,15.477590606596486,14.915732933277598,17.168434350693232,12.876325771542291,2.269793484469913,0.1427586744411169,0.11001825455558922,0.060284663510323355,0.045213496083217564,0.051023239548139365
2026-01-04 11:20:00+00:00,15.690761963697403,15.169081712773352,17.21944445058658,12.91458334515117,2.3348350236087336,0.21317135710091684,0.2533487794957541,0.051010099893346705,0.03825757360887927,0.0650415391388206
2026-01-04 11:25:00+00:00,15.576720542505335,15.383453756962068,17.26260684280403,12.946955138204837,2.3914434622117886,-0.11404142119206817,0.2143720441887158,0.04316239221745022,0.032371793053666664,0.05660843860305498
2026-01-04 11:30:00+00:00,15.47156251348298,15.564845486660213,17.299128866988024,12.97434665540409,2.4302865794982322,-0.10515802902235549,0.1813917296981451,0.03652202418399497,0.027391517199253812,0.03884311728644363
2026-01-04 11:35:00+00:00,15.534813033198498,15.798459001533,17.330032118220636,12.997524093034231,2.481302163572439,0.06325051971551865,0.23361351487278803,0.03090325123261195,0.023177437630140574,0.05101558407420681
2026-01-04 11:40:00+00:00,15.491380103859877,15.996131975656128,17.356181023109766,13.017135771028965,2.541084635583075,-0.04343292933862131,0.1976729741231278,0.02614890488912991,0.019611677994733512,0.059782472010636134
2026-01-04 11:45:00+00:00,15.560243708895506,16.240418890487586,17.37830701955442,13.03373026779374,2.5973497610795286,0.06886360503562905,0.24428691483145748,0.02212599644465385,0.016594496764774647,0.05626512549645346
2026-01-04 11:50:00+00:00,15.189821587265513,16.48213714135178,17.39702901654605,13.04777176505624,2.6384837353878203,-0.3704221216299928,0.24171825086419574,0.018721996991629908,0.014041497262500258,0.04113397430829169
2026-01-04 11:55:00+00:00,15.217046999045257,16.606516966841014,17.412870706308194,13.059653031970665,2.6412383915240643,0.027225411779744135,0.12437982548923188,0.015841689762144284,0.011881266914425481,0.002754656136243927
2026-01-04 12:00:00+00:00,15.165888783898254,16.625103091523147,17.42627521303001,13.069706411667488,2.647914423165589,-0.05115821514700336,0.018586124682133942,0.013404506721816034,0.010053379696822518,0.006676031641524638
2026-01-04 12:05:00+00:00,15.124070356174363,16.543191584701706,17.43761748794847,13.078213117564795,2.623775861008302,-0.041818427723891105,-0.08191150682144155,0.011342274918458628,0.008506705897307398,-0.024138562157286714
2026-01-04 12:10:00+00:00,15.096408272261195,16.482748385236317,17.44721479749486,13.085411099477906,2.604380741330112,-0.02766208391316738,-0.06044319946538934,0.00959730954638971,0.007197981913110496,-0.019395119678190298
2026-01-04 12:15:00+00:00,15.234523010369882,16.389055852431916,17.455335597880268,13.091501699558227,2.580827078671681,0.1381147381086869,-0.09369253280440049,0.00812080038540941,0.006090600080321806,-0.02355366265843095
2026-01-04 12:20:00+00:00,15.216477775337218,16.213101869354706,17.462207044360223,13.096655284241578,2.5583284913504314,-0.01804523503266431,-0.17595398307721055,0.006871446479955523,0.005153584683350587,-0.02249858732124954
2026-01-04 12:25:00+00:00,15.310591731528232,16.031899565771226,17.468021345227882,13.101016009742873,2.5281741274184584,0.09411395619101448,-0.1812023035834791,0.005814300867658773,0.004360725501294738,-0.030154363931973016
2026-01-04 12:30:00+00:00,15.39142271340076,15.934517110709624,17.47294113826975,13.104705854397816,2.5090147742186053,0.08083098187252702,-0.09738245506160226,0.004919793041867848,0.003689844654942931,-0.01915935319985307
2026-01-04 12:35:00+00:00,15.526142169303963,15.780445404387509,17.4771040400744,13.107828030644306,2.4822472865849603,0.13471945590320367,-0.15407170632211553,0.004162901804651398,0.0031221762464905822,-0.026767487633645004
2026-01-04 12:40:00+00:00,15.470796393509609,15.776852115966786,17.48062649544757,13.110469872083643,2.4674640419062666,-0.05534577579435407,-0.0035932884207223736,0.0035224553731687536,0.0026418414393365452,-0.014783244678693741
2026-01-04 12:45:00+00:00,15.922344938159704,15.671240617831401,17.48360703460948,13.112705276378467,2.431159630670883,0.45154854465009464,-0.10561149813538506,0.002980539161910656,0.0022354042948240505,-0.036304411235383416
2026-01-04 12:50:00+00:00,15.667831759501327,15.483156181047793,17.486129029284946,13.114596772320242,2.3621939091644393,-0.2545131786583763,-0.1880844367836083,0.002521994675465322,0.0018914959417752897,-0.06896572150644387
2026-01-04 12:55:00+00:00,16.411323897981855,15.330179386338495,17.488263024779567,13.116197268886358,2.309311262197269,0.7434921384805282,-0.15297679470929815,0.0021339954946206774,0.0016004965661160497,-0.05288264696717038
2026-01-04 13:00:00+00:00,16.73389292685099,14.993093031800969,17.490068713275022,13.117551535211533,2.230277097182912,0.3225690288691361,-0.3370863545375258,0.001805688495455371,0.0013542663251744358,-0.0790341650143569
2026-01-04 13:05:00+00:00,16.793283089330824,14.61900130192454,17.491596603540398,13.118697452871297,2.1588014840976855,0.05939016247983275,-0.37409172987642947,0.0015278902653754756,0.0011459176597643506,-0.07147561308522654
2026-01-04 13:10:00+00:00,16.565730840641674,13.955223133579558,17.10827404914957,12.831205537044944,2.0383442128849,-0.22755224868915036,-0.6637781683449813,-0.3833225543908263,-0.2874919158263527,-0.1204572712127856
2026-01-04 13:15:00+00:00,16.35927374064803,13.688809790616055,17.168539580049636,12.876404685191877,1.9856413909040698,-0.20645709999364215,-0.26641334296350294,0.06026553090006459,0.045199148146933155,-0.052702821980830095
2026-01-04 13:20:00+00:00,16.071033366821403,13.491233791164447,17.21953349081123,12.91465011823928,1.9473976637421382,-0.28824037382662837,-0.1975759994516082,0.05099391076159421,0.038245433047402244,-0.038243727161931584
2026-01-04 13:25:00+00:00,16.129805180568585,13.289880858384898,17.262682184532583,12.947011638510158,1.9087417023746343,0.05877181374718177,-0.20135293277954958,0.04314869372135277,0.032361520270878685,-0.03865596136750393
2026-01-04 13:30:00+00:00,16.349157096114197,13.139732857069518,17.299192617681413,12.97439446335475,1.876159839151289,0.21935191554561229,-0.15014800131537953,0.0365104331488304,0.02738282484459198,-0.03258186322334522
2026-01-04 13:35:00+00:00,16.986257455070987,13.02029921144957,17.330086061115043,12.997564545915559,1.8551128744640553,0.6371003589567898,-0.11943364561994763,0.030893443433630097,0.023170082560808325,-0.02104696468723377
2026-01-04 13:40:00+00:00,17.072270256555452,12.950616843703052,17.35622666709734,13.017170000390088,1.8597875389404228,0.08601280148446477,-0.06968236774651793,0.026140605982295284,0.019605454474529438,0.0046746644763675516
2026-01-04 13:45:00+00:00,17.336245112959126,12.92702709638863,17.37834564139006,13.033759231099305,1.8682053064614357,0.26397485640367435,-0.023589747314423093,0.02211897429272014,0.016589230709216807,0.008417767521012864
2026-01-04 13:50:00+00:00,16.9695012963476,12.770795932772423,17.39706169656082,13.047796272468643,1.846381138802928,-0.36674381661152466,-0.15623116361620681,0.018716055170759915,0.014037041369338255,-0.021824167658507587
2026-01-04 13:55:00+00:00,16.86809305548998,12.603220564614961,17.412898358628386,13.05967376901193,1.8300042955855624,-0.1014082408576229,-0.1675753681574612,0.015836662067567175,0.011877496543286625,-0.016376843217365655
2026-01-04 14:00:00+00:00,16.76876935752229,12.408774261046302,17.426298611147097,13.06972395839471,1.803232363227051,-0.09932369796768725,-0.19444630356865922,0.013400252518710687,0.010050189382779351,-0.026771932358511386
2026-01-04 14:05:00+00:00,16.26597078049222,12.283404311293852,17.437637286355233,13.078227964795524,1.7825093033036492,-0.5027985770300702,-0.12536994975245008,0.011338675208136806,0.00850400640081439,-0.020723059923401843
2026-01-04 14:10:00+00:00,16.27845981974521,12.079049232929558,17.44723154999289,13.085423662519288,1.7481341482384285,0.012489039252987055,-0.20435507836429423,0.009594263637655587,0.007195697723764383,-0.03437515506522071
2026-01-04 14:15:00+00:00,16.100287848971526,11.918001093358415,17.455349773070907,13.091512329824013,1.7221766715195066,-0.17817197077368263,-0.16104813957114317,0.008118223078017905,0.006088667304725348,-0.0259574767189219
2026-01-04 14:20:00+00:00,16.585754014945937,11.732828003514307,17.46221903875231,13.096664279081857,1.6939967277417205,0.4854661659744117,-0.18517308984410796,0.006869265681402226,0.005151949257843569,-0.0281799437777861
2026-01-04 14:25:00+00:00,16.478370969859764,11.724114418687483,17.468031494328876,13.10102362076157,1.6801489280563315,-0.10738304508617347,-0.008713584826823606,0.005812455576567288,0.004359341679712969,-0.013847799685388962
2026-01-04 14:30:00+00:00,16.329750458881524,11.753208318809701,17.472949725970587,13.10471229449056,1.6872377269667953,-0.14862051097824036,0.02909390012221813,0.004918231641710236,0.0036886737289894,0.007088798910463767
2026-01-04 14:35:00+00:00,16.58602137278662,11.822758466207885,17.477111306590498,13.107833479953548,1.702180826639888,0.25627091390509804,0.06955014739818388,0.0041615806199111205,0.003121185462989118,0.014943099673092597
2026-01-04 14:40:00+00:00,16.427108597689738,11.917063032488178,17.480632644038113,13.110474483037619,1.719193253984041,-0.1589127750968835,0.09430456628029305,0.0035213374476157355,0.002641003084070448,0.017012427344153203
2026-01-04 14:45:00+00:00,16.436167290652875,11.825301439074286,17.48361223726302,13.112709177954908,1.7018703918207492,0.009058692963137105,-0.09176159341389223,0.002979593224907262,0.002234694917289559,-0.01732286216329193
2026-01-04 14:50:00+00:00,16.154988329618092,11.815590991147602,17.48613343153025,13.114600073654152,1.6920368666578034,-0.281178961034783,-0.009710447926684296,0.0025211942672278553,0.001890895699244055,-0.009833525162945778
2026-01-04 14:55:00+00:00,15.861255920893246,11.810290611021985,17.488266749756363,13.116200062322743,1.681367428432491,-0.2937324087248463,-0.0053003801256164,0.002133318226114511,0.0015999886685911235,-0.0106694382253123
2026-01-04 15:00:00+00:00,15.526986587212065,11.817472843405564,17.49007186517846,13.117553898888476,1.676446100615702,-0.3342693336811813,0.00718223238357929,0.001805115422097714,0.0013538365657321805,-0.004921327816789001
2026-01-04 15:05:00+00:00,15.15929324683017,11.752343218785192,17.491599270535623,13.118699452905634,1.6524697180834036,-0.3676933403818943,-0.06512962462037208,0.001527405357162337,0.0011455540171585454,-0.0239763825322985
2026-01-04 15:10:00+00:00,14.220584783015067,11.212340434342742,16.72366092122245,12.542745690920151,1.5689359018814326,-0.9387084638151038,-0.54000278444245,-0.7679383493131731,-0.5759537619854829,-0.08353381620197098
2026-01-04 15:15:00+00:00,14.394020192518077,11.341241005785138,16.843097702572845,12.632323276932436,1.5800292381270715,0.17343540950301062,0.12890057144239542,0.11943678135039448,0.08957758601228427,0.011093336245638907
2026-01-04 15:20:00+00:00,14.443958543040518,11.460252425236213,16.944159594484717,12.708119695865905,1.5852466070438538,0.049938350522440444,0.11901141945107518,0.10106189191187198,0.07579641893346967,0.005217368916782261
2026-01-04 15:25:00+00:00,14.694726755713733,11.558785734552162,17.029673503025528,12.772255127271153,1.5895466415938353,0.2507682126732149,0.09853330931594861,0.0855139085408112,0.0641354314052478,0.004300034549981513
2026-01-04 15:30:00+00:00,14.963264233098327,11.596269355246324,17.102031425636984,12.826523569229437,1.5904252709559878,0.2685374773845943,0.03748362069416267,0.0723579226114559,0.05426844195828373,0.0008786293621525498
2026-01-04 15:35:00+00:00,15.113961628069466,11.650219049062683,17.16325736015437,12.872443020117217,1.5980113503094668,0.15069739497113943,0.05394969381635839,0.06122593451738467,0.045919450887780044,0.007586079353478992
2026-01-04 15:40:00+00:00,15.372012946201803,11.739677907736228,17.215063920130618,12.911297940099184,1.6191803117186996,0.2580513181323365,0.0894588586735452,0.05180655997624939,0.03885491998196677,0.021168961409232745
2026-01-04 15:45:00+00:00,15.94857255829169,11.832518562635064,17.258900240110524,12.944175180083924,1.6450434677869152,0.5765596120898877,0.0928406548988363,0.043836319979906335,0.03287723998474057,0.025863156068215654
2026-01-04 15:50:00+00:00,16.090295909888244,12.004962768130138,17.295992510862753,12.971994383147935,1.672271839366146,0.14172335159655347,0.1724442054950739,0.037092270752228984,0.027819203064010978,0.027228371579230748
2026-01-04 15:55:00+00:00,16.26394615558297,12.160851070356424,17.32737827842233,12.995533708817485,1.6991284404389426,0.1736502456947271,0.1558883022262858,0.031385767559577005,0.023539325669549527,0.026856601072796638
2026-01-04 16:00:00+00:00,16.477937880521228,12.296955672726806,17.353935466357356,13.01545159976864,1.724725144539102,0.21399172493825702,0.13610460237038247,0.02655718793502615,0.019917890951155925,0.025596704100159462
2026-01-04 16:05:00+00:00,16.68119633071259,12.44715281563558,17.376406933071607,13.032305199804235,1.751544207667692,0.20325845019136324,0.15019714290877317,0.02247146671425071,0.016853600035593885,0.026819063128589837
2026-01-04 16:10:00+00:00,16.54609175671498,12.491316131252292,17.395421251060593,13.046565938295892,1.7601297782840222,-0.13510457399761222,0.044163315616712495,0.019014317988986562,0.014260738491657321,0.008585570616330251
2026-01-04 16:15:00+00:00,16.89331923984076,12.457882477192047,17.411510289358958,13.0586327170196,1.7596183157729612,0.34722748312578133,-0.03343365406024468,0.0160890382983645,0.012066778723708538,-0.0005114625110609339
2026-01-04 16:20:00+00:00,17.023429001686242,12.494165083202605,17.425124090996043,13.068843068247356,1.7689448636704317,0.13010976184548184,0.03628260601055722,0.013613801637085032,0.010210351227755154,0.00932654789747045
2026-01-04 16:25:00+00:00,16.879144741778852,12.705358079940918,17.43664346161204,13.077482596209299,1.7992705369886974,-0.14428425990739058,0.2111929967383137,0.011519370615996394,0.008639527961943116,0.030325673318265745
2026-01-04 16:30:00+00:00,16.808112759478004,12.857352475888403,17.44639062136403,13.084792966023254,1.8315342900976583,-0.07103198230084828,0.15199439594748476,0.00974715975199203,0.00731036981395583,0.0322637531089609
2026-01-04 16:35:00+00:00,16.85671667628964,13.022125258192446,17.454638218077257,13.09097866355814,1.8636019020246481,0.04860391681163634,0.16477278230404302,0.008247596713225391,0.006185697534885293,0.032067611926989814
2026-01-04 16:40:00+00:00,16.617482470705003,13.089292702476842,17.461616953757677,13.096212715318424,1.8773885259390561,-0.23923420558463704,0.06716744428439547,0.006978735680419845,0.005234051760284686,0.013786623914407992
2026-01-04 16:45:00+00:00,16.165296077141665,13.199761590027661,17.46752203779496,13.100641528346358,1.8978662756468327,-0.4521863935633377,0.11046888755081952,0.00590508403728407,0.004428813027933742,0.020477749707776605
2026-01-04 16:50:00+00:00,15.9799041297896,13.312607288765443,17.472518647364964,13.104388985523842,1.9219156064325138,-0.18539194735206443,0.11284569873778239,0.004996609570003585,0.003747457177484037,0.024049330785681056
2026-01-04 16:55:00+00:00,16.03022834325329,13.424000731089505,17.476746547770357,13.107559910827865,1.9433292256611394,0.05032421346369098,0.11139344232406145,0.004227900405393115,0.0031709253040226315,0.021413619228625613
2026-01-04 17:00:00+00:00,15.684474516460458,13.5274235381022,17.48032400195953,13.110243001469733,1.9650845686476992,-0.3457538267928335,0.10342280701269502,0.0035774541891733236,0.0026830906418684464,0.02175534298655979
2026-01-04 17:05:00+00:00,15.90079313675538,13.753231389535468,17.483351078581144,13.112513308935927,1.9984060821442624,0.21631862029492233,0.22580785143326843,0.0030270766216133893,0.0022703074661940548,0.033321513496563204
2026-01-04 17:10:00+00:00,15.450638228953425,13.673005428756662,17.101297066491732,12.825972799868861,1.9853927546417471,-0.4501549078019558,-0.08022596077880628,-0.38205401208941225,-0.2865405090670663,-0.01301332750251527
2026-01-04 17:15:00+00:00,15.33859487306521,13.98756971241007,17.16263597933916,12.871976984504421,2.032961820619687,-0.11204335588821479,0.3145642836534073,0.06133891284742887,0.04600418463556011,0.04756906597793997
2026-01-04 17:20:00+00:00,15.354057670478346,14.271619642045032,17.214538136363903,12.910903602272972,2.084819799933547,0.015462797413135831,0.28404992963496234,0.05190215702474177,0.038926617768551,0.051857979313859826
2026-01-04 17:25:00+00:00,15.574998324110254,14.435224789872835,17.258455346154072,12.943841509615591,2.115203904305021,0.2209406536319083,0.16360514782780378,0.043917209790169665,0.032937907342619255,0.030384104371473875
2026-01-04 17:30:00+00:00,15.56275292904508,14.758606824592528,17.295616062130367,12.971712046597808,2.163475727743651,-0.012245395065173525,0.3233820347196925,0.03716071597629522,0.027870536982216976,0.048271823438630346
2026-01-04 17:35:00+00:00,15.478008470058693,14.956016676592926,17.327059744879545,12.995294808659683,2.192361673336363,-0.08474445898638727,0.19740985200039773,0.031443682749177526,0.023582762061874263,0.02888594559271196
2026-01-04 17:40:00+00:00,15.554035228739291,15.042959800374268,17.353665937975,13.015249453481271,2.209041098927721,0.07602675868059805,0.08694312378134228,0.026606193095453534,0.019954644821588374,0.016679425591358044
2026-01-04 17:45:00+00:00,15.545195598783927,15.116572846797247,17.376178870594227,13.03213415294569,2.2305120890570693,-0.008839629955364359,0.07361304642297917,0.02251293261922882,0.01688469946441984,0.021470990129348166
2026-01-04 17:50:00+00:00,15.595291829691305,15.258943725838016,17.395228275118193,13.04642120633866,2.2516753006337624,0.05009623090737847,0.14237087904076873,0.019049404523965308,0.01428705339296954,0.021163211576693097
2026-01-04 17:55:00+00:00,15.825714213783083,15.539677654595028,17.411347002023085,13.058510251517328,2.2806026841331506,0.23042238409177784,0.2807339287570123,0.016118726904892355,0.01208904517866749,0.02892738349938817
2026-01-04 18:00:00+00:00,15.69069259387714,15.777343726827619,17.424985924788764,13.068739443591586,2.3259508183117767,-0.13502161990594352,0.2376660722325905,0.01363892276567924,0.010229192074257654,0.045348134178626154
2026-01-04 18:05:00+00:00,16.157072814147895,16.05839875013946,17.43652655174434,13.077394913808265,2.3673787157334374,0.46638022027075543,0.2810550233118416,0.011540626955575561,0.008655470216679007,0.04142789742166064
2026-01-04 18:10:00+00:00,16.0569483901674,16.29620991314039,17.446291697629825,13.084718773222379,2.3989328024941647,-0.10012442398049615,0.23781116300093075,0.009765145885484827,0.007323859414114509,0.03155408676072735
2026-01-04 18:15:00+00:00,16.293913575882897,16.49745340117792,17.454554513379083,13.090915885034319,2.402459606125794,0.23696518571549774,0.20124348803753023,0.008262815749258579,0.006197111811939493,0.0035268036316291607
2026-01-04 18:20:00+00:00,16.08949210151442,16.747867471784556,17.46154612670538,13.09615959502904,2.42915782562463,-0.2044214743684769,0.25041407060663445,0.00699161332629572,0.005243709994720902,0.026698219498836107
2026-01-04 18:25:00+00:00,15.935264099691928,17.039886340685417,17.467462107212242,13.100596580409187,2.4673806899114776,-0.1542280018224922,0.29201886890086115,0.00591598050686315,0.0044369853801473624,0.038222864286847624
2026-01-04 18:30:00+00:00,15.953993667100919,17.206877996916976,17.4724679368719,13.104350952653927,2.4941662162903713,0.018729567408991343,0.1669916562315592,0.0050058296596589,0.0037543722447406225,0.026785526378893643
2026-01-04 18:35:00+00:00,15.986956381961143,17.42833968093784,17.476703638891607,13.107527729168709,2.5314705104633886,0.03296271486022384,0.22146168402086275,0.004235702019705911,0.00317677651478121,0.03730429417301728
2026-01-04 18:40:00+00:00,15.531478201540518,17.535583635735303,17.480287694446744,13.110215770835062,2.552862364427563,-0.4554781804206254,0.10724395479746462,0.003584055555137411,0.002688041666353058,0.021391853964174423
2026-01-04 18:45:00+00:00,15.222297774939328,17.706430861361955,17.483320356839553,13.112490267629667,2.587471170632297,-0.3091804266011895,0.17084722562665178,0.003032662392808305,0.0022744967946053407,0.034608806204734055
2026-01-04 18:50:00+00:00,14.954805175927964,17.93116187363403,17.485886455787313,13.114414841840487,2.6222709221538247,-0.2674925990113639,0.22473101227207337,0.0025660989477600538,0.0019245742108200403,0.0347997515215277
2026-01-04 18:55:00+00:00,15.516000684930416,18.041153998129797,17.48805777028157,13.116043327711182,2.6368492181420384,0.5611955090024523,0.10999212449576845,0.0021713144942587803,0.0016284858706949734,0.014578295988213696
2026-01-04 19:00:00+00:00,15.192207490406842,18.29446774312981,17.4898950363921,13.117421277294078,2.6667886518600903,-0.32379319452357436,0.253313745000014,0.0018372661105274801,0.00137794958289561,0.029939433718051855
2026-01-04 19:05:00+00:00,15.52125146107535,18.58899043259722,17.491449646177927,13.11858723463345,2.7296296451918853,0.32904397066850777,0.29452268946741,0.0015546097858276653,0.0011659573393725253,0.06284099333179505
2026-01-04 19:10:00+00:00,15.271586646746549,18.462702725855756,17.108149700612092,12.831112275459073,2.710389134392351,-0.24966481432880094,-0.12628770674146494,-0.3832999455658346,-0.2874749591743768,-0.01924051079953415
2026-01-04 19:15:00+00:00,15.568207227037567,18.811478101872456,17.168434362056388,12.876325771542291,2.7822258012397305,0.2966205802910178,0.3487753760167003,0.060284661444296006,0.045213496083217564,0.07183666684737933
2026-01-04 19:20:00+00:00,15.622970402558286,19.106635972339806,17.21944446020156,12.91458334515117,2.855229266189606,0.05476317552071919,0.2951578704673494,0.051010098145173544,0.03825757360887927,0.07300346494987542
2026-01-04 19:25:00+00:00,15.958906486496975,19.356349899068857,17.26260685093978,12.946955138204837,2.91349878782579,0.3359360839386891,0.24971392672905068,0.04316239073821748,0.032371793053666664,0.05826952163618415
2026-01-04 19:30:00+00:00,16.08210874925522,19.56761825204478,17.29912887387212,12.97434665540409,2.9592926696076787,0.12320226275824453,0.2112683529759245,0.03652202293234197,0.027391517199253812,0.04579388178188859
2026-01-04 19:35:00+00:00,15.830171661508231,19.666222044234573,17.330032124045644,12.997524093034231,2.986593099813408,-0.2519370877469882,0.09860379218979176,0.030903250173523134,0.023177437630140574,0.027300430205729143
2026-01-04 19:40:00+00:00,16.024505551616002,19.749680262570635,17.356181028038623,13.017135771028965,3.0309269824151177,0.1943338901077709,0.08345821833606237,0.0261489039929792,0.019611677994733512,0.044333882601709895
2026-01-04 19:45:00+00:00,16.188019736211054,19.740136468665693,17.378307023724986,13.03373026779374,3.0675671323632345,0.1635141845950514,-0.009543793904942532,0.022125995686362643,0.016594496764774647,0.03664014994811682
2026-01-04 19:50:00+00:00,17.11431323473183,19.876275794763686,17.39702902007499,13.04777176505624,3.1302169741717814,0.9262934985207778,0.13613932609799306,0.018721996350002712,0.014041497262500258,0.06264984180854682
2026-01-04 19:55:00+00:00,17.615377950040767,20.071595374374667,17.412870709294218,13.059653031970665,3.219235319518335,0.5010647153089351,0.195319579610981,0.015841689219229238,0.011881266914425481,0.08901834534655384
2026-01-04 20:00:00+00:00,17.594390002285017,20.236864126155773,17.42627521555665,13.069706411667488,3.276542348594219,-0.020987947755749303,0.165268751781106,0.013404506262432392,0.010053379696822518,0.0573070290758837
2026-01-04 20:05:00+00:00,17.80759825986149,20.296603035928065,17.437617490086396,13.078213117564795,3.3162911626142026,0.213208257576472,0.05973890977229246,0.011342274529745566,0.008506705897307398,0.03974881401998376
2026-01-04 20:10:00+00:00,17.702846962295176,20.427268450201755,17.44721479930387,13.085411099477906,3.366265229058473,-0.10475129756631318,0.1306654142736896,0.009597309217475924,0.007197981913110496,0.04997406644427027
2026-01-04 20:15:00+00:00,17.645468473205675,20.53783749597652,17.455335599410965,13.091501699558227,3.409943092021149,-0.05737848908950127,0.110569045774767,0.008120800107093373,0.006090600080321806,0.04367786296267617
2026-01-04 20:20:00+00:00,18.22517108361481,20.71154505832356,17.462207045655433,13.096655284241578,3.462222248552915,0.5797026104091358,0.17370756234703677,0.0068714462444674496,0.005153584683350587,0.052279156531765736
2026-01-04 20:25:00+00:00,18.80034623606133,20.79444464972259,17.46802134632383,13.101016009742873,3.482268069913753,0.5751751524465192,0.08289959139903047,0.0058143006683977205,0.004360725501294738,0.0200458213608381
2026-01-04 20:30:00+00:00,19.275777535700797,20.864722266781303,17.472941139197086,13.104705854397816,3.5210160226186256,0.4754312996394674,0.07027761705871427,0.004919792873256057,0.003689844654942931,0.038747952704872635
2026-01-04 20:35:00+00:00,19.675847218573352,20.84395921532478,17.477104040859075,13.107828030644306,3.53309046139722,0.4000696828725552,-0.02076305145652313,0.004162901661988627,0.0031221762464905822,0.012074438778594487
2026-01-04 20:40:00+00:00,20.019218926068707,20.82645317554469,17.480626496111523,13.110469872083643,3.54787806606752,0.3433717074953542,-0.017506039780091243,0.0035224552524475428,0.0026418414393365452,0.014787604670300158
2026-01-04 20:45:00+00:00,20.32286956161033,20.971848954735215,17.483607035171286,13.112705276378467,3.5817915102816684,0.3036506355416222,0.14539577919052604,0.002980539059763032,0.0022354042948240505,0.033913444214148214
2026-01-04 20:50:00+00:00,20.580622632934706,21.094832761814143,17.48612902976032,13.114596772320242,3.612146115629052,0.25775307132437675,0.12298380707892775,0.002521994589034904,0.0018914959417752897,0.030354605347383767
2026-01-04 20:55:00+00:00,20.785517811825258,21.19888107716137,17.48826302518181,13.116197268886358,3.6458441333479383,0.20489517889055264,0.10404831534722803,0.0021339954214880663,0.0016004965661160497,0.03369801771888614
2026-01-04 21:00:00+00:00,20.961941942815074,21.2067914553948,17.49006871361538,13.117551535211533,3.649110591252034,0.17642413098981535,0.007910378233429327,0.0018056884335706513,0.0013542663251744358,0.003266457904095521
2026-01-04 21:05:00+00:00,20.999427877881896,21.29365086574317,17.491596603828395,13.118697452871297,3.6517286104160527,0.03748593506682241,0.08685941034837086,0.0015278902130155814,0.0011459176597643506,0.0026180191640188255
2026-01-04 21:10:00+00:00,20.12107343042428,20.819960116196693,17.10827404939326,12.831205537044944,3.552887912391906,-0.8783544474576175,-0.4736907495464777,-0.38332255443513574,-0.2874919158263527,-0.09884069802414652
2026-01-04 21:15:00+00:00,19.76235785606496,20.886153193005843,17.168539580255832,12.876404685191877,3.5422080766377784,-0.35871557435931933,0.06619307680914943,0.0602655308625728,0.045199148146933155,-0.010679835754127787
2026-01-04 21:20:00+00:00,19.296237909675344,20.9421404340398,17.219533490985704,12.91465011823928,3.527783383152042,-0.4661199463896146,0.05598724103395725,0.05099391072987203,0.038245433047402244,-0.014424693485736384
2026-01-04 21:25:00+00:00,18.93200427222715,20.989503444187523,17.262682184680212,12.947011638510158,3.5046668301707427,-0.36423363744819426,0.04736301014772337,0.043148693694508466,0.032361520270878685,-0.023116552981299332
2026-01-04 21:30:00+00:00,18.8500411587143,21.02957983738944,17.299192617806334,12.97439446335475,3.5032484874518905,-0.0819631135128489,0.04007639320191814,0.036510433126121455,0.02738282484459198,-0.0014183427188521058
2026-01-04 21:35:00+00:00,18.377689658908967,20.90323422138081,17.330086061220744,12.997564545915559,3.461931608937135,-0.47235149980533464,-0.12634561600863137,0.030893443414409916,0.023170082560808325,-0.04131687851475574
2026-01-04 21:40:00+00:00,18.52450347802836,20.716198187322224,17.35622666718678,13.017170000390088,3.409753948697673,0.1468138191193944,-0.18703603405858615,0.026140605966038066,0.019605454474529438,-0.05217766023946169
2026-01-04 21:45:00+00:00,18.630682370187692,20.55793692773419,17.378345641465735,13.033759231099305,3.370165526825121,0.10617889215933118,-0.15826125958803416,0.022118974278953374,0.016589230709216807,-0.03958842187255218
2026-01-04 21:50:00+00:00,18.421291893376946,20.343895349108415,17.397061696624856,13.047796272468643,3.3192098105500483,-0.2093904768107464,-0.21404157862577478,0.018716055159121225,0.014037041369338255,-0.05095571627507267
2026-01-04 21:55:00+00:00,18.443162338390167,20.1153166782574,17.41289835868257,13.05967376901193,3.2771263447214,0.021870445013220774,-0.22857867085101446,0.015836662057711948,0.011877496543286625,-0.042083465828648414
2026-01-04 22:00:00+00:00,18.312220877227972,19.9236380100105,17.42629861119294,13.06972395839471,3.2468912120218296,-0.13094146116219463,-0.19167866824690094,0.013400252510372468,0.010050189382779351,-0.030235132699570233
2026-01-04 22:05:00+00:00,17.926718301573036,19.69435875885498,17.437637286394025,13.078227964795524,3.2008324105407175,-0.38550257565493595,-0.22927925115551773,0.01133867520108467,0.00850400640081439,-0.04605880148111208
2026-01-04 22:10:00+00:00,18.215921054413396,19.52580940197863,17.447231550025712,13.085423662519288,3.1712744080073096,0.28920275284036023,-0.1685493568763512,0.009594263631687028,0.007195697723764383,-0.0295580025334079
2026-01-04 22:15:00+00:00,18.301781043966418,19.310317228760827,17.45534977309868,13.091512329824013,3.1289274250722325,0.08585998955302188,-0.2154921732178039,0.008118223072965947,0.006088667304725348,-0.042346982935077104
2026-01-04 22:20:00+00:00,18.515557745450504,19.128000231818096,17.46221903877581,13.096664279081857,3.092595713986972,0.21377670148408612,-0.18231699694273118,0.006869265677131864,0.005151949257843569,-0.036331711085260565
2026-01-04 22:25:00+00:00,18.49513223364917,18.97370172254524,17.468031494348764,13.10102362076157,3.0627196729715935,-0.020425511801335006,-0.1542985092728557,0.005812455572954178,0.004359341679712969,-0.02987604101537844
2026-01-04 22:30:00+00:00,17.800576365276463,18.76301044079849,17.472949725987412,13.10471229449056,3.0147891696054434,-0.6945558683727064,-0.210691281746751,0.0049182316386477964,0.0036886737289894,-0.04793050336615012
2026-01-04 22:35:00+00:00,17.530213954705474,18.584726783239745,17.477111306604733,13.107833479953548,2.9682948187949707,-0.2703624105709892,-0.17828365755874387,0.004161580617321192,0.003121185462989118,-0.04649435081047271
2026-01-04 22:40:00+00:00,17.51814882857632,18.433872466892407,17.480632644050157,13.110474483037619,2.9337010160318306,-0.01206512612915489,-0.15085431634733837,0.003521337445423711,0.002641003084070448,-0.03459380276314006
2026-01-04 22:45:00+00:00,17.44060173150509,18.22611422974978,17.48361223727321,13.112709177954908,2.902165598331601,-0.07754709707122842,-0.20775823714262742,0.0029795932230527455,0.002234694917289559,-0.03153541770022983
2026-01-04 22:50:00+00:00,17.41456649550525,18.050369985560614,17.48613343153887,13.114600073654152,2.8722053548601054,-0.02603523599983859,-0.1757442441891648,0.0025211942656611086,0.001890895699244055,-0.029960243471495396
2026-01-04 22:55:00+00:00,17.17422042370472,17.98174986490358,17.48826674976366,13.116200062322743,2.860196192237498,-0.24034607180053058,-0.06862012065703382,0.002133318224789349,0.0015999886685911235,-0.012009162622607317
2026-01-04 23:00:00+00:00,17.30368980778511,17.9236708021252,17.490071865184635,13.117553898888476,2.8501130919613584,0.12946938408038733,-0.058079062778379154,0.0018051154209750564,0.0013538365657321805,-0.010083100276139678
2026-01-04 23:05:00+00:00,17.097555752536127,17.874516319746963,17.491599270540846,13.118699452905634,2.839663244511964,-0.20613405524898099,-0.049154482378238384,0.0015274053562102097,0.0011455540171585454,-0.01044984744939459
2026-01-04 23:10:00+00:00,16.310525546210624,17.059114541617394,16.723660921226866,12.542745690920151,2.7080540585377872,-0.7870302063255039,-0.8154017781295693,-0.7679383493139795,-0.5759537619854829,-0.1316091859741766
2026-01-04 23:15:00+00:00,16.42715538695344,17.142968714701897,16.843097702576582,12.632323276932436,2.7211034607063445,0.11662984074281724,0.08385417308450371,0.11943678134971591,0.08957758601228427,0.013049402168557211
2026-01-04 23:20:00+00:00,16.26707332366968,17.2139222457734,16.94415959448788,12.708119695865905,2.7262727180012245,-0.16008206328375962,0.0709535310715026,0.10106189191129644,0.07579641893346967,0.0051692572948800475
2026-01-04 23:25:00+00:00,16.425701303365276,17.273959848987747,17.029673503028203,12.772255127271153,2.7247398921535053,0.15862797969559495,0.06003760321434726,0.08551390854032448,0.0641354314052478,-0.001532825847719188
2026-01-04 23:30:00+00:00,16.006089033462306,17.24463269273322,17.10203142563925,12.826523569229437,2.6979433419126293,-0.41961226990297007,-0.029327156254527864,0.07235792261104734,0.05426844195828373,-0.026796550240876016
2026-01-04 23:35:00+00:00,15.568620204257384,17.299945611799902,17.163257360156287,12.872443020117217,2.685597266800433,-0.43746882920492247,0.05531291906668301,0.06122593451703651,0.045919450887780044,-0.01234607511219643
2026-01-04 23:40:00+00:00,15.32527191997915,17.346748851010172,17.21506392013224,12.911297940099184,2.6726026509846093,-0.24334828427823396,0.046803239210269965,0.051806559975954514,0.03885491998196677,-0.012994615815823618
2026-01-04 23:45:00+00:00,15.637984158697497,17.3863515918804,17.2589002401119,12.944175180083924,2.670693100202238,0.31271223871834763,0.03960274087022597,0.043836319979657645,0.03287723998474057,-0.0019095507823712055
2026-01-04 23:50:00+00:00,15.954173416226027,17.41986160338598,17.295992510863915,12.971994383147935,2.6716179055600824,0.31618925752852967,0.033510011505580195,0.03709227075201582,0.027819203064010978,0.0009248053578443383
2026-01-04 23:55:00+00:00,16.02628143115794,17.44822066501375,17.327378278423314,12.995533708817485,2.6751891232528067,0.07210801493191354,0.028359061627771354,0.03138576755939937,0.023539325669549527,0.0035712176927242822
2026-01-05 00:00:00+00:00,16.119775122585697,17.392084152447534,17.353935466358188,13.01545159976864,2.684941812947279,0.09349369142775643,-0.05613651256621566,0.026557187934873383,0.019917890951155925,0.009752689694472405
2026-01-05 00:05:00+00:00,16.28057582930574,17.344584026429967,17.376406933072314,13.032305199804235,2.7053567605166555,0.16080070672004254,-0.04750012601756737,0.022471466714126365,0.016853600035593885,0.02041494756937645
2026-01-05 00:10:00+00:00,16.53258436359964,17.2242634069792,17.39542125106119,13.046565938295892,2.7090837310252267,0.2520085342938998,-0.12032061945076578,0.019014317988876428,0.014260738491657321,0.0037269705085711813
2026-01-05 00:15:00+00:00,16.67375835781269,17.202581857187525,17.41151028935947,13.0586327170196,2.715072997207582,0.14117399421305166,-0.021681549791676247,0.016089038298279235,0.012066778723708538,0.005989266182355291
2026-01-05 00:20:00+00:00,16.8254197292829,17.104107725312524,17.425124090996473,13.068843068247356,2.7073583294736543,0.1516613714702082,-0.09847413187500109,0.01361380163700332,0.010210351227755154,-0.007714667733927705
2026-01-05 00:25:00+00:00,16.87817210900313,17.02078345987983,17.436643461612398,13.077482596209299,2.698873020003093,0.05275237972023206,-0.08332426543269378,0.01151937061592534,0.008639527961943116,-0.008485309470561475
2026-01-05 00:30:00+00:00,17.016015960984667,17.03040651733421,17.44639062136434,13.084792966023254,2.6960030833642485,0.13784385198153615,0.009623057454380302,0.009747159751942291,0.00731036981395583,-0.0028699366388442726
2026-01-05 00:35:00+00:00,16.752506835718425,16.958420899282793,17.454638218077516,13.09097866355814,2.675078047493737,-0.2635091252662427,-0.07198561805141779,0.008247596713175653,0.006185697534885293,-0.020925035870511532
2026-01-05 00:40:00+00:00,16.520615792864355,16.897509991700826,17.461616953757897,13.096212715318424,2.6653925091409567,-0.2318910428540697,-0.06091090758196671,0.006978735680380765,0.005234051760284686,-0.009685538352780299
2026-01-05 00:45:00+00:00,16.451004753095248,16.845969992977622,17.467522037795145,13.100641528346358,2.6697152450697823,-0.06961103976910721,-0.051539998723203695,0.0059050840372485425,0.004428813027933742,0.004322735928825594
2026-01-05 00:50:00+00:00,16.16269347593471,16.802359224827217,17.47251864736512,13.104388985523842,2.6822205670505372,-0.2883112771605383,-0.043610768150404766,0.004996609569975163,0.003747457177484037,0.012505321980754935
2026-01-05 00:55:00+00:00,16.019958353777497,16.845586010751237,17.47674654777049,13.107559910827865,2.698300979072947,-0.1427351221572124,0.04322678592401985,0.004227900405368246,0.0031709253040226315,0.016080412022409618
2026-01-05 01:00:00+00:00,15.987315875948925,16.802034316789506,17.480324001959644,13.110243001469733,2.70187438409433,-0.032642477828572325,-0.04355169396173153,0.00357745418915556,0.0026830906418684464,0.003573405021382925
2026-01-05 01:05:00+00:00,16.035218605172584,16.685054678309072,17.483351078581236,13.112513308935927,2.6998154011539146,0.04790272922365979,-0.11697963848043358,0.003027076621592073,0.0022703074661940548,-0.002058982940415177
2026-01-05 01:10:00+00:00,15.806951015551881,16.302189123404375,17.101297066491814,12.825972799868861,2.638792377632632,-0.22826758962070315,-0.3828655549046971,-0.3820540120894229,-0.2865405090670663,-0.06102302352128275
2026-01-05 01:15:00+00:00,15.862901632273502,16.342236950572932,17.16263597933923,12.871976984504421,2.6588819635283176,0.055950616721620605,0.04004782716855715,0.06133891284741466,0.04600418463556011,0.02008958589568577
2026-01-05 01:20:00+00:00,15.485921149068137,16.376123573561713,17.214538136363963,12.910903602272972,2.676121101601829,-0.37698048320536515,0.03388662298878131,0.05190215702473466,0.038926617768551,0.017239138073511295
2026-01-05 01:25:00+00:00,15.621110669598917,16.48492507506504,17.258455346154125,12.943841509615591,2.7048003356066657,0.13518952053077982,0.10880150150332568,0.04391720979016256,0.032937907342619255,0.02867923400483674
2026-01-05 01:30:00+00:00,15.746970216372612,16.576987884029393,17.29561606213041,12.971712046597808,2.7248553534140285,0.12585954677369493,0.09206280896435359,0.037160715976284564,0.027870536982216976,0.02005501780736285
2026-01-05 01:35:00+00:00,15.826748323214977,16.735015389050513,17.32705974487958,12.995294808659683,2.7521214879083495,0.0797781068423653,0.15802750502112062,0.03144368274917042,0.023582762061874263,0.027266134494321026
2026-01-05 01:40:00+00:00,15.863724287384548,16.86873097022223,17.353665937975027,13.015249453481271,2.768160686664503,0.03697596416957083,0.13371558117171745,0.02660619309544643,0.019954644821588374,0.01603919875615345
2026-01-05 01:45:00+00:00,16.107630915387904,17.06200312864958,17.376178870594256,13.03213415294569,2.8052163837253756,0.24390662800335683,0.19327215842734802,0.02251293261922882,0.01688469946441984,0.03705569706087264
2026-01-05 01:50:00+00:00,16.342857574507086,17.30566931398554,17.395228275118217,13.04642120633866,2.867329222935807,0.2352266591191814,0.24366618533596096,0.019049404523961755,0.01428705339296954,0.062112839210431314
2026-01-05 01:55:00+00:00,16.375458180978168,17.431720188756994,17.411347002023103,13.058510251517328,2.9313112205690044,0.03260060647108176,0.1260508747714546,0.01611872690488525,0.01208904517866749,0.06398199763319745
2026-01-05 02:00:00+00:00,16.485170752986235,17.618506826384124,17.424985924788782,13.068739443591586,2.993884226511539,0.10971257200806761,0.18678663762712944,0.01363892276567924,0.010229192074257654,0.06257300594253445
2026-01-05 02:05:00+00:00,16.553696879885116,17.77655756402748,17.43652655174435,13.077394913808265,3.051558182706897,0.06852612689888105,0.1580507376433573,0.011540626955568456,0.008655470216679007,0.05767395619535831
2026-01-05 02:10:00+00:00,16.748327196917074,17.910292297766844,17.44629169762984,13.084718773222379,3.0922765190535126,0.1946303170319581,0.13373473373936307,0.00976514588548838,0.007323859414114509,0.04071833634661548
2026-01-05 02:15:00+00:00,16.59353417189451,18.10358066221297,17.45455451337909,13.090915885034319,3.155111481033585,-0.1547930250225633,0.19328836444612563,0.008262815749251473,0.006197111811939493,0.06283496198007255
2026-01-05 02:20:00+00:00,16.389538216228093,18.18700415007764,17.461546126705386,13.09615959502904,3.1940053934295074,-0.20399595566641793,0.08342348786467113,0.00699161332629572,0.005243709994720902,0.038893912395922214
2026-01-05 02:25:00+00:00,16.303477257308103,18.2575932551939,17.467462107212253,13.100596580409187,3.2158870355566416,-0.08606095891999033,0.07058910511625882,0.005915980506866703,0.0044369853801473624,0.02188164212713417
2026-01-05 02:30:00+00:00,16.067125401958183,18.23719429285638,17.4724679368719,13.104350952653927,3.2402453908890965,-0.23635185534991976,-0.020398962337520032,0.005005829659648242,0.0037543722447406225,0.024358355332454895
2026-01-05 02:35:00+00:00,16.21158284552218,18.212657253873374,17.47670363889161,13.107527729168709,3.245216847763653,0.14445744356399715,-0.024537038983005743,0.004235702019709464,0.00317677651478121,0.00497145687455669
2026-01-05 02:40:00+00:00,16.347213838868573,18.263595714374627,17.480287694446748,13.110215770835062,3.268984524565995,0.13563099334639261,0.0509384605012535,0.003584055555137411,0.002688041666353058,0.02376767680234204
2026-01-05 02:45:00+00:00,16.810794479556428,18.17676153749427,17.483320356839553,13.112490267629667,3.269781541975374,0.4635806406878551,-0.08683417688035888,0.0030326623928047525,0.0022744967946053407,0.0007970174093787641
2026-01-05 02:50:00+00:00,17.00564106550196,18.124350592713412,17.485886455787313,13.114414841840487,3.271463491575502,0.1948465859455304,-0.05241094478085628,0.0025660989477600538,0.0019245742108200403,0.0016819496001279077
2026-01-05 02:55:00+00:00,16.93809224831239,18.124450501526734,17.48805777028157,13.116043327711182,3.292462703583023,-0.06754881718956796,9.990881332200274e-05,0.0021713144942587803,0.0016284858706949734,0.020999212007521084
2026-01-05 03:00:00+00:00,16.78462947813468,18.124535039753393,17.4898950363921,13.117421277294078,3.29275127148418,-0.15346277017771115,8.453822665899224e-05,0.0018372661105274801,0.00137794958289561,0.0002885679011570552
2026-01-05 03:05:00+00:00,16.90078490672865,18.124606572099026,17.491449646177927,13.11858723463345,3.293769283511829,0.1161554285939701,7.15323456326189e-05,0.0015546097858276653,0.0011659573393725253,0.0010180120276488402
2026-01-05 03:10:00+00:00,16.300477949036654,17.726315451116758,17.108149700612092,12.831112275459073,3.219609179483308,-0.6003069576919948,-0.39829112098226815,-0.3832999455658346,-0.2874749591743768,-0.07416010402852091
2026-01-05 03:15:00+00:00,16.14919028463211,17.86777974068854,17.168434362056388,12.876325771542291,3.2386132595764314,-0.15128766440454555,0.1414642895717826,0.060284661444296006,0.045213496083217564,0.019004080093123488
2026-01-05 03:20:00+00:00,16.301972842242897,17.98748029340312,17.21944446020156,12.91458334515117,3.2746023484787252,0.15278255761078796,0.1197005527145798,0.051010098145173544,0.03825757360887927,0.0359890889022938
2026-01-05 03:25:00+00:00,16.823102477692007,18.088765376469308,17.26260685093978,12.946955138204837,3.301563578081554,0.5211296354491104,0.10128508306618755,0.04316239073821748,0.032371793053666664,0.026961229602828762
2026-01-05 03:30:00+00:00,17.49396338727172,18.09433993393557,17.29912887387212,12.97434665540409,3.3097169007933913,0.6708609095797122,0.005574557466260899,0.03652202293234197,0.027391517199253812,0.00815332271183733
2026-01-05 03:35:00+00:00,17.137342264891007,18.25931327743266,17.330032124045644,12.997524093034231,3.3342856219556443,-0.3566211223807123,0.16497334349709192,0.030903250173523134,0.023177437630140574,0.02456872116225295
2026-01-05 03:40:00+00:00,17.20849130183625,18.318777901417384,17.356181028038623,13.017135771028965,3.3167159784649813,0.07114903694524344,0.05946462398472363,0.0261489039929792,0.019611677994733512,-0.017569643490662923
2026-01-05 03:45:00+00:00,17.376293187073035,18.369112837374335,17.378307023724986,13.03373026779374,3.3048851493710814,0.1678018852367842,0.05033493595695049,0.022125995686362643,0.016594496764774647,-0.011830829093899986
2026-01-05 03:50:00+00:00,17.437055300186625,18.491836311883567,17.39702902007499,13.04777176505624,3.31873026276235,0.06076211311359003,0.12272347450923249,0.018721996350002712,0.014041497262500258,0.013845113391268704
2026-01-05 03:55:00+00:00,17.770951849862968,18.675799234926497,17.412870709294218,13.059653031970665,3.3520014424373095,0.33389654967634286,0.18396292304293027,0.015841689219229238,0.011881266914425481,0.033271179674959406
2026-01-05 04:00:00+00:00,17.89919389595957,18.751356297478832,17.42627521555665,13.069706411667488,3.3661273267590532,0.12824204609660228,0.07555706255233474,0.013404506262432392,0.010053379696822518,0.014125884321743776
2026-01-05 04:05:00+00:00,18.031930216551633,18.735130038518967,17.437617490086396,13.078213117564795,3.3418949335792503,0.13273632059206264,-0.016226258959864737,0.011342274529745566,0.008506705897307398,-0.02423239317980297
2026-01-05 04:10:00+00:00,17.96110557329708,18.72140468366523,17.44721479930387,13.085411099477906,3.335307947986407,-0.07082464325455362,-0.013725354853736604,0.009597309217475924,0.007197981913110496,-0.00658698559284332
2026-01-05 04:15:00+00:00,18.02512763073104,18.789907011903367,17.455335599410965,13.091501699558227,3.3327509748514843,0.06402205743395939,0.06850232823813585,0.008120800107093373,0.006090600080321806,-0.0025569731349226466
2026-01-05 04:20:00+00:00,17.99550667833447,18.847870035713107,17.462207045655433,13.096655284241578,3.3209272104776635,-0.029620952396570033,0.05796302380974083,0.0068714462444674496,0.005153584683350587,-0.011823764373820822
2026-01-05 04:25:00+00:00,18.081851276828186,18.816790057755753,17.46802134632383,13.101016009742873,3.2895398830647844,0.08634459849371723,-0.031079977957354288,0.0058143006683977205,0.004360725501294738,-0.031387327412879085
2026-01-05 04:30:00+00:00,18.554789446284108,18.870617228357432,17.472941139197086,13.104705854397816,3.2724740408696977,0.47293816945592226,0.05382717060167863,0.004919792873256057,0.003689844654942931,-0.017065842195086667
2026-01-05 04:35:00+00:00,18.62292373716369,18.91616329578962,17.477104040859075,13.107828030644306,3.249882212124319,0.06813429087958056,0.0455460674321877,0.004162901661988627,0.0031221762464905822,-0.022591828745378795
2026-01-05 04:40:00+00:00,18.802511844012866,18.874574070796346,17.480626496111523,13.110469872083643,3.2280341125093477,0.17958810684917736,-0.04158922499327389,0.0035224552524475428,0.0026418414393365452,-0.02184809961497125
2026-01-05 04:45:00+00:00,18.87531396405113,18.759254982981524,17.483607035171286,13.112705276378467,3.2024086265515526,0.07280212003826492,-0.11531908781482159,0.002980539059763032,0.0022354042948240505,-0.025625485957795124
2026-01-05 04:50:00+00:00,18.804510060022736,18.741805498420263,17.48612902976032,13.114596772320242,3.18419013958302,-0.07080390402839498,-0.017449484561261386,0.002521994589034904,0.0018914959417752897,-0.018218486968532677
2026-01-05 04:55:00+00:00,18.760967708020374,18.727049215528304,17.48826302518181,13.116197268886358,3.169578348754247,-0.043542352002361895,-0.01475628289195896,0.0021339954214880663,0.0016004965661160497,-0.014611790828773064
2026-01-05 05:00:00+00:00,18.646877759071373,18.794695596165752,17.49006871361538,13.117551535211533,3.1664603522971575,-0.11408994894900104,0.06764638063744854,0.0018056884335706513,0.0013542663251744358,-0.0031179964570893226
2026-01-05 05:05:00+00:00,18.3452125437641,18.77186683503117,17.491596603828395,13.118697452871297,3.158529890926605,-0.3016652153072741,-0.02282876113458343,0.0015278902130155814,0.0011459176597643506,-0.007930461370552422
2026-01-05 05:10:00+00:00,18.042451291845932,18.342799161031923,17.10827404939326,12.831205537044944,3.0811672455985524,-0.3027612519181666,-0.4290676739992456,-0.38332255443513574,-0.2874919158263527,-0.0773626453280527
2026-01-05 05:15:00+00:00,17.921298867282207,18.389481391202263,17.168539580255832,12.876404685191877,3.081227840372758,-0.12115242456372499,0.04668223017034023,0.0602655308625728,0.045199148146933155,6.059477420583548e-05
2026-01-05 05:20:00+00:00,17.765135434788043,18.429082251510224,17.219533490985704,12.91465011823928,3.0720630688247255,-0.1561634324941643,0.03960086030796006,0.05099391072987203,0.038245433047402244,-0.009164771548032746
2026-01-05 05:25:00+00:00,17.644807379770178,18.54264759302265,17.262682184680212,12.947011638510158,3.0694659827556596,-0.1203280550178647,0.1135653415124267,0.043148693694508466,0.032361520270878685,-0.002597086069065835
2026-01-05 05:30:00+00:00,17.802790029014275,18.62278147826483,17.299192617806334,12.97439446335475,3.056088805666854,0.15798264924409722,0.08013388524218001,0.036510433126121455,0.02738282484459198,-0.013377177088805592
2026-01-05 05:35:00+00:00,17.642276592602283,18.69053920385702,17.330086061220744,12.997564545915559,3.0463216439828225,-0.16051343641199267,0.06775772559219106,0.030893443414409916,0.023170082560808325,-0.009767161684031578
2026-01-05 05:40:00+00:00,17.563147934801645,18.683833382601332,17.35622666718678,13.017170000390088,3.0171379628111454,-0.07912865780063782,-0.006705821255689415,0.026140605966038066,0.019605454474529438,-0.029183681171677023
2026-01-05 05:45:00+00:00,17.309356890597634,18.67809111444057,17.378345641465735,13.033759231099305,2.994411683647143,-0.2537910442040108,-0.00574226816076262,0.022118974278953374,0.016589230709216807,-0.022726279164002605
2026-01-05 05:50:00+00:00,16.948320463738586,18.75339381568569,17.397061696624856,13.047796272468643,2.988777138806201,-0.361036426859048,0.07530270124512128,0.018716055159121225,0.014037041369338255,-0.005634544840941835
2026-01-05 05:55:00+00:00,16.864204723395005,18.897193888530577,17.41289835868257,13.05967376901193,3.000994536390703,-0.08411574034358082,0.14380007284488627,0.015836662057711948,0.011877496543286625,0.01221739758450191
2026-01-05 06:00:00+00:00,16.96259481753427,19.0189535732205,17.42629861119294,13.06972395839471,3.0256599290399064,0.09839009413926547,0.12175968468992338,0.013400252510372468,0.010050189382779351,0.024665392649203532
2026-01-05 06:05:00+00:00,16.97694499144073,19.121944813730707,17.437637286394025,13.078227964795524,3.0608056942967647,0.014350173906461094,0.1029912405102067,0.01133867520108467,0.00850400640081439,0.03514576525685831
2026-01-05 06:10:00+00:00,17.218589942195102,19.2091304640367,17.447231550025712,13.085423662519288,3.0996434683651146,0.2416449507543703,0.08718565030599379,0.009594263631687028,0.007195697723764383,0.03883777406834987
2026-01-05 06:15:00+00:00,16.91217441134591,19.202659596554376,17.45534977309868,13.091512329824013,3.105827719226243,-0.3064155308491934,-0.006470867482324394,0.008118223072965947,0.006088667304725348,0.006184250861128504
2026-01-05 06:20:00+00:00,16.758498220162487,19.197173965250826,17.46221903877581,13.096664279081857,3.1244629191812274,-0.1536761911834219,-0.005485631303550065,0.006869265677131864,0.005151949257843569,0.018635199954984305
2026-01-05 06:25:00+00:00,16.34071028143886,19.192548302656256,17.468031494348764,13.10102362076157,3.1333346731770937,-0.4177879387236274,-0.004625662594570201,0.005812455572954178,0.004359341679712969,0.00887175399586626
2026-01-05 06:30:00+00:00,16.46113451037946,19.028358065469902,17.472949725987412,13.10471229449056,3.099994974841272,0.12042422894059968,-0.16419023718635373,0.0049182316386477964,0.0036886737289894,-0.033339698335821844
2026-01-05 06:35:00+00:00,16.64900357166343,18.88944864248631,17.477111306604733,13.107833479953548,3.0541006952867367,0.18786906128397263,-0.1389094229835912,0.004161580617321192,0.003121185462989118,-0.04589427955453518
2026-01-05 06:40:00+00:00,16.442375603264132,18.85201015406485,17.480632644050157,13.110474483037619,3.0334584401265565,-0.20662796839929953,-0.03743848842146136,0.003521337445423711,0.002641003084070448,-0.020642255160180145
2026-01-05 06:45:00+00:00,16.60611603038004,18.820320378684215,17.48361223727321,13.112709177954908,3.01608181700904,0.16374042711590775,-0.031689775380634444,0.0029795932230527455,0.002234694917289559,-0.01737662311751631
2026-01-05 06:50:00+00:00,16.755659130664377,18.793532368091622,17.48613343153887,13.114600073654152,3.002446097306288,0.14954310028433682,-0.02678801059259328,0.0025211942656611086,0.001890895699244055,-0.013635719702752347
2026-01-05 06:55:00+00:00,16.99441179379996,18.770814488569986,17.48826674976366,13.116200062322743,2.9941172310288207,0.23875266313558186,-0.022717879521636064,0.002133318224789349,0.0015999886685911235,-0.008328866277467206
2026-01-05 07:00:00+00:00,16.980136465461747,18.83172142207064,17.490071865184635,13.117553898888476,3.015153083385453,-0.014275328338211324,0.06090693350065379,0.0018051154209750564,0.0013538365657321805,0.0210358523566323
2026-01-05 07:05:00+00:00,16.722411387341,18.963383461055756,17.491599270540846,13.118699452905634,3.043794770240088,-0.2577250781207461,0.13166203898511597,0.0015274053562102097,0.0011455540171585454,0.028641686854634862
2026-01-05 07:10:00+00:00,15.746466241599041,18.209404158132795,16.723660921226866,12.542745690920151,2.924283839185173,-0.9759451457419601,-0.7539793029229607,-0.7679383493139795,-0.5759537619854829,-0.11951093105491495
2026-01-05 07:15:00+00:00,15.526519617259716,18.436806552058602,16.843097702576582,12.632323276932436,2.9626304460765063,-0.21994662433932533,0.2274023939258072,0.11943678134971591,0.08957758601228427,0.0383466068913334
2026-01-05 07:20:00+00:00,15.023843172842888,18.709371485012554,16.94415959448788,12.708119695865905,3.000679597534596,-0.5026764444168279,0.27256493295395146,0.10106189191129644,0.07579641893346967,0.038049151458089625
2026-01-05 07:25:00+00:00,14.88258387440871,18.939989421680924,17.029673503028203,12.772255127271153,3.0225053777580464,-0.1412592984341785,0.23061793666837005,0.08551390854032448,0.0641354314052478,0.021825780223450497
2026-01-05 07:30:00+00:00,14.79575696101258,19.135123562768968,17.10203142563925,12.826523569229437,3.049793885476536,-0.0868269133961288,0.19513414108804383,0.07235792261104734,0.05426844195828373,0.027288507718489452
2026-01-05 07:35:00+00:00,15.237239581560019,19.3002425293044,17.163257360156287,12.872443020117217,3.068569996721968,0.44148262054743803,0.1651189665354309,0.06122593451703651,0.045919450887780044,0.018776111245432325
2026-01-05 07:40:00+00:00,15.393159857364957,19.439949981879174,17.21506392013224,12.911297940099184,3.080583610996645,0.15592027580493806,0.13970745257477546,0.051806559975954514,0.03885491998196677,0.012013614274676954
2026-01-05 07:45:00+00:00,15.547772280021562,19.47803847567187,17.2589002401119,12.944175180083924,3.073056343601294,0.15461242265660502,0.03808849379269574,0.043836319979657645,0.03287723998474057,-0.007527267395351256
2026-01-05 07:50:00+00:00,15.388695905487449,19.51027885145637,17.295992510863915,12.971994383147935,3.071754807564489,-0.15907637453411283,0.03224037578450023,0.03709227075201582,0.027819203064010978,-0.00130153603680494
2026-01-05 07:55:00+00:00,15.696873386825079,19.457427860961495,17.327378278423314,12.995533708817485,3.0646937935858705,0.3081774813376299,-0.05285099049487485,0.03138576755939937,0.023539325669549527,-0.007061013978618469
2026-01-05 08:00:00+00:00,15.686900131632289,19.41269536953152,17.353935466358188,13.01545159976864,3.0764610919858706,-0.00997325519279002,-0.044732491429975596,0.026557187934873383,0.019917890951155925,0.011767298400000126
2026-01-05 08:05:00+00:00,15.737439079870269,19.2947165947318,17.376406933072314,13.032305199804235,3.0766200045822774,0.05053894823798011,-0.1179787747997203,0.022471466714126365,0.016853600035593885,0.00015891259640676836
2026-01-05 08:10:00+00:00,15.922985705848525,19.27213156622336,17.39542125106119,13.046565938295892,3.077985121772263,0.18554662597825633,-0.022585028508437688,0.019014317988876428,0.014260738491657321,0.001365117189985554
2026-01-05 08:15:00+00:00,16.076091304053904,19.144118306771915,17.41151028935947,13.0586327170196,3.0795969007997095,0.1531055982053786,-0.12801325945144626,0.016089038298279235,0.012066778723708538,0.0016117790274465804
2026-01-05 08:20:00+00:00,16.50357026472196,18.931069219637095,17.425124090996473,13.068843068247356,3.069004947063236,0.4274789606680578,-0.21304908713482007,0.01361380163700332,0.010210351227755154,-0.010591953736473592
2026-01-05 08:25:00+00:00,16.743515530804952,18.76773561595838,17.436643461612398,13.077482596209299,3.0602235216707596,0.23994526608299083,-0.16333360367871563,0.01151937061592534,0.008639527961943116,-0.008781425392476283
2026-01-05 08:30:00+00:00,16.756751919232656,18.67800117078707,17.44639062136434,13.084792966023254,3.0680119355495687,0.01323638842770336,-0.08973444517130957,0.009747159751942291,0.00731036981395583,0.007788413878809131
2026-01-05 08:35:00+00:00,16.776915987912705,18.666673267640885,17.454638218077516,13.09097866355814,3.08173220163928,0.020164068680049496,-0.011327903146185037,0.008247596713175653,0.006185697534885293,0.01372026608971133
2026-01-05 08:40:00+00:00,16.69603653442425,18.631828566628755,17.461616953757897,13.096212715318424,3.0989196462405832,-0.08087945348845693,-0.034844701012129775,0.006978735680380765,0.005234051760284686,0.01718744460130317
2026-01-05 08:45:00+00:00,17.198688070647812,18.652111651505827,17.467522037795145,13.100641528346358,3.1292122602268204,0.5026515362235635,0.020283084877071644,0.0059050840372485425,0.004428813027933742,0.03029261398623717
2026-01-05 08:50:00+00:00,16.876514415693116,18.7432558653859,17.47251864736512,13.104388985523842,3.1699239587620553,-0.3221736549546961,0.09114421388007443,0.004996609569975163,0.003747457177484037,0.04071169853523493
2026-01-05 08:55:00+00:00,17.29549426717194,18.802901139206565,17.47674654777049,13.107559910827865,3.2052625994359283,0.41897985147882366,0.05964527382066365,0.004227900405368246,0.0031709253040226315,0.035338640673872934
2026-01-05 09:00:00+00:00,17.147333383005243,18.939025129951283,17.480324001959644,13.110243001469733,3.2508084142549283,-0.14816088416669615,0.13612399074471782,0.00357745418915556,0.0026830906418684464,0.045545814819
2026-01-05 09:05:00+00:00,17.604178237265575,18.976856358109774,17.483351078581236,13.112513308935927,3.257963685455993,0.45684485426033206,0.037831228158491825,0.003027076621592073,0.0022703074661940548,0.007155271201064739
2026-01-05 09:10:00+00:00,17.232258825587067,18.653550260510514,17.101297066491814,12.825972799868861,3.2113938103842687,-0.3719194116785083,-0.32330609759926077,-0.3820540120894229,-0.2865405090670663,-0.046569875071724276
2026-01-05 09:15:00+00:00,17.112261122018374,18.812634537350707,17.16263597933923,12.871976984504421,3.2452509095781816,-0.11999770356869277,0.15908427684019344,0.06133891284741466,0.04600418463556011,0.03385709919391289
2026-01-05 09:20:00+00:00,16.892053887474344,18.947231439758657,17.214538136363963,12.910903602272972,3.300773278209935,-0.22020723454403068,0.13459690240794941,0.05190215702473466,0.038926617768551,0.055522368631753416
2026-01-05 09:25:00+00:00,16.942741988868487,19.06114030136108,17.258455346154125,12.943841509615591,3.3530892066657403,0.050688101394143814,0.11390886160242175,0.04391720979016256,0.032937907342619255,0.05231592845580524
2026-01-05 09:30:00+00:00,17.325303687046983,19.237679870270046,17.29561606213041,12.971712046597808,3.414438772361678,0.3825616981784954,0.17653956890896794,0.037160715976284564,0.027870536982216976,0.061349565695937525
2026-01-05 09:35:00+00:00,17.290907893443517,19.306922028738636,17.32705974487958,12.995294808659683,3.4413724286098284,-0.03439579360346556,0.06924215846859028,0.03144368274917042,0.023582762061874263,0.026933656248150584
2026-01-05 09:40:00+00:00,17.754574998709266,19.52578854831083,17.353665937975027,13.015249453481271,3.5016600934080326,0.46366710526574906,0.21886651957219527,0.02660619309544643,0.019954644821588374,0.060287664798204244
2026-01-05 09:45:00+00:00,17.01715051666659,19.63082047114504,17.376178870594256,13.03213415294569,3.53045745325372,-0.7374244820426767,0.10503192283420759,0.02251293261922882,0.01688469946441984,0.02879735984568743
2026-01-05 09:50:00+00:00,17.45506658091555,19.719729338238935,17.395228275118217,13.04642120633866,3.553814156415698,0.43791606424895946,0.08890886709389534,0.019049404523961755,0.01428705339296954,0.023356703161978132
2026-01-05 09:55:00+00:00,17.409418824853898,19.63466113375299,17.411347002023103,13.058510251517328,3.533698977288834,-0.04564775606165128,-0.0850682044859461,0.01611872690488525,0.01208904517866749,-0.020115179126864113
2026-01-05 10:00:00+00:00,17.2219547818898,19.642820974660488,17.424985924788782,13.068739443591586,3.541070198785082,-0.18746404296409835,0.008159840907499216,0.01363892276567924,0.010229192074257654,0.007371221496248026
2026-01-05 10:05:00+00:00,16.91462165946372,19.713841417148465,17.43652655174435,13.077394913808265,3.5592874733119917,-0.3073331224260798,0.07102044248797768,0.011540626955568456,0.008655470216679007,0.018217274526909577
2026-01-05 10:10:00+00:00,16.902355823703246,19.774037601994912,17.44629169762984,13.084718773222379,3.574554354263076,-0.012265835760473465,0.060196184846446954,0.00976514588548838,0.007323859414114509,0.015266880951084527
2026-01-05 10:15:00+00:00,16.911553417783974,19.824943425341242,17.45455451337909,13.090915885034319,3.5840216039724546,0.009197594080728067,0.05090582334632998,0.008262815749251473,0.006197111811939493,0.0094672497093784
2026-01-05 10:20:00+00:00,16.465039754774335,19.867973192654112,17.461546126705386,13.09615959502904,3.582889016676869,-0.44651366300963957,0.04302976731286989,0.00699161332629572,0.005243709994720902,-0.0011325872955856298
2026-01-05 10:25:00+00:00,16.868203435618934,19.984462906233492,17.467462107212253,13.100596580409187,3.5902208421608295,0.4031636808445995,0.1164897135793801,0.005915980506866703,0.0044369853801473624,0.007331825483960497
2026-01-05 10:30:00+00:00,17.11637743589328,20.163144983903514,17.4724679368719,13.104350952653927,3.618625804814963,0.24817400027434644,0.17868207767002176,0.005005829659648242,0.0037543722447406225,0.028404962654133392
2026-01-05 10:35:00+00:00,17.31896616823291,20.250264450491233,17.47670363889161,13.107527729168709,3.6167480760792508,0.20258873233963115,0.08711946658771907,0.004235702019709464,0.00317677651478121,-0.0018777287357121253
2026-01-05 10:40:00+00:00,16.89115721000685,20.32395090220148,17.480287694446748,13.110215770835062,3.6173673711370684,-0.4278089582260627,0.07368645171024824,0.003584055555137411,0.002688041666353058,0.0006192950578176593
2026-01-05 10:45:00+00:00,16.915087291007133,20.466419994170487,17.483320356839553,13.112490267629667,3.6468719897753012,0.02393008100028382,0.14246909196900504,0.0030326623928047525,0.0022744967946053407,0.029504618638232838
2026-01-05 10:50:00+00:00,17.163964901438824,20.426714354041692,17.485886455787313,13.114414841840487,3.6270125927726604,0.2488776104316912,-0.03970564012879407,0.0025660989477600538,0.0019245742108200403,-0.019859397002640833
2026-01-05 10:55:00+00:00,16.9501537992236,20.39311727393271,17.48805777028157,13.116043327711182,3.6188108367541303,-0.21381110221522448,-0.03359708010898288,0.0021713144942587803,0.0016284858706949734,-0.008201756018530126
2026-01-05 11:00:00+00:00,17.086102306018443,20.284560770250756,17.4898950363921,13.117421277294078,3.5949734317599753,0.13594850679484338,-0.10855650368195313,0.0018372661105274801,0.00137794958289561,-0.023837404994154987
2026-01-05 11:05:00+00:00,17.19182288584409,20.192705267135256,17.491449646177927,13.11858723463345,3.5827742653810293,0.10572057982564687,-0.09185550311550017,0.0015546097858276653,0.0011659573393725253,-0.012199166378946025
2026-01-05 11:10:00+00:00,16.896357047739528,19.590581353510768,17.108149700612092,12.831112275459073,3.478594449002254,-0.29546583810456184,-0.6021239136244887,-0.3832999455658346,-0.2874749591743768,-0.10417981637877549
2026-01-05 11:15:00+00:00,16.879192359405852,19.490607423253987,17.168434362056388,12.876325771542291,3.4682069546754164,-0.01716468833367557,-0.09997393025678036,0.060284661444296006,0.045213496083217564,-0.010387494326837388
2026-01-05 11:20:00+00:00,17.570533240778335,19.329047479177675,17.21944446020156,12.91458334515117,3.429628618692029,0.6913408813724828,-0.1615599440763127,0.051010098145173544,0.03825757360887927,-0.03857833598338756
2026-01-05 11:25:00+00:00,18.124309836334785,19.21217484929107,17.26260685093978,12.946955138204837,3.3934146098598044,0.5537765955564495,-0.11687262988660407,0.04316239073821748,0.032371793053666664,-0.036214008832224476
2026-01-05 11:30:00+00:00,18.107698355462432,19.190259027100435,17.29912887387212,12.97434665540409,3.383030048833315,-0.016611480872352757,-0.02191582219063548,0.03652202293234197,0.027391517199253812,-0.010384561026489436
2026-01-05 11:35:00+00:00,18.66003826487476,19.225781738016806,17.330032124045644,12.997524093034231,3.392451379448362,0.5523399094123285,0.03552271091637138,0.030903250173523134,0.023177437630140574,0.009421330615047019
2026-01-05 11:40:00+00:00,18.624749269911526,19.244447483506427,17.356181028038623,13.017135771028965,3.385411448927693,-0.0352889949632349,0.018665745489620633,0.0261489039929792,0.019611677994733512,-0.007039930520668758
2026-01-05 11:45:00+00:00,18.497289617255554,19.255802509592193,17.378307023724986,13.03373026779374,3.3825237808410766,-0.12745965265597192,0.01135502608576644,0.022125995686362643,0.016594496764774647,-0.002887668086616557
2026-01-05 11:50:00+00:00,18.413584154313863,19.29260966724632,17.39702902007499,13.04777176505624,3.3746965377083438,-0.08370546294169046,0.036807157654127565,0.018721996350002712,0.014041497262500258,-0.007827243132732864
2026-01-05 11:55:00+00:00,18.18677901241185,19.353385704352696,17.412870709294218,13.059653031970665,3.376911659091963,-0.2268051419020125,0.06077603710637547,0.015841689219229238,0.011881266914425481,0.002215121383619234
2026-01-05 12:00:00+00:00,17.689063320696274,19.404816177032455,17.42627521555665,13.069706411667488,3.3798958502789818,-0.4977156917155767,0.05143047267975831,0.013404506262432392,0.010053379696822518,0.0029841911870187587
2026-01-05 12:05:00+00:00,17.706869251385847,19.448329460330584,17.437617490086396,13.078213117564795,3.395908329656388,0.01780593068957259,0.04351328329812887,0.011342274529745566,0.008506705897307398,0.01601247937740613
2026-01-05 12:10:00+00:00,17.944346024154648,19.485216242504553,17.44721479930387,13.085411099477906,3.416098606890884,0.23747677276880097,0.036886782173969124,0.009597309217475924,0.007197981913110496,0.02019027723449618
2026-01-05 12:15:00+00:00,17.86705044626969,19.596492592151694,17.455335599410965,13.091501699558227,3.433280365463826,-0.07729557788495711,0.11127634964714161,0.008120800107093373,0.006090600080321806,0.01718175857294213
2026-01-05 12:20:00+00:00,17.99935939062578,19.69062831048078,17.462207045655433,13.096655284241578,3.4686367398307194,0.1323089443560903,0.09413571832908474,0.0068714462444674496,0.005153584683350587,0.035356374366893206
2026-01-05 12:25:00+00:00,18.26860886291573,19.770275237073477,17.46802134632383,13.101016009742873,3.4907475042222518,0.26924947228994967,0.07964692659269801,0.0058143006683977205,0.004360725501294738,0.022110764391532367
2026-01-05 12:30:00+00:00,17.833924189484804,19.98189955957499,17.472941139197086,13.104705854397816,3.5299071877623556,-0.434684673430926,0.21162432250151397,0.004919792873256057,0.003689844654942931,0.039159683540103796
2026-01-05 12:35:00+00:00,17.769206045453544,20.080838088871143,17.477104040859075,13.107828030644306,3.522988079373337,-0.06471814403126075,0.09893852929615221,0.004162901661988627,0.0031221762464905822,-0.006919108389018547
2026-01-05 12:40:00+00:00,18.04712413775248,20.16455530596789,17.480626496111523,13.110469872083643,3.519655215012119,0.27791809229893616,0.08371721709674773,0.0035224552524475428,0.0026418414393365452,-0.0033328643612180464
2026-01-05 12:45:00+00:00,18.06046537414401,20.315521156331805,17.483607035171286,13.112705276378467,3.534800596587511,0.013341236391529065,0.15096585036391375,0.002980539059763032,0.0022354042948240505,0.015145381575392136
2026-01-05 12:50:00+00:00,18.086303066889215,20.443261491255114,17.48612902976032,13.114596772320242,3.5387254398146406,0.025837692745206198,0.12774033492330972,0.002521994589034904,0.0018914959417752897,0.003924843227129493
2026-01-05 12:55:00+00:00,18.29690095579993,20.47122126183125,17.48826302518181,13.116197268886358,3.523958550916795,0.21059788891071562,0.027959770576135412,0.0021339954214880663,0.0016004965661160497,-0.014766888897845387
2026-01-05 13:00:00+00:00,18.44658456313294,20.494879529241828,17.49006871361538,13.117551535211533,3.5174847206724422,0.14968360733301012,0.023658267410578304,0.0018056884335706513,0.0013542663251744358,-0.006473830244352996
2026-01-05 13:05:00+00:00,18.0111366777731,20.514898134542154,17.491596603828395,13.118697452871297,3.5070227468473956,-0.43544788535984225,0.02001860530032573,0.0015278902130155814,0.0011459176597643506,-0.010461973825046655
2026-01-05 13:10:00+00:00,17.800163246020297,20.009858861096106,17.10827404939326,12.831205537044944,3.4243536629356117,-0.2109734317528016,-0.505039273446048,-0.38332255443513574,-0.2874919158263527,-0.08266908391178385
2026-01-05 13:15:00+00:00,17.64552293946223,20.02436775426081,17.168539580255832,12.876404685191877,3.434757850595088,-0.15464030655806837,0.014508893164702386,0.0602655308625728,0.045199148146933155,0.01040418765947626
2026-01-05 13:20:00+00:00,17.49052647659106,20.036644510015556,17.219533490985704,12.91465011823928,3.4448515110492854,-0.15499646287116775,0.012276755754747626,0.05099391072987203,0.038245433047402244,0.010093660454197462
2026-01-05 13:25:00+00:00,17.684790222427058,19.982929970013164,17.262682184680212,12.947011638510158,3.4273097140634374,0.19426374583599682,-0.0537145400023924,0.043148693694508466,0.032361520270878685,-0.017541796985848013
2026-01-05 13:30:00+00:00,17.69099313546236,19.93747920539575,17.299192617806334,12.97439446335475,3.4310836038555688,0.006202913035302515,-0.0454507646174136,0.036510433126121455,0.02738282484459198,0.0037738897921313352
2026-01-05 13:35:00+00:00,17.404362518766693,19.899020866104095,17.330086061220744,12.997564545915559,3.440764952162311,-0.2866306166956676,-0.03845833929165465,0.030893443414409916,0.023170082560808325,0.009681348306742166
2026-01-05 13:40:00+00:00,17.485861823146433,19.866479194395772,17.35622666718678,13.017170000390088,3.4489737079418386,0.08149930437974007,-0.032541671708322895,0.026140605966038066,0.019605454474529438,0.008208755779527621
2026-01-05 13:45:00+00:00,17.613368995690216,19.919072138847703,17.378345641465735,13.033759231099305,3.459674049410121,0.1275071725437833,0.052592944451930634,0.022118974278953374,0.016589230709216807,0.01070034146828247
2026-01-05 13:50:00+00:00,17.936620659638994,19.8834476746665,17.397061696624856,13.047796272468643,3.4608226988449697,0.3232516639487777,-0.03562446418120402,0.018716055159121225,0.014037041369338255,0.0011486494348487142
2026-01-05 13:55:00+00:00,18.090051380562475,19.933448085272275,17.41289835868257,13.05967376901193,3.465298530692039,0.1534307209234811,0.05000041060577587,0.015836662057711948,0.011877496543286625,0.004475831847069234
2026-01-05 14:00:00+00:00,18.55829058252421,19.975754669124377,17.42629861119294,13.06972395839471,3.4867251415268252,0.46823920196173674,0.04230658385210262,0.013400252510372468,0.010050189382779351,0.021426610834786253
2026-01-05 14:05:00+00:00,19.048277623545957,20.091741768964724,17.437637286394025,13.078227964795524,3.5175578875179268,0.4899870410217453,0.11598709984034627,0.01133867520108467,0.00850400640081439,0.03083274599110153
2026-01-05 14:10:00+00:00,19.32788007409531,20.02966484289185,17.447231550025712,13.085423662519288,3.5089386302511336,0.27960245054935484,-0.06207692607287285,0.009594263631687028,0.007195697723764383,-0.008619257266793134
2026-01-05 14:15:00+00:00,19.75637052190097,20.05718034316026,17.45534977309868,13.091512329824013,3.5138234087911053,0.4284904478056575,0.027515500268410875,0.008118223072965947,0.006088667304725348,0.0048847785399717125
2026-01-05 14:20:00+00:00,20.09520455906208,20.08047955524045,17.46221903877581,13.096664279081857,3.541846074442672,0.33883403716111005,0.02329921208018959,0.006869265677131864,0.005151949257843569,0.028022665651566747
2026-01-05 14:25:00+00:00,20.18002275997064,20.02005457693799,17.468031494348764,13.10102362076157,3.543321761268143,0.08481820090856118,-0.06042497830246063,0.005812455572954178,0.004359341679712969,0.0014756868254708344
2026-01-05 14:30:00+00:00,20.481156771200588,19.960224405278602,17.472949725987412,13.10471229449056,3.547465366360788,0.3011340112299479,-0.05983017165938875,0.0049182316386477964,0.0036886737289894,0.004143605092644886
2026-01-05 14:35:00+00:00,20.513624208572228,19.91850114671335,17.477111306604733,13.107833479953548,3.560605401338986,0.03246743737163982,-0.04172325856525205,0.004161580617321192,0.003121185462989118,0.013140034978198045
2026-01-05 14:40:00+00:00,20.561920157082376,19.88301317833302,17.480632644050157,13.110474483037619,3.577466002923858,0.04829594851014818,-0.035487968380330415,0.003521337445423711,0.002641003084070448,0.016860601584872015
2026-01-05 14:45:00+00:00,20.6068155847935,19.852954453213407,17.48361223727321,13.112709177954908,3.598185981311064,0.044895427711125535,-0.030058725119612717,0.0029795932230527455,0.002234694917289559,0.020719978387206073
2026-01-05 14:50:00+00:00,20.630010045401647,19.747480133887173,17.48613343153887,13.114600073654152,3.5959998112818887,0.023194460608145562,-0.10547431932623397,0.0025211942656611086,0.001890895699244055,-0.002186170029175205
2026-01-05 14:55:00+00:00,20.650962906876767,19.65827035305261,17.48826674976366,13.116200062322743,3.606970072287683,0.020952861475119988,-0.08920978083456177,0.002133318224789349,0.0015999886685911235,0.010970261005794235
2026-01-05 15:00:00+00:00,20.406760991589792,19.50264096970595,17.490071865184635,13.117553898888476,3.60255145046596,-0.24420191528697544,-0.15562938334666043,0.0018051154209750564,0.0013538365657321805,-0.004418621821722812
2026-01-05 15:05:00+00:00,20.0011053506889,19.371036136072803,17.491599270540846,13.118699452905634,3.5657651283035876,-0.4056556409008927,-0.13160483363314768,0.0015274053562102097,0.0011455540171585454,-0.03678632216237254
2026-01-05 15:10:00+00:00,19.07171449980923,18.44019853929739,16.723660921226866,12.542745690920151,3.3911981358745473,-0.9293908508796704,-0.9308375967754117,-0.7679383493139795,-0.5759537619854829,-0.17456699242904028
2026-01-05 15:15:00+00:00,19.27978475120124,18.472193526226945,16.843097702576582,12.632323276932436,3.3839713715848996,0.2080702513920123,0.03199498692955416,0.11943678134971591,0.08957758601228427,-0.007226764289647747
2026-01-05 15:20:00+00:00,19.178147137159797,18.499133082400274,16.94415959448788,12.708119695865905,3.381057358285572,-0.10163761404144367,0.026939556173328327,0.10106189191129644,0.07579641893346967,-0.0029140132993275003
2026-01-05 15:25:00+00:00,19.01471502474207,18.52181281403875,17.029673503028203,12.772255127271153,3.3756619281822577,-0.16343211241772693,0.02267973163847614,0.08551390854032448,0.0641354314052478,-0.005395430103314336
2026-01-05 15:30:00+00:00,18.741892956860355,18.540941707461457,17.10203142563925,12.826523569229437,3.379292632470602,-0.2728220678817159,0.01912889342270674,0.07235792261104734,0.05426844195828373,0.003630704288344333
2026-01-05 15:35:00+00:00,18.786946691569163,18.63733917438027,17.163257360156287,12.872443020117217,3.3920079882388676,0.04505373470880869,0.09639746691881257,0.06122593451703651,0.045919450887780044,0.012715355768265546
2026-01-05 15:40:00+00:00,18.52135122284691,18.71884004441456,17.21506392013224,12.911297940099184,3.4032150905001153,-0.26559546872225326,0.08150087003429007,0.051806559975954514,0.03885491998196677,0.011207102261247659
2026-01-05 15:45:00+00:00,18.578058191761308,18.867905584712002,17.2589002401119,12.944175180083924,3.4332962382486722,0.05670696891439775,0.14906554029744257,0.043836319979657645,0.03287723998474057,0.03008114774855697
2026-01-05 15:50:00+00:00,18.623731093979252,18.99404881711663,17.295992510863915,12.971994383147935,3.4571006275220095,0.04567290221794451,0.12614323240462966,0.03709227075201582,0.027819203064010978,0.02380438927333728
2026-01-05 15:55:00+00:00,18.715439143071826,19.18092317422721,17.327378278423314,12.995533708817485,3.4851952484782966,0.09170804909257413,0.18687435711057887,0.03138576755939937,0.023539325669549527,0.02809462095628712
2026-01-05 16:00:00+00:00,19.23802881646176,19.339049240678648,17.353935466358188,13.01545159976864,3.524621851984687,0.522589673389934,0.15812606645143745,0.026557187934873383,0.019917890951155925,0.03942660350639038
2026-01-05 16:05:00+00:00,19.16296952608963,19.473019561191812,17.376406933072314,13.032305199804235,3.5728792311921707,-0.07505929037213122,0.13397032051316415,0.022471466714126365,0.016853600035593885,0.04825737920748363
2026-01-05 16:10:00+00:00,18.996340820036053,19.586247186608805,17.39542125106119,13.046565938295892,3.6020443498753285,-0.16662870605357583,0.11322762541699305,0.019014317988876428,0.014260738491657321,0.029165118683157853
2026-01-05 16:15:00+00:00,18.707901408213804,19.682027647353166,17.41151028935947,13.0586327170196,3.62568265122098,-0.2884394118222495,0.0957804607443613,0.016089038298279235,0.012066778723708538,0.02363830134565159
2026-01-05 16:20:00+00:00,18.669789601816266,19.763126308474806,17.425124090996473,13.068843068247356,3.644455969951901,-0.03811180639753786,0.08109866112163999,0.01361380163700332,0.010210351227755154,0.018773318730920696
2026-01-05 16:25:00+00:00,18.59659802901906,19.831763793124015,17.436643461612398,13.077482596209299,3.65657991702153,-0.07319157279720656,0.0686374846492086,0.01151937061592534,0.008639527961943116,0.01212394706962927
2026-01-05 16:30:00+00:00,18.642872923698363,19.889798608354052,17.44639062136434,13.084792966023254,3.672529236076842,0.04627489467930346,0.058034815230037395,0.009747159751942291,0.00731036981395583,0.01594931905531194
2026-01-05 16:35:00+00:00,18.886170590549455,20.018989450103643,17.454638218077516,13.09097866355814,3.69273803687732,0.24329766685109178,0.1291908417495904,0.008247596713175653,0.006185697534885293,0.020208800800478155
2026-01-05 16:40:00+00:00,18.61869590077112,20.048164207054104,17.461616953757897,13.096212715318424,3.6826793358650325,-0.2674746897783358,0.02917475695046079,0.006978735680380765,0.005234051760284686,-0.010058701012287674
2026-01-05 16:45:00+00:00,18.011623822404047,20.072809742609845,17.467522037795145,13.100641528346358,3.68747132829105,-0.6070720783670716,0.02464553555574156,0.0059050840372485425,0.004428813027933742,0.004791992426017355
2026-01-05 16:50:00+00:00,17.780908801207485,20.253942026533842,17.47251864736512,13.104388985523842,3.7199682471756867,-0.23071502119656273,0.18113228392399705,0.004996609569975163,0.003747457177484037,0.032496918884636905
2026-01-05 16:55:00+00:00,17.197677385889,20.407213164504732,17.47674654777049,13.107559910827865,3.7501964970245694,-0.5832314153184832,0.15327113797088998,0.004227900405368246,0.0031709253040226315,0.030228249848882616
2026-01-05 17:00:00+00:00,17.469742851017315,20.617004727169668,17.480324001959644,13.110243001469733,3.805146283427554,0.2720654651283141,0.20979156266493604,0.00357745418915556,0.0026830906418684464,0.054949786402984646
2026-01-05 17:05:00+00:00,17.33217940298569,20.87464502555382,17.483351078581236,13.112513308935927,3.8652605552593466,-0.13756344803162435,0.25764029838415325,0.003027076621592073,0.0022703074661940548,0.06011427183179263
2026-01-05 17:10:00+00:00,16.74845926207942,20.602721615029058,17.101297066491814,12.825972799868861,3.8301177513885247,-0.5837201409062693,-0.27192341052476365,-0.3820540120894229,-0.2865405090670663,-0.035142803870821915
2026-01-05 17:15:00+00:00,16.41118934170521,20.782431110152793,17.16263597933923,12.871976984504421,3.8889916868563157,-0.33726992037421155,0.1797094951237348,0.06133891284741466,0.04600418463556011,0.05887393546779096
2026-01-05 17:20:00+00:00,16.228904691431886,20.934492990642106,17.214538136363963,12.910903602272972,3.923370429362209,-0.1822846502733242,0.15206188048931324,0.05190215702473466,0.038926617768551,0.034378742505893456
2026-01-05 17:25:00+00:00,16.106801294255522,21.063160735671524,17.258455346154125,12.943841509615591,3.9516798102196193,-0.12210339717636387,0.1286677450294178,0.04391720979016256,0.032937907342619255,0.028309380857410193
2026-01-05 17:30:00+00:00,15.868558520861392,21.17203344300411,17.29561606213041,12.971712046597808,3.9730808608005033,-0.23824277339413058,0.10887270733258703,0.037160715976284564,0.027870536982216976,0.02140105058088393
2026-01-05 17:35:00+00:00,15.833860112307587,21.103900092798348,17.32705974487958,12.995294808659683,3.958907904579556,-0.03469840855380468,-0.06813335020576261,0.03144368274917042,0.023582762061874263,-0.014172956220947164
2026-01-05 17:40:00+00:00,15.720634649339802,21.04625977317529,17.353665937975027,13.015249453481271,3.9475754696322767,-0.1132254629677849,-0.057640319623057934,0.02660619309544643,0.019954644821588374,-0.011332434947279424
2026-01-05 17:45:00+00:00,15.62524408866092,20.917350870479147,17.376178870594256,13.03213415294569,3.9240606658176107,-0.09539056067888119,-0.12890890269614275,0.02251293261922882,0.01688469946441984,-0.023514803814665974
2026-01-05 17:50:00+00:00,15.482885111613193,20.80827124937979,17.395228275118217,13.04642120633866,3.9098033662433327,-0.14235897704772782,-0.10907962109935809,0.019049404523961755,0.01428705339296954,-0.014257299574278015
2026-01-05 17:55:00+00:00,15.568861764476926,20.63584490332136,17.411347002023103,13.058510251517328,3.901334157942247,0.08597665286373335,-0.17242634605842966,0.01611872690488525,0.01208904517866749,-0.008469208301085551
2026-01-05 18:00:00+00:00,15.801876443721314,20.489945687425763,17.424985924788782,13.068739443591586,3.875580706379928,0.23301467924438768,-0.1458992158955965,0.01363892276567924,0.010229192074257654,-0.025753451562319007
2026-01-05 18:05:00+00:00,16.07132844682821,20.366493550258397,17.43652655174435,13.077394913808265,3.8380051312889365,0.2694520031068972,-0.1234521371673658,0.011540626955568456,0.008655470216679007,-0.03757557509099163
2026-01-05 18:10:00+00:00,16.468289263740957,20.262033004064794,17.44629169762984,13.084718773222379,3.8054369480239427,0.39696081691274543,-0.10446054619360368,0.00976514588548838,0.007323859414114509,-0.03256818326499378
2026-01-05 18:15:00+00:00,16.62938656857999,20.17364331113175,17.45455451337909,13.090915885034319,3.771588797908247,0.16109730483903206,-0.08838969293304189,0.008262815749251473,0.006197111811939493,-0.03384815011569575
2026-01-05 18:20:00+00:00,17.10553030525882,20.01872382736789,17.461546126705386,13.09615959502904,3.723819018383484,0.47614373667883214,-0.15491948376386233,0.00699161332629572,0.005243709994720902,-0.047769779524763134
2026-01-05 18:25:00+00:00,17.23323852867535,19.807510196752634,17.467462107212253,13.100596580409187,3.65192577467691,0.12770822341652988,-0.211213630615255,0.005915980506866703,0.0044369853801473624,-0.0718932437065738
2026-01-05 18:30:00+00:00,17.252444213195044,19.628797941978707,17.4724679368719,13.104350952653927,3.5988700241006164,0.019205684519693733,-0.17871225477392727,0.005005829659648242,0.0037543722447406225,-0.05305575057629364
2026-01-05 18:35:00+00:00,17.306892418143473,19.557720911246026,17.47670363889161,13.107527729168709,3.556696891159504,0.054448204948428724,-0.07107703073268112,0.004235702019709464,0.00317677651478121,-0.04217313294111236
2026-01-05 18:40:00+00:00,17.465621478809894,19.497600327003124,17.480287694446748,13.110215770835062,3.5309087909027266,0.15872906066642045,-0.06012058424290245,0.003584055555137411,0.002688041666353058,-0.02578810025677747
2026-01-05 18:45:00+00:00,17.639111570601187,19.446715280348137,17.483320356839553,13.112490267629667,3.5181179740675215,0.17349009179129382,-0.05088504665498661,0.0030326623928047525,0.0022744967946053407,-0.01279081683520511
2026-01-05 18:50:00+00:00,17.756687725223124,19.40366297620795,17.485886455787313,13.114414841840487,3.5071902043622387,0.11757615462193627,-0.04305230414018624,0.0025660989477600538,0.0019245742108200403,-0.010927769705282753
2026-01-05 18:55:00+00:00,17.6384146633686,19.36729415928742,17.48805777028157,13.116043327711182,3.4914370891312356,-0.11827306185452358,-0.03636881692052896,0.0021713144942587803,0.0016284858706949734,-0.01575311523100309
2026-01-05 19:00:00+00:00,17.839689315577193,19.33646752918268,17.4898950363921,13.117421277294078,3.4770763572088104,0.20127465220859264,-0.03082663010474107,0.0018372661105274801,0.00137794958289561,-0.014360731922425263
2026-01-05 19:05:00+00:00,17.705706897893897,19.230296313002597,17.491449646177927,13.11858723463345,3.4436446188659677,-0.13398241768329555,-0.1061712161800834,0.0015546097858276653,0.0011659573393725253,-0.03343173834284263
2026-01-05 19:10:00+00:00,17.548780046570016,18.79936668322788,17.108149700612092,12.831112275459073,3.368585251971196,-0.15692685132388107,-0.4309296297747167,-0.3832999455658346,-0.2874749591743768,-0.07505936689477188
2026-01-05 19:15:00+00:00,17.90988706923684,18.77589468370812,17.168434362056388,12.876325771542291,3.3820168486109465,0.3611070226668254,-0.02347199951976009,0.060284661444296006,0.045213496083217564,0.013431596639750687
2026-01-05 19:20:00+00:00,18.381128206307206,18.67593656954922,17.21944446020156,12.91458334515117,3.3913289205630095,0.47124113707036486,-0.09995811415890188,0.051010098145173544,0.03825757360887927,0.009312071952062961
2026-01-05 19:25:00+00:00,18.75406238920505,18.67164988162232,17.26260685093978,12.946955138204837,3.410113464496108,0.3729341828978434,-0.004286687926899901,0.04316239073821748,0.032371793053666664,0.018784543933098696
2026-01-05 19:30:00+00:00,18.635264802354964,18.667829046202133,17.29912887387212,12.97434665540409,3.4343404260383794,-0.11879758685008568,-0.003820835420185631,0.03652202293234197,0.027391517199253812,0.02422696154227122
2026-01-05 19:35:00+00:00,18.836095477352917,18.66471339731636,17.330032124045644,12.997524093034231,3.459292881706368,0.20083067499795249,-0.0031156488857746467,0.030903250173523134,0.023177437630140574,0.024952455667988538
2026-01-05 19:40:00+00:00,18.86829847212154,18.66199042681694,17.356181028038623,13.017135771028965,3.48026400911595,0.03220299476862465,-0.00272297049941983,0.0261489039929792,0.019611677994733512,0.020971127409581847
2026-01-05 19:45:00+00:00,19.005145956388922,18.579636495731705,17.378307023724986,13.03373026779374,3.4686507079785183,0.13684748426738125,-0.08235393108523326,0.022125995686362643,0.016594496764774647,-0.011613301137431531
2026-01-05 19:50:00+00:00,19.336511353415926,18.59003746387096,17.39702902007499,13.04777176505624,3.483689739135661,0.3313653970270032,0.01040096813925473,0.018721996350002712,0.014041497262500258,0.01503903115714289
2026-01-05 19:55:00+00:00,19.369369224202266,18.598711219207075,17.412870709294218,13.059653031970665,3.500871422786528,0.032857870786340726,0.008673755336115363,0.015841689219229238,0.011881266914425481,0.01718168365086692
2026-01-05 20:00:00+00:00,19.458409938182797,18.606008348326103,17.42627521555665,13.069706411667488,3.5215403219724095,0.08904071398053048,0.007297129119027801,0.013404506262432392,0.010053379696822518,0.02066889918588144
2026-01-05 20:05:00+00:00,19.53980436746298,18.612184595750154,17.437617490086396,13.078213117564795,3.5363174632987406,0.08139442928018426,0.006176247424050985,0.011342274529745566,0.008506705897307398,0.014777141326331122
2026-01-05 20:10:00+00:00,19.364074784117726,18.777652721619166,17.44721479930387,13.085411099477906,3.5765719877668376,-0.17572958334525524,0.16546812586901183,0.009597309217475924,0.007197981913110496,0.040254524468096964
2026-01-05 20:15:00+00:00,19.084358308291268,18.837553271744703,17.455335599410965,13.091501699558227,3.5774602666776003,-0.27971647582645787,0.05990055012553697,0.008120800107093373,0.006090600080321806,0.0008882789107627076
2026-01-05 20:20:00+00:00,18.43214379289683,18.968335496944626,17.462207045655433,13.096655284241578,3.603253176183717,-0.6522145153944372,0.13078222519992266,0.0068714462444674496,0.005153584683350587,0.02579290950611668
2026-01-05 20:25:00+00:00,18.178354070759045,19.079002884547183,17.46802134632383,13.101016009742873,3.6167328733261668,-0.2537897221377854,0.11066738760255745,0.0058143006683977205,0.004360725501294738,0.013479697142449787
2026-01-05 20:30:00+00:00,17.948545924899715,19.172684028245303,17.472941139197086,13.104705854397816,3.623565475544998,-0.22980814585933018,0.0936811436981202,0.004919792873256057,0.003689844654942931,0.006832602218831418
2026-01-05 20:35:00+00:00,17.98627674750102,19.25189374639492,17.477104040859075,13.107828030644306,3.637168771502038,0.037730822601304226,0.07920971814961675,0.004162901661988627,0.0031221762464905822,0.013603295957040018
2026-01-05 20:40:00+00:00,18.608686827122074,19.238845102126383,17.480626496111523,13.110469872083643,3.6211351887361745,0.622410079621055,-0.013048644268536691,0.0035224552524475428,0.0026418414393365452,-0.016033582765863752
2026-01-05 20:45:00+00:00,18.795263769484453,19.227803723500557,17.483607035171286,13.112705276378467,3.610125084626165,0.18657694236237887,-0.011041378625826326,0.002980539059763032,0.0022354042948240505,-0.011010104110009244
2026-01-05 20:50:00+00:00,19.115168150607857,19.2986324164359,17.48612902976032,13.114596772320242,3.6100453756774806,0.31990438112340414,0.07082869293534344,0.002521994589034904,0.0018914959417752897,-7.9708948684587e-05
2026-01-05 20:55:00+00:00,19.573406578602274,19.27838296034949,17.48826302518181,13.116197268886358,3.6044069546335527,0.4582384279944165,-0.020249456086411044,0.0021339954214880663,0.0016004965661160497,-0.005638421043927977
2026-01-05 21:00:00+00:00,19.56537127485478,19.34141381171991,17.49006871361538,13.117551535211533,3.6138334782109864,-0.008035303747494282,0.06303085137042075,0.0018056884335706513,0.0013542663251744358,0.009426523577433787
2026-01-05 21:05:00+00:00,19.756578354340082,19.474941382527174,17.491596603828395,13.118697452871297,3.6201373641657684,0.19120707948530224,0.13352757080726363,0.0015278902130155814,0.0011459176597643506,0.006303885954781929
2026-01-05 21:10:00+00:00,19.642963959669416,19.143753356826902,17.10827404939326,12.831205537044944,3.5517967334574947,-0.11361439467066603,-0.3311880257002713,-0.38332255443513574,-0.2874919158263527,-0.06834063070827368
2026-01-05 21:15:00+00:00,19.37937433980275,19.22755036910995,17.168539580255832,12.876404685191877,3.5553080498284166,-0.2635896198666643,0.08379701228304626,0.0602655308625728,0.045199148146933155,0.0035113163709219464
2026-01-05 21:20:00+00:00,19.607478380499153,19.298517552621217,17.219533490985704,12.91465011823928,3.5535923445374715,0.228104040696401,0.07096718351126796,0.05099391072987203,0.038245433047402244,-0.0017157052909451131
2026-01-05 21:25:00+00:00,19.82696353073189,19.35847641779676,17.262682184680212,12.947011638510158,3.555714868211979,0.21948515023273885,0.05995886517554183,0.043148693694508466,0.032361520270878685,0.0021225236745072706
2026-01-05 21:30:00+00:00,20.13662362169312,19.40920469166751,17.299192617806334,12.97439446335475,3.5638957833839577,0.30966009096122704,0.05072827387075307,0.036510433126121455,0.02738282484459198,0.008180915171978942
2026-01-05 21:35:00+00:00,20.431418100430243,19.37197474750778,17.330086061220744,12.997564545915559,3.561241676045714,0.29479447873712417,-0.03722994415972991,0.030893443414409916,0.023170082560808325,-0.002654107338243783
2026-01-05 21:40:00+00:00,20.154538932219758,19.34041045529981,17.35622666718678,13.017170000390088,3.563546609143512,-0.27687916821048475,-0.03156429220797108,0.026140605966038066,0.019605454474529438,0.002304933097798223
2026-01-05 21:45:00+00:00,19.94916089988216,19.313717253066223,17.378345641465735,13.033759231099305,3.5812778035477675,-0.20537803233759888,-0.026693202233587954,0.022118974278953374,0.016589230709216807,0.0177311944042553
2026-01-05 21:50:00+00:00,20.279721936898248,19.291098411692644,17.397061696624856,13.047796272468643,3.6063160273750308,0.3305610370160892,-0.02261884137357839,0.018716055159121225,0.014037041369338255,0.025038223827263284
2026-01-05 21:55:00+00:00,20.02415179204364,19.35208394276302,17.41289835868257,13.05967376901193,3.658369001996942,-0.2555701448546088,0.06098553107037574,0.015836662057711948,0.011877496543286625,0.052052974621911385
2026-01-05 22:00:00+00:00,19.783024551317897,19.403687399729662,17.42629861119294,13.06972395839471,3.6981021129056564,-0.2411272407257421,0.05160345696664237,0.013400252510372468,0.010050189382779351,0.03973311090871423
2026-01-05 22:05:00+00:00,19.746485623776376,19.527479081822534,17.437637286394025,13.078227964795524,3.7626440729622583,-0.036538927541521105,0.12379168209287172,0.01133867520108467,0.00850400640081439,0.06454196005660195
2026-01-05 22:10:00+00:00,20.03278265353368,19.63222588974727,17.447231550025712,13.085423662519288,3.809135285761779,0.28629702975730353,0.10474680792473734,0.009594263631687028,0.007195697723764383,0.04649121279952073
2026-01-05 22:15:00+00:00,20.154376750192178,19.640732169751786,17.45534977309868,13.091512329824013,3.81859611069049,0.12159409665849807,0.008506280004514366,0.008118223072965947,0.006088667304725348,0.00946082492871092
2026-01-05 22:20:00+00:00,19.860211561151626,19.56779906829266,17.46221903877581,13.096664279081857,3.8169121494962632,-0.29416518904055167,-0.07293310145912457,0.006869265677131864,0.005151949257843569,-0.0016839611942267574
2026-01-05 22:25:00+00:00,19.666415487655353,19.425958185991227,17.468031494348764,13.10102362076157,3.8030419935446798,-0.19379607349627292,-0.14184088230143388,0.005812455572954178,0.004359341679712969,-0.013870155951583474
2026-01-05 22:30:00+00:00,19.628209524272382,19.305938977890015,17.472949725987412,13.10471229449056,3.806272389625216,-0.03820596338297122,-0.12001920810121192,0.0049182316386477964,0.0036886737289894,0.003230396080536213
2026-01-05 22:35:00+00:00,19.59671892146158,19.20438426334283,17.477111306604733,13.107833479953548,3.8092755154793636,-0.03149060281080196,-0.10155471454718423,0.004161580617321192,0.003121185462989118,0.003003125854147637
2026-01-05 22:40:00+00:00,19.363662459609316,19.19859649914928,17.480632644050157,13.110474483037619,3.821661491842798,-0.23305646185226436,-0.005787764193552647,0.003521337445423711,0.002641003084070448,0.012385976363434192
2026-01-05 22:45:00+00:00,19.628060440780096,19.193689976236485,17.48361223727321,13.112709177954908,3.838332461484802,0.26439798117078084,-0.004906522912794031,0.0029795932230527455,0.002234694917289559,0.016670969642003985
2026-01-05 22:50:00+00:00,19.684724136040042,19.18953254399497,17.48613343153887,13.114600073654152,3.863550549743568,0.05666369525994597,-0.004157432241512993,0.0025211942656611086,0.001890895699244055,0.025218088258766258
2026-01-05 22:55:00+00:00,19.918890930624066,19.186017465264225,17.48826674976366,13.116200062322743,3.8862904001520224,0.23416679458402356,-0.0035150787307465237,0.002133318224789349,0.0015999886685911235,0.022739850408454387
2026-01-05 23:00:00+00:00,20.033143937687893,19.18304041932614,17.490071865184635,13.117553898888476,3.91873527552206,0.11425300706382657,-0.002977045938084899,0.0018051154209750564,0.0013538365657321805,0.03244487537003771
2026-01-05 23:05:00+00:00,19.811596815601728,19.100393175327245,17.491599270540846,13.118699452905634,3.9246075920272356,-0.22154712208616445,-0.08264724399889545,0.0015274053562102097,0.0011455540171585454,0.005872316505175501
2026-01-05 23:10:00+00:00,18.97440000800993,18.26809825458093,16.723660921226866,12.542745690920151,3.7672466833941276,-0.8371968075917984,-0.832294920746314,-0.7679383493139795,-0.5759537619854829,-0.15736090863310803
2026-01-05 23:15:00+00:00,19.092780704384253,18.40634084944979,16.843097702576582,12.632323276932436,3.8151291463104524,0.11838069637432369,0.13824259486885992,0.11943678134971591,0.08957758601228427,0.04788246291632481
2026-01-05 23:20:00+00:00,19.53289668490029,18.52331405209854,16.94415959448788,12.708119695865905,3.855827851688181,0.44011598051603684,0.11697320264875088,0.10106189191129644,0.07579641893346967,0.04069870537772857
2026-01-05 23:25:00+00:00,19.572249636708722,18.542163190560068,17.029673503028203,12.772255127271153,3.861367534582124,0.039352951808432124,0.018849138461526138,0.08551390854032448,0.0641354314052478,0.00553968289394291
2026-01-05 23:30:00+00:00,19.364498442958112,18.558113568385693,17.10203142563925,12.826523569229437,3.8773661772497166,-0.20775119375061024,0.01595037782562514,0.07235792261104734,0.05426844195828373,0.015998642667592655
2026-01-05 23:35:00+00:00,18.89863252999851,18.651745734443143,17.163257360156287,12.872443020117217,3.8886629606740697,-0.4658659129596039,0.09363216605744995,0.06122593451703651,0.045919450887780044,0.01129678342435314
2026-01-05 23:40:00+00:00,18.67015809235956,18.811095611476986,17.21506392013224,12.911297940099184,3.911920240397734,-0.2284744376389476,0.1593498770338435,0.051806559975954514,0.03885491998196677,0.023257279723664315
2026-01-05 23:45:00+00:00,18.64243782378748,18.945928975189606,17.2589002401119,12.944175180083924,3.9320153328675507,-0.02772026857208232,0.13483336371261956,0.043836319979657645,0.03287723998474057,0.020095092469816667
2026-01-05 23:50:00+00:00,19.060054548095945,18.979896996027584,17.295992510863915,12.971994383147935,3.919170192322933,0.4176167243084663,0.03396802083797823,0.03709227075201582,0.027819203064010978,-0.012845140544617717
2026-01-05 23:55:00+00:00,18.465334325671368,19.088774441607686,17.327378278423314,12.995533708817485,3.9030760160426956,-0.5947202224245771,0.10887744558010226,0.03138576755939937,0.023539325669549527,-0.01609417628023735
2026-01-06 00:00:00+00:00,18.086488414838037,19.180901744889717,17.353935466358188,13.01545159976864,3.893923724321455,-0.37884591083333063,0.09212730328203023,0.026557187934873383,0.019917890951155925,-0.009152291721240768
2026-01-06 00:05:00+00:00,17.492530315361723,19.25885798793852,17.376406933072314,13.032305199804235,3.890591342709019,-0.5939580994763141,0.07795624304880278,0.022471466714126365,0.016853600035593885,-0.003332381612435764
2026-01-06 00:10:00+00:00,17.01885057415841,19.32483089874679,17.39542125106119,13.046565938295892,3.8797429711917872,-0.4736797412033127,0.06597291080827006,0.019014317988876428,0.014260738491657321,-0.010848371517231836
2026-01-06 00:15:00+00:00,17.45452976576168,19.42878595495729,17.41151028935947,13.0586327170196,3.8673560582425934,0.4356791916032705,0.10395505621050205,0.016089038298279235,0.012066778723708538,-0.012386912949193807
2026-01-06 00:20:00+00:00,17.670899677918573,19.607478275340323,17.425124090996473,13.068843068247356,3.8507408725234473,0.2163699121568925,0.17869232038303196,0.01361380163700332,0.010210351227755154,-0.01661518571914611
2026-01-06 00:25:00+00:00,17.657255748981456,19.780046821516358,17.436643461612398,13.077482596209299,3.8584758508298513,-0.013643928937117522,0.17256854617603423,0.01151937061592534,0.008639527961943116,0.007734978306404017
2026-01-06 00:30:00+00:00,17.7160680694132,19.92606525923179,17.44639062136434,13.084792966023254,3.881843048869566,0.05881232043174478,0.14601843771543344,0.009747159751942291,0.00731036981395583,0.023367198039714765
2026-01-06 00:35:00+00:00,17.580339132215318,20.129747527042287,17.454638218077516,13.09097866355814,3.9126919641629874,-0.13572893719788226,0.20368226781049614,0.008247596713175653,0.006185697534885293,0.030848915293421264
2026-01-06 00:40:00+00:00,18.04361661682208,20.221965856215267,17.461616953757897,13.096212715318424,3.9190805472499863,0.4632774846067633,0.09221832917297945,0.006978735680380765,0.005234051760284686,0.006388583086998967
2026-01-06 00:45:00+00:00,18.29781960340472,20.299996750130862,17.467522037795145,13.100641528346358,3.9278000984033117,0.2542029865826372,0.07803089391559581,0.0059050840372485425,0.004428813027933742,0.008719551153325344
2026-01-06 00:50:00+00:00,18.132783226509545,20.28589468600817,17.47251864736512,13.104388985523842,3.917955598726627,-0.16503637689517348,-0.014102064122692326,0.004996609569975163,0.003747457177484037,-0.00984449967668466
2026-01-06 00:55:00+00:00,18.230491945528893,20.354090375340245,17.47674654777049,13.107559910827865,3.9354509971209835,0.09770871901934797,0.0681956893320752,0.004227900405368246,0.0031709253040226315,0.017495398394356432
2026-01-06 01:00:00+00:00,18.741188873025713,20.411794420159694,17.480324001959644,13.110243001469733,3.95942203533024,0.51069692749682,0.057704044819448796,0.00357745418915556,0.0026830906418684464,0.023971038209256612
2026-01-06 01:05:00+00:00,19.11277971874547,20.540749124750505,17.483351078581236,13.112513308935927,3.987319149483871,0.37159084571975853,0.12895470459081082,0.003027076621592073,0.0022703074661940548,0.02789711415363083
2026-01-06 01:10:00+00:00,18.734481551322993,20.045469039624056,17.101297066491814,12.825972799868861,3.8856657830519294,-0.37829816742247857,-0.49528008512644917,-0.3820540120894229,-0.2865405090670663,-0.10165336643194145
2026-01-06 01:15:00+00:00,19.091450789174907,20.070525084810097,17.16263597933923,12.871976984504421,3.8925162431982026,0.3569692378519136,0.025056045186040876,0.06133891284741466,0.04600418463556011,0.006850460146273107
2026-01-06 01:20:00+00:00,18.766106542418324,20.171854558941874,17.214538136363963,12.910903602272972,3.9175711429067186,-0.3253442467565826,0.10132947413177718,0.05190215702473466,0.038926617768551,0.025054899708516043
2026-01-06 01:25:00+00:00,18.59716540108358,20.257594883207226,17.258455346154125,12.943841509615591,3.942098712876235,-0.16894114133474503,0.08574032426535183,0.04391720979016256,0.032937907342619255,0.02452756996951644
2026-01-06 01:30:00+00:00,19.109001890793348,20.250016183226627,17.29561606213041,12.971712046597808,3.9339036452454943,0.5118364897097685,-0.007578699980598458,0.037160715976284564,0.027870536982216976,-0.008195067630740738
2026-01-06 01:35:00+00:00,19.302261595380966,20.3237316422174,17.32705974487958,12.995294808659683,3.933137245056197,0.19325970458761788,0.07371545899077248,0.03144368274917042,0.023582762061874263,-0.0007664001892973005
2026-01-06 01:40:00+00:00,19.210755613939224,20.38610639191145,17.353665937975027,13.015249453481271,3.9260145152719548,-0.09150598144174182,0.06237474969405099,0.02660619309544643,0.019954644821588374,-0.007122729784242221
2026-01-06 01:45:00+00:00,19.186123408883166,20.438884895719948,17.376178870594256,13.03213415294569,3.9115284089669204,-0.0246322050560579,0.052778503808497135,0.02251293261922882,0.01688469946441984,-0.01448610630503433
2026-01-06 01:50:00+00:00,18.924507634909475,20.403415491392092,17.395228275118217,13.04642120633866,3.8733887581327564,-0.2616157739736913,-0.035469404327855614,0.019049404523961755,0.01428705339296954,-0.03813965083416404
2026-01-06 01:55:00+00:00,18.402341768252466,20.293274646562537,17.411347002023103,13.058510251517328,3.8449509291233452,-0.5221658666570086,-0.1101408448295551,0.01611872690488525,0.01208904517866749,-0.028437829009411164
2026-01-06 02:00:00+00:00,18.30725852835623,20.200081096708605,17.424985924788782,13.068739443591586,3.8302771042628425,-0.0950832398962369,-0.09319354985393247,0.01363892276567924,0.010229192074257654,-0.014673824860502727
2026-01-06 02:05:00+00:00,18.0895923153227,20.121222466445744,17.43652655174435,13.077394913808265,3.8094026098665106,-0.21766621303352807,-0.07885863026286088,0.011540626955568456,0.008655470216679007,-0.020874494396331933
2026-01-06 02:10:00+00:00,18.101037349560094,20.054498687160027,17.44629169762984,13.084718773222379,3.8110970160197346,0.011445034237393514,-0.06672377928571649,0.00976514588548838,0.007323859414114509,0.0016944061532240262
2026-01-06 02:15:00+00:00,18.16892900079668,19.998037350673872,17.45455451337909,13.090915885034319,3.796923510295841,0.06789165123658591,-0.056461336486155034,0.008262815749251473,0.006197111811939493,-0.01417350572389342
2026-01-06 02:20:00+00:00,18.002720992348312,19.95026237364712,17.461546126705386,13.09615959502904,3.7778440399590143,-0.16620800844836836,-0.047774977026751486,0.00699161332629572,0.005243709994720902,-0.019079470336826887
2026-01-06 02:25:00+00:00,18.45233781382557,19.989965598214233,17.467462107212253,13.100596580409187,3.7774704148194393,0.4496168214772567,0.03970322456711273,0.005915980506866703,0.0044369853801473624,-0.00037362513957495125
2026-01-06 02:30:00+00:00,18.30124473910221,20.103688839514604,17.4724679368719,13.104350952653927,3.7791976097207867,-0.15109307472335942,0.11372324130037015,0.005005829659648242,0.0037543722447406225,0.0017271949013473176
2026-01-06 02:35:00+00:00,18.584896738920328,20.199916197538,17.47670363889161,13.107527729168709,3.77889834819669,0.28365199981811884,0.09622735802339477,0.004235702019709464,0.00317677651478121,-0.0002992615240966501
2026-01-06 02:40:00+00:00,18.4706733652143,20.201211141506512,17.480287694446748,13.110215770835062,3.7393585201113093,-0.11422337370602875,0.0012949439685137065,0.003584055555137411,0.002688041666353058,-0.0395398280853807
2026-01-06 02:45:00+00:00,18.29779391582593,20.122178658197818,17.483320356839553,13.112490267629667,3.6902956137771166,-0.1728794493883683,-0.07903248330869417,0.0030326623928047525,0.0022744967946053407,-0.049062906334192746
2026-01-06 02:50:00+00:00,18.065158097056226,19.97517681334687,17.485886455787313,13.114414841840487,3.63578203919903,-0.23263581876970463,-0.1470018448509478,0.0025660989477600538,0.0019245742108200403,-0.05451357457808648
2026-01-06 02:55:00+00:00,17.444399090905783,19.850790636934533,17.48805777028157,13.116043327711182,3.590887859640141,-0.6207590061504433,-0.12438617641233662,0.0021713144942587803,0.0016284858706949734,-0.0448941795588893
2026-01-06 03:00:00+00:00,17.443726028957396,19.74554079535486,17.4898950363921,13.117421277294078,3.5643693585443206,-0.0006730619483867883,-0.1052498415796741,0.0018372661105274801,0.00137794958289561,-0.026518501095820213
2026-01-06 03:05:00+00:00,17.541386971057275,19.576355031966933,17.491449646177927,13.11858723463345,3.5225536851217005,0.09766094209987841,-0.1691857633879259,0.0015546097858276653,0.0011659573393725253,-0.04181567342262005
2026-01-06 03:10:00+00:00,17.51338018729991,19.023399312763228,17.108149700612092,12.831112275459073,3.4155492543581136,-0.028006783757366094,-0.5529557192037053,-0.3832999455658346,-0.2874749591743768,-0.1070044307635869
2026-01-06 03:15:00+00:00,17.504008871264205,19.04544143025382,17.168434362056388,12.876325771542291,3.406507491753593,-0.00937131603570407,0.02204211749059226,0.060284661444296006,0.045213496083217564,-0.00904176260452072
2026-01-06 03:20:00+00:00,17.781741035135074,18.983967233688304,17.21944446020156,12.91458334515117,3.3839633076546853,0.2777321638708692,-0.06147419656551634,0.051010098145173544,0.03825757360887927,-0.02254418409890757
2026-01-06 03:25:00+00:00,18.246346052331326,18.931960176035076,17.26260685093978,12.946955138204837,3.3710872958738336,0.46460501719625213,-0.05200705765322766,0.04316239073821748,0.032371793053666664,-0.012876011780851737
2026-01-06 03:30:00+00:00,18.237982451724484,18.887941102822097,17.29912887387212,12.97434665540409,3.3631887396171867,-0.008363600606841715,-0.044019073212979265,0.03652202293234197,0.027391517199253812,-0.007898556256646927
2026-01-06 03:35:00+00:00,18.197949670287926,18.93082693513612,17.330032124045644,12.997524093034231,3.3730284775242416,-0.040032781436558196,0.042885832314023986,0.030903250173523134,0.023177437630140574,0.009839737907054946
2026-01-06 03:40:00+00:00,18.210804893240596,18.88699014183108,17.356181028038623,13.017135771028965,3.356250741715141,0.01285522295266972,-0.04383679330504009,0.0261489039929792,0.019611677994733512,-0.01677773580910058
2026-01-06 03:45:00+00:00,17.8392786244386,18.849895569981555,17.378307023724986,13.03373026779374,3.3501565067470063,-0.3715262688019969,-0.03709457184952569,0.022125995686362643,0.016594496764774647,-0.006094234968134771
2026-01-06 03:50:00+00:00,17.84271024187851,18.818534456622725,17.39702902007499,13.04777176505624,3.3512230211342167,0.003431617439911605,-0.031361113358830295,0.018721996350002712,0.014041497262500258,0.0010665143872103933
2026-01-06 03:55:00+00:00,17.92277535314025,18.79200351280042,17.412870709294218,13.059653031970665,3.383185316078151,0.08006511126173876,-0.02653094382230492,0.015841689219229238,0.011881266914425481,0.03196229494393421
2026-01-06 04:00:00+00:00,17.666835647401072,18.769531614604926,17.42627521555665,13.069706411667488,3.4030742366253435,-0.255939705739177,-0.022471898195494333,0.013404506262432392,0.010053379696822518,0.0198889205471926
2026-01-06 04:05:00+00:00,17.510247833889874,18.750539128029427,17.437617490086396,13.078213117564795,3.4255971870215305,-0.156587813511198,-0.0189924865754989,0.011342274529745566,0.008506705897307398,0.022522950396187014
2026-01-06 04:10:00+00:00,17.621357269495157,18.734502348909192,17.44721479930387,13.085411099477906,3.4512883481285708,0.11110943560528241,-0.016036779120234712,0.009597309217475924,0.007197981913110496,0.025691161107040283
2026-01-06 04:15:00+00:00,17.78484587398496,18.801068868727114,17.455335599410965,13.091501699558227,3.4830180273785536,0.16348860448980318,0.06656651981792194,0.008120800107093373,0.006090600080321806,0.03172967924998282
2026-01-06 04:20:00+00:00,17.613764176940528,18.937528041030653,17.462207045655433,13.096655284241578,3.53811854025215,-0.171081697044432,0.13645917230353888,0.0068714462444674496,0.005153584683350587,0.05510051287359641
2026-01-06 04:25:00+00:00,17.896951515285203,19.052963764198932,17.46802134632383,13.101016009742873,3.593116320105243,0.2831873383446748,0.11543572316827877,0.0058143006683977205,0.004360725501294738,0.054997779853092954
2026-01-06 04:30:00+00:00,18.330243047498534,19.070539293825167,17.472941139197086,13.104705854397816,3.622784553587621,0.4332915322133317,0.01757552962623521,0.004919792873256057,0.003689844654942931,0.029668233482377904
2026-01-06 04:35:00+00:00,18.622182566012718,19.005228375162,17.477104040859075,13.107828030644306,3.6484102873807065,0.29193951851418376,-0.0653109186631653,0.004162901661988627,0.0031221762464905822,0.025625733793085637
2026-01-06 04:40:00+00:00,18.940367143911264,19.030097889090055,17.480626496111523,13.110469872083643,3.6919877354769834,0.3181845778985455,0.02486951392805281,0.0035224552524475428,0.0026418414393365452,0.04357744809627695
2026-01-06 04:45:00+00:00,18.938059077649303,19.051186241683276,17.483607035171286,13.112705276378467,3.73442287750826,-0.002308066261960562,0.02108835259322106,0.002980539059763032,0.0022354042948240505,0.04243514203127674
2026-01-06 04:50:00+00:00,18.511103356761698,19.06912012995872,17.48612902976032,13.114596772320242,3.7786209932621664,-0.42695572088760514,0.01793388827544362,0.002521994589034904,0.0018914959417752897,0.0441981157539062
2026-01-06 04:55:00+00:00,18.652373774966293,19.004128650227063,17.48826302518181,13.116197268886358,3.7976340563449393,0.14127041820459496,-0.0649914797316562,0.0021339954214880663,0.0016004965661160497,0.019013063082772952
2026-01-06 05:00:00+00:00,18.688443583857254,18.86902977665575,17.49006871361538,13.117551535211533,3.7991806933485335,0.036069808890960786,-0.13509887357131234,0.0018056884335706513,0.0013542663251744358,0.0015466370035941424
2026-01-06 05:05:00+00:00,18.86443660394146,18.83479701668147,17.491596603828395,13.118697452871297,3.805796011449081,0.17599302008420636,-0.034232759974280214,0.0015278902130155814,0.0011459176597643506,0.006615318100547718
2026-01-06 05:10:00+00:00,18.65703773918141,18.396041432467307,17.10827404939326,12.831205537044944,3.7270997771103254,-0.20739886476005154,-0.4387555842141637,-0.38332255443513574,-0.2874919158263527,-0.07869623433875583
2026-01-06 05:15:00+00:00,18.85975011663467,18.434541031828243,17.168539580255832,12.876404685191877,3.7311885209223226,0.20271237745326331,0.03849959936093583,0.0602655308625728,0.045199148146933155,0.0040887438119971975
2026-01-06 05:20:00+00:00,18.956216300726364,18.467086735822598,17.219533490985704,12.91465011823928,3.738549001820154,0.0964661840916925,0.03254570399435508,0.05099391072987203,0.038245433047402244,0.007360480897831589
2026-01-06 05:25:00+00:00,18.977829211714035,18.57477090131978,17.262682184680212,12.947011638510158,3.7542458463711705,0.021612910987670375,0.10768416549718296,0.043148693694508466,0.032361520270878685,0.015696844551016387
2026-01-06 05:30:00+00:00,19.26325821155076,18.665857765958222,17.299192617806334,12.97439446335475,3.785974784631929,0.285428999836725,0.09108686463844151,0.036510433126121455,0.02738282484459198,0.03172893826075862
2026-01-06 05:35:00+00:00,19.66882613476225,18.82304759973575,17.330086061220744,12.997564545915559,3.8245997213272442,0.40556792321148905,0.1571898337775295,0.030893443414409916,0.023170082560808325,0.03862493669531508
2026-01-06 05:40:00+00:00,20.02319956251915,18.875914631149364,17.35622666718678,13.017170000390088,3.8360274511412515,0.35437342775690084,0.05286703141361215,0.026140605966038066,0.019605454474529438,0.011427729814007304
2026-01-06 05:45:00+00:00,19.71172123917908,19.000773918664844,17.378345641465735,13.033759231099305,3.8567664161429156,-0.31147832334006864,0.12485928751548059,0.022118974278953374,0.016589230709216807,0.020738965001664056
2026-01-06 05:50:00+00:00,20.016589359114903,19.186558073013234,17.397061696624856,13.047796272468643,3.880708420984445,0.3048681199358221,0.18578415434839002,0.018716055159121225,0.014037041369338255,0.023942004841529307
2026-01-06 05:55:00+00:00,20.270230617370153,19.343756845438755,17.41289835868257,13.05967376901193,3.8945647210505596,0.2536412582552501,0.15719877242552016,0.015836662057711948,0.011877496543286625,0.013856300066114713
2026-01-06 06:00:00+00:00,20.461872728760312,19.396642798242738,17.42629861119294,13.06972395839471,3.8763862614711426,0.1916421113901592,0.052885952803983116,0.013400252510372468,0.010050189382779351,-0.018178459579416995
2026-01-06 06:05:00+00:00,20.28729501818747,19.49061144959418,17.437637286394025,13.078227964795524,3.8757582386376543,-0.17457771057284077,0.09396865135144239,0.01133867520108467,0.00850400640081439,-0.0006280228334882842
2026-01-06 06:10:00+00:00,20.0652269777995,19.601030200938663,17.447231550025712,13.085423662519288,3.886092576816903,-0.22206804038797046,0.11041875134448276,0.009594263631687028,0.007195697723764383,0.010334338179248448
2026-01-06 06:15:00+00:00,19.589118896716712,19.534205041819895,17.45534977309868,13.091512329824013,3.8517260877154236,-0.47610808108278846,-0.06682515911876763,0.008118223072965947,0.006088667304725348,-0.034366489101479214
2026-01-06 06:20:00+00:00,19.66347659167779,19.397539627291582,17.46221903877581,13.096664279081857,3.791261402989978,0.07435769496107625,-0.13666541452831282,0.006869265677131864,0.005151949257843569,-0.06046468472544575
2026-01-06 06:25:00+00:00,19.374967603494667,19.28189570457752,17.468031494348764,13.10102362076157,3.7529044321348812,-0.2885089881831213,-0.11564392271406376,0.005812455572954178,0.004359341679712969,-0.038356970855096595
2026-01-06 06:30:00+00:00,19.25923143868322,19.023785413338135,17.472949725987412,13.10471229449056,3.7255013679185507,-0.1157361648114481,-0.2581102912393831,0.0049182316386477964,0.0036886737289894,-0.02740306421633054
2026-01-06 06:35:00+00:00,19.39510874417348,18.805383399035165,17.477111306604733,13.107833479953548,3.7341856474613007,0.13587730549026134,-0.21840201430297057,0.004161580617321192,0.003121185462989118,0.008684279542749973
2026-01-06 06:40:00+00:00,18.964958249627788,18.700713101820632,17.480632644050157,13.110474483037619,3.783091592688552,-0.43015049454569265,-0.10467029721453258,0.003521337445423711,0.002641003084070448,0.04890594522725156
2026-01-06 06:45:00+00:00,18.766437333067778,18.61214703246228,17.48361223727321,13.112709177954908,3.827927218018096,-0.19852091656001036,-0.08856606935835387,0.0029795932230527455,0.002234694917289559,0.04483562532954366
2026-01-06 06:50:00+00:00,18.38023381873359,18.61733074959769,17.48613343153887,13.114600073654152,3.877076266244583,-0.38620351433418776,0.005183717135412991,0.0025211942656611086,0.001890895699244055,0.049149048226487135
2026-01-06 06:55:00+00:00,18.079525125012328,18.621716568191903,17.48826674976366,13.116200062322743,3.94704596396037,-0.30070869372126197,0.004385818594212054,0.002133318224789349,0.0015999886685911235,0.06996969771578687
2026-01-06 07:00:00+00:00,17.49177255985728,18.625428546612927,17.490071865184635,13.117553898888476,3.9879370755636554,-0.5877525651550464,0.003711978421023332,0.0018051154209750564,0.0013538365657321805,0.04089111160328551
2026-01-06 07:05:00+00:00,17.48914638292886,18.628567744569914,17.491599270540846,13.118699452905634,4.0226089953278885,-0.0026261769284232628,0.0031391979569868056,0.0015274053562102097,0.0011455540171585454,0.03467191976423312
2026-01-06 07:10:00+00:00,16.506322203936957,17.868861458601895,16.723660921226866,12.542745690920151,3.8723437204411386,-0.9828241789919012,-0.7597062859680186,-0.7679383493139795,-0.5759537619854829,-0.1502652748867499
2026-01-06 07:15:00+00:00,16.41096088452404,18.06852379830417,16.843097702576582,12.632323276932436,3.91597226915486,-0.09536131941291615,0.1996623397022752,0.11943678134971591,0.08957758601228427,0.04362854871372157
2026-01-06 07:20:00+00:00,16.51356568718441,18.237468854975322,16.94415959448788,12.708119695865905,3.944474125807538,0.10260480266036964,0.16894505667115212,0.10106189191129644,0.07579641893346967,0.028501856652678015
2026-01-06 07:25:00+00:00,16.740149857722614,18.3804223644663,17.029673503028203,12.772255127271153,3.978087495967872,0.226584170538203,0.14295350949097596,0.08551390854032448,0.0641354314052478,0.03361337016033383
2026-01-06 07:30:00+00:00,17.41377080252683,18.58151123147148,17.10203142563925,12.826523569229437,4.028545775250124,0.6736209448042167,0.2010888670051827,0.07235792261104734,0.05426844195828373,0.05045827928225188
2026-01-06 07:35:00+00:00,17.087550305151844,18.75166334970664,17.163257360156287,12.872443020117217,4.057422829576319,-0.3262204973749867,0.1701521182351584,0.06122593451703651,0.045919450887780044,0.028877054326194695
2026-01-06 07:40:00+00:00,16.9966174536528,18.895641441716425,17.21506392013224,12.911297940099184,4.112725653523429,-0.09093285149904418,0.14397809200978529,0.051806559975954514,0.03885491998196677,0.055302823947110724
2026-01-06 07:45:00+00:00,16.684447976568695,19.097617386901526,17.2589002401119,12.944175180083924,4.166413428227364,-0.3121694770841046,0.20197594518510087,0.043836319979657645,0.03287723998474057,0.05368777470393482
2026-01-06 07:50:00+00:00,16.345267478427367,19.348691757745513,17.295992510863915,12.971994383147935,4.249167199188672,-0.339180498141328,0.25107437084398754,0.03709227075201582,0.027819203064010978,0.08275377096130754
2026-01-06 07:55:00+00:00,16.25202344862133,19.64121776380753,17.327378278423314,12.995533708817485,4.33317058872202,-0.09324402980603708,0.2925260060620154,0.03138576755939937,0.023539325669549527,0.08400338953334874
2026-01-06 08:00:00+00:00,16.289523759909404,19.80859451809355,17.353935466358188,13.01545159976864,4.393509322192082,0.03750031128807407,0.16737675428602117,0.026557187934873383,0.019917890951155925,0.060338733470061356
2026-01-06 08:05:00+00:00,16.55490270387118,19.950221002489414,17.376406933072314,13.032305199804235,4.468493015602384,0.26537894396177464,0.14162648439586434,0.022471466714126365,0.016853600035593885,0.07498369341030209
2026-01-06 08:10:00+00:00,16.811481425902116,20.070058796978216,17.39542125106119,13.046565938295892,4.526283592588725,0.25657872203093746,0.11983779448880227,0.019014317988876428,0.014260738491657321,0.05779057698634116
2026-01-06 08:15:00+00:00,17.14374626216215,20.251588212827723,17.41151028935947,13.0586327170196,4.58941563994265,0.332264836260034,0.1815294158495071,0.016089038298279235,0.012066778723708538,0.06313204735392475
2026-01-06 08:20:00+00:00,17.635901866312665,20.40519002623884,17.425124090996473,13.068843068247356,4.664562241276798,0.49215560415051485,0.15360181341111812,0.01361380163700332,0.010210351227755154,0.07514660133414797
2026-01-06 08:25:00+00:00,17.659620950887376,20.535160791432865,17.436643461612398,13.077482596209299,4.7055329981881036,0.023719084574711502,0.12997076519402384,0.01151937061592534,0.008639527961943116,0.040970756911305806
2026-01-06 08:30:00+00:00,17.72862639007324,20.565007849161145,17.44639062136434,13.084792966023254,4.690622214730469,0.06900543918586521,0.029847057728279225,0.009747159751942291,0.00731036981395583,-0.014910783457634302
2026-01-06 08:35:00+00:00,17.679708494615433,20.670400608168265,17.454638218077516,13.09097866355814,4.695314075571859,-0.04891789545780867,0.10539275900712042,0.008247596713175653,0.006185697534885293,0.004691860841389506
2026-01-06 08:40:00+00:00,17.718473749968037,20.823679607165595,17.461616953757897,13.096212715318424,4.699205900276577,0.038765255352604555,0.15327899899732955,0.006978735680380765,0.005234051760284686,0.003891824704718161
2026-01-06 08:45:00+00:00,17.620618559778933,20.88929740932306,17.467522037795145,13.100641528346358,4.658639327990368,-0.09785519018910449,0.06561780215746538,0.0059050840372485425,0.004428813027933742,-0.040566572286208746
2026-01-06 08:50:00+00:00,17.771690006960842,21.02492019052843,17.47251864736512,13.104388985523842,4.61015184841925,0.15107144718190924,0.1356227812053703,0.004996609569975163,0.003747457177484037,-0.04848747957111854
2026-01-06 08:55:00+00:00,17.968281747974647,21.2198145326415,17.47674654777049,13.107559910827865,4.586927196463893,0.19659174101380472,0.19489434211307,0.004227900405368246,0.0031709253040226315,-0.02322465195535628
2026-01-06 09:00:00+00:00,18.034463010631818,21.304593120077236,17.480324001959644,13.110243001469733,4.537744402064711,0.06618126265717095,0.08477858743573563,0.00357745418915556,0.0026830906418684464,-0.04918279439918205
2026-01-06 09:05:00+00:00,17.68031042698548,21.456464847660857,17.483351078581236,13.112513308935927,4.472984163413653,-0.3541525836463393,0.15187172758362166,0.003027076621592073,0.0022703074661940548,-0.06476023865105862
2026-01-06 09:10:00+00:00,16.946296525266728,21.0950315079172,17.101297066491814,12.825972799868861,4.322128987905092,-0.7340139017187504,-0.3614333397436589,-0.3820540120894229,-0.2865405090670663,-0.15085517550856054
2026-01-06 09:15:00+00:00,17.033641685588844,21.279129532481708,17.16263597933923,12.871976984504421,4.281771659176696,0.08734516032211559,0.1840980245645092,0.06133891284741466,0.04600418463556011,-0.040357328728395814
2026-01-06 09:20:00+00:00,17.119152246876016,21.43490464165118,17.214538136363963,12.910903602272972,4.259174541974946,0.08551056128717249,0.1557751091694719,0.05190215702473466,0.038926617768551,-0.022597117201750727
2026-01-06 09:25:00+00:00,17.337266209502555,21.566714772008503,17.258455346154125,12.943841509615591,4.248640313247977,0.21811396262653915,0.13181013035732292,0.04391720979016256,0.032937907342619255,-0.010534228726968742
2026-01-06 09:30:00+00:00,17.82950917709676,21.678246195225725,17.29561606213041,12.971712046597808,4.230558812713535,0.4922429675942048,0.11153142321722243,0.037160715976284564,0.027870536982216976,-0.018081500534441908
2026-01-06 09:35:00+00:00,17.74121812217185,21.772620770865608,17.32705974487958,12.995294808659683,4.206989531270338,-0.08829105492490896,0.09437457563988261,0.03144368274917042,0.023582762061874263,-0.02356928144319692
2026-01-06 09:40:00+00:00,17.784979685270258,21.93260334661227,17.353665937975027,13.015249453481271,4.192524571841281,0.04376156309840695,0.15998257574666397,0.02660619309544643,0.019954644821588374,-0.014464959429057345
2026-01-06 09:45:00+00:00,17.667739783040183,22.067974712514452,17.376178870594256,13.03213415294569,4.187910090503343,-0.11723990223007519,0.13537136590218068,0.02251293261922882,0.01688469946441984,-0.004614481337937626
2026-01-06 09:50:00+00:00,17.968059393174766,22.18251952609606,17.395228275118217,13.04642120633866,4.172198650890098,0.30031961013458286,0.11454481358160606,0.019049404523961755,0.01428705339296954,-0.01571143961324495
2026-01-06 09:55:00+00:00,17.975549296833563,22.19931143731738,17.411347002023103,13.058510251517328,4.166701176391236,0.0074899036587972034,0.016791911221321953,0.01611872690488525,0.01208904517866749,-0.005497474498862509
2026-01-06 10:00:00+00:00,18.035021988655817,22.213519934140344,17.424985924788782,13.068739443591586,4.163375060820309,0.05947269182225412,0.014208496822963212,0.01363892276567924,0.010229192074257654,-0.0033261155709265466
2026-01-06 10:05:00+00:00,17.93584785992695,22.22554250837516,17.43652655174435,13.077394913808265,4.1624740039726165,-0.09917412872886544,0.012022574234816119,0.011540626955568456,0.008655470216679007,-0.000901056847692594
2026-01-06 10:10:00+00:00,18.210443988986192,22.235715455804623,17.44629169762984,13.084718773222379,4.177476641596545,0.27459612905924047,0.010172947429463619,0.00976514588548838,0.007323859414114509,0.015002637623928727
2026-01-06 10:15:00+00:00,18.099387897236287,22.244332374967293,17.45455451337909,13.090915885034319,4.193444813428947,-0.11105609174990505,0.00861691916266949,0.008262815749251473,0.006197111811939493,0.015968171832401623
2026-01-06 10:20:00+00:00,18.46970106796961,22.171518305643517,17.461546126705386,13.09615959502904,4.191682225849703,0.37031317073332204,-0.07281406932377621,0.00699161332629572,0.005243709994720902,-0.0017625875792441903
2026-01-06 10:25:00+00:00,18.808515373546502,22.190008390881363,17.467462107212253,13.100596580409187,4.199966705585006,0.33881430557689285,0.0184900852378469,0.005915980506866703,0.0044369853801473624,0.008284479735303663
2026-01-06 10:30:00+00:00,19.14528771432019,22.205648490779797,17.4724679368719,13.104350952653927,4.208259872289581,0.33677234077368823,0.015640099898433846,0.005005829659648242,0.0037543722447406225,0.008293166704574695
2026-01-06 10:35:00+00:00,19.06039066273852,22.29901026142906,17.47670363889161,13.107527729168709,4.26390616052639,-0.08489705158167027,0.09336177064926332,0.004235702019709464,0.00317677651478121,0.05564628823680895
2026-01-06 10:40:00+00:00,19.061121464453713,22.378010377343834,17.480287694446748,13.110215770835062,4.317532994965483,0.000730801715192797,0.07900011591477352,0.003584055555137411,0.002688041666353058,0.05362683443909333
2026-01-06 10:45:00+00:00,18.905122892414585,22.444866764784965,17.483320356839553,13.112490267629667,4.380638070041635,-0.15599857203912748,0.0668563874411312,0.0030326623928047525,0.0022744967946053407,0.0631050750761517
2026-01-06 10:50:00+00:00,18.732515217521573,22.42129751892061,17.485886455787313,13.114414841840487,4.426072675326169,-0.17260767489301188,-0.023569245864354826,0.0025660989477600538,0.0019245742108200403,0.0454346052845338
2026-01-06 10:55:00+00:00,18.98640709337329,22.46545864246186,17.48805777028157,13.116043327711182,4.466721848073152,0.2538918758517177,0.0441611235412509,0.0021713144942587803,0.0016284858706949734,0.0406491727469831
2026-01-06 11:00:00+00:00,18.280624091358337,22.43872496498335,17.4898950363921,13.117421277294078,4.4762336708733,-0.7057830020149538,-0.026733677478510742,0.0018372661105274801,0.00137794958289561,0.00951182280014784
2026-01-06 11:05:00+00:00,18.178892912007555,22.33598263018835,17.491449646177927,13.11858723463345,4.462287146907396,-0.10173117935078224,-0.10274233479499983,0.0015546097858276653,0.0011659573393725253,-0.013946523965903346
2026-01-06 11:10:00+00:00,17.712413448932576,21.770556731038496,17.108149700612092,12.831112275459073,4.364211325049328,-0.4664794630749789,-0.5654258991498544,-0.3832999455658346,-0.2874749591743768,-0.0980758218580684
2026-01-06 11:15:00+00:00,17.390987177507483,21.834701849340263,17.168434362056388,12.876325771542291,4.39316071701333,-0.32142627142509284,0.0641451183017665,0.060284661444296006,0.045213496083217564,0.02894939196400248
2026-01-06 11:20:00+00:00,17.470349537297153,21.969106693031506,17.21944446020156,12.91458334515117,4.449027425679099,0.07936235978966977,0.13440484369124306,0.051010098145173544,0.03825757360887927,0.055866708665768705
2026-01-06 11:25:00+00:00,17.27442080562127,22.082833868462558,17.26260685093978,12.946955138204837,4.510545877980442,-0.19592873167588465,0.11372717543105182,0.04316239073821748,0.032371793053666664,0.06151845230134256
2026-01-06 11:30:00+00:00,17.12195390742716,22.179064555365755,17.29912887387212,12.97434665540409,4.585254159739494,-0.15246689819410975,0.09623068690319769,0.03652202293234197,0.027391517199253812,0.07470828175905186
2026-01-06 11:35:00+00:00,17.239033963907104,22.196387957104356,17.330032124045644,12.997524093034231,4.630463295051417,0.11708005647994568,0.017323401738600808,0.030903250173523134,0.023177437630140574,0.045209135311923276
2026-01-06 11:40:00+00:00,17.180774135651856,22.21104622011394,17.356181028038623,13.017135771028965,4.679437394882776,-0.05825982825524889,0.01465826300958284,0.0261489039929792,0.019611677994733512,0.048974099831359474
2026-01-06 11:45:00+00:00,17.633716264779615,22.223449365737437,17.378307023724986,13.03373026779374,4.7191743902430705,0.45294212912775933,0.01240314562349809,0.022125995686362643,0.016594496764774647,0.03973699536029418
2026-01-06 11:50:00+00:00,17.292631265915727,22.233944335111165,17.39702902007499,13.04777176505624,4.757140906370255,-0.341084998863888,0.010494969373727514,0.018721996350002712,0.014041497262500258,0.03796651612718449
2026-01-06 11:55:00+00:00,16.883133797505952,22.162696488683807,17.412870709294218,13.059653031970665,4.758924460568108,-0.40949746840977497,-0.07124784642735804,0.015841689219229238,0.011881266914425481,0.0017835541978525882
2026-01-06 12:00:00+00:00,16.47228974238324,22.10240984939912,17.42627521555665,13.069706411667488,4.748024900315467,-0.4108440551227126,-0.06028663928468703,0.013404506262432392,0.010053379696822518,-0.010899560252640939
2026-01-06 12:05:00+00:00,16.314663873236867,21.97126987256848,17.437617490086396,13.078213117564795,4.724285795615254,-0.1576258691463721,-0.13113997683063872,0.011342274529745566,0.008506705897307398,-0.0237391047002129
2026-01-06 12:10:00+00:00,16.386882804042514,21.860305276788715,17.44721479930387,13.085411099477906,4.692812730079548,0.07221893080564712,-0.11096459577976603,0.009597309217475924,0.007197981913110496,-0.031473065535705835
2026-01-06 12:15:00+00:00,16.631720152921286,21.846540362410963,17.455335599410965,13.091501699558227,4.6793949810961415,0.24483734887877162,-0.013764914377752291,0.008120800107093373,0.006090600080321806,-0.013417748983406419
2026-01-06 12:20:00+00:00,16.406935675944325,21.754764922040042,17.462207045655433,13.096655284241578,4.6241414614022975,-0.2247844769769607,-0.09177544037092034,0.0068714462444674496,0.005153584683350587,-0.055253519693843955
2026-01-06 12:25:00+00:00,16.563920500047306,21.516852369931318,17.46802134632383,13.101016009742873,4.532635959645305,0.15698482410298098,-0.23791255210872464,0.0058143006683977205,0.004360725501294738,-0.09150550175699212
2026-01-06 12:30:00+00:00,17.290827643476767,21.395669954044443,17.472941139197086,13.104705854397816,4.45387669714419,0.726907143429461,-0.1211824158868744,0.004919792873256057,0.003689844654942931,-0.07875926250111576
2026-01-06 12:35:00+00:00,17.826480064263254,21.293130986755557,17.477104040859075,13.107828030644306,4.403328909258852,0.5356524207864872,-0.10253896728888634,0.004162901661988627,0.0031221762464905822,-0.050547787885337314
2026-01-06 12:40:00+00:00,18.449329285145826,21.206367245203417,17.480626496111523,13.110469872083643,4.363825027125506,0.6228492208825713,-0.08676374155214006,0.0035224552524475428,0.0026418414393365452,-0.03950388213334666
2026-01-06 12:45:00+00:00,18.982116896398406,21.132951771582377,17.483607035171286,13.112705276378467,4.340715132406455,0.53278761125258,-0.07341547362103995,0.002980539059763032,0.0022354042948240505,-0.023109894719050672
2026-01-06 12:50:00+00:00,19.301705624420073,20.990702781082526,17.48612902976032,13.114596772320242,4.300219778162306,0.3195887280216674,-0.1422489904998514,0.002521994589034904,0.0018914959417752897,-0.04049535424414863
2026-01-06 12:55:00+00:00,19.50789079679512,20.87033825065957,17.48826302518181,13.116197268886358,4.2590543343309255,0.2061851723750472,-0.12036453042295392,0.0021339954214880663,0.0016004965661160497,-0.04116544383138088
2026-01-06 13:00:00+00:00,19.516264851780512,20.768491340301686,17.49006871361538,13.117551535211533,4.215797896471117,0.008374054985392121,-0.10184691035788518,0.0018056884335706513,0.0013542663251744358,-0.04325643785980837
2026-01-06 13:05:00+00:00,19.620173901366375,20.602184980255274,17.491596603828395,13.118697452871297,4.179523779381906,0.10390904958586233,-0.16630636004641275,0.0015278902130155814,0.0011459176597643506,-0.03627411708921091
2026-01-06 13:10:00+00:00,19.486300993463853,20.097453225051165,17.10827404939326,12.831205537044944,4.076043120428451,-0.13387290790252138,-0.5047317552041086,-0.38332255443513574,-0.2874919158263527,-0.1034806589534556
2026-01-06 13:15:00+00:00,19.142536315120278,20.114511753032634,17.168539580255832,12.876404685191877,4.0670325767741025,-0.34376467834357527,0.017058527981468785,0.0602655308625728,0.045199148146933155,-0.009010543654348169
2026-01-06 13:20:00+00:00,19.30324843425288,20.12896529929527,17.219533490985704,12.91465011823928,4.059297436203677,0.16071211913260086,0.014453546262636507,0.05099391072987203,0.038245433047402244,-0.007735140570425791
2026-01-06 13:25:00+00:00,19.721699165715414,20.141239003259518,17.262682184680212,12.947011638510158,4.051920976185872,0.418450731462535,0.012273703964247318,0.043148693694508466,0.032361520270878685,-0.007376460017805009
2026-01-06 13:30:00+00:00,20.05297621714381,20.07150077369537,17.299192617806334,12.97439446335475,4.032763343167605,0.3312770514283976,-0.06973822956414821,0.036510433126121455,0.02738282484459198,-0.019157633018267006
2026-01-06 13:35:00+00:00,20.17982119184037,20.01250903495056,17.330086061220744,12.997564545915559,4.027615328061071,0.1268449746965601,-0.05899173874480823,0.030893443414409916,0.023170082560808325,-0.005148015106533954
2026-01-06 13:40:00+00:00,20.44704429823328,19.96257572542678,17.35622666718678,13.017170000390088,4.025121826597929,0.26722310639290825,-0.04993330952378017,0.026140605966038066,0.019605454474529438,-0.002493501463141534
2026-01-06 13:45:00+00:00,20.38570617928755,19.84015772322572,17.378345641465735,13.033759231099305,3.9940659975971284,-0.06133811894573071,-0.12241800220106214,0.022118974278953374,0.016589230709216807,-0.031055829000800728
2026-01-06 13:50:00+00:00,20.589646060203187,19.73654519781842,17.397061696624856,13.047796272468643,3.984030296607994,0.20393988091563742,-0.10361252540729993,0.018716055159121225,0.014037041369338255,-0.010035700989134533
2026-01-06 13:55:00+00:00,20.79372322295382,19.64887216172426,17.41289835868257,13.05967376901193,3.975862196468657,0.20407716275063237,-0.08767303609415933,0.015836662057711948,0.011877496543286625,-0.008168100139336776
2026-01-06 14:00:00+00:00,20.974406494991474,19.65482995771262,17.42629861119294,13.06972395839471,3.976426909529699,0.18068327203765477,0.00595779598836188,0.013400252510372468,0.010050189382779351,0.0005647130610419993
2026-01-06 14:05:00+00:00,20.91386986053112,19.57976307326371,17.437637286394025,13.078227964795524,3.973611120518573,-0.06053663446035529,-0.07506688444891196,0.01133867520108467,0.00850400640081439,-0.002815789011126224
2026-01-06 14:10:00+00:00,20.77627057725631,19.516226098589666,17.447231550025712,13.085423662519288,3.992920263787072,-0.13759928327480964,-0.06353697467404373,0.009594263631687028,0.007195697723764383,0.019309143268499085
2026-01-06 14:15:00+00:00,20.550825234063552,19.462465371664646,17.45534977309868,13.091512329824013,4.025388434689471,-0.22544534319275655,-0.05376072692502021,0.008118223072965947,0.006088667304725348,0.03246817090239862
2026-01-06 14:20:00+00:00,19.954540457957744,19.41695979890558,17.46221903877581,13.096664279081857,4.066791679095496,-0.5962847761058079,-0.045505572759065416,0.006869265677131864,0.005151949257843569,0.04140324440602505
2026-01-06 14:25:00+00:00,20.135534245365424,19.298329132253762,17.468031494348764,13.10102362076157,4.076861044115256,0.18099378740767946,-0.11863066665181776,0.005812455572954178,0.004359341679712969,0.010069365019760745
2026-01-06 14:30:00+00:00,20.026215699660405,19.278073368317283,17.472949725987412,13.10471229449056,4.099339439229852,-0.10931854570501898,-0.0202557639364791,0.0049182316386477964,0.0036886737289894,0.022478395114595706
2026-01-06 14:35:00+00:00,19.808863688934476,19.26093387575565,17.477111306604733,13.107833479953548,4.126999101641163,-0.21735201072592858,-0.017139492561632608,0.004161580617321192,0.003121185462989118,0.02765966241131057
2026-01-06 14:40:00+00:00,19.4601117830881,19.166303023075294,17.480632644050157,13.110474483037619,4.127886888358945,-0.3487519058463775,-0.09463085268035698,0.003521337445423711,0.002641003084070448,0.000887786717782113
2026-01-06 14:45:00+00:00,18.992848947937357,19.2464871733714,17.48361223727321,13.112709177954908,4.147570156565391,-0.4672628351507413,0.08018415029610537,0.0029795932230527455,0.002234694917289559,0.01968326820644606
2026-01-06 14:50:00+00:00,18.509541503845927,19.234207095416828,17.48613343153887,13.114600073654152,4.123133630124295,-0.4833074440914302,-0.012280077954571311,0.0025211942656611086,0.001890895699244055,-0.02443652644109573
2026-01-06 14:55:00+00:00,18.778520018392005,19.223816260224492,17.48826674976366,13.116200062322743,4.107054129567459,0.26897851454607746,-0.010390835192335857,0.002133318224789349,0.0015999886685911235,-0.01607950055683638
2026-01-06 15:00:00+00:00,18.65263682995342,19.21502401506175,17.490071865184635,13.117553898888476,4.062358648069554,-0.1258831884385856,-0.008792245162741352,0.0018051154209750564,0.0013538365657321805,-0.04469548149790459
2026-01-06 15:05:00+00:00,18.308090349698173,19.207584423000966,17.491599270540846,13.118699452905634,4.0247037831623045,-0.3445464802552465,-0.00743959206078415,0.0015274053562102097,0.0011455540171585454,-0.037654864907249674
2026-01-06 15:10:00+00:00,17.499763922440312,18.358798541074076,16.723660921226866,12.542745690920151,3.827404735523902,-0.8083264272578603,-0.8487858819268901,-0.7679383493139795,-0.5759537619854829,-0.19729904763840267
2026-01-06 15:15:00+00:00,17.726318127995015,18.402957739883192,16.843097702576582,12.632323276932436,3.8137843909836167,0.2265542055547023,0.04415919880911545,0.11943678134971591,0.08957758601228427,-0.013620344540285156
2026-01-06 15:20:00+00:00,17.98331609727814,18.520451420926804,16.94415959448788,12.708119695865905,3.817719973840553,0.2569979692831268,0.11749368104361224,0.10106189191129644,0.07579641893346967,0.003935582856936293
2026-01-06 15:25:00+00:00,18.012908954912724,18.539746095097836,17.029673503028203,12.772255127271153,3.813898505624706,0.02959285763458297,0.019294674171032256,0.08551390854032448,0.0641354314052478,-0.003821468215846835
2026-01-06 15:30:00+00:00,17.881546720542744,18.556095092664894,17.10203142563925,12.826523569229437,3.8093641975728705,-0.1313622343699805,0.01634899756705721,0.07235792261104734,0.05426844195828373,-0.004534308051835634
2026-01-06 15:35:00+00:00,17.472699750639848,18.48981035558691,17.163257360156287,12.872443020117217,3.7862753126790425,-0.40884696990289626,-0.06628473707798221,0.06122593451703651,0.045919450887780044,-0.023088884893827988
2026-01-06 15:40:00+00:00,17.756368478681,18.433692663086468,17.21506392013224,12.911297940099184,3.767276174512776,0.2836687280411532,-0.056117692500443184,0.051806559975954514,0.03885491998196677,-0.018999138166266416
2026-01-06 15:45:00+00:00,17.714735917488863,18.306094710473566,17.2589002401119,12.944175180083924,3.7282056893980666,-0.041632561192137985,-0.12759795261290208,0.043836319979657645,0.03287723998474057,-0.03907048511470945
2026-01-06 15:50:00+00:00,18.027202313494037,18.11806342445574,17.295992510863915,12.971994383147935,3.662869451715603,0.3124663960051741,-0.18803128601782504,0.03709227075201582,0.027819203064010978,-0.06533623768246377
2026-01-06 15:55:00+00:00,18.27746274857648,17.95901833331768,17.327378278423314,12.995533708817485,3.6118307139374264,0.250260435082442,-0.15904509113806142,0.03138576755939937,0.023539325669549527,-0.05103873777817647
2026-01-06 16:00:00+00:00,18.325161550084257,17.824496320009967,17.353935466358188,13.01545159976864,3.5721026697585767,0.047698801507777944,-0.13452201330771274,0.026557187934873383,0.019917890951155925,-0.039728044178849675
2026-01-06 16:05:00+00:00,18.22409739385094,17.71071721024992,17.376406933072314,13.032305199804235,3.5305223380673474,-0.10106415623331699,-0.11377910976004557,0.022471466714126365,0.016853600035593885,-0.04158033169122932
2026-01-06 16:10:00+00:00,17.947182756656343,17.614390179963426,17.39542125106119,13.046565938295892,3.49510020859186,-0.2769146371945972,-0.09632703028649559,0.019014317988876428,0.014260738491657321,-0.035422129475487285
2026-01-06 16:15:00+00:00,18.560792822415998,17.53283660883914,17.41151028935947,13.0586327170196,3.4607194235792265,0.613610065759655,-0.08155357112428518,0.016089038298279235,0.012066778723708538,-0.03438078501263364
2026-01-06 16:20:00+00:00,18.550348323089516,17.463818904050594,17.425124090996473,13.068843068247356,3.4157637663768723,-0.01044449932648206,-0.0690177047885463,0.01361380163700332,0.010210351227755154,-0.04495565720235417
2026-01-06 16:25:00+00:00,18.382213539738597,17.405361056206406,17.436643461612398,13.077482596209299,3.3724485805776294,-0.16813478335091858,-0.05845784784418839,0.01151937061592534,0.008639527961943116,-0.04331518579924287
2026-01-06 16:30:00+00:00,18.291414195252678,17.43598565236343,17.44639062136434,13.084792966023254,3.364124948185906,-0.09079934448591942,0.030624596157025508,0.009747159751942291,0.00731036981395583,-0.00832363239172329
2026-01-06 16:35:00+00:00,18.386821157150433,17.381763051453802,17.454638218077516,13.09097866355814,3.34819818251533,0.09540696189775488,-0.05422260090962894,0.008247596713175653,0.006185697534885293,-0.01592676567057616
2026-01-06 16:40:00+00:00,18.799445826167062,17.2557289371409,17.461616953757897,13.096212715318424,3.3092145038857974,0.41262466901662975,-0.12603411431290112,0.006978735680380765,0.005234051760284686,-0.03898367862953256
2026-01-06 16:45:00+00:00,18.46317599149366,17.149135851216965,17.467522037795145,13.100641528346358,3.291723727482839,-0.3362698346734021,-0.10659308592393657,0.0059050840372485425,0.004428813027933742,-0.017490776402958375
2026-01-06 16:50:00+00:00,18.36297369331633,17.058972460441463,17.47251864736512,13.104388985523842,3.2841799367080147,-0.1002022981773294,-0.09016339077550128,0.004996609569975163,0.003747457177484037,-0.007543790774824366
2026-01-06 16:55:00+00:00,18.07238097568051,16.982645798365585,17.47674654777049,13.107559910827865,3.28300557259473,-0.2905927176358212,-0.07632666207587846,0.004227900405368246,0.0031709253040226315,-0.0011743641132846427
2026-01-06 17:00:00+00:00,18.573969024746606,17.078353135431705,17.480324001959644,13.110243001469733,3.3064896472091925,0.5015880490660969,0.09570733706611989,0.00357745418915556,0.0026830906418684464,0.023484074614462447
2026-01-06 17:05:00+00:00,18.696120150693947,17.239401834367325,17.483351078581236,13.112513308935927,3.3573256506463993,0.12215112594734023,0.16104869893561968,0.003027076621592073,0.0022703074661940548,0.050836003437206845
2026-01-06 17:10:00+00:00,18.60892535150194,16.97731301985633,17.101297066491814,12.825972799868861,3.330903094937135,-0.08719479919200523,-0.26208881451099586,-0.3820540120894229,-0.2865405090670663,-0.026422555709264106
2026-01-06 17:15:00+00:00,18.312146913951118,17.153907338042366,17.16263597933923,12.871976984504421,3.4180143406337926,-0.2967784375508238,0.1765943181860372,0.06133891284741466,0.04600418463556011,0.0871112456966574
2026-01-06 17:20:00+00:00,18.025647516629355,17.303317644338783,17.214538136363963,12.910903602272972,3.507301901617238,-0.2864993973217622,0.14941030629641716,0.05190215702473466,0.038926617768551,0.08928756098344559
2026-01-06 17:25:00+00:00,18.317483084343234,17.429751683134043,17.258455346154125,12.943841509615591,3.5935397356798617,0.2918355677138784,0.12643403879526005,0.04391720979016256,0.032937907342619255,0.08623783406262353
2026-01-06 17:30:00+00:00,18.631587523829765,17.45658475752368,17.29561606213041,12.971712046597808,3.6544539751030753,0.3141044394865311,0.02683307438963567,0.037160715976284564,0.027870536982216976,0.06091423942321361
2026-01-06 17:35:00+00:00,18.826714647061884,17.479309725062397,17.32705974487958,12.995294808659683,3.693780777442094,0.195127123232119,0.022724967538717777,0.03144368274917042,0.023582762061874263,0.03932680233901875
2026-01-06 17:40:00+00:00,19.039702895523522,17.57867416694658,17.353665937975027,13.015249453481271,3.7526377794647403,0.2129882484616381,0.09936444188418392,0.02660619309544643,0.019954644821588374,0.05885700202264621
2026-01-06 17:45:00+00:00,18.57464088256901,17.66272980634745,17.376178870594256,13.03213415294569,3.802346280636242,-0.46506201295451177,0.08405563940086935,0.02251293261922882,0.01688469946441984,0.049708501171501496
2026-01-06 17:50:00+00:00,18.804313566548963,17.73384860207776,17.395228275118217,13.04642120633866,3.841604809323068,0.22967268397995255,0.07111879573031032,0.019049404523961755,0.01428705339296954,0.03925852868682611
2026-01-06 17:55:00+00:00,19.22404560051915,17.87415394534785,17.411347002023103,13.058510251517328,3.881654410660613,0.4197320339701882,0.14030534327008937,0.01611872690488525,0.01208904517866749,0.04004960133754487
2026-01-06 18:00:00+00:00,19.66166332502644,17.992873851191767,17.424985924788782,13.068739443591586,3.915248085906313,0.4376177245072874,0.11871990584391767,0.01363892276567924,0.010229192074257654,0.033593675245700005
2026-01-06 18:05:00+00:00,19.815124744669163,18.093329156136626,17.43652655174435,13.077394913808265,3.9457872944107626,0.1534614196427242,0.10045530494485888,0.011540626955568456,0.008655470216679007,0.0305392085044498
2026-01-06 18:10:00+00:00,19.890995104837717,18.258467765692863,17.44629169762984,13.084718773222379,3.977786840616168,0.07587036016855464,0.16513860955623727,0.00976514588548838,0.007323859414114509,0.03199954620540524
2026-01-06 18:15:00+00:00,19.894095582377584,18.398190673534984,17.45455451337909,13.090915885034319,4.0034437280837105,0.003100477539867086,0.1397229078421205,0.008262815749251473,0.006197111811939493,0.02565688746754269
2026-01-06 18:20:00+00:00,19.989965660086742,18.596545954529603,17.461546126705386,13.09615959502904,4.0245010821230816,0.0958700777091579,0.19835528099461897,0.00699161332629572,0.005243709994720902,0.021057354039371035
2026-01-06 18:25:00+00:00,20.158563095062306,18.764385038448125,17.467462107212253,13.100596580409187,4.022104981817714,0.16859743497556323,0.16783908391852265,0.005915980506866703,0.0044369853801473624,-0.002396100305367632
2026-01-06 18:30:00+00:00,20.134033083195753,18.906404411851693,17.4724679368719,13.104350952653927,4.017950672244969,-0.02453001186655257,0.14201937340356707,0.005005829659648242,0.0037543722447406225,-0.004154309572744985
2026-01-06 18:35:00+00:00,20.146369214824873,19.02657296387451,17.47670363889161,13.107527729168709,4.03163494431218,0.012336131629119507,0.12016855202281818,0.004235702019709464,0.00317677651478121,0.013684272067211012
2026-01-06 18:40:00+00:00,19.989704888998546,19.12825404635535,17.480287694446748,13.110215770835062,4.099539778623753,-0.15666432582632694,0.10168108248084096,0.003584055555137411,0.002688041666353058,0.06790483431157313
2026-01-06 18:45:00+00:00,19.3178494025167,19.1341636802494,17.483320356839553,13.112490267629667,4.168004521011349,-0.6718554864818458,0.005909633894049193,0.0030326623928047525,0.0022744967946053407,0.06846474238759637
2026-01-06 18:50:00+00:00,19.306133577447092,19.219292344826414,17.485886455787313,13.114414841840487,4.259971305857309,-0.011715825069607888,0.08512866457701307,0.0025660989477600538,0.0019245742108200403,0.09196678484595999
2026-01-06 18:55:00+00:00,18.78398072119756,19.371452496904396,17.48805777028157,13.116043327711182,4.379563673239033,-0.5221528562495337,0.1521601520779825,0.0021713144942587803,0.0016284858706949734,0.11959236738172319
2026-01-06 19:00:00+00:00,19.127850821947785,19.50020339481654,17.4898950363921,13.117421277294078,4.4801039968566,0.3438701007502267,0.12875089791214478,0.0018372661105274801,0.00137794958289561,0.10054032361756704
2026-01-06 19:05:00+00:00,18.867735456075515,19.689274667408867,17.491449646177927,13.11858723463345,4.602763235433659,-0.26011536587227013,0.1890712725923258,0.0015546097858276653,0.0011659573393725253,0.12265923857705907
2026-01-06 19:10:00+00:00,17.970072223721132,19.393671971323986,17.108149700612092,12.831112275459073,4.599601831790308,-0.8976632323543825,-0.295602696084881,-0.3832999455658346,-0.2874749591743768,-0.003161403643351157
2026-01-06 19:15:00+00:00,17.757003677178155,19.599163530872087,17.168434362056388,12.876325771542291,4.720655461902407,-0.2130685465429778,0.2054915595481006,0.060284661444296006,0.045213496083217564,0.12105363011209924
2026-01-06 19:20:00+00:00,17.093923505590766,19.77303168939735,17.21944446020156,12.91458334515117,4.835283506081592,-0.6630801715873886,0.17386815852526283,0.051010098145173544,0.03825757360887927,0.11462804417918537
2026-01-06 19:25:00+00:00,16.69954607436857,19.920137714260555,17.26260685093978,12.946955138204837,4.985222281866636,-0.39437743122219615,0.14710602486320568,0.04316239073821748,0.032371793053666664,0.1499387757850439
2026-01-06 19:30:00+00:00,16.602382707599407,20.044604300207517,17.29912887387212,12.97434665540409,5.089931393670476,-0.0971633667691627,0.12446658594696203,0.03652202293234197,0.027391517199253812,0.10470911180383968
2026-01-06 19:35:00+00:00,16.761199981844456,20.06979895175601,17.330032124045644,12.997524093034231,5.114638337131412,0.15881727424504888,0.02519465154849243,0.030903250173523134,0.023177437630140574,0.02470694346093616
2026-01-06 19:40:00+00:00,16.48361458278459,20.011016057323264,17.356181028038623,13.017135771028965,5.078403074851933,-0.27758539905986623,-0.058782894432745536,0.0261489039929792,0.019611677994733512,-0.0362352622794786
2026-01-06 19:45:00+00:00,16.561850565176297,19.96130821162862,17.378307023724986,13.03373026779374,5.052804557645504,0.07823598239170693,-0.0497078456946447,0.022125995686362643,0.016594496764774647,-0.02559851720642925
2026-01-06 19:50:00+00:00,16.412452508319735,19.919207725803304,17.39702902007499,13.04777176505624,5.025441298378583,-0.14939805685656182,-0.04210048582531556,0.018721996350002712,0.014041497262500258,-0.02736325926692107
2026-01-06 19:55:00+00:00,16.377101533128887,19.88357001559778,17.412870709294218,13.059653031970665,5.034627961244818,-0.03535097519084829,-0.03563771020552409,0.015841689219229238,0.011881266914425481,0.009186662866235373
2026-01-06 20:00:00+00:00,16.639777883267403,19.853405397813507,17.42627521555665,13.069706411667488,5.022402420931368,0.2626763501385163,-0.030164617784272707,0.013404506262432392,0.010053379696822518,-0.0122255403134508
2026-01-06 20:05:00+00:00,16.626818119227256,19.90802000394956,17.437617490086396,13.078213117564795,5.0261788427645415,-0.012959764040147093,0.0546146061360524,0.011342274529745566,0.008506705897307398,0.0037764218331739485
2026-01-06 20:10:00+00:00,16.52961847968459,19.95423985049301,17.44721479930387,13.085411099477906,5.030437623870445,-0.09719963954266575,0.046219846543451126,0.009597309217475924,0.007197981913110496,0.0042587811059036085
2026-01-06 20:15:00+00:00,16.469648710442367,19.993336375663205,17.455335599410965,13.091501699558227,5.056820821291013,-0.059969769242222526,0.03909652517019424,0.008120800107093373,0.006090600080321806,0.02638319742056794
2026-01-06 20:20:00+00:00,16.52514285702443,20.02644207613264,17.462207045655433,13.096655284241578,5.0718645352485785,0.05549414658206331,0.033105700469434396,0.0068714462444674496,0.005153584683350587,0.01504371395756543
2026-01-06 20:25:00+00:00,16.71127544952206,20.038417841081376,17.46802134632383,13.101016009742873,5.066703299562161,0.18613259249762848,0.011975764948736867,0.0058143006683977205,0.004360725501294738,-0.005161235686417243
2026-01-06 20:30:00+00:00,16.988224181337657,19.9844352465999,17.472941139197086,13.104705854397816,5.041327554145658,0.2769487318155974,-0.05398259448147513,0.004919792873256057,0.003689844654942931,-0.025375745416503115
2026-01-06 20:35:00+00:00,17.29956235158102,19.938760698089677,17.477104040859075,13.107828030644306,5.033924956658901,0.3113381702433635,-0.0456745485102239,0.004162901661988627,0.0031221762464905822,-0.007402597486756868
2026-01-06 20:40:00+00:00,17.697848849352752,19.980233411204086,17.480626496111523,13.110469872083643,5.098225006979648,0.398286497771732,0.04147271311440903,0.0035224552524475428,0.0026418414393365452,0.06430005032074693
2026-01-06 20:45:00+00:00,18.127497110133472,20.015325706916276,17.483607035171286,13.112705276378467,5.179398518296793,0.42964826078071994,0.035092295712189525,0.002980539059763032,0.0022354042948240505,0.08117351131714479
2026-01-06 20:50:00+00:00,18.625811392863877,20.028993546877874,17.48612902976032,13.114596772320242,5.258405468190208,0.498314282730405,0.013667839961598816,0.002521994589034904,0.0018914959417752897,0.07900694989341517
2026-01-06 20:55:00+00:00,19.066181555272788,20.040563868221934,17.48826302518181,13.116197268886358,5.3041009763477875,0.4403701624089109,0.011570321344059664,0.0021339954214880663,0.0016004965661160497,0.04569550815757939
2026-01-06 21:00:00+00:00,18.61071245564458,20.050388170547166,17.49006871361538,13.117551535211533,5.353364208495292,-0.4554690996282069,0.009824302325231571,0.0018056884335706513,0.0013542663251744358,0.04926323214750461
2026-01-06 21:05:00+00:00,18.746108925054653,20.058676108492854,17.491596603828395,13.118697452871297,5.351992085288588,0.13539646941007177,0.008287937945688384,0.0015278902130155814,0.0011459176597643506,-0.0013721232067043232
2026-01-06 21:10:00+00:00,18.469297531480997,19.623829017858053,17.10827404939326,12.831205537044944,5.1923054847031604,-0.2768113935736558,-0.43484709063480054,-0.38332255443513574,-0.2874919158263527,-0.15968660058542739
2026-01-06 21:15:00+00:00,18.923159646897027,19.777861395375425,17.168539580255832,12.876404685191877,5.154530918157354,0.4538621154160296,0.1540323775173711,0.0602655308625728,0.045199148146933155,-0.037774566545806465
2026-01-06 21:20:00+00:00,19.12597411509412,19.9082181925693,17.219533490985704,12.91465011823928,5.089586983012346,0.2028144681970936,0.13035679719387616,0.05099391072987203,0.038245433047402244,-0.06494393514500807
2026-01-06 21:25:00+00:00,19.495030018383144,20.098661974506136,17.262682184680212,12.947011638510158,5.0412207982845505,0.3690559032890235,0.19044378193683542,0.043148693694508466,0.032361520270878685,-0.048366184727795414
2026-01-06 21:30:00+00:00,19.893646596605222,20.259800376837592,17.299192617806334,12.97439446335475,4.990570500369451,0.39861657822207874,0.16113840233145638,0.036510433126121455,0.02738282484459198,-0.050650297915099785
2026-01-06 21:35:00+00:00,20.21497967007299,20.47628526625528,17.330086061220744,12.997564545915559,4.95619116665345,0.3213330734677662,0.21648488941768917,0.030893443414409916,0.023170082560808325,-0.03437933371600099
2026-01-06 21:40:00+00:00,20.49765526288861,20.65947640354144,17.35622666718678,13.017170000390088,4.921940805460755,0.2826755928156217,0.18319113728615832,0.026140605966038066,0.019605454474529438,-0.034250361192694534
2026-01-06 21:45:00+00:00,20.73192885437817,20.81445087319259,17.378345641465735,13.033759231099305,4.869953240786795,0.23427359148956128,0.15497446965115103,0.022118974278953374,0.016589230709216807,-0.051987564673960485
2026-01-06 21:50:00+00:00,20.84048875248784,20.945573547139343,17.397061696624856,13.047796272468643,4.814201220402844,0.10855989810966804,0.13112267394675214,0.018716055159121225,0.014037041369338255,-0.05575202038395055
2026-01-06 21:55:00+00:00,21.062184496439592,21.056543005609083,17.41289835868257,13.05967376901193,4.774597637496587,0.22169574395175218,0.11096945846973938,0.015836662057711948,0.011877496543286625,-0.039603582906257095
2026-01-06 22:00:00+00:00,21.208359528031174,21.15041245020395,17.42629861119294,13.06972395839471,4.731345524696045,0.14617503159158218,0.09386944459486912,0.013400252510372468,0.010050189382779351,-0.043252112800542086
2026-01-06 22:05:00+00:00,21.311196332679806,21.229838628450004,17.437637286394025,13.078227964795524,4.679808493448765,0.1028368046486321,0.07942617824605236,0.01133867520108467,0.00850400640081439,-0.05153703124728004
2026-01-06 22:10:00+00:00,21.427984486173532,21.29705132453938,17.447231550025712,13.085423662519288,4.617784892170525,0.11678815349372584,0.06721269608937774,0.009594263631687028,0.007195697723764383,-0.06202360127823958
2026-01-06 22:15:00+00:00,21.531446763984682,21.353915223328197,17.45534977309868,13.091512329824013,4.565715406079717,0.10346227781115047,0.0568638987888157,0.008118223072965947,0.006088667304725348,-0.05206948609080797
2026-01-06 22:20:00+00:00,21.332807424080915,21.482159035123857,17.46221903877581,13.096664279081857,4.521563057634167,-0.19863933990376736,0.12824381179565947,0.006869265677131864,0.005151949257843569,-0.04415234844555016
2026-01-06 22:25:00+00:00,21.45351279794335,21.590673029720183,17.468031494348764,13.10102362076157,4.485037858206076,0.1207053738624353,0.1085139945963256,0.005812455572954178,0.004359341679712969,-0.03652519942809107
2026-01-06 22:30:00+00:00,21.541221481598274,21.602364358481182,17.472949725987412,13.10471229449056,4.442423659590339,0.0877086836549239,0.011691328760999653,0.0049182316386477964,0.0036886737289894,-0.042614198615737564
2026-01-06 22:35:00+00:00,21.608619487078837,21.69238522640715,17.477111306604733,13.107833479953548,4.421567472711555,0.06739800548056252,0.09002086792596842,0.004161580617321192,0.003121185462989118,-0.020856186878783767
2026-01-06 22:40:00+00:00,21.67029589508075,21.76855673003682,17.480632644050157,13.110474483037619,4.394625704698772,0.06167640800191165,0.07617150362966996,0.003521337445423711,0.002641003084070448,-0.02694176801278303
2026-01-06 22:45:00+00:00,21.721856236617427,21.833009540800386,17.48361223727321,13.112709177954908,4.381213570317433,0.05156034153667832,0.0644528107635658,0.0029795932230527455,0.002234694917289559,-0.013412134381338703
2026-01-06 22:50:00+00:00,21.76310540809305,21.967674739651606,17.48613343153887,13.114600073654152,4.395055656735524,0.04124917147562357,0.13466519885121997,0.0025211942656611086,0.001890895699244055,0.013842086418090815
2026-01-06 22:55:00+00:00,21.793520806119634,22.081622215602643,17.48826674976366,13.116200062322743,4.4147022058771315,0.030415398026583773,0.11394747595103638,0.002133318224789349,0.0015999886685911235,0.019646549141607572
2026-01-06 23:00:00+00:00,21.825359593747635,22.178039310638134,17.490071865184635,13.117553898888476,4.435378142670031,0.03183878762800063,0.09641709503549123,0.0018051154209750564,0.0013538365657321805,0.020675936792899918
2026-01-06 23:05:00+00:00,21.85523121664284,22.259623006437398,17.491599270540846,13.118699452905634,4.46706146760797,0.029871622895203842,0.08158369579926372,0.0015274053562102097,0.0011455540171585454,0.031683324937938906
2026-01-06 23:10:00+00:00,20.9042634001801,21.330486866252887,16.723660921226866,12.542745690920151,4.2937232994223455,-0.9509678164627395,-0.9291361401845109,-0.7679383493139795,-0.5759537619854829,-0.17333816818562475
2026-01-06 23:15:00+00:00,21.060559601711844,21.542463245803727,16.843097702576582,12.632323276932436,4.380993585792488,0.15629620153174528,0.21197637955084048,0.11943678134971591,0.08957758601228427,0.08727028637014289
2026-01-06 23:20:00+00:00,20.98551658678299,21.721827874654434,16.94415959448788,12.708119695865905,4.479785108420611,-0.07504301492885546,0.17936462885070625,0.10106189191129644,0.07579641893346967,0.09879152262812241
2026-01-06 23:25:00+00:00,20.904222971590123,21.873597945220418,17.029673503028203,12.772255127271153,4.569966865524961,-0.08129361519286604,0.15177007056598413,0.08551390854032448,0.0641354314052478,0.09018175710435017
2026-01-06 23:30:00+00:00,20.69488807669787,22.002018774160867,17.10203142563925,12.826523569229437,4.636280861889527,-0.20933489489225465,0.12842082894044893,0.07235792261104734,0.05426844195828373,0.06631399636456603
2026-01-06 23:35:00+00:00,20.18699981138198,22.110682552495096,17.163257360156287,12.872443020117217,4.689121313489943,-0.5078882653158878,0.10866377833422902,0.06122593451703651,0.045919450887780044,0.052840451600416394
2026-01-06 23:40:00+00:00,19.9646308284381,22.20262882647021,17.21506392013224,12.911297940099184,4.746014760584066,-0.2223689829438804,0.09194627397511468,0.051806559975954514,0.03885491998196677,0.05689344709412225
2026-01-06 23:45:00+00:00,19.531748552399574,22.20030131470556,17.2589002401119,12.944175180083924,4.782168385301398,-0.43288227603852647,-0.002327511764651291,0.043836319979657645,0.03287723998474057,0.03615362471733263
2026-01-06 23:50:00+00:00,19.05019992662041,22.198331881673933,17.295992510863915,12.971994383147935,4.809374761587254,-0.4815486257791619,-0.001969433031625556,0.03709227075201582,0.027819203064010978,0.027206376285855427
2026-01-06 23:55:00+00:00,18.65622577871999,22.19666543833948,17.327378278423314,12.995533708817485,4.841336465895777,-0.3939741479004226,-0.00166644333445376,0.03138576755939937,0.023539325669549527,0.03196170430852341
2026-01-07 00:00:00+00:00,18.174623398006204,22.195255370902636,17.353935466358188,13.01545159976864,4.8525720519389495,-0.4816023807137846,-0.0014100674368435762,0.026557187934873383,0.019917890951155925,0.011235586043172319
2026-01-07 00:05:00+00:00,18.088355453689868,22.274190442045825,17.376406933072314,13.032305199804235,4.882448095956536,-0.08626794431633655,0.07893507114318865,0.022471466714126365,0.016853600035593885,0.0298760440175867
2026-01-07 00:10:00+00:00,17.244636477206654,22.260853450961847,17.39542125106119,13.046565938295892,4.892015889795069,-0.8437189764832134,-0.013336991083978234,0.019014317988876428,0.014260738491657321,0.009567793838533234
2026-01-07 00:15:00+00:00,17.114282166687794,22.249568304660023,17.41151028935947,13.0586327170196,4.898458398570276,-0.13035431051886093,-0.01128514630182309,0.016089038298279235,0.012066778723708538,0.00644250877520669
2026-01-07 00:20:00+00:00,16.851125566860937,22.240019334712326,17.425124090996473,13.068843068247356,4.910408709603068,-0.263156599826857,-0.009548969947697827,0.01361380163700332,0.010210351227755154,0.011950311032792094
2026-01-07 00:25:00+00:00,16.687504476386813,22.31206764219248,17.436643461612398,13.077482596209299,4.928540948344956,-0.16362109047412332,0.07204830748015567,0.01151937061592534,0.008639527961943116,0.018132238741888074
2026-01-07 00:30:00+00:00,16.246615499389144,22.292903389547483,17.44639062136434,13.084792966023254,4.925300014811615,-0.4408889769976696,-0.019164252644998214,0.009747159751942291,0.00731036981395583,-0.003240933533341206
2026-01-07 00:35:00+00:00,16.66718058655516,22.27668748346325,17.454638218077516,13.09097866355814,4.918742694967876,0.4205650871660147,-0.016215906084234177,0.008247596713175653,0.006185697534885293,-0.0065573198437389735
2026-01-07 00:40:00+00:00,16.534975002839037,22.18283812703301,17.461616953757897,13.096212715318424,4.898546181707054,-0.13220558371612157,-0.0938493564302405,0.006978735680380765,0.005234051760284686,-0.020196513260821725
2026-01-07 00:45:00+00:00,16.753948419819938,22.1835553382587,17.467522037795145,13.100641528346358,4.899402589007307,0.21897341698090145,0.0007172112256910168,0.0059050840372485425,0.004428813027933742,0.0008564073002528261
2026-01-07 00:50:00+00:00,16.777878546595183,22.18416220929582,17.47251864736512,13.104388985523842,4.8979673914563975,0.02393012677524453,0.0006068710371209818,0.004996609569975163,0.003747457177484037,-0.001435197550909706
2026-01-07 00:55:00+00:00,16.98050873789269,22.184675715557997,17.47674654777049,13.107559910827865,4.901271287002312,0.2026301912975086,0.0005135062621768327,0.004227900405368246,0.0031709253040226315,0.0033038955459145924
2026-01-07 01:00:00+00:00,17.28844972024772,22.185110220856764,17.480324001959644,13.110243001469733,4.8924894200002145,0.30794098235502787,0.000434505298766652,0.00357745418915556,0.0026830906418684464,-0.008781867002097599
2026-01-07 01:05:00+00:00,17.82662691842768,22.105349674058292,17.483351078581236,13.112513308935927,4.865127742327117,0.5381771981799623,-0.07976054679847167,0.003027076621592073,0.0022703074661940548,-0.027361677673097162
2026-01-07 01:10:00+00:00,17.259946967341964,21.561669504422948,17.101297066491814,12.825972799868861,4.741398302975964,-0.5666799510857174,-0.5436801696353442,-0.3820540120894229,-0.2865405090670663,-0.12372943935115366
2026-01-07 01:15:00+00:00,17.90963534300361,21.497694708870696,17.16263597933923,12.871976984504421,4.739868574948348,0.6496883756616469,-0.0639747955522516,0.06133891284741466,0.04600418463556011,-0.00152972802761564
2026-01-07 01:20:00+00:00,18.52670487027397,21.439292863835956,17.214538136363963,12.910903602272972,4.726180792295448,0.6170695272703597,-0.058401845034740774,0.05190215702473466,0.038926617768551,-0.013687782652899827
2026-01-07 01:25:00+00:00,18.70036446230055,21.314017038630425,17.258455346154125,12.943841509615591,4.695446231967908,0.17365959202657777,-0.12527582520553082,0.04391720979016256,0.032937907342619255,-0.030734560327540628
2026-01-07 01:30:00+00:00,18.517272252938362,21.208014417302667,17.29561606213041,12.971712046597808,4.6499347730845235,-0.1830922093621865,-0.1060026213277574,0.037160715976284564,0.027870536982216976,-0.04551145888338404
2026-01-07 01:35:00+00:00,17.790305496994854,21.198448096692,17.32705974487958,12.995294808659683,4.635166302903755,-0.7269667559435078,-0.009566320610666423,0.03144368274917042,0.023582762061874263,-0.014768470180768212
2026-01-07 01:40:00+00:00,17.902809817069897,21.270481722841946,17.353665937975027,13.015249453481271,4.630495830429765,0.1125043200750433,0.07203362614994546,0.02660619309544643,0.019954644821588374,-0.00467047247399055
2026-01-07 01:45:00+00:00,18.01114738385242,21.41156145778934,17.376178870594256,13.03213415294569,4.627271623096744,0.10833756678252371,0.14107973494739312,0.02251293261922882,0.01688469946441984,-0.0032242073330204235
2026-01-07 01:50:00+00:00,18.413424875844264,21.53093661812944,17.395228275118217,13.04642120633866,4.6283425669583895,0.4022774919918426,0.11937516034010187,0.019049404523961755,0.01428705339296954,0.0010709438616451905
2026-01-07 01:55:00+00:00,18.52782193008185,21.631946369186444,17.411347002023103,13.058510251517328,4.639686608360625,0.1143970542375854,0.10100975105700272,0.01611872690488525,0.01208904517866749,0.01134404140223566
2026-01-07 02:00:00+00:00,18.549244347271816,21.653313594439812,17.424985924788782,13.068739443591586,4.621350344716325,0.02142241718996729,0.02136722525336765,0.01363892276567924,0.010229192074257654,-0.018336263644299855
2026-01-07 02:05:00+00:00,18.62758287164673,21.67139355426959,17.43652655174435,13.077394913808265,4.589344536495601,0.07833852437491373,0.018079959829776726,0.011540626955568456,0.008655470216679007,-0.032005808220723964
2026-01-07 02:10:00+00:00,18.524130804106377,21.68669198181785,17.44629169762984,13.084718773222379,4.560667403533244,-0.10345206754035274,0.01529842754826305,0.00976514588548838,0.007323859414114509,-0.028677132962357632
2026-01-07 02:15:00+00:00,18.721770878962925,21.699636805127923,17.45455451337909,13.090915885034319,4.545309986033776,0.19764007485654744,0.01294482331007174,0.008262815749251473,0.006197111811939493,-0.01535741749946773
2026-01-07 02:20:00+00:00,18.81559600646054,21.710590117159523,17.461546126705386,13.09615959502904,4.537799273156167,0.09382512749761673,0.010953312031599438,0.00699161332629572,0.005243709994720902,-0.0075107128776092935
2026-01-07 02:25:00+00:00,18.878598234590058,21.79998650939139,17.467462107212253,13.100596580409187,4.556465969772071,0.06300222812951617,0.08939639223186546,0.005915980506866703,0.0044369853801473624,0.018666696615904144
2026-01-07 02:30:00+00:00,18.96919580880162,21.939732174613226,17.4724679368719,13.104350952653927,4.571649087081285,0.09059757421156078,0.13974566522183807,0.005005829659648242,0.0037543722447406225,0.015183117309214289
2026-01-07 02:35:00+00:00,18.764572628012235,22.05797850672401,17.47670363889161,13.107527729168709,4.591985234082134,-0.20462318078938324,0.1182463321107825,0.004235702019709464,0.00317677651478121,0.02033614700084918
2026-01-07 02:40:00+00:00,18.331229693723742,22.158033095433137,17.480287694446748,13.110215770835062,4.628899558102947,-0.43334293428849335,0.10005458870912776,0.003584055555137411,0.002688041666353058,0.036914324020812295
2026-01-07 02:45:00+00:00,18.372853962581402,22.242701157761253,17.483320356839553,13.112490267629667,4.689925359976923,0.04162426885766024,0.08466806232811663,0.0030326623928047525,0.0022744967946053407,0.06102580187397599
2026-01-07 02:50:00+00:00,18.128787340002578,22.394467007543664,17.485886455787313,13.114414841840487,4.792639299580873,-0.24406662257882417,0.1517658497824108,0.0025660989477600538,0.0019245742108200403,0.1027139396039507
2026-01-07 02:55:00+00:00,18.236039940506295,22.522882339716435,17.48805777028157,13.116043327711182,4.922720391602328,0.10725260050371688,0.12841533217277146,0.0021713144942587803,0.0016284858706949734,0.130081092021455
2026-01-07 03:00:00+00:00,18.252942598901047,22.631541466939545,17.4898950363921,13.117421277294078,5.069554799893923,0.016902658394752024,0.10865912722310966,0.0018372661105274801,0.00137794958289561,0.14683440829159444
2026-01-07 03:05:00+00:00,18.677683997502427,22.65938124125654,17.491449646177927,13.11858723463345,5.184304050996233,0.4247413986013804,0.027839774316994692,0.0015546097858276653,0.0011659573393725253,0.11474925110231027
2026-01-07 03:10:00+00:00,18.231687893764633,22.18156434699729,17.108149700612092,12.831112275459073,5.1558157051248354,-0.4459961037377944,-0.47781689425924867,-0.3832999455658346,-0.2874749591743768,-0.02848834587139759
2026-01-07 03:15:00+00:00,18.739671779590118,22.278631370536168,17.168434362056388,12.876325771542291,5.287093198033507,0.5079838858254853,0.09706702353887664,0.060284661444296006,0.045213496083217564,0.13127749290867197
2026-01-07 03:20:00+00:00,19.226708577704933,22.280637254147937,17.21944446020156,12.91458334515117,5.369097081614215,0.48703679811481493,0.0020058836117691214,0.051010098145173544,0.03825757360887927,0.08200388358070754
2026-01-07 03:25:00+00:00,19.447731865848933,22.20220588171492,17.26260685093978,12.946955138204837,5.389445258678973,0.22102328814399996,-0.07843137243301612,0.04316239073821748,0.032371793053666664,0.020348177064757778
2026-01-07 03:30:00+00:00,19.643109911904457,22.135840892534496,17.29912887387212,12.97434665540409,5.38777781586268,0.19537804605552367,-0.06636498918042477,0.03652202293234197,0.027391517199253812,-0.001667442816292386
2026-01-07 03:35:00+00:00,20.024172343634095,22.079691569299587,17.330032124045644,12.997524093034231,5.377072150838999,0.3810624317296387,-0.05614932323490862,0.030903250173523134,0.023177437630140574,-0.010705665023681199
2026-01-07 03:40:00+00:00,20.0937682668132,22.032174917612473,17.356181028038623,13.017135771028965,5.35099469290461,0.06959592317910435,-0.04751665168711483,0.0261489039929792,0.019611677994733512,-0.02607745793438898
2026-01-07 03:45:00+00:00,20.39432117747908,22.072103892483852,17.378307023724986,13.03373026779374,5.364018903984297,0.3005529106658784,0.03992897487137981,0.022125995686362643,0.016594496764774647,0.013024211079686765
2026-01-07 03:50:00+00:00,20.63367834464436,22.025754575691465,17.39702902007499,13.04777176505624,5.296393268754613,0.23935716716528077,-0.046349316792387185,0.018721996350002712,0.014041497262500258,-0.06762563522968357
2026-01-07 03:55:00+00:00,20.358832985310627,22.066666500549815,17.412870709294218,13.059653031970665,5.227479535019455,-0.27484535933373166,0.04091192485834938,0.015841689219229238,0.011881266914425481,-0.06891373373515819
2026-01-07 04:00:00+00:00,20.385874934215398,22.10128191072164,17.42627521555665,13.069706411667488,5.144750438284924,0.027041948904770408,0.034615410171824124,0.013404506262432392,0.010053379696822518,-0.0827290967345311
2026-01-07 04:05:00+00:00,19.830471059210165,22.130571873174723,17.437617490086396,13.078213117564795,5.104879061020434,-0.5554038750052328,0.029289962453084684,0.011342274529745566,0.008506705897307398,-0.03987137726448964
2026-01-07 04:10:00+00:00,19.60157872073836,22.139330046532457,17.44721479930387,13.085411099477906,5.0440814257691,-0.22889233847180535,0.008758173357733767,0.009597309217475924,0.007197981913110496,-0.06079763525133419
2026-01-07 04:15:00+00:00,19.52271350534839,22.146740808604385,17.455335599410965,13.091501699558227,4.966752701413179,-0.07886521538997115,0.007410762071927479,0.008120800107093373,0.006090600080321806,-0.07732872435592153
2026-01-07 04:20:00+00:00,19.030500809627906,22.072883248306276,17.462207045655433,13.096655284241578,4.879600885180413,-0.49221269572048243,-0.07385756029810864,0.0068714462444674496,0.005153584683350587,-0.08715181623276536
2026-01-07 04:25:00+00:00,19.229100457447984,22.010388389592485,17.46802134632383,13.101016009742873,4.842012801137224,0.19859964782007822,-0.06249485871379079,0.0058143006683977205,0.004360725501294738,-0.037588084043189696
2026-01-07 04:30:00+00:00,19.02367753723354,22.037636329655182,17.472941139197086,13.104705854397816,4.816020288124336,-0.20542292021444553,0.02724794006269704,0.004919792873256057,0.003689844654942931,-0.02599251301288774
2026-01-07 04:35:00+00:00,19.312407834317025,21.996592558900932,17.477104040859075,13.107828030644306,4.765909095541537,0.28873029708348597,-0.04104377075424992,0.004162901661988627,0.0031221762464905822,-0.050111192582798836
2026-01-07 04:40:00+00:00,18.840689797618822,21.961860370352067,17.480626496111523,13.110469872083643,4.69635444040384,-0.4717180366982028,-0.034732188548865395,0.0035224552524475428,0.0026418414393365452,-0.0695546551376971
2026-01-07 04:45:00+00:00,19.333665244902036,21.932479872621876,17.483607035171286,13.112705276378467,4.695322281774479,0.4929754472832144,-0.029380497730191024,0.002980539059763032,0.0022354042948240505,-0.00103215862936068
2026-01-07 04:50:00+00:00,19.510570528943607,21.90761741321902,17.48612902976032,13.114596772320242,4.744457390335286,0.17690528404157035,-0.024862459402857695,0.002521994589034904,0.0018914959417752897,0.04913510856080627
2026-01-07 04:55:00+00:00,19.789588088730277,21.876740185188034,17.48826302518181,13.116197268886358,4.749296000316555,0.27901755978667,-0.030877228030984583,0.0021339954214880663,0.0016004965661160497,0.004838609981269393
2026-01-07 05:00:00+00:00,19.913174861681217,21.780354058080253,17.49006871361538,13.117551535211533,4.778813520429237,0.12358677295094012,-0.09638612710778105,0.0018056884335706513,0.0013542663251744358,0.02951752011268205
2026-01-07 05:05:00+00:00,19.53967669590665,21.69882418551739,17.491596603828395,13.118697452871297,4.7946962447786765,-0.37349816577456707,-0.08152987256286437,0.0015278902130155814,0.0011459176597643506,0.015882724349439492
2026-01-07 05:10:00+00:00,19.22803958414388,21.16279685757016,17.10827404939326,12.831205537044944,4.6719088751909235,-0.31163711176277076,-0.5360273279472274,-0.38332255443513574,-0.2874919158263527,-0.12278736958775305
2026-01-07 05:15:00+00:00,19.057539442049208,21.17626091532442,17.168539580255832,12.876404685191877,4.627612794925787,-0.1705001420946708,0.013464057754259073,0.0602655308625728,0.045199148146933155,-0.04429608026513687
2026-01-07 05:20:00+00:00,19.17678447874368,21.18763182375622,17.219533490985704,12.91465011823928,4.6079977984936376,0.11924503669447262,0.01137090843180033,0.05099391072987203,0.038245433047402244,-0.019614996432149034
2026-01-07 05:25:00+00:00,19.352666247751525,21.197268398610877,17.262682184680212,12.947011638510158,4.556222330677619,0.17588176900784447,0.009636574854656743,0.043148693694508466,0.032361520270878685,-0.05177546781601894
2026-01-07 05:30:00+00:00,19.44792966594013,21.28552656706532,17.299192617806334,12.97439446335475,4.52070689545986,0.09526341818860473,0.08825816845444479,0.036510433126121455,0.02738282484459198,-0.035515435217758906
2026-01-07 05:35:00+00:00,19.881835290606052,21.36019373079626,17.330086061220744,12.997564545915559,4.4835082197375895,0.43390562466592186,0.07466716373093973,0.030893443414409916,0.023170082560808325,-0.0371986757222702
2026-01-07 05:40:00+00:00,19.991776891380642,21.343241655908113,17.35622666718678,13.017170000390088,4.445786242572498,0.10994160077459014,-0.01695207488814887,0.026140605966038066,0.019605454474529438,-0.0377219771650914
2026-01-07 05:45:00+00:00,20.15386684023349,21.40902507258353,17.378345641465735,13.033759231099305,4.429847456778584,0.16208994885284866,0.06578341667541565,0.022118974278953374,0.016589230709216807,-0.015938785793913723
2026-01-07 05:50:00+00:00,20.40868797958977,21.46469100334962,17.397061696624856,13.047796272468643,4.412415038766136,0.2548211393562809,0.05566593076609294,0.018716055159121225,0.014037041369338255,-0.017432418012448103
2026-01-07 05:55:00+00:00,20.615051581487585,21.511794973723834,17.41289835868257,13.05967376901193,4.417299520120575,0.206363601897813,0.04710397037421288,0.015836662057711948,0.011877496543286625,0.004884481354438641
2026-01-07 06:00:00+00:00,20.592604630227164,21.71190343930478,17.42629861119294,13.06972395839471,4.441273908901502,-0.022446951260420178,0.20010846558094642,0.013400252510372468,0.010050189382779351,0.02397438878092739
2026-01-07 06:05:00+00:00,20.832614978705145,21.881225987104045,17.437637286394025,13.078227964795524,4.469643679124871,0.24001034847798053,0.1693225477992648,0.01133867520108467,0.00850400640081439,0.028369770223368285
2026-01-07 06:10:00+00:00,20.575571880811086,22.02449955527148,17.447231550025712,13.085423662519288,4.482146134106905,-0.25704309789405855,0.14327356816743375,0.009594263631687028,0.007195697723764383,0.012502454982034727
2026-01-07 06:15:00+00:00,20.04918562416435,22.225858598050227,17.45534977309868,13.091512329824013,4.51407479976858,-0.5263862566467381,0.20135904277874772,0.008118223072965947,0.006088667304725348,0.03192866566167485
2026-01-07 06:20:00+00:00,19.798884347659087,22.396239326555317,17.46221903877581,13.096664279081857,4.548784498748294,-0.2503012765052617,0.17038072850509067,0.006869265677131864,0.005151949257843569,0.034709698979713544
2026-01-07 06:25:00+00:00,19.31981335447609,22.5404076352904,17.468031494348764,13.10102362076157,4.572154321936383,-0.4790709931829973,0.14416830873508246,0.005812455572954178,0.004359341679712969,0.023369823188089
2026-01-07 06:30:00+00:00,18.90730986210979,22.66239620422008,17.472949725987412,13.10471229449056,4.6016955854516075,-0.412503492366298,0.12198856892968024,0.0049182316386477964,0.0036886737289894,0.02954126351522479
2026-01-07 06:35:00+00:00,18.16239572441476,22.765618594342474,17.477111306604733,13.107833479953548,4.631823485036936,-0.7449141376950301,0.10322239012239365,0.004161580617321192,0.003121185462989118,0.030127899585328244
2026-01-07 06:40:00+00:00,17.78086998323281,22.852959323417988,17.480632644050157,13.110474483037619,4.664761018948267,-0.3815257411819495,0.08734072907551393,0.003521337445423711,0.002641003084070448,0.032937533911331585
2026-01-07 06:45:00+00:00,17.263633465693417,22.926863017251115,17.48361223727321,13.112709177954908,4.698702236380828,-0.5172365175393949,0.07390369383312745,0.0029795932230527455,0.002234694917289559,0.0339412174325604
2026-01-07 06:50:00+00:00,17.29371120998655,22.909268893556586,17.48613343153887,13.114600073654152,4.697313968573676,0.030077744293134145,-0.017594123694529173,0.0025211942656611086,0.001890895699244055,-0.001388267807151955
2026-01-07 06:55:00+00:00,16.858657753205968,22.894392497098373,17.48826674976366,13.116200062322743,4.7107552864164495,-0.43505345678058305,-0.014876396458213037,0.002133318224789349,0.0015999886685911235,0.013441317842773692
2026-01-07 07:00:00+00:00,16.453222561799212,22.88179475412963,17.490071865184635,13.117553898888476,4.724044858063326,-0.405435191406756,-0.01259774296874383,0.0018051154209750564,0.0013538365657321805,0.01328957164687683
2026-01-07 07:05:00+00:00,16.0719154943591,22.871134022725073,17.491599270540846,13.118699452905634,4.723743178922885,-0.3813070674401118,-0.010660731404556145,0.0015274053562102097,0.0011455540171585454,-0.00030167914044110233
2026-01-07 07:10:00+00:00,15.318293008421456,21.802131718862604,16.723660921226866,12.542745690920151,4.509234573458338,-0.7536224859376439,-1.0690023038624688,-0.7679383493139795,-0.5759537619854829,-0.2145086054645473
2026-01-07 07:15:00+00:00,15.64797036623504,21.957572992883744,16.843097702576582,12.632323276932436,4.564561819663674,0.3296773578135834,0.15544127402113972,0.11943678134971591,0.08957758601228427,0.055327246205336245
2026-01-07 07:20:00+00:00,16.32069891447025,22.169228429875986,16.94415959448788,12.708119695865905,4.652077685052423,0.6727285482352094,0.21165543699224187,0.10106189191129644,0.07579641893346967,0.08751586538874889
2026-01-07 07:25:00+00:00,17.051603740374883,22.348321491946347,17.029673503028203,12.772255127271153,4.749265943090098,0.7309048259046342,0.17909306207036124,0.08551390854032448,0.0641354314052478,0.09718825803767484
2026-01-07 07:30:00+00:00,17.398575492751693,22.66011818549306,17.10203142563925,12.826523569229437,4.855000578201239,0.34697175237680966,0.31179669354671447,0.07235792261104734,0.05426844195828373,0.10573463511114145
2026-01-07 07:35:00+00:00,17.874797700340473,22.84381795182746,17.163257360156287,12.872443020117217,4.930149693877895,0.47622220758877987,0.18369976633439933,0.06122593451703651,0.045919450887780044,0.0751491156766555
2026-01-07 07:40:00+00:00,18.509221002237716,23.063364436790103,17.21506392013224,12.911297940099184,4.9993098430676035,0.6344233018972432,0.21954648496264184,0.051806559975954514,0.03885491998196677,0.0691601491897087
2026-01-07 07:45:00+00:00,18.87225877265423,23.249128882412137,17.2589002401119,12.944175180083924,5.060973483948245,0.36303777041651486,0.1857644456220342,0.043836319979657645,0.03287723998474057,0.061663640880641246
2026-01-07 07:50:00+00:00,18.794888853408374,23.342211618451294,17.295992510863915,12.971994383147935,5.084822701403769,-0.07736991924585723,0.09308273603915751,0.03709227075201582,0.027819203064010978,0.02384921745552404
2026-01-07 07:55:00+00:00,18.76648148908972,23.34084572843315,17.327378278423314,12.995533708817485,5.0642170436497445,-0.028407364318653094,-0.001365890018146132,0.03138576755939937,0.023539325669549527,-0.020605657754024342
2026-01-07 08:00:00+00:00,18.793741433588366,23.339689975340868,17.353935466358188,13.01545159976864,5.0209079034193245,0.02725994449864544,-0.0011557530922807757,0.026557187934873383,0.019917890951155925,-0.043309140230419985
2026-01-07 08:05:00+00:00,18.37472508323753,23.33871207149795,17.376406933072314,13.032305199804235,4.979912694321925,-0.4190163503508373,-0.0009779038429158504,0.022471466714126365,0.016853600035593885,-0.04099520909739951
2026-01-07 08:10:00+00:00,18.19230958431007,23.257756815803063,17.39542125106119,13.046565938295892,4.935994876110055,-0.18241549892745823,-0.0809552556948887,0.019014317988876428,0.014260738491657321,-0.04391781821187024
2026-01-07 08:15:00+00:00,17.6187530210438,23.189256029207197,17.41151028935947,13.0586327170196,4.914723335340421,-0.5735565632662691,-0.068500786595866,0.016089038298279235,0.012066778723708538,-0.021271540769634
2026-01-07 08:20:00+00:00,17.364958233739458,23.13129421674936,17.425124090996473,13.068843068247356,4.917981198926616,-0.25379478730434357,-0.057961812457836714,0.01361380163700332,0.010210351227755154,0.0032578635861950644
2026-01-07 08:25:00+00:00,17.444992223262517,23.082248989710475,17.436643461612398,13.077482596209299,4.9234898094680535,0.08003398952305929,-0.04904522703888503,0.01151937061592534,0.008639527961943116,0.005508610541437697
2026-01-07 08:30:00+00:00,17.776028251277534,23.040749923130186,17.44639062136434,13.084792966023254,4.928661567799253,0.3310360280150171,-0.04149906658028968,0.009747159751942291,0.00731036981395583,0.0051717583311994275
2026-01-07 08:35:00+00:00,17.4880956274842,23.00565549619653,17.454638218077516,13.09097866355814,4.944318114988727,-0.28793262379333484,-0.035094426933657275,0.008247596713175653,0.006185697534885293,0.015656547189474068
2026-01-07 08:40:00+00:00,17.410289637020995,22.976019265777346,17.461616953757897,13.096212715318424,4.9840476883571245,-0.07780599046320447,-0.029636230419182397,0.006978735680380765,0.005234051760284686,0.03972957336839755
2026-01-07 08:45:00+00:00,17.441857846644325,22.950925154927564,17.467522037795145,13.100641528346358,5.024109896016165,0.03156820962333029,-0.02509411084978197,0.0059050840372485425,0.004428813027933742,0.040062207659040894
2026-01-07 08:50:00+00:00,17.755008639020772,22.929640021179708,17.47251864736512,13.104388985523842,5.060784664289686,0.3131507923764474,-0.021285133747856122,0.004996609569975163,0.003747457177484037,0.0366747682735209
2026-01-07 08:55:00+00:00,17.944914118902155,22.911620779038714,17.47674654777049,13.107559910827865,5.098824658781816,0.18990547988138218,-0.01801924214099415,0.004227900405368246,0.0031709253040226315,0.038039994492129914
2026-01-07 09:00:00+00:00,17.835372976723303,22.89637320445187,17.480324001959644,13.110243001469733,5.152542491312109,-0.10954114217885191,-0.015247574586844337,0.00357745418915556,0.0026830906418684464,0.0537178325302925
2026-01-07 09:05:00+00:00,17.784399941065892,22.947575599298705,17.483351078581236,13.112513308935927,5.200884701542205,-0.05097303565741029,0.051202394846836086,0.003027076621592073,0.0022703074661940548,0.04834221023009633
2026-01-07 09:10:00+00:00,17.494315979573553,22.48037169489627,17.101297066491814,12.825972799868861,5.120111935388086,-0.29008396149233917,-0.4672039044024352,-0.3820540120894229,-0.2865405090670663,-0.08077276615411932
2026-01-07 09:15:00+00:00,17.194677039636574,22.515480607512785,17.16263597933923,12.871976984504421,5.154017920985089,-0.29963893993697965,0.03510891261651494,0.06133891284741466,0.04600418463556011,0.033905985597002974
2026-01-07 09:20:00+00:00,16.973299713193125,22.545268919146675,17.214538136363963,12.910903602272972,5.175334799889342,-0.22137732644344865,0.029788311633890174,0.05190215702473466,0.038926617768551,0.021316878904253045
2026-01-07 09:25:00+00:00,16.965480418948538,22.570384267229237,17.258455346154125,12.943841509615591,5.195483119345912,-0.007819294244587383,0.02511534808256144,0.04391720979016256,0.032937907342619255,0.020148319456570363
2026-01-07 09:30:00+00:00,16.790336231790967,22.59160819510006,17.29561606213041,12.971712046597808,5.227520877273583,-0.17514418715757074,0.02122392787082461,0.037160715976284564,0.027870536982216976,0.03203775792767072
2026-01-07 09:35:00+00:00,16.461826521582655,22.609567608504808,17.32705974487958,12.995294808659683,5.228046755054058,-0.3285097102083121,0.01795941340474627,0.03144368274917042,0.023582762061874263,0.0005258777804755255
2026-01-07 09:40:00+00:00,16.55250094270923,22.624775633097585,17.353665937975027,13.015249453481271,5.223512754863171,0.09067442112657531,0.015208024592777036,0.02660619309544643,0.019954644821588374,-0.004534000190887788
2026-01-07 09:45:00+00:00,16.818676956196715,22.637664660261226,17.376178870594256,13.03213415294569,5.216271795004931,0.26617601348748465,0.012889027163641487,0.02251293261922882,0.01688469946441984,-0.007240959858239471
2026-01-07 09:50:00+00:00,17.163580843964226,22.728732098160187,17.395228275118217,13.04642120633866,5.235398478728029,0.34490388776751146,0.09106743789896043,0.019049404523961755,0.01428705339296954,0.01912668372309767
2026-01-07 09:55:00+00:00,17.210579525591715,22.725641733589754,17.411347002023103,13.058510251517328,5.233930727186536,0.04699868162748899,-0.0030903645704327687,0.01611872690488525,0.01208904517866749,-0.0014677515414929232
2026-01-07 10:00:00+00:00,17.10969228786552,22.72301787106658,17.424985924788782,13.068739443591586,5.223922869257769,-0.10088723772619446,-0.002623862523172704,0.01363892276567924,0.010229192074257654,-0.010007857928767017
2026-01-07 10:05:00+00:00,17.379752356366446,22.720782840748857,17.43652655174435,13.077394913808265,5.214145271669208,0.2700600685009249,-0.002235030317724096,0.011540626955568456,0.008655470216679007,-0.00977759758856056
2026-01-07 10:10:00+00:00,17.25939131754171,22.79909435261216,17.44629169762984,13.084718773222379,5.226715739499184,-0.12036103882473626,0.07831151186330132,0.00976514588548838,0.007323859414114509,0.01257046782997584
2026-01-07 10:15:00+00:00,17.333532882887216,22.865316913494738,17.45455451337909,13.090915885034319,5.230801589918294,0.07414156534550642,0.06622256088257927,0.008262815749251473,0.006197111811939493,0.0040858504191101375
2026-01-07 10:20:00+00:00,17.71680492828191,23.001576479907687,17.461546126705386,13.09615959502904,5.256190591111119,0.38327204539469406,0.13625956641294934,0.00699161332629572,0.005243709994720902,0.025389001192825056
2026-01-07 10:25:00+00:00,17.25723529107263,23.036700680438734,17.467462107212253,13.100596580409187,5.25763458516024,-0.459569637209281,0.03512420053104748,0.005915980506866703,0.0044369853801473624,0.001443994049120434
2026-01-07 10:30:00+00:00,17.411670199758102,23.066370330630768,17.4724679368719,13.104350952653927,5.275551851214188,0.15443490868547372,0.029669650192033714,0.005005829659648242,0.0037543722447406225,0.01791726605394839
2026-01-07 10:35:00+00:00,17.083296720797176,23.011389763680352,17.47670363889161,13.107527729168709,5.246485203636373,-0.32837347896092695,-0.05498056695041598,0.004235702019709464,0.00317677651478121,-0.02906664757781474
2026-01-07 10:40:00+00:00,17.11066960925334,22.964910068968326,17.480287694446748,13.110215770835062,5.228062653006522,0.02737288845616348,-0.04647969471202629,0.003584055555137411,0.002688041666353058,-0.01842255062985121
2026-01-07 10:45:00+00:00,16.912431959304826,22.925549303629065,17.483320356839553,13.112490267629667,5.211560026848728,-0.19823764994851345,-0.039360765339260695,0.0030326623928047525,0.0022744967946053407,-0.016502626157794076
2026-01-07 10:50:00+00:00,16.858529892831474,22.892302938541604,17.485886455787313,13.114414841840487,5.206034847878341,-0.05390206647335205,-0.033246365087460816,0.0025660989477600538,0.0019245742108200403,-0.005525178970387401
2026-01-07 10:55:00+00:00,16.641770132063122,22.86425440789344,17.48805777028157,13.116043327711182,5.177697764960648,-0.21675976076835113,-0.028048530648163705,0.0021713144942587803,0.0016284858706949734,-0.02833708291769277
2026-01-07 11:00:00+00:00,16.89362135096838,22.84032754541017,17.4898950363921,13.117421277294078,5.168189304152359,0.25185121890525863,-0.023926862483271805,0.0018372661105274801,0.00137794958289561,-0.00950846080828871
2026-01-07 11:05:00+00:00,16.79575587556214,22.820074252023577,17.491449646177927,13.11858723463345,5.160579110660851,-0.09786547540624113,-0.020253293386591764,0.0015546097858276653,0.0011659573393725253,-0.007610193491507822
2026-01-07 11:10:00+00:00,16.366187838001107,22.30392646776704,17.108149700612092,12.831112275459073,5.048362497641865,-0.4295680375610331,-0.5161477842565354,-0.3832999455658346,-0.2874749591743768,-0.11221661301898678
2026-01-07 11:15:00+00:00,16.434250996586503,22.36631360081556,17.168434362056388,12.876325771542291,5.053276986410191,0.06806315858539591,0.062387133048517285,0.060284661444296006,0.045213496083217564,0.004914488768326564
2026-01-07 11:20:00+00:00,16.426259434409747,22.338955588509222,17.21944446020156,12.91458334515117,5.039522090579947,-0.007991562176755451,-0.027358012306336832,0.051010098145173544,0.03825757360887927,-0.013754895830244251
2026-01-07 11:25:00+00:00,16.268329969066702,22.3158927967137,17.26260685093978,12.946955138204837,5.035510090245968,-0.1579294653430452,-0.023062791795521065,0.04316239073821748,0.032371793053666664,-0.004012000333978527
2026-01-07 11:30:00+00:00,16.447343019225155,22.216149479210557,17.29912887387212,12.97434665540409,5.002196178853871,0.1790130501584528,-0.09974331750314391,0.03652202293234197,0.027391517199253812,-0.033313911392097495
2026-01-07 11:35:00+00:00,16.401522909968453,22.131736275789283,17.330032124045644,12.997524093034231,4.974663632855539,-0.045820109256702324,-0.08441320342127412,0.030903250173523134,0.023177437630140574,-0.02753254599833177
2026-01-07 11:40:00+00:00,16.593272285907307,22.140403727915018,17.356181028038623,13.017135771028965,4.96920296071126,0.19174937593885488,0.008667452125735053,0.0261489039929792,0.019611677994733512,-0.005460672144279144
2026-01-07 11:45:00+00:00,16.58021848998833,22.14766898292432,17.378307023724986,13.03373026779374,4.952470231923251,-0.01305379591897804,0.007265255009301086,0.022125995686362643,0.016594496764774647,-0.0167327287880088
2026-01-07 11:50:00+00:00,17.15959550660038,22.15380655336914,17.39702902007499,13.04777176505624,4.935423313684795,0.5793770166120495,0.0061375704448209945,0.018721996350002712,0.014041497262500258,-0.0170469182384565
2026-01-07 11:55:00+00:00,16.86000592389138,22.078864368482677,17.412870709294218,13.059653031970665,4.907082602420273,-0.29958958270900027,-0.07494218488646354,0.015841689219229238,0.011881266914425481,-0.02834071126452198
2026-01-07 12:00:00+00:00,17.31454215616683,22.01544933743406,17.42627521555665,13.069706411667488,4.884626262358668,0.45453623227545137,-0.06341503104861701,0.013404506262432392,0.010053379696822518,-0.022456340061604685
2026-01-07 12:05:00+00:00,17.64073406534729,21.96179046500831,17.437617490086396,13.078213117564795,4.8657841283973156,0.3261919091804586,-0.05365887242574985,0.011342274529745566,0.008506705897307398,-0.01884213396135248
2026-01-07 12:10:00+00:00,17.876767305733736,21.916386803724976,17.44721479930387,13.085411099477906,4.850188226697891,0.23603324038644757,-0.045403661283334174,0.009597309217475924,0.007197981913110496,-0.015595901699424708
2026-01-07 12:15:00+00:00,18.04535044082648,21.79784272961546,17.455335599410965,13.091501699558227,4.8204773890709784,0.16858313509274225,-0.11854407410951495,0.008120800107093373,0.006090600080321806,-0.0297108376269124
2026-01-07 12:20:00+00:00,18.16239836800888,21.697552639070054,17.462207045655433,13.096655284241578,4.785278200000905,0.11704792718240142,-0.10029009054540694,0.0068714462444674496,0.005153584683350587,-0.0351991890700738
2026-01-07 12:25:00+00:00,18.73356784985367,21.532570114301514,17.46802134632383,13.101016009742873,4.734601244038402,0.571169481844791,-0.16498252476853992,0.0058143006683977205,0.004360725501294738,-0.05067695596250221
2026-01-07 12:30:00+00:00,19.123090916796702,21.473077473008573,17.472941139197086,13.104705854397816,4.721490630556732,0.3895230669430312,-0.05949264129294107,0.004919792873256057,0.003689844654942931,-0.013110613481670086
2026-01-07 12:35:00+00:00,19.215121285475828,21.34260401562264,17.477104040859075,13.107828030644306,4.687681194415461,0.09203036867912573,-0.13047345738593208,0.004162901661988627,0.0031221762464905822,-0.0338094361412713
2026-01-07 12:40:00+00:00,19.569976345646516,21.312331602962743,17.480626496111523,13.110469872083643,4.661206116238135,0.3548550601706886,-0.03027241265989744,0.0035224552524475428,0.0026418414393365452,-0.026475078177326417
2026-01-07 12:45:00+00:00,19.440085142923483,21.286716484558216,17.483607035171286,13.112705276378467,4.655782457434253,-0.12989120272303367,-0.025615118404527237,0.002980539059763032,0.0022354042948240505,-0.00542365880388207
2026-01-07 12:50:00+00:00,19.47403461455688,21.265049279837235,17.48612902976032,13.114596772320242,4.633202959805474,0.03394947163339879,-0.021667204720980493,0.002521994589034904,0.0018914959417752897,-0.022579497628778533
2026-01-07 12:55:00+00:00,19.403360694239648,21.24677549405003,17.48826302518181,13.116197268886358,4.612162006685302,-0.0706739203172333,-0.018273785787204844,0.0021339954214880663,0.0016004965661160497,-0.02104095312017229
2026-01-07 13:00:00+00:00,19.239940479127792,21.231311298319884,17.49006871361538,13.117551535211533,4.597916406647264,-0.16342021511185578,-0.015464195730146457,0.0018056884335706513,0.0013542663251744358,-0.014245600038037765
2026-01-07 13:05:00+00:00,18.9796903683863,21.298305276977626,17.491596603828395,13.118697452871297,4.587377852089341,-0.2602501107414916,0.06699397865774159,0.0015278902130155814,0.0011459176597643506,-0.01053855455792263
2026-01-07 13:10:00+00:00,18.47689418194661,20.94746710249755,17.10827404939326,12.831205537044944,4.479450277346145,-0.5027961864396921,-0.35083817448007437,-0.38332255443513574,-0.2874919158263527,-0.10792757474319625
2026-01-07 13:15:00+00:00,18.516327842878837,21.138241394421,17.168539580255832,12.876404685191877,4.477534011278649,0.039433660932228776,0.19077429192345008,0.0602655308625728,0.045199148146933155,-0.0019162660674965082
2026-01-07 13:20:00+00:00,18.200556844646453,21.299665795279306,17.219533490985704,12.91465011823928,4.491319758783958,-0.3157709982323844,0.161424400858305,0.05099391072987203,0.038245433047402244,0.013785747505309587
2026-01-07 13:25:00+00:00,17.808448203147954,21.436255672928645,17.262682184680212,12.947011638510158,4.517543871168935,-0.3921086414984991,0.13658987764933883,0.043148693694508466,0.032361520270878685,0.026224112384976905
2026-01-07 13:30:00+00:00,17.13567403706744,21.551846252530844,17.299192617806334,12.97439446335475,4.5348456808996085,-0.6727741660805151,0.11559057960219832,0.036510433126121455,0.02738282484459198,0.017301809730673412
2026-01-07 13:35:00+00:00,17.389634821212447,21.64969179609631,17.330086061220744,12.997564545915559,4.531426487379412,0.2539607841450078,0.09784554356546593,0.030893443414409916,0.023170082560808325,-0.003419193520196373
2026-01-07 13:40:00+00:00,17.402014865146395,21.73247490768366,17.35622666718678,13.017170000390088,4.524938148991027,0.012380043933948315,0.08278311158735008,0.026140605966038066,0.019605454474529438,-0.006488338388384918
2026-01-07 13:45:00+00:00,17.46267364122903,21.722370775686464,17.378345641465735,13.033759231099305,4.519121296408148,0.06065877608263648,-0.010104131997195509,0.022118974278953374,0.016589230709216807,-0.005816852582879228
2026-01-07 13:50:00+00:00,17.284418548466515,21.713806557597543,17.397061696624856,13.047796272468643,4.494790201524035,-0.17825509276251594,-0.008564218088920938,0.018716055159121225,0.014037041369338255,-0.024331094884113114
2026-01-07 13:55:00+00:00,16.926979970354143,21.626426061556895,17.41289835868257,13.05967376901193,4.439466656569677,-0.35743857811237234,-0.08738049604064813,0.015836662057711948,0.011877496543286625,-0.05532354495435765
2026-01-07 14:00:00+00:00,16.93810931681064,21.632618946495718,17.42629861119294,13.06972395839471,4.4087302631129495,0.011129346456495881,0.0061928849388230844,0.013400252510372468,0.010050189382779351,-0.03073639345672774
2026-01-07 14:05:00+00:00,17.175707912191424,21.637857057291246,17.437637286394025,13.078227964795524,4.381319630234524,0.23759859538078487,0.005238110795527717,0.01133867520108467,0.00850400640081439,-0.027410632878425822
2026-01-07 14:10:00+00:00,16.98429803143534,21.722417510015667,17.447231550025712,13.085423662519288,4.402210746963227,-0.19140988075608334,0.08456045272442125,0.009594263631687028,0.007195697723764383,0.02089111672870292
2026-01-07 14:15:00+00:00,17.277465566356206,21.713842102049416,17.45534977309868,13.091512329824013,4.411922281127692,0.29316753492086534,-0.008575407966251447,0.008118223072965947,0.006088667304725348,0.009711534164465796
2026-01-07 14:20:00+00:00,17.462038212812292,21.706585161640916,17.46221903877581,13.096664279081857,4.42781293001699,0.18457264645608618,-0.007256940408499446,0.006869265677131864,0.005151949257843569,0.015890648889297587
2026-01-07 14:25:00+00:00,17.144015441277293,21.7004438547218,17.468031494348764,13.10102362076157,4.4368340922695255,-0.3180227715349986,-0.006141306919115408,0.005812455572954178,0.004359341679712969,0.009021162252535575
2026-01-07 14:30:00+00:00,17.2849770710272,21.69524736425178,17.472949725987412,13.10471229449056,4.451655463076472,0.14096162974990634,-0.00519649047001991,0.0049182316386477964,0.0036886737289894,0.014821370806946454
2026-01-07 14:35:00+00:00,17.519967887135692,21.610722859797633,17.477111306604733,13.107833479953548,4.44446687582399,0.2349908161084926,-0.08452450445414783,0.004161580617321192,0.003121185462989118,-0.007188587252482392
2026-01-07 14:40:00+00:00,17.59503733913187,21.539201394187742,17.480632644050157,13.110474483037619,4.448076815139085,0.07506945199617832,-0.07152146560989081,0.003521337445423711,0.002641003084070448,0.003609939315095012
2026-01-07 14:45:00+00:00,17.724221740129035,21.47868323097937,17.48361223727321,13.112709177954908,4.466751179342238,0.12918440099716477,-0.060518163208371334,0.0029795932230527455,0.002234694917289559,0.018674364203153715
2026-01-07 14:50:00+00:00,17.789410848671988,21.427478397082314,17.48613343153887,13.114600073654152,4.479556319743776,0.06518910854295257,-0.051204833897056545,0.0025211942656611086,0.001890895699244055,0.012805140401537685
2026-01-07 14:55:00+00:00,18.11932844582922,21.384153470975104,17.48826674976366,13.116200062322743,4.4906825051281,0.32991759715723035,-0.043324926107210615,0.002133318224789349,0.0015999886685911235,0.011126185384323861
2026-01-07 15:00:00+00:00,18.042826557408826,21.267360629286628,17.490071865184635,13.117553898888476,4.489644593426512,-0.07650188842039185,-0.11679284168847559,0.0018051154209750564,0.0013538365657321805,-0.001037911701588179
2026-01-07 15:05:00+00:00,18.61437338464577,21.17401389206464,17.491599270540846,13.118699452905634,4.475140734176478,0.5715468272369435,-0.09334673722198872,0.0015274053562102097,0.0011455540171585454,-0.01450385925003328
2026-01-07 15:10:00+00:00,17.636838187175382,20.182956893855955,16.723660921226866,12.542745690920151,4.273402781224046,-0.9775351974703881,-0.9910569982086841,-0.7679383493139795,-0.5759537619854829,-0.20173795295243213
2026-01-07 15:15:00+00:00,17.409298046478597,20.3310926202534,16.843097702576582,12.632323276932436,4.313028695028354,-0.2275401406967852,0.1481357263974452,0.11943678134971591,0.08957758601228427,0.0396259138043078
2026-01-07 15:20:00+00:00,17.71616598707016,20.456441019237488,16.94415959448788,12.708119695865905,4.362783040615545,0.3068679405915624,0.12534839898408734,0.10106189191129644,0.07579641893346967,0.04975434558719094
2026-01-07 15:25:00+00:00,17.78099472848095,20.6112244995134,17.029673503028203,12.772255127271153,4.4104200565593175,0.06482874141079265,0.15478348027591338,0.08551390854032448,0.0641354314052478,0.047637015943772454
2026-01-07 15:30:00+00:00,18.337555021262435,20.77362610032332,17.10203142563925,12.826523569229437,4.461371277514761,0.5565602927814837,0.16240160080991828,0.07235792261104734,0.05426844195828373,0.05095122095544369
2026-01-07 15:35:00+00:00,18.227026170016966,20.991253827637465,17.163257360156287,12.872443020117217,4.507554687892187,-0.11052885124546918,0.21762772731414515,0.06122593451703651,0.045919450887780044,0.04618341037742546
2026-01-07 15:40:00+00:00,18.362882420891637,21.15871674867949,17.21506392013224,12.911297940099184,4.548235715138709,0.1358562508746708,0.16746292104202354,0.051806559975954514,0.03885491998196677,0.04068102724652256
2026-01-07 15:45:00+00:00,18.29365938688048,21.156859753363758,17.2589002401119,12.944175180083924,4.5466440404518425,-0.0692230340111557,-0.0018569953157303587,0.043836319979657645,0.03287723998474057,-0.0015916746868667175
2026-01-07 15:50:00+00:00,17.711334868626302,21.17237072670033,17.295992510863915,12.971994383147935,4.566819967844963,-0.582324518254179,0.015510973336571254,0.03709227075201582,0.027819203064010978,0.020175927393120574
2026-01-07 15:55:00+00:00,17.338161972944793,21.088202396610036,17.327378278423314,12.995533708817485,4.57144168731887,-0.3731728956815097,-0.0841683300902929,0.03138576755939937,0.023539325669549527,0.004621719473907326
2026-01-07 16:00:00+00:00,16.7649351282826,21.088023217064134,17.353935466358188,13.01545159976864,4.5821169716636865,-0.5732268446621944,-0.0001791795459027412,0.026557187934873383,0.019917890951155925,0.010675284344816127
2026-01-07 16:05:00+00:00,16.779210471349604,21.089101102437372,17.376406933072314,13.032305199804235,4.585251641251316,0.014275343067005508,0.0010778853732382743,0.022471466714126365,0.016853600035593885,0.003134669587629091
2026-01-07 16:10:00+00:00,16.812393634872347,21.09783723021076,17.39542125106119,13.046565938295892,4.5853359798666045,0.03318316352274309,0.008736127773389057,0.019014317988876428,0.014260738491657321,8.433861528889253e-05
2026-01-07 16:15:00+00:00,16.85205142159176,21.105250413040164,17.41151028935947,13.0586327170196,4.575077029671738,0.039657786719413224,0.007413182829402842,0.016089038298279235,0.012066778723708538,-0.010258950194866223
2026-01-07 16:20:00+00:00,16.77860430303396,21.19163257147368,17.425124090996473,13.068843068247356,4.610486495402275,-0.07344711855780162,0.0863821584335156,0.01361380163700332,0.010210351227755154,0.03540946573053638
2026-01-07 16:25:00+00:00,17.19790647512215,21.26473924595592,17.436643461612398,13.077482596209299,4.635972087770995,0.41930217208819087,0.07310667448223995,0.01151937061592534,0.008639527961943116,0.025485592368720056
2026-01-07 16:30:00+00:00,17.347478844943335,21.246462742425752,17.44639062136434,13.084792966023254,4.650574126400588,0.14957236982118616,-0.018276503530167076,0.009747159751942291,0.00731036981395583,0.01460203862959375
2026-01-07 16:35:00+00:00,17.497163418030446,21.3111109429189,17.454638218077516,13.09097866355814,4.678186427991905,0.1496845730871108,0.06464820049314923,0.008247596713175653,0.006185697534885293,0.02761230159131678
2026-01-07 16:40:00+00:00,17.240417890776964,21.445954012076687,17.461616953757897,13.096212715318424,4.716311368358312,-0.2567455272534822,0.13484306915778532,0.006978735680380765,0.005234051760284686,0.03812494036640679
2026-01-07 16:45:00+00:00,17.11083874665625,21.640190119818435,17.467522037795145,13.100641528346358,4.761760244934326,-0.12957914412071503,0.19423610774174804,0.0059050840372485425,0.004428813027933742,0.04544887657601393
2026-01-07 16:50:00+00:00,17.149168487158327,21.804520698807924,17.47251864736512,13.104388985523842,4.803182249490183,0.03832974050207838,0.16433057898948888,0.004996609569975163,0.003747457177484037,0.04142200455585687
2026-01-07 16:55:00+00:00,17.59581573392343,21.94358853162898,17.47674654777049,13.107559910827865,4.835904697026868,0.44664724676510303,0.1390678328210555,0.004227900405368246,0.0031709253040226315,0.03272244753668563
2026-01-07 17:00:00+00:00,17.481542822900906,21.981136205284056,17.480324001959644,13.110243001469733,4.861356022716818,-0.11427291102252468,0.03754767365507661,0.00357745418915556,0.0026830906418684464,0.02545132568995001
2026-01-07 17:05:00+00:00,17.78719056785718,22.08261874650441,17.483351078581236,13.112513308935927,4.894100279876927,0.3056477449562749,0.10148254122035283,0.003027076621592073,0.0022703074661940548,0.032744257160108425
2026-01-07 17:10:00+00:00,17.528855649008065,21.65869468150169,17.101297066491814,12.825972799868861,4.812967646101137,-0.2583349188491155,-0.4239240650027192,-0.3820540120894229,-0.2865405090670663,-0.08113263377579027
2026-01-07 17:15:00+00:00,17.732697454856655,21.820186125129517,17.16263597933923,12.871976984504421,4.854760496950462,0.20384180584859024,0.16149144362782764,0.06133891284741466,0.04600418463556011,0.04179285084932527
2026-01-07 17:20:00+00:00,17.684119115567928,22.03695392112914,17.214538136363963,12.910903602272972,4.905863451408756,-0.04857833928872779,0.2167677959996226,0.05190215702473466,0.038926617768551,0.05110295445829394
2026-01-07 17:25:00+00:00,17.721043648821453,22.05097914134929,17.258455346154125,12.943841509615591,4.965011418525285,0.03692453325352574,0.014025220220151624,0.04391720979016256,0.032937907342619255,0.059147967116529365
2026-01-07 17:30:00+00:00,17.609871841491607,22.079547807094517,17.29561606213041,12.971712046597808,5.017516259464,-0.11117180732984622,0.028568665745225985,0.037160715976284564,0.027870536982216976,0.05250484093871499
2026-01-07 17:35:00+00:00,18.031873730835493,22.098354112425326,17.32705974487958,12.995294808659683,5.093654680024038,0.4220018893438855,0.01880630533080918,0.03144368274917042,0.023582762061874263,0.07613842056003772
2026-01-07 17:40:00+00:00,18.642610827782434,22.127682334242934,17.353665937975027,13.015249453481271,5.143134924892677,0.6107370969469414,0.029328221817607414,0.02660619309544643,0.019954644821588374,0.04948024486863911
2026-01-07 17:45:00+00:00,18.3271522462695,22.164556422352,17.376178870594256,13.03213415294569,5.1847437285700835,-0.31545858151293515,0.036874088109065895,0.02251293261922882,0.01688469946441984,0.04160880367740649
2026-01-07 17:50:00+00:00,17.899446474052986,22.208739339750664,17.395228275118217,13.04642120633866,5.147580063043308,-0.4277057722165125,0.044182917398664756,0.019049404523961755,0.01428705339296954,-0.037163665526775524
2026-01-07 17:55:00+00:00,17.700393655327478,22.160248284471002,17.411347002023103,13.058510251517328,5.106559260776698,-0.19905281872550873,-0.04849105527966202,0.01611872690488525,0.01208904517866749,-0.04102080226661009
2026-01-07 18:00:00+00:00,17.397632066940353,22.170953164949974,17.424985924788782,13.068739443591586,5.034823163183125,-0.3027615883871242,0.010704880478972001,0.01363892276567924,0.010229192074257654,-0.0717360975935728
2026-01-07 18:05:00+00:00,17.518807450875386,22.030299882480158,17.43652655174435,13.077394913808265,4.9413102260487225,0.12117538393503224,-0.1406532824698168,0.011540626955568456,0.008655470216679007,-0.09351293713440256
2026-01-07 18:10:00+00:00,17.61117022303622,21.906407538160376,17.44629169762984,13.084718773222379,4.870442633069142,0.09236277216083266,-0.12389234431978124,0.00976514588548838,0.007323859414114509,-0.07086759297958078
2026-01-07 18:15:00+00:00,17.83727265585046,21.869524475898046,17.45455451337909,13.090915885034319,4.833673754090879,0.22610243281424047,-0.03688306226232996,0.008262815749251473,0.006197111811939493,-0.036768878978262975
2026-01-07 18:20:00+00:00,17.7115045857352,21.838315582170143,17.461546126705386,13.09615959502904,4.792649560382475,-0.12576807011526014,-0.031208893727903586,0.00699161332629572,0.005243709994720902,-0.041024193708404155
2026-01-07 18:25:00+00:00,18.352042341775938,21.89203626183627,17.467462107212253,13.100596580409187,4.7841752536465485,0.6405377560407395,0.053720679666128035,0.005915980506866703,0.0044369853801473624,-0.008474306735926085
2026-01-07 18:30:00+00:00,18.145562376696137,21.937492221553768,17.4724679368719,13.104350952653927,4.804626918441374,-0.20647996507980082,0.04545595971749705,0.005005829659648242,0.0037543722447406225,0.020451664794825852
2026-01-07 18:35:00+00:00,18.528316656976948,22.056088397899195,17.47670363889161,13.107527729168709,4.8286658058759375,0.3827542802808104,0.1185961763454273,0.004235702019709464,0.00317677651478121,0.024038887434563172
2026-01-07 18:40:00+00:00,18.07684598275925,22.156436149916455,17.480287694446748,13.110215770835062,4.842538779328542,-0.45147067421769904,0.1003477520172602,0.003584055555137411,0.002688041666353058,0.013872973452604853
2026-01-07 18:45:00+00:00,18.2636696521995,22.241347138935943,17.483320356839553,13.112490267629667,4.878300995299893,0.1868236694402512,0.08491098901948746,0.0030326623928047525,0.0022744967946053407,0.03576221597135021
2026-01-07 18:50:00+00:00,17.666036449477797,22.31319732170619,17.485886455787313,13.114414841840487,4.9043922990757185,-0.5976332027217026,0.07185018277024824,0.0025660989477600538,0.0019245742108200403,0.026091303775825914
2026-01-07 18:55:00+00:00,18.01487899647552,22.29387289208863,17.48805777028157,13.116043327711182,4.906301434703692,0.348842546997723,-0.01932442961756209,0.0021713144942587803,0.0016284858706949734,0.0019091356279732352
2026-01-07 19:00:00+00:00,18.29255467693119,22.277507831767302,17.4898950363921,13.117421277294078,4.9114143665373735,0.27767568045566904,-0.016365060321327007,0.0018372661105274801,0.00137794958289561,0.0051129318336817775
2026-01-07 19:05:00+00:00,18.46911641641337,22.26367934027762,17.491449646177927,13.11858723463345,4.916567813049111,0.17656173948218168,-0.013828491489682904,0.0015546097858276653,0.0011659573393725253,0.005153446511737769
2026-01-07 19:10:00+00:00,18.08072914084403,21.69565222106397,17.108149700612092,12.831112275459073,4.782384976335043,-0.3883872755693396,-0.5680271192136495,-0.3832999455658346,-0.2874749591743768,-0.13418283671406872
2026-01-07 19:15:00+00:00,18.358177752388784,21.691200343330763,17.168434362056388,12.876325771542291,4.771256390017861,0.2774486115447523,-0.004451877733206544,0.060284661444296006,0.045213496083217564,-0.011128586317181721
2026-01-07 19:20:00+00:00,18.729454868897868,21.687442669774004,17.21944446020156,12.91458334515117,4.771081732265009,0.37127711650908424,-0.0037576735567590447,0.051010098145173544,0.03825757360887927,-0.00017465775285163687
2026-01-07 19:25:00+00:00,18.851906759193692,21.60411815647544,17.26260685093978,12.946955138204837,4.737175558951879,0.12245189029582448,-0.08332451329856383,0.04316239073821748,0.032371793053666664,-0.03390617331313006
2026-01-07 19:30:00+00:00,19.153229874505097,21.53363903729062,17.29912887387212,12.97434665540409,4.707506230552208,0.3013231153114049,-0.07047911918482086,0.03652202293234197,0.027391517199253812,-0.02966932839967118
2026-01-07 19:35:00+00:00,19.157632641152958,21.554135800157987,17.330032124045644,12.997524093034231,4.688657327146055,0.004402766647860545,0.020496762867367124,0.030903250173523134,0.023177437630140574,-0.01884890340615275
2026-01-07 19:40:00+00:00,18.84860633418338,21.571484032755805,17.356181028038623,13.017135771028965,4.666755439039673,-0.309026306969578,0.01734823259781848,0.0261489039929792,0.019611677994733512,-0.02190188810638194
2026-01-07 19:45:00+00:00,18.698915124700342,21.66625572002414,17.378307023724986,13.03373026779374,4.676660696648633,-0.14969120948303782,0.0947716872683344,0.022125995686362643,0.016594496764774647,0.009905257608959772
2026-01-07 19:50:00+00:00,18.79219863483237,21.666344819114972,17.39702902007499,13.04777176505624,4.6733845844570645,0.09328351013202862,8.909909083243406e-05,0.018721996350002712,0.014041497262500258,-0.0032761121915685365
2026-01-07 19:55:00+00:00,18.69804348140982,21.746538858591883,17.412870709294218,13.059653031970665,4.688121349689583,-0.09415515342255176,0.08019403947691117,0.015841689219229238,0.011881266914425481,0.014736765232518323
2026-01-07 20:00:00+00:00,18.827706581363607,21.7342588317033,17.42627521555665,13.069706411667488,4.7015759304701685,0.12966309995378822,-0.01228002688858254,0.013404506262432392,0.010053379696822518,0.013454580780585701
2026-01-07 20:05:00+00:00,19.068787803005797,21.72387022650113,17.437617490086396,13.078213117564795,4.706993056240695,0.24108122164219026,-0.010388605202169998,0.011342274529745566,0.008506705897307398,0.005417125770526887
2026-01-07 20:10:00+00:00,19.03587619155291,21.715085269428755,17.44721479930387,13.085411099477906,4.737460966651747,-0.03291161145288868,-0.008784957072375477,0.009597309217475924,0.007197981913110496,0.030467910411051236
2026-01-07 20:15:00+00:00,18.966180932659483,21.787767781721715,17.455335599410965,13.091501699558227,4.784254295481847,-0.0696952588934252,0.07268251229296041,0.008120800107093373,0.006090600080321806,0.04679332883010012
2026-01-07 20:20:00+00:00,19.00566073104878,21.84927701932922,17.462207045655433,13.096655284241578,4.825233610294797,0.03947979838929783,0.06150923760750615,0.0068714462444674496,0.005153584683350587,0.04097931481295003
2026-01-07 20:25:00+00:00,18.94537971236419,21.901336791388502,17.46802134632383,13.101016009742873,4.856618626035194,-0.06028101868459146,0.05205977205928036,0.0058143006683977205,0.004360725501294738,0.03138501574039676
2026-01-07 20:30:00+00:00,18.726286484808533,21.945379720113607,17.472941139197086,13.104705854397816,4.8954387268499735,-0.21909322755565697,0.04404292872510496,0.004919792873256057,0.003689844654942931,0.038820100814779934
2026-01-07 20:35:00+00:00,18.672843116058033,21.902508595884274,17.477104040859075,13.107828030644306,4.8931249276319075,-0.05344336875050004,-0.04287112422933248,0.004162901661988627,0.0031221762464905822,-0.0023137992180659595
2026-01-07 20:40:00+00:00,18.7862328748926,21.86625324605966,17.480626496111523,13.110469872083643,4.881091996355904,0.11338975883456825,-0.036255349824614314,0.0035224552524475428,0.0026418414393365452,-0.012032931276003467
2026-01-07 20:45:00+00:00,18.389248956635534,21.83557754411539,17.483607035171286,13.112705276378467,4.894460054018371,-0.39698391825706736,-0.030675701944268496,0.002980539059763032,0.0022354042948240505,0.013368057662466626
2026-01-07 20:50:00+00:00,18.249892858949444,21.80967280574324,17.48612902976032,13.114596772320242,4.915685349307306,-0.1393560976860897,-0.02590473837215157,0.002521994589034904,0.0018914959417752897,0.02122529528893491
2026-01-07 20:55:00+00:00,18.228375346235406,21.787774028062362,17.48826302518181,13.116197268886358,4.919095591943979,-0.02151751271403768,-0.021898777680878112,0.0021339954214880663,0.0016004965661160497,0.003410242636673111
2026-01-07 21:00:00+00:00,18.35054319356274,21.84932139906681,17.49006871361538,13.117551535211533,4.9330428300628615,0.12216784732733288,0.061547371004447626,0.0018056884335706513,0.0013542663251744358,0.013947238118882765
2026-01-07 21:05:00+00:00,18.178887918839248,21.901391651565717,17.491596603828395,13.118697452871297,4.926595936847816,-0.1716552747234914,0.05207025249890762,0.0015278902130155814,0.0011459176597643506,-0.006446893215045435
2026-01-07 21:10:00+00:00,17.642193947449016,21.457772858600876,17.10827404939326,12.831205537044944,4.824674986532528,-0.5366939713902319,-0.4436187929648412,-0.38332255443513574,-0.2874919158263527,-0.10192095031528847
2026-01-07 21:15:00+00:00,17.66553489410597,21.57005221498011,17.168539580255832,12.876404685191877,4.849891426008483,0.023340946656954742,0.11227935637923281,0.0602655308625728,0.045199148146933155,0.025216439475955532
2026-01-07 21:20:00+00:00,17.80734678338449,21.665051904898274,17.219533490985704,12.91465011823928,4.888275767227241,0.14181188927851807,0.09499968991816488,0.05099391072987203,0.038245433047402244,0.03838434121875789
2026-01-07 21:25:00+00:00,18.184531708726535,21.825566311435427,17.262682184680212,12.947011638510158,4.930787707669684,0.3771849253420463,0.16051440653715332,0.043148693694508466,0.032361520270878685,0.04251194044244322
2026-01-07 21:30:00+00:00,18.083806409645774,21.961450765342228,17.299192617806334,12.97439446335475,4.9703397296397585,-0.10072529908076078,0.13588445390680093,0.036510433126121455,0.02738282484459198,0.039552021970074236
2026-01-07 21:35:00+00:00,17.83756933183711,22.076395345356136,17.330086061220744,12.997564545915559,5.0001760375126505,-0.2462370778086651,0.11494458001390839,0.030893443414409916,0.023170082560808325,0.029836307872892043
2026-01-07 21:40:00+00:00,18.458712511554477,22.173622414696396,17.35622666718678,13.017170000390088,5.029522780158255,0.6211431797173681,0.09722706934025993,0.026140605966038066,0.019605454474529438,0.029346742645604884
2026-01-07 21:45:00+00:00,18.921823888874382,22.255893351979665,17.378345641465735,13.033759231099305,5.055888610181272,0.4631113773199047,0.08227093728326906,0.022118974278953374,0.016589230709216807,0.026365830023016734
2026-01-07 21:50:00+00:00,19.04361714996563,22.405633775704505,17.397061696624856,13.047796272468643,5.102098649837942,0.12179326109124844,0.14974042372483964,0.018716055159121225,0.014037041369338255,0.046210039656670254
2026-01-07 21:55:00+00:00,18.814953519045854,22.612462809314327,17.41289835868257,13.05967376901193,5.163766174033937,-0.22866363091977604,0.20682903360982152,0.015836662057711948,0.011877496543286625,0.06166752419599497
2026-01-07 22:00:00+00:00,18.927650650930204,22.78747414703342,17.42629861119294,13.06972395839471,5.2228276413734225,0.11269713188434949,0.17501133771909494,0.013400252510372468,0.010050189382779351,0.05906146733948514
2026-01-07 22:05:00+00:00,18.29275879874991,22.85542761343798,17.437637286394025,13.078227964795524,5.254663783528312,-0.6348918521802922,0.0679534664045569,0.01133867520108467,0.00850400640081439,0.031836142154889835
2026-01-07 22:10:00+00:00,18.615856064180974,22.993055091471284,17.447231550025712,13.085423662519288,5.31992078798157,0.32309726543106265,0.13762747803330555,0.009594263631687028,0.007195697723764383,0.0652570044532581
2026-01-07 22:15:00+00:00,18.947741900323873,23.109508154321855,17.45534977309868,13.091512329824013,5.356001412920578,0.3318858361428987,0.11645306285057089,0.008118223072965947,0.006088667304725348,0.03608062493900732
2026-01-07 22:20:00+00:00,18.72912230092969,23.288173925992897,17.46221903877581,13.096664279081857,5.424808613673524,-0.2186195993941844,0.17866577167104225,0.006869265677131864,0.005151949257843569,0.06880720075294633
2026-01-07 22:25:00+00:00,18.473304140932665,23.439352296352965,17.468031494348764,13.10102362076157,5.478773371258204,-0.2558181599970233,0.15117837036006776,0.005812455572954178,0.004359341679712969,0.05396475758468
2026-01-07 22:30:00+00:00,18.263858868019287,23.567272455888403,17.472949725987412,13.10471229449056,5.517918136583296,-0.20944527291337778,0.12792015953543867,0.0049182316386477964,0.0036886737289894,0.03914476532509159
2026-01-07 22:35:00+00:00,18.746475788952267,23.755640796008134,17.477111306604733,13.107833479953548,5.5640880244618955,0.4826169209329798,0.18836834011973025,0.004161580617321192,0.003121185462989118,0.04616988787859988
2026-01-07 22:40:00+00:00,18.10291354364149,23.834901186365858,17.480632644050157,13.110474483037619,5.593030722014044,-0.643562245310779,0.07926039035772448,0.003521337445423711,0.002641003084070448,0.02894269755214829
2026-01-07 22:45:00+00:00,18.47198002084437,23.821839465386493,17.48361223727321,13.112709177954908,5.592247866189734,0.36906647720288177,-0.013061720979365532,0.0029795932230527455,0.002234694917289559,-0.0007828558243101469
2026-01-07 22:50:00+00:00,18.748981323068193,23.810787239942417,17.48613343153887,13.114600073654152,5.576875860180267,0.27700130222382313,-0.011052225444075248,0.0025211942656611086,0.001890895699244055,-0.015372006009466865
2026-01-07 22:55:00+00:00,19.171703883278603,23.801435356874357,17.48826674976366,13.116200062322743,5.575893687607568,0.4227225602104099,-0.009351883068060118,0.002133318224789349,0.0015999886685911235,-0.0009821725726988362
2026-01-07 23:00:00+00:00,19.234418008627998,23.793522225047532,17.490071865184635,13.117553898888476,5.579625558593334,0.06271412534939458,-0.007913131826825293,0.0018051154209750564,0.0013538365657321805,0.003731870985766328
2026-01-07 23:05:00+00:00,19.552278302334077,23.78682649811714,17.491599270540846,13.118699452905634,5.594591903356333,0.3178602937060795,-0.006695726930391999,0.0015274053562102097,0.0011455540171585454,0.014966344762998851
2026-01-07 23:10:00+00:00,18.630752249576773,22.737204839066152,16.723660921226866,12.542745690920151,5.353676527695543,-0.9215260527573044,-1.0496216590509881,-0.7679383493139795,-0.5759537619854829,-0.2409153756607898
2026-01-07 23:15:00+00:00,18.56562207365818,22.893019479209823,16.843097702576582,12.632323276932436,5.391420433365565,-0.06513017591859338,0.15581464014367086,0.11943678134971591,0.08957758601228427,0.037743905670021505
2026-01-07 23:20:00+00:00,19.05251808788766,22.944734592351864,16.94415959448788,12.708119695865905,5.4222830251415495,0.4868960142294796,0.05171511314204125,0.10106189191129644,0.07579641893346967,0.030862591775984605
2026-01-07 23:25:00+00:00,18.99968350949964,22.908365167887474,17.029673503028203,12.772255127271153,5.416769094698223,-0.05283457838801908,-0.03636942446438951,0.08551390854032448,0.0641354314052478,-0.005513930443326487
2026-01-07 23:30:00+00:00,19.147712468615342,22.957719244622737,17.10203142563925,12.826523569229437,5.428205848892666,0.14802895911570246,0.04935407673526271,0.07235792261104734,0.05426844195828373,0.011436754194442678
2026-01-07 23:35:00+00:00,19.284702754969473,23.079608591603854,17.163257360156287,12.872443020117217,5.449099656583816,0.13699028635413057,0.12188934698111709,0.06122593451703651,0.045919450887780044,0.020893807691150457
2026-01-07 23:40:00+00:00,19.453440501896328,23.1026175262289,17.21506392013224,12.911297940099184,5.447415193463239,0.16873774692685473,0.023008934625046606,0.051806559975954514,0.03885491998196677,-0.0016844631205774618
2026-01-07 23:45:00+00:00,19.32612526513416,23.122086624757788,17.2589002401119,12.944175180083924,5.430298700925113,-0.12731523676216838,0.01946909852888723,0.043836319979657645,0.03287723998474057,-0.017116492538125527
2026-01-07 23:50:00+00:00,19.31233556008185,23.05843227223095,17.295992510863915,12.971994383147935,5.383610851228579,-0.013789705052310808,-0.06365435252683938,0.03709227075201582,0.027819203064010978,-0.046687849696533945
2026-01-07 23:55:00+00:00,19.490963204461078,23.00457089701593,17.327378278423314,12.995533708817485,5.344118423619157,0.17862764437922962,-0.05386137521501766,0.03138576755939937,0.023539325669549527,-0.03949242760942262
2026-01-08 00:00:00+00:00,19.25351473124078,22.95899588721861,17.353935466358188,13.01545159976864,5.294356997947523,-0.23744847322029727,-0.04557500979732154,0.026557187934873383,0.019917890951155925,-0.04976142567163322
2026-01-08 00:05:00+00:00,19.225689352937646,22.920432417390106,17.376406933072314,13.032305199804235,5.244208094637457,-0.027825378303134585,-0.038563469828503116,0.022471466714126365,0.016853600035593885,-0.05014890331006594
2026-01-08 00:10:00+00:00,19.007152351620768,22.88780178907368,17.39542125106119,13.046565938295892,5.227019693543444,-0.2185370013168786,-0.032630628316425714,0.019014317988876428,0.014260738491657321,-0.017188401094013095
2026-01-08 00:15:00+00:00,18.90509624727729,22.86019125742132,17.41151028935947,13.0586327170196,5.220949913516749,-0.10205610434347889,-0.027610531652360493,0.016089038298279235,0.012066778723708538,-0.006069780026694893
2026-01-08 00:20:00+00:00,18.767358216500785,22.756700294741115,17.425124090996473,13.068843068247356,5.198768222735513,-0.1377380307765037,-0.10349096268020475,0.01361380163700332,0.010210351227755154,-0.02218169078123644
2026-01-08 00:25:00+00:00,18.796984145639787,22.58900281349889,17.436643461612398,13.077482596209299,5.190615560103726,0.029625929139001528,-0.16769748124222517,0.01151937061592534,0.008639527961943116,-0.008152662631786711
2026-01-08 00:30:00+00:00,18.775983051327152,22.44710494475547,17.44639062136434,13.084792966023254,5.125617748621444,-0.021001094312634194,-0.14189786874342047,0.009747159751942291,0.00731036981395583,-0.06499781148228223
2026-01-08 00:35:00+00:00,18.788944357817602,22.327037517357194,17.454638218077516,13.09097866355814,5.08007732129944,0.012961306490449687,-0.12006742739827558,0.008247596713175653,0.006185697534885293,-0.04554042732200436
2026-01-08 00:40:00+00:00,18.869768487705315,22.225442001866345,17.461616953757897,13.096212715318424,5.029300589082266,0.08082412988771281,-0.10159551549084966,0.006978735680380765,0.005234051760284686,-0.05077673221717394
2026-01-08 00:45:00+00:00,19.069157640155524,22.13947656568178,17.467522037795145,13.100641528346358,4.995273714719065,0.19938915245020894,-0.08596543618456565,0.0059050840372485425,0.004428813027933742,-0.0340268743632004
2026-01-08 00:50:00+00:00,18.768033012377522,22.066736581217917,17.47251864736512,13.104388985523842,4.9630669225203015,-0.30112462777800175,-0.07273998446386187,0.004996609569975163,0.003747457177484037,-0.03220679219876388
2026-01-08 00:55:00+00:00,18.493388421631597,22.005187363594647,17.47674654777049,13.107559910827865,4.933944997363028,-0.2746445907459254,-0.061549217623269925,0.004227900405368246,0.0031709253040226315,-0.02912192515727341
2026-01-08 01:00:00+00:00,18.446049070264777,21.95310725637496,17.480324001959644,13.110243001469733,4.905214615054024,-0.047339351366819216,-0.05208010721968748,0.00357745418915556,0.0026830906418684464,-0.028730382309004376
2026-01-08 01:05:00+00:00,18.317989603194107,21.90903947334291,17.483351078581236,13.112513308935927,4.883201144099279,-0.1280594670706705,-0.04406778303204817,0.003027076621592073,0.0022703074661940548,-0.022013470954744818
2026-01-08 01:10:00+00:00,17.78100011968385,21.464242191729717,17.101297066491814,12.825972799868861,4.771982995728825,-0.5369894835102578,-0.44479728161319443,-0.3820540120894229,-0.2865405090670663,-0.11121814837045374
2026-01-08 01:15:00+00:00,17.786144963736596,21.575512623771296,17.16263597933923,12.871976984504421,4.791167593554868,0.005144844052747288,0.11127043204157872,0.06133891284741466,0.04600418463556011,0.01918459782604298
2026-01-08 01:20:00+00:00,18.172818693094534,21.669664527806482,17.214538136363963,12.910903602272972,4.828533146440373,0.38667372935793765,0.09415190403518636,0.05190215702473466,0.038926617768551,0.037365552885504805
2026-01-08 01:25:00+00:00,18.33172729665206,21.829459728656765,17.258455346154125,12.943841509615591,4.857605740758528,0.15890860355752423,0.15979520085028298,0.04391720979016256,0.032937907342619255,0.0290725943181549
2026-01-08 01:30:00+00:00,18.650268503761158,21.96467347981593,17.29561606213041,12.971712046597808,4.877551020105535,0.3185412071090994,0.13521375115916356,0.037160715976284564,0.027870536982216976,0.019945279347007627
2026-01-08 01:35:00+00:00,19.1664042880299,22.079084255468956,17.32705974487958,12.995294808659683,4.880969194719335,0.5161357842687408,0.11441077565302749,0.03144368274917042,0.023582762061874263,0.003418174613799785
2026-01-08 01:40:00+00:00,19.280268903304865,22.17589350341122,17.353665937975027,13.015249453481271,4.885725102290699,0.1138646152749665,0.09680924794226442,0.02660619309544643,0.019954644821588374,0.004755907571364126
2026-01-08 01:45:00+00:00,19.200043094932646,22.257807323399238,17.376178870594256,13.03213415294569,4.901140092399698,-0.08022580837221938,0.08191381998801717,0.02251293261922882,0.01688469946441984,0.01541499010899905
2026-01-08 01:50:00+00:00,19.24833025071383,22.407250716124757,17.395228275118217,13.04642120633866,4.936274215514031,0.048287155781185476,0.14944339272551943,0.019049404523961755,0.01428705339296954,0.03513412311433228
2026-01-08 01:55:00+00:00,19.25404553732023,22.533712321814534,17.411347002023103,13.058510251517328,4.960903337366112,0.005715286606399417,0.1264616056897765,0.01611872690488525,0.01208904517866749,0.024629121852081326
2026-01-08 02:00:00+00:00,18.985541455046363,22.720857786869868,17.424985924788782,13.068739443591586,5.0260177940738835,-0.2685040822738678,0.18714546505533391,0.01363892276567924,0.010229192074257654,0.0651144567077715
2026-01-08 02:05:00+00:00,18.989489775099266,22.879193866962247,17.43652655174435,13.077394913808265,5.093659641933927,0.003948320052902687,0.1583360800923792,0.011540626955568456,0.008655470216679007,0.06764184786004357
2026-01-08 02:10:00+00:00,19.14682791707373,23.013164236238662,17.44629169762984,13.084718773222379,5.166798827975956,0.1573381419744635,0.13397036927641537,0.00976514588548838,0.007323859414114509,0.07313918604202918
2026-01-08 02:15:00+00:00,19.569272231138495,23.126523584509638,17.45455451337909,13.090915885034319,5.228387496024022,0.4224443140647658,0.1133593482709756,0.008262815749251473,0.006197111811939493,0.061588668048066175
2026-01-08 02:20:00+00:00,19.77478398287661,23.22244466003105,17.461546126705386,13.09615959502904,5.287942324610217,0.20551175173811487,0.09592107552141371,0.00699161332629572,0.005243709994720902,0.05955482858619465
2026-01-08 02:25:00+00:00,20.017219195138033,23.303611234718417,17.467462107212253,13.100596580409187,5.334919202290013,0.24243521226142306,0.08116657468736577,0.005915980506866703,0.0044369853801473624,0.0469768776797963
2026-01-08 02:30:00+00:00,20.350712043359096,23.452424958435547,17.4724679368719,13.104350952653927,5.383490368403143,0.33349284822106284,0.14881372371712942,0.005005829659648242,0.0037543722447406225,0.048571166113129394
2026-01-08 02:35:00+00:00,20.448054421563764,23.658463591208374,17.47670363889161,13.107527729168709,5.418038327241552,0.09734237820466873,0.2060386327728274,0.004235702019709464,0.00317677651478121,0.03454795883840944
2026-01-08 02:40:00+00:00,20.523181930805308,23.752675312312288,17.480287694446748,13.110215770835062,5.420803332878295,0.07512750924154332,0.09421172110391396,0.003584055555137411,0.002688041666353058,0.0027650056367427567
2026-01-08 02:45:00+00:00,20.763251606766204,23.83239301923872,17.483320356839553,13.112490267629667,5.4425800753413744,0.24006967596089623,0.07971770692643076,0.0030326623928047525,0.0022744967946053407,0.02177674246307948
2026-01-08 02:50:00+00:00,20.61229869837449,23.89984537525327,17.485886455787313,13.114414841840487,5.473290697292151,-0.15095290839171227,0.06745235601455235,0.0025660989477600538,0.0019245742108200403,0.03071062195077623
2026-01-08 02:55:00+00:00,20.83839774684828,23.956920459382232,17.48805777028157,13.116043327711182,5.491317269829727,0.22609904847378814,0.057075084128960896,0.0021713144942587803,0.0016284858706949734,0.018026572537576335
2026-01-08 03:00:00+00:00,21.032900726276967,24.005214747682405,17.4898950363921,13.117421277294078,5.501993182697782,0.19450297942868744,0.04829428830017335,0.0018372661105274801,0.00137794958289561,0.010675912868054915
2026-01-08 03:05:00+00:00,21.205140289294256,24.046080992909268,17.491449646177927,13.11858723463345,5.508475319601325,0.17223956301728904,0.04086624522686222,0.0015546097858276653,0.0011659573393725253,0.006482136903542823
2026-01-08 03:10:00+00:00,20.88211277934294,23.54723747165711,17.108149700612092,12.831112275459073,5.400729089436494,-0.32302750995131646,-0.4988435212521587,-0.3832999455658346,-0.2874749591743768,-0.10774623016483087
2026-01-08 03:15:00+00:00,20.689336341208158,23.658574072077894,17.168434362056388,12.876325771542291,5.444761569962327,-0.19277643813478207,0.11133660042078475,0.060284661444296006,0.045213496083217564,0.04403248052583297
2026-01-08 03:20:00+00:00,20.928552858811823,23.75278331006103,17.21944446020156,12.91458334515117,5.491732419457554,0.23921651760366558,0.09420923798313652,0.051010098145173544,0.03825757360887927,0.04697084949522701
2026-01-08 03:25:00+00:00,21.133474018014212,23.832499142407794,17.26260685093978,12.946955138204837,5.538078100558993,0.20492115920238874,0.07971583234676416,0.04316239073821748,0.032371793053666664,0.046345681101438885
2026-01-08 03:30:00+00:00,20.988330300220024,23.899936892216484,17.29912887387212,12.97434665540409,5.58011459248669,-0.14514371779418767,0.06743774980868977,0.03652202293234197,0.027391517199253812,0.042036491927697206
2026-01-08 03:35:00+00:00,20.85262140717717,23.957022915957516,17.330032124045644,12.997524093034231,5.626065089461337,-0.13570889304285316,0.05708602374103222,0.030903250173523134,0.023177437630140574,0.045950496974646704
2026-01-08 03:40:00+00:00,20.698511644486313,24.005375089140465,17.356181028038623,13.017135771028965,5.665347301901126,-0.15410976269085808,0.04835217318294838,0.0261489039929792,0.019611677994733512,0.039282212439789355
2026-01-08 03:45:00+00:00,20.29719610492763,24.04624481905558,17.378307023724986,13.03373026779374,5.688763692763532,-0.40131553955868426,0.04086972991511573,0.022125995686362643,0.016594496764774647,0.023416390862405656
2026-01-08 03:50:00+00:00,20.124438779027596,24.08083896011645,17.39702902007499,13.04777176505624,5.72105289328207,-0.172757325900033,0.03459414106086811,0.018721996350002712,0.014041497262500258,0.03228920051853823
2026-01-08 03:55:00+00:00,20.1657925770613,24.02998051905809,17.412870709294218,13.059653031970665,5.723003336998213,0.04135379803370398,-0.05085844105835946,0.015841689219229238,0.011881266914425481,0.0019504437161428356
2026-01-08 04:00:00+00:00,20.069122079056392,23.98696156076644,17.42627521555665,13.069706411667488,5.737068041356075,-0.09667049800490801,-0.04301895829165048,0.013404506262432392,0.010053379696822518,0.014064704357862112
2026-01-08 04:05:00+00:00,19.44880341828666,24.030665436696484,17.437617490086396,13.078213117564795,5.7800378211893015,-0.6203186607697333,0.043703875930045655,0.011342274529745566,0.008506705897307398,0.042969779833226696
2026-01-08 04:10:00+00:00,18.9502039972463,24.067617030262475,17.44721479930387,13.085411099477906,5.830118510987055,-0.4985994210403568,0.0369515935659912,0.009597309217475924,0.007197981913110496,0.050080689797753486
2026-01-08 04:15:00+00:00,18.918135171060293,24.09888695569573,17.455335599410965,13.091501699558227,5.890225377935674,-0.03206882618600915,0.031269925433253576,0.008120800107093373,0.006090600080321806,0.06010686694861889
2026-01-08 04:20:00+00:00,19.158918640976783,24.045212039434848,17.462207045655433,13.096655284241578,5.9796172988504175,0.24078346991649013,-0.05367491626088139,0.0068714462444674496,0.005153584683350587,0.08939192091474357
2026-01-08 04:25:00+00:00,19.237750130667738,23.999794802598718,17.46802134632383,13.101016009742873,6.170776687430705,0.07883148969095544,-0.04541723683612986,0.0058143006683977205,0.004360725501294738,0.1911593885802878
2026-01-08 04:30:00+00:00,19.192412376516714,23.961365336990674,17.472941139197086,13.104705854397816,6.43937515417095,-0.04533775415102426,-0.0384294656080435,0.004919792873256057,0.003689844654942931,0.26859846674024457
2026-01-08 04:35:00+00:00,18.927835558737133,23.92884804464502,17.477104040859075,13.107828030644306,6.666650777866551,-0.26457681777958086,-0.03251729234565559,0.004162901661988627,0.0031221762464905822,0.2272756236956015
2026-01-08 04:40:00+00:00,18.618226392548078,23.981461165981678,17.480626496111523,13.110469872083643,6.885670316314433,-0.30960916618905543,0.05261312133665896,0.0035224552524475428,0.0026418414393365452,0.21901953844788125
2026-01-08 04:45:00+00:00,18.524809444048174,24.106108166087065,17.483607035171286,13.112705276378467,7.0977039428643485,-0.0934169484999039,0.1246470001053872,0.002980539059763032,0.0022354042948240505,0.21203362654991587
2026-01-08 04:50:00+00:00,18.347092748300888,24.21157875248656,17.48612902976032,13.114596772320242,7.277117012128203,-0.17771669574728577,0.10547058639949469,0.002521994589034904,0.0018914959417752897,0.17941306926385447
2026-01-08 04:55:00+00:00,17.99915402661685,24.300823046975808,17.48826302518181,13.116197268886358,7.428928070091384,-0.34793872168403794,0.08924429448924798,0.0021339954214880663,0.0016004965661160497,0.15181105796318128
2026-01-08 05:00:00+00:00,18.481068524200786,24.296209244876966,17.49006871361538,13.117551535211533,7.530674178966215,0.48191449758393645,-0.004613802098841546,0.0018056884335706513,0.0013542663251744358,0.10174610887483038
2026-01-08 05:05:00+00:00,18.553122891712047,24.212177053357433,17.491596603828395,13.118697452871297,7.590057638612438,0.07205436751126015,-0.08403219151953323,0.0015278902130155814,0.0011459176597643506,0.05938345964622371
2026-01-08 05:10:00+00:00,18.027533736773883,23.61909486932442,17.10827404939326,12.831205537044944,7.466312507397339,-0.5255891549381637,-0.5930821840330118,-0.38332255443513574,-0.2874919158263527,-0.12374513121509967
2026-01-08 05:15:00+00:00,17.6959231765876,23.639234120197585,17.168539580255832,12.876404685191877,7.5355977626695445,-0.33161056018628443,0.02013925087316437,0.0602655308625728,0.045199148146933155,0.06928525527220586
2026-01-08 05:20:00+00:00,17.831590508182675,23.73640372317621,17.219533490985704,12.91465011823928,7.620933158442543,0.1356673315950765,0.09716960297862443,0.05099391072987203,0.038245433047402244,0.08533539577299809
2026-01-08 05:25:00+00:00,17.268636670257376,23.898752077241802,17.262682184680212,12.947011638510158,7.719849428880488,-0.5629538379252992,0.16234835406559256,0.043148693694508466,0.032361520270878685,0.09891627043794582
2026-01-08 05:30:00+00:00,17.377364081294854,24.036123552537937,17.299192617806334,12.97439446335475,7.803547807343318,0.10872741103747785,0.1373714752961348,0.036510433126121455,0.02738282484459198,0.08369837846283001
2026-01-08 05:35:00+00:00,17.293271396233543,24.15236095471159,17.330086061220744,12.997564545915559,7.870879261386229,-0.08409268506131085,0.11623740217365253,0.030893443414409916,0.023170082560808325,0.06733145404291019
2026-01-08 05:40:00+00:00,17.25679962547042,24.250715679627753,17.35622666718678,13.017170000390088,7.931342281002022,-0.03647177076312147,0.09835472491616315,0.026140605966038066,0.019605454474529438,0.06046301961579381
2026-01-08 05:45:00+00:00,17.52025062235601,24.253811459125235,17.378345641465735,13.033759231099305,7.955793908177342,0.26345099688558804,0.003095779497481743,0.022118974278953374,0.016589230709216807,0.02445162717531968
2026-01-08 05:50:00+00:00,17.676677444187405,24.336558414131613,17.397061696624856,13.047796272468643,7.998115113151526,0.15642682183139556,0.08274695500637819,0.018716055159121225,0.014037041369338255,0.04232120497418368
2026-01-08 05:55:00+00:00,17.47148962193539,24.326446863239564,17.41289835868257,13.05967376901193,7.937476879609951,-0.20518782225201448,-0.010111550892048626,0.015836662057711948,0.011877496543286625,-0.06063823354157449
2026-01-08 06:00:00+00:00,17.14226077847249,24.317890935561685,17.42629861119294,13.06972395839471,7.884594355651799,-0.32922884346290004,-0.008555927677878827,0.013400252510372468,0.010050189382779351,-0.05288252395815274
2026-01-08 06:05:00+00:00,17.22336583898157,24.230523099321424,17.437637286394025,13.078227964795524,7.849956253566227,0.08110506050908128,-0.08736783624026145,0.01133867520108467,0.00850400640081439,-0.034638102085571276
2026-01-08 06:10:00+00:00,17.452961595715614,24.156596676776253,17.447231550025712,13.085423662519288,7.86021939817739,0.2295957567340423,-0.07392642254517057,0.009594263631687028,0.007195697723764383,0.01026314461116229
2026-01-08 06:15:00+00:00,17.39470257974304,24.094054879767764,17.45534977309868,13.091512329824013,7.868903857006795,-0.05825901597257399,-0.06254179700848894,0.008118223072965947,0.006088667304725348,0.008684458829405273
2026-01-08 06:20:00+00:00,17.81260556675261,24.121272067664602,17.46221903877581,13.096664279081857,7.90296187760348,0.41790298700956896,0.027217187896837913,0.006869265677131864,0.005151949257843569,0.03405802059668517
2026-01-08 06:25:00+00:00,18.40706891640451,24.224409698280304,17.468031494348764,13.10102362076157,7.9584891101089275,0.5944633496518996,0.10313763061570214,0.005812455572954178,0.004359341679712969,0.055527232505447444
2026-01-08 06:30:00+00:00,18.579851087156992,24.311680001108975,17.472949725987412,13.10471229449056,8.00547369145969,0.17278217075248392,0.08727030282867076,0.0049182316386477964,0.0036886737289894,0.04698458135076233
2026-01-08 06:35:00+00:00,18.48471059588283,24.385524103502465,17.477111306604733,13.107833479953548,8.045229875679567,-0.09514049127416158,0.07384410239349037,0.004161580617321192,0.003121185462989118,0.039756184219877255
2026-01-08 06:40:00+00:00,18.453229722757246,24.4480075747585,17.480632644050157,13.110474483037619,8.078869723865617,-0.03148087312558445,0.062483471256033596,0.003521337445423711,0.002641003084070448,0.03363984818605026
2026-01-08 06:45:00+00:00,18.43959735243815,24.500878204282834,17.48361223727321,13.112709177954908,8.107334210792274,-0.013632370319097475,0.0528706295243353,0.0029795932230527455,0.002234694917289559,0.028464486926656818
2026-01-08 06:50:00+00:00,18.435998326355232,24.545614890803424,17.48613343153887,13.114600073654152,8.13141954588406,-0.003599026082916623,0.04473668652059004,0.0025211942656611086,0.001890895699244055,0.024085335091786675
2026-01-08 06:55:00+00:00,18.88775151430651,24.583469010167004,17.48826674976366,13.116200062322743,8.15179944480788,0.45175318795127595,0.03785411936357974,0.002133318224789349,0.0015999886685911235,0.020379898923819084
2026-01-08 07:00:00+00:00,18.810332560218193,24.615499418859258,17.490071865184635,13.117553898888476,8.150801085876616,-0.07741895408831567,0.03203040869225404,0.0018051154209750564,0.0013538365657321805,-0.0009983589312643204
2026-01-08 07:05:00+00:00,18.6350293518596,24.64260207236809,17.491599270540846,13.118699452905634,8.162532646292716,-0.17530320835859214,0.027102653508830343,0.0015274053562102097,0.0011455540171585454,0.01173156041610035
2026-01-08 07:10:00+00:00,18.08810847268689,23.575795911600853,16.723660921226866,12.542745690920151,7.7600202238214955,-0.5469208791727098,-1.0668061607672357,-0.7679383493139795,-0.5759537619854829,-0.40251242247122043
2026-01-08 07:15:00+00:00,18.335700465481555,23.762856432911143,16.843097702576582,12.632323276932436,7.720553482706003,0.24759199279466415,0.18706052131028983,0.11943678134971591,0.08957758601228427,-0.03946674111549253
2026-01-08 07:20:00+00:00,18.6908584895375,23.84101124913227,16.94415959448788,12.708119695865905,7.594036342547453,0.355158024055946,0.07815481622112586,0.10106189191129644,0.07579641893346967,-0.1265171401585503
2026-01-08 07:25:00+00:00,18.8085255874119,23.907147274699547,17.029673503028203,12.772255127271153,7.465438245493465,0.11766709787439922,0.06613602556727827,0.08551390854032448,0.0641354314052478,-0.12859809705398728
2026-01-08 07:30:00+00:00,19.055280552745167,23.882970770899618,17.10203142563925,12.826523569229437,7.384016340402366,0.2467549653332668,-0.02417650379992864,0.07235792261104734,0.05426844195828373,-0.08142190509109959
2026-01-08 07:35:00+00:00,19.521047411870985,23.78238552409455,17.163257360156287,12.872443020117217,7.181702902428357,0.46576685912581794,-0.10058524680506764,0.06122593451703651,0.045919450887780044,-0.20231343797400836
2026-01-08 07:40:00+00:00,19.74147405556926,23.6171467255159,17.21506392013224,12.911297940099184,6.997327162348596,0.22042664369827492,-0.16523879857864898,0.051806559975954514,0.03885491998196677,-0.1843757400797612
2026-01-08 07:45:00+00:00,19.710506726075888,23.477329280564735,17.2589002401119,12.944175180083924,6.807339141030318,-0.030967329493371665,-0.13981744495116644,0.043836319979657645,0.03287723998474057,-0.1899880213182783
2026-01-08 07:50:00+00:00,19.865240607895128,23.359022211759907,17.295992510863915,12.971994383147935,6.6833485883519135,0.15473388181924008,-0.11830706880482822,0.03709227075201582,0.027819203064010978,-0.12399055267840442
2026-01-08 07:55:00+00:00,19.663619664770177,23.25891742446732,17.327378278423314,12.995533708817485,6.550796893862984,-0.2016209431249507,-0.10010478729258665,0.03138576755939937,0.023539325669549527,-0.13255169448892978
2026-01-08 08:00:00+00:00,19.805108779098987,23.09411228742447,17.353935466358188,13.01545159976864,6.445045735548048,0.1414891143288095,-0.16480513704285116,0.026557187934873383,0.019917890951155925,-0.10575115831493598
2026-01-08 08:05:00+00:00,20.13476783833063,22.95469257399399,17.376406933072314,13.032305199804235,6.365204120717596,0.32965905923164485,-0.13941971343047754,0.022471466714126365,0.016853600035593885,-0.07984161483045149
2026-01-08 08:10:00+00:00,20.418644964290227,22.836674658891436,17.39542125106119,13.046565938295892,6.310083021492219,0.28387712595959513,-0.11801791510255555,0.019014317988876428,0.014260738491657321,-0.055121099225377
2026-01-08 08:15:00+00:00,20.659510444023464,22.736803876580293,17.41151028935947,13.0586327170196,6.2170385553810785,0.24086547973323746,-0.0998707823111431,0.016089038298279235,0.012066778723708538,-0.0930444661111407
2026-01-08 08:20:00+00:00,20.217383014739035,22.572191906965813,17.425124090996473,13.068843068247356,6.055675014791855,-0.4421274292844295,-0.1646119696144801,0.01361380163700332,0.010210351227755154,-0.16136354058922375
2026-01-08 08:25:00+00:00,20.335563091200118,22.43292719535534,17.436643461612398,13.077482596209299,5.897075891842813,0.11818007646108342,-0.1392647116104726,0.01151937061592534,0.008639527961943116,-0.15859912294904177
2026-01-08 08:30:00+00:00,20.27525783433569,22.315065701570536,17.44639062136434,13.084792966023254,5.761372670363311,-0.060305256864428,-0.1178614937848046,0.009747159751942291,0.00731036981395583,-0.13570322147950176
2026-01-08 08:35:00+00:00,20.078102008458583,22.215312377732367,17.454638218077516,13.09097866355814,5.629525632475972,-0.19715582587710756,-0.09975332383816848,0.008247596713175653,0.006185697534885293,-0.1318470378873391
2026-01-08 08:40:00+00:00,20.35280946821161,22.211033550388926,17.461616953757897,13.096212715318424,5.526307664929436,0.2747074597530279,-0.004278827343441094,0.006978735680380765,0.005234051760284686,-0.10321796754653612
2026-01-08 08:45:00+00:00,20.228161405902018,22.20741300417524,17.467522037795145,13.100641528346358,5.449156490291732,-0.12464806230959269,-0.0036205462136855715,0.0059050840372485425,0.004428813027933742,-0.07715117463770405
2026-01-08 08:50:00+00:00,20.4815211896094,22.204349465071356,17.47251864736512,13.104388985523842,5.370785373874155,0.2533597837073813,-0.0030635391038842386,0.004996609569975163,0.003747457177484037,-0.07837111641757666
2026-01-08 08:55:00+00:00,20.48035222131567,22.201757239675764,17.47674654777049,13.107559910827865,5.300728927889525,-0.0011689682937294776,-0.002592225395591896,0.004227900405368246,0.0031709253040226315,-0.07005644598463068
2026-01-08 09:00:00+00:00,20.15771542321813,22.199563818187183,17.480324001959644,13.110243001469733,5.249930064441674,-0.3226367980975411,-0.0021934214885810377,0.00357745418915556,0.0026830906418684464,-0.05079886344785045
2026-01-08 09:05:00+00:00,19.847307754237992,22.197708393245026,17.483351078581236,13.112513308935927,5.193326913428914,-0.3104076689801367,-0.001855424942156958,0.003027076621592073,0.0022703074661940548,-0.05660315101276048
2026-01-08 09:10:00+00:00,19.404852548474878,21.708500552600036,17.101297066491814,12.825972799868861,5.04358304876495,-0.4424552057631139,-0.48920784064499045,-0.3820540120894229,-0.2865405090670663,-0.1497438646639635
2026-01-08 09:15:00+00:00,19.156285926960955,21.782193130223778,17.16263597933923,12.871976984504421,5.0226438534218945,-0.24856662151392328,0.07369257762374204,0.06133891284741466,0.04600418463556011,-0.020939195343055772
2026-01-08 09:20:00+00:00,19.280534748345676,21.844548119655602,17.214538136363963,12.910903602272972,5.009168016375845,0.12424882138472171,0.06235498943182449,0.05190215702473466,0.038926617768551,-0.013475837046049044
2026-01-08 09:25:00+00:00,19.496121596289143,21.897310745989444,17.258455346154125,12.943841509615591,5.026389525256758,0.2155868479434666,0.05276262633384121,0.04391720979016256,0.032937907342619255,0.017221508880912673
2026-01-08 09:30:00+00:00,19.76522834932719,21.94195549304021,17.29561606213041,12.971712046597808,5.03079720202765,0.26910675303804865,0.04464474705076782,0.037160715976284564,0.027870536982216976,0.004407676770892266
2026-01-08 09:35:00+00:00,19.36750008421739,21.979731571034023,17.32705974487958,12.995294808659683,5.028663625613187,-0.3977282651098015,0.03777607799381144,0.03144368274917042,0.023582762061874263,-0.002133576414463434
2026-01-08 09:40:00+00:00,18.995421596574104,22.011695944721097,17.353665937975027,13.015249453481271,5.035115914529224,-0.3720784876432859,0.0319643736870745,0.02660619309544643,0.019954644821588374,0.006452288916037219
2026-01-08 09:45:00+00:00,18.649762048164753,22.03874272245631,17.376178870594256,13.03213415294569,5.022448001309047,-0.3456595484093512,0.02704677773521169,0.02251293261922882,0.01688469946441984,-0.01266791322017724
2026-01-08 09:50:00+00:00,18.639595783220305,22.06162845746303,17.395228275118217,13.04642120633866,5.023016762095879,-0.0101662649444485,0.022885735006720864,0.019049404523961755,0.01428705339296954,0.000568760786832101
2026-01-08 09:55:00+00:00,18.15431768105798,22.16112151528923,17.411347002023103,13.058510251517328,5.039431871523611,-0.4852781021623258,0.09949305782620144,0.01611872690488525,0.01208904517866749,0.016415109427732055
2026-01-08 10:00:00+00:00,17.89539707849046,22.24530794883448,17.424985924788782,13.068739443591586,5.057909443622516,-0.2589206025675175,0.08418643354524846,0.01363892276567924,0.010229192074257654,0.018477572098904993
2026-01-08 10:05:00+00:00,17.548939210252055,22.316542726386864,17.43652655174435,13.077394913808265,5.08727282318629,-0.3464578682384065,0.07123477755238383,0.011540626955568456,0.008655470216679007,0.029363379563774217
2026-01-08 10:10:00+00:00,17.688806294982008,22.37681820437863,17.44629169762984,13.084718773222379,5.108163441454774,0.13986708472995346,0.060275477991766024,0.00976514588548838,0.007323859414114509,0.02089061826848404
2026-01-08 10:15:00+00:00,17.584034421031077,22.427820531910122,17.45455451337909,13.090915885034319,5.13108022227031,-0.10477187395093068,0.05100232753149214,0.008262815749251473,0.006197111811939493,0.022916780815535276
2026-01-08 10:20:00+00:00,17.40019366933774,22.551106659616554,17.461546126705386,13.09615959502904,5.175537098390464,-0.1838407516933387,0.12328612770643232,0.00699161332629572,0.005243709994720902,0.044456876120154476
2026-01-08 10:25:00+00:00,16.979589504547143,22.65542626354925,17.467462107212253,13.100596580409187,5.206671800188007,-0.42060416479059626,0.10431960393269435,0.005915980506866703,0.0044369853801473624,0.03113470179754252
2026-01-08 10:30:00+00:00,16.838568731166752,22.663574815267047,17.4724679368719,13.104350952653927,5.215078927130133,-0.1410207733803901,0.008148551717798824,0.005005829659648242,0.0037543722447406225,0.008407126942126197
2026-01-08 10:35:00+00:00,16.760904576720826,22.670503713693837,17.47670363889161,13.107527729168709,5.226366935528699,-0.07766415444592667,0.006928898426789232,0.004235702019709464,0.00317677651478121,0.011288008398565808
2026-01-08 10:40:00+00:00,16.942895040552095,22.676357552105053,17.480287694446748,13.110215770835062,5.240853005285716,0.18199046383126927,0.005853838411216117,0.003584055555137411,0.002688041666353058,0.014486069757017717
2026-01-08 10:45:00+00:00,16.662313617813638,22.681337493372745,17.483320356839553,13.112490267629667,5.270156573284295,-0.2805814227384573,0.004979941267691856,0.0030326623928047525,0.0022744967946053407,0.029303567998578472
2026-01-08 10:50:00+00:00,15.997899350395835,22.685537308245888,17.485886455787313,13.114414841840487,5.2852138160490565,-0.6644142674178024,0.004199814873143026,0.0025660989477600538,0.0019245742108200403,0.015057242764761725
2026-01-08 10:55:00+00:00,15.912341046677794,22.689055244891648,17.48805777028157,13.116043327711182,5.295141881605257,-0.08555830371804163,0.0035179366457605,0.0021713144942587803,0.0016284858706949734,0.009928065556200849
2026-01-08 11:00:00+00:00,16.122038573709247,22.77215464915452,17.4898950363921,13.117421277294078,5.328991548720072,0.2096975270314534,0.08309940426287099,0.0018372661105274801,0.00137794958289561,0.03384966711481496
2026-01-08 11:05:00+00:00,16.409076625869304,22.92259707022657,17.491449646177927,13.11858723463345,5.3820432001823075,0.2870380521600566,0.15044242107205008,0.0015546097858276653,0.0011659573393725253,0.05305165146223523
2026-01-08 11:10:00+00:00,15.931076005120321,22.527917413882463,17.108149700612092,12.831112275459073,5.319258333762617,-0.47800062074898264,-0.3946796563441062,-0.3832999455658346,-0.2874749591743768,-0.06278486641969039
2026-01-08 11:15:00+00:00,16.360712889468182,22.71595160054132,17.168434362056388,12.876325771542291,5.3907157591888435,0.42963688434786107,0.1880341866588573,0.060284661444296006,0.045213496083217564,0.07145742542622635
2026-01-08 11:20:00+00:00,16.816704918417255,22.79491201943667,17.21944446020156,12.91458334515117,5.426631485313951,0.45599202894907265,0.078960418895349,0.051010098145173544,0.03825757360887927,0.03591572612510774
2026-01-08 11:25:00+00:00,17.007315918460968,22.861729365691943,17.26260685093978,12.946955138204837,5.4519193088141,0.19061100004371312,0.06681734625527369,0.04316239073821748,0.032371793053666664,0.025287823500148576
2026-01-08 11:30:00+00:00,17.477667838025013,22.918258181226516,17.29912887387212,12.97434665540409,5.485559723651241,0.4703519195640453,0.05652881553457334,0.03652202293234197,0.027391517199253812,0.03364041483714075
2026-01-08 11:35:00+00:00,17.59818804662357,22.96609025590962,17.330032124045644,12.997524093034231,5.5315864597865785,0.12052020859855617,0.0478320746831038,0.030903250173523134,0.023177437630140574,0.04602673613533792
2026-01-08 11:40:00+00:00,18.284248050766926,23.006563549872244,17.356181028038623,13.017135771028965,5.565366007627093,0.6860600041433571,0.04047329396262356,0.0261489039929792,0.019611677994733512,0.03377954784051429
2026-01-08 11:45:00+00:00,18.14589325758075,23.120946752040258,17.378307023724986,13.03373026779374,5.609813471659596,-0.13835479318617772,0.11438320216801401,0.022125995686362643,0.016594496764774647,0.04444746403250299
2026-01-08 11:50:00+00:00,18.744976107968302,23.217727158092544,17.39702902007499,13.04777176505624,5.6477097657899336,0.5990828503875534,0.09678040605228588,0.018721996350002712,0.014041497262500258,0.03789629413033779
2026-01-08 11:55:00+00:00,19.149313283738824,23.379756923742615,17.412870709294218,13.059653031970665,5.6881794242638914,0.40433717577052164,0.16202976565007177,0.015841689219229238,0.011881266914425481,0.04046965847395789
2026-01-08 12:00:00+00:00,19.309487029699515,23.5168461077103,17.42627521555665,13.069706411667488,5.707977861970346,0.1601737459606909,0.1370891839676851,0.013404506262432392,0.010053379696822518,0.01979843770645484
2026-01-08 12:05:00+00:00,19.6193092312843,23.712972347549744,17.437617490086396,13.078213117564795,5.755820251231913,0.3098222015847867,0.19612623983944388,0.011342274529745566,0.008506705897307398,0.04784238926156714
2026-01-08 12:10:00+00:00,19.550748142191377,23.878925332821073,17.44721479930387,13.085411099477906,5.797326882344003,-0.06856108909292402,0.1659529852713284,0.009597309217475924,0.007197981913110496,0.04150663111208974
2026-01-08 12:15:00+00:00,19.80263788171794,24.01934707648963,17.455335599410965,13.091501699558227,5.851963359751218,0.25188973952656113,0.14042174366855775,0.008120800107093373,0.006090600080321806,0.054636477407214556
2026-01-08 12:20:00+00:00,20.021437639150186,24.138169540603688,17.462207045655433,13.096655284241578,5.901904425283619,0.21879975743224733,0.11882246411405717,0.0068714462444674496,0.005153584683350587,0.049941065532401296
2026-01-08 12:25:00+00:00,20.115420033759115,24.238717400896036,17.46802134632383,13.101016009742873,5.943533744330215,0.0939823946089291,0.10054786029234819,0.0058143006683977205,0.004360725501294738,0.041629319046595725
2026-01-08 12:30:00+00:00,20.11137353866631,24.323806768506813,17.472941139197086,13.104705854397816,5.970693205858999,-0.004046495092804747,0.08508936761077734,0.004919792873256057,0.003689844654942931,0.027159461528784234
2026-01-08 12:35:00+00:00,20.18501996776385,24.395810737288517,17.477104040859075,13.107828030644306,5.987015862915593,0.07364642909753982,0.07200396878170423,0.004162901661988627,0.0031221762464905822,0.016322657056593748
2026-01-08 12:40:00+00:00,20.04704049088099,24.376617481349864,17.480626496111523,13.110469872083643,5.985773108901057,-0.13797947688286172,-0.019193255938652953,0.0035224552524475428,0.0026418414393365452,-0.001242754014535663
2026-01-08 12:45:00+00:00,19.947347915786985,24.360369921497323,17.483607035171286,13.112705276378467,5.991220742442054,-0.09969257509400364,-0.016247559852541116,0.002980539059763032,0.0022354042948240505,0.005447633540996755
2026-01-08 12:50:00+00:00,20.215857377690323,24.346630728876246,17.48612902976032,13.114596772320242,5.9891292051865,0.2685094619033386,-0.013739192621077478,0.002521994589034904,0.0018914959417752897,-0.002091537255553888
2026-01-08 12:55:00+00:00,20.067290214592326,24.334994119563763,17.48826302518181,13.116197268886358,5.986890600124459,-0.14856716309799722,-0.011636609312482449,0.0021339954214880663,0.0016004965661160497,-0.002238605062040655
2026-01-08 13:00:00+00:00,19.824678938927818,24.325182538283848,17.49006871361538,13.117551535211533,5.9789109547421075,-0.24261127566450824,-0.009811581279915771,0.0018056884335706513,0.0013542663251744358,-0.007979645382351741
2026-01-08 13:05:00+00:00,19.924940759327363,24.31689964330729,17.491596603828395,13.118697452871297,5.98961908604083,0.10026182039954534,-0.008282894976556321,0.0015278902130155814,0.0011459176597643506,0.010708131298722279
2026-01-08 13:10:00+00:00,19.35984919744393,23.77641718278048,17.10827404939326,12.831205537044944,5.855169658920918,-0.5650915618834347,-0.5404824605268104,-0.38332255443513574,-0.2874919158263527,-0.13444942711991192
2026-01-08 13:15:00+00:00,19.495805786072037,23.85258665650899,17.168539580255832,12.876404685191877,5.87040021730992,0.13595658862810822,0.07616947372850902,0.0602655308625728,0.045199148146933155,0.015230558389002447
2026-01-08 13:20:00+00:00,19.096394978104595,23.997062435319982,17.219533490985704,12.91465011823928,5.905088600707212,-0.3994108079674419,0.1444757788109925,0.05099391072987203,0.038245433047402244,0.034688383397291744
2026-01-08 13:25:00+00:00,18.59712537322315,24.11935459734322,17.262682184680212,12.947011638510158,5.942517010156846,-0.49926960488144445,0.12229216202323911,0.043148693694508466,0.032361520270878685,0.03742840944963355
2026-01-08 13:30:00+00:00,18.587425002637918,24.30291542852119,17.299192617806334,12.97439446335475,5.980644275370185,-0.00970037058523232,0.1835608311779673,0.036510433126121455,0.02738282484459198,0.038127265213339534
2026-01-08 13:35:00+00:00,18.540055091295734,24.458261838953597,17.330086061220744,12.997564545915559,6.033286620964305,-0.04736991134218371,0.15534641043240782,0.030893443414409916,0.023170082560808325,0.052642345594120066
2026-01-08 13:40:00+00:00,18.327208111686733,24.669833103336646,17.35622666718678,13.017170000390088,6.107443139242876,-0.2128469796090009,0.21157126438304985,0.026140605966038066,0.019605454474529438,0.07415651827857062
2026-01-08 13:45:00+00:00,18.757264412019133,24.84883732044575,17.378345641465735,13.033759231099305,6.175435093276409,0.4300563003323994,0.17900421710910308,0.022118974278953374,0.016589230709216807,0.0679919540335332
2026-01-08 13:50:00+00:00,18.613321290508352,25.00029928175603,17.397061696624856,13.047796272468643,6.236734880599574,-0.14394312151078026,0.15146196131027878,0.018716055159121225,0.014037041369338255,0.06129978732316488
2026-01-08 13:55:00+00:00,18.511673091878883,25.128458366614076,17.41289835868257,13.05967376901193,6.279358177567676,-0.10164819862946928,0.12815908485804783,0.015836662057711948,0.011877496543286625,0.04262329696810241
2026-01-08 14:00:00+00:00,17.63803455679637,25.301003833250093,17.42629861119294,13.06972395839471,6.337521801741717,-0.8736385350825131,0.17254546663601644,0.013400252510372468,0.010050189382779351,0.05816362417404086
2026-01-08 14:05:00+00:00,17.322889213565883,25.44700324351931,17.437637286394025,13.078227964795524,6.386754382633419,-0.31514534323048693,0.1459994102692157,0.01133867520108467,0.00850400640081439,0.049232580891701794
2026-01-08 14:10:00+00:00,17.400294850115532,25.5705412060548,17.447231550025712,13.085423662519288,6.423777260138406,0.07740563654964916,0.12353796253549021,0.009594263631687028,0.007195697723764383,0.03702287750498723
2026-01-08 14:15:00+00:00,17.569394968414713,25.675073328200213,17.45534977309868,13.091512329824013,6.470857130215429,0.16910011829918048,0.10453212214541452,0.008118223072965947,0.006088667304725348,0.04707987007702297
2026-01-08 14:20:00+00:00,17.421876505642647,25.763523585400183,17.46221903877581,13.096664279081857,6.506380471593078,-0.14751846277206582,0.08845025719996968,0.006869265677131864,0.005151949257843569,0.03552334137764923
2026-01-08 14:25:00+00:00,17.53764392255922,25.83836611072323,17.468031494348764,13.10102362076157,6.537600476122041,0.11576741691657233,0.0748425253230458,0.005812455572954178,0.004359341679712969,0.031220004528962342
2026-01-08 14:30:00+00:00,17.180063434591993,25.837591837278627,17.472949725987412,13.10471229449056,6.559758730653462,-0.3575804879672262,-0.0007742734446019028,0.0049182316386477964,0.0036886737289894,0.02215825453142095
2026-01-08 14:35:00+00:00,17.18956421336885,25.836936682825506,17.477111306604733,13.107833479953548,6.553620197206039,0.009500778776857288,-0.0006551544531205877,0.004161580617321192,0.003121185462989118,-0.0061385334474231
2026-01-08 14:40:00+00:00,17.052216411104293,25.836382321365175,17.480632644050157,13.110474483037619,6.534520382531801,-0.13734780226455712,-0.0005543614603311653,0.003521337445423711,0.002641003084070448,-0.019099814674238047
2026-01-08 14:45:00+00:00,17.388248011653157,25.835913246283354,17.48361223727321,13.112709177954908,6.531098831236302,0.33603160054886416,-0.0004690750818205913,0.0029795932230527455,0.002234694917289559,-0.0034215512954984817
2026-01-08 14:50:00+00:00,17.541977229121592,25.835516336598737,17.48613343153887,13.114600073654152,6.512786106468345,0.1537292174684346,-0.0003969096846176967,0.0025211942656611086,0.001890895699244055,-0.018312724767956645
2026-01-08 14:55:00+00:00,17.696497560654254,25.75505228481431,17.48826674976366,13.116200062322743,6.450331520198214,0.15452033153266242,-0.08046405178442484,0.002133318224789349,0.0015999886685911235,-0.062454586270131784
2026-01-08 15:00:00+00:00,17.91967439343146,25.687016222580226,17.490071865184635,13.117553898888476,6.407204399558227,0.2231768327772059,-0.06803606223408565,0.0018051154209750564,0.0013538365657321805,-0.04312712063998703
2026-01-08 15:05:00+00:00,18.06135877092594,25.549298357846514,17.491599270540846,13.118699452905634,6.337256607780724,0.14168437749447804,-0.1377178647337125,0.0015274053562102097,0.0011455540171585454,-0.06994779177750221
2026-01-08 15:10:00+00:00,17.214428990184537,24.34306717947418,16.723660921226866,12.542745690920151,6.01413964930359,-0.8469297807414016,-1.2062311783723345,-0.7679383493139795,-0.5759537619854829,-0.32311695847713473
2026-01-08 15:15:00+00:00,17.667756293074472,24.412113558248087,16.843097702576582,12.632323276932436,5.983137686496237,0.45332730288993517,0.0690463787739084,0.11943678134971591,0.08957758601228427,-0.03100196280735279
2026-01-08 15:20:00+00:00,18.100162336964953,24.390390890046017,16.94415959448788,12.708119695865905,5.934250948382919,0.4324060438904809,-0.02172266820207014,0.10106189191129644,0.07579641893346967,-0.04888673811331756
2026-01-08 15:25:00+00:00,18.449672355944276,24.372002851365256,17.029673503028203,12.772255127271153,5.910547227264562,0.34951001897932343,-0.018388038680761554,0.08551390854032448,0.0641354314052478,-0.02370372111835728
2026-01-08 15:30:00+00:00,18.179702231408335,24.276310157822696,17.10203142563925,12.826523569229437,5.852921092598498,-0.2699701245359414,-0.09569269354255994,0.07235792261104734,0.05426844195828373,-0.05762613466606403
2026-01-08 15:35:00+00:00,17.808027479880653,24.275467569439716,17.163257360156287,12.872443020117217,5.806254495525511,-0.3716747515276815,-0.0008425883829801251,0.06122593451703651,0.045919450887780044,-0.046666597072986704
2026-01-08 15:40:00+00:00,17.651906785726318,24.274754861192,17.21506392013224,12.911297940099184,5.764135355126771,-0.15612069415433538,-0.000712708247714744,0.051806559975954514,0.03885491998196677,-0.04211914039874021
2026-01-08 15:45:00+00:00,17.869301000933184,24.274155131269886,17.2589002401119,12.944175180083924,5.730399654408121,0.2173942152068662,-0.0005997299221149888,0.043836319979657645,0.03287723998474057,-0.033735700718650286
2026-01-08 15:50:00+00:00,18.299380854727477,24.273654434125007,17.295992510863915,12.971994383147935,5.692748472512995,0.43007985379429314,-0.0005006971448793252,0.03709227075201582,0.027819203064010978,-0.03765118189512595
2026-01-08 15:55:00+00:00,18.2597962151871,24.273239557861597,17.327378278423314,12.995533708817485,5.651777736943475,-0.03958463954037583,-0.0004148762634095249,0.03138576755939937,0.023539325669549527,-0.04097073556951969
2026-01-08 16:00:00+00:00,18.857561501313487,24.27287346082847,17.353935466358188,13.01545159976864,5.624791472210282,0.5977652861263856,-0.0003660970331260671,0.026557187934873383,0.019917890951155925,-0.026986264733193543
2026-01-08 16:05:00+00:00,19.17636702235078,24.272559595059988,17.376406933072314,13.032305199804235,5.608864009809043,0.3188055210372944,-0.0003138657684829127,0.022471466714126365,0.016853600035593885,-0.015927462401238657
2026-01-08 16:10:00+00:00,19.035312046953376,24.272294016332808,17.39542125106119,13.046565938295892,5.596759495712117,-0.14105497539740597,-0.00026557872718058206,0.019014317988876428,0.014260738491657321,-0.012104514096925811
2026-01-08 16:15:00+00:00,19.060310586394202,24.191941090743146,17.41151028935947,13.0586327170196,5.577497080235334,0.024998539440826306,-0.08035292558966134,0.016089038298279235,0.012066778723708538,-0.01926241547678309
2026-01-08 16:20:00+00:00,18.93557815392369,24.12395015370574,17.425124090996473,13.068843068247356,5.550139052576805,-0.12473243247051258,-0.06799093703740766,0.01361380163700332,0.010210351227755154,-0.027358027658529238
2026-01-08 16:25:00+00:00,19.40500952426504,24.06642371889224,17.436643461612398,13.077482596209299,5.5167698147448,0.46943137034135063,-0.05752643481350006,0.01151937061592534,0.008639527961943116,-0.03336923783200518
2026-01-08 16:30:00+00:00,19.635906260523527,24.017743495838396,17.44639062136434,13.084792966023254,5.498677814701651,0.2308967362584866,-0.04868022305384301,0.009747159751942291,0.00731036981395583,-0.018092000043148815
2026-01-08 16:35:00+00:00,19.541861331103426,23.976560913329507,17.454638218077516,13.09097866355814,5.491153764747223,-0.09404492942010023,-0.04118258250888829,0.008247596713175653,0.006185697534885293,-0.007524049954428236
2026-01-08 16:40:00+00:00,19.418425681432232,23.861585802559446,17.461616953757897,13.096212715318424,5.456922795106606,-0.12343564967119391,-0.11497511077006095,0.006978735680380765,0.005234051760284686,-0.03423096964061667
2026-01-08 16:45:00+00:00,19.343885941397286,23.764302660712044,17.467522037795145,13.100641528346358,5.415353212837986,-0.07453974003494679,-0.09728314184740228,0.0059050840372485425,0.004428813027933742,-0.04156958226861995
2026-01-08 16:50:00+00:00,19.803838906972707,23.681983609683485,17.47251864736512,13.104388985523842,5.366853322916685,0.45995296557542176,-0.08231905102855919,0.004996609569975163,0.003747457177484037,-0.04849988992130072
2026-01-08 16:55:00+00:00,20.009180725930083,23.612338001125124,17.47674654777049,13.107559910827865,5.312559305837639,0.20534181895737547,-0.06964560855836055,0.004227900405368246,0.0031709253040226315,-0.05429401707904624
2026-01-08 17:00:00+00:00,20.043996959258823,23.553393596805908,17.480324001959644,13.110243001469733,5.271420239581657,0.03481623332874051,-0.05894440431921666,0.00357745418915556,0.0026830906418684464,-0.04113906625598229
2026-01-08 17:05:00+00:00,20.359348321283885,23.503512530630637,17.483351078581236,13.112513308935927,5.243116261478244,0.3153513620250621,-0.04988106617527066,0.003027076621592073,0.0022703074661940548,-0.028303978103412675
2026-01-08 17:10:00+00:00,19.93394804205069,22.882093020423728,17.101297066491814,12.825972799868861,5.086537596202501,-0.42540027923319457,-0.6214195102069091,-0.3820540120894229,-0.2865405090670663,-0.1565786652757435
2026-01-08 17:15:00+00:00,20.08947088284695,22.85536076087136,17.16263597933923,12.871976984504421,5.051753726180514,0.15552284079625878,-0.02673225955236802,0.06133891284741466,0.04600418463556011,-0.03478387002198691
2026-01-08 17:20:00+00:00,20.29754526273922,22.912869361762944,17.214538136363963,12.910903602272972,5.02802461882026,0.2080743798922704,0.05750860089158394,0.05190215702473466,0.038926617768551,-0.023729107360253465
2026-01-08 17:25:00+00:00,20.511028784824227,22.961530485594288,17.258455346154125,12.943841509615591,5.010387800623027,0.21348352208500643,0.048661123831344355,0.04391720979016256,0.032937907342619255,-0.017636818197233062
2026-01-08 17:30:00+00:00,20.18415554113287,23.002705282682346,17.29561606213041,12.971712046597808,5.018863815806505,-0.32687324369135595,0.0411747970880576,0.037160715976284564,0.027870536982216976,0.008476015183477514
2026-01-08 17:35:00+00:00,19.995055856406584,23.037550126957782,17.32705974487958,12.995294808659683,5.057109471599009,-0.1890996847262869,0.03484484427543677,0.03144368274917042,0.023582762061874263,0.03824565579250461
2026-01-08 17:40:00+00:00,19.191078940989236,23.14718831641841,17.353665937975027,13.015249453481271,5.114263910953292,-0.8039769154173477,0.10963818946062887,0.02660619309544643,0.019954644821588374,0.05715443935428244
2026-01-08 17:45:00+00:00,18.778304003626303,23.239983931665385,17.376178870594256,13.03213415294569,5.152258379796493,-0.4127749373629328,0.092795615246974,0.02251293261922882,0.01688469946441984,0.03799446884320101
2026-01-08 17:50:00+00:00,18.331913686100364,23.3185354261545,17.395228275118217,13.04642120633866,5.171183538952633,-0.44639031752593894,0.07855149448911547,0.019049404523961755,0.01428705339296954,0.018925159156140126
2026-01-08 17:55:00+00:00,18.879440905319065,23.385013839759594,17.411347002023103,13.058510251517328,5.1786175502287,0.5475272192187006,0.06647841360509332,0.01611872690488525,0.01208904517866749,0.007434011276067132
2026-01-08 18:00:00+00:00,19.18236027985144,23.361174513923327,17.424985924788782,13.068739443591586,5.148112743563441,0.30291937453237594,-0.023839325836267022,0.01363892276567924,0.010229192074257654,-0.030504806665258677
2026-01-08 18:05:00+00:00,19.59661254448968,23.340977819776644,17.43652655174435,13.077394913808265,5.1269632484776135,0.4142522646382396,-0.02019669414668357,0.011540626955568456,0.008655470216679007,-0.021149495085827752
2026-01-08 18:10:00+00:00,19.780286277800958,23.323916199279445,17.44629169762984,13.084718773222379,5.10180349043653,0.18367373331127723,-0.017061620497198504,0.00976514588548838,0.007323859414114509,-0.025159758041083613
2026-01-08 18:15:00+00:00,20.023559260571925,23.229297101714682,17.45455451337909,13.090915885034319,5.07210368700393,0.24327298277096787,-0.09461909756476317,0.008262815749251473,0.006197111811939493,-0.02969980343259948
2026-01-08 18:20:00+00:00,20.190272010163497,23.149190663809254,17.461546126705386,13.09615959502904,5.039339579493443,0.16671274959157145,-0.08010643790542815,0.00699161332629572,0.005243709994720902,-0.03276410751048786
2026-01-08 18:25:00+00:00,19.953006717302816,23.081409801852313,17.467462107212253,13.100596580409187,5.018078435511669,-0.23726529286068043,-0.06778086195694044,0.005915980506866703,0.0044369853801473624,-0.021261143981773145
2026-01-08 18:30:00+00:00,19.219127149218764,22.943962031284965,17.4724679368719,13.104350952653927,4.977924963358642,-0.7338795680840526,-0.13744777056734847,0.005005829659648242,0.0037543722447406225,-0.040153472153027
2026-01-08 18:35:00+00:00,18.832425797272514,22.82770360056992,17.47670363889161,13.107527729168709,4.942677532942702,-0.3867013519462503,-0.11625843071504605,0.004235702019709464,0.00317677651478121,-0.03524743041594025
2026-01-08 18:40:00+00:00,18.420977083659324,22.809402116122197,17.480287694446748,13.110215770835062,4.9393854583749786,-0.4114487136131899,-0.01830148444772206,0.003584055555137411,0.002688041666353058,-0.003292074567723624
2026-01-08 18:45:00+00:00,18.02407554725052,22.793868941908965,17.483320356839553,13.112490267629667,4.9460793753046035,-0.3969015364088051,-0.01553317421323186,0.0030326623928047525,0.0022744967946053407,0.0066939169296249545
2026-01-08 18:50:00+00:00,17.894678133029284,22.700622066170997,17.485886455787313,13.114414841840487,4.932435573676933,-0.12939741422123419,-0.09324687573796808,0.0025660989477600538,0.0019245742108200403,-0.013643801627670094
2026-01-08 18:55:00+00:00,17.761684784039318,22.701814834320626,17.48805777028157,13.116043327711182,4.943537012963159,-0.13299334898996662,0.0011927681496288756,0.0021713144942587803,0.0016284858706949734,0.011101439286225201
2026-01-08 19:00:00+00:00,18.161703041676326,22.702817680322582,17.4898950363921,13.117421277294078,4.938409255127581,0.40001825763700793,0.0010028460019562146,0.0018372661105274801,0.00137794958289561,-0.005127757835577285
2026-01-08 19:05:00+00:00,18.038867013921507,22.703666242324235,17.491449646177927,13.11858723463345,4.957018496658532,-0.12283602775481839,0.0008485620016536188,0.0015546097858276653,0.0011659573393725253,0.01860924153095045
2026-01-08 19:10:00+00:00,17.51060923705069,22.205300007241384,17.108149700612092,12.831112275459073,4.861949306724166,-0.5282577768708165,-0.4983662350828517,-0.3832999455658346,-0.2874749591743768,-0.09506918993436564
2026-01-08 19:15:00+00:00,17.756870069313692,22.282689749717072,17.168434362056388,12.876325771542291,4.914465994783801,0.2462608322630011,0.0773897424756882,0.060284661444296006,0.045213496083217564,0.05251668805963483
2026-01-08 19:20:00+00:00,17.812243123798112,22.34817337796573,17.21944446020156,12.91458334515117,4.968598537022925,0.05537305448441998,0.06548362824865706,0.051010098145173544,0.03825757360887927,0.05413254223912389
2026-01-08 19:25:00+00:00,17.994501997582482,22.40358260186844,17.26260685093978,12.946955138204837,5.020811253699783,0.18225887378437022,0.055409223902710636,0.04316239073821748,0.032371793053666664,0.05221271667685823
2026-01-08 19:30:00+00:00,18.27415967986937,22.450484484388653,17.29912887387212,12.97434665540409,5.064281288613488,0.2796576822868886,0.046901882520213434,0.03652202293234197,0.027391517199253812,0.043470034913704936
2026-01-08 19:35:00+00:00,18.394961844958196,22.57044283411451,17.330032124045644,12.997524093034231,5.131732651171514,0.12080216508882557,0.11995834972585584,0.030903250173523134,0.023177437630140574,0.06745136255802553
2026-01-08 19:40:00+00:00,18.211661684785142,22.671952535399434,17.356181028038623,13.017135771028965,5.185362201803587,-0.1833001601730544,0.10150970128492531,0.0261489039929792,0.019611677994733512,0.0536295506320732
2026-01-08 19:45:00+00:00,17.808430272207268,22.757769734394717,17.378307023724986,13.03373026779374,5.24090687342099,-0.403231412577874,0.08581719899528295,0.022125995686362643,0.016594496764774647,0.05554467161740284
2026-01-08 19:50:00+00:00,17.83189837454606,22.830317206186553,17.39702902007499,13.04777176505624,5.2913885844372075,0.023468102338792818,0.07254747179183596,0.018721996350002712,0.014041497262500258,0.0504817110162179
2026-01-08 19:55:00+00:00,18.016947122468068,22.89167866164503,17.412870709294218,13.059653031970665,5.314023337210697,0.1850487479220071,0.06136145545847782,0.015841689219229238,0.011881266914425481,0.022634752773489808
2026-01-08 20:00:00+00:00,17.863235551261823,22.94360142829377,17.42627521555665,13.069706411667488,5.335419143477326,-0.15371157120624446,0.05192276664874029,0.013404506262432392,0.010053379696822518,0.021395806266628625
2026-01-08 20:05:00+00:00,17.746464807563456,22.907406336761397,17.437617490086396,13.078213117564795,5.338243813763034,-0.1167707436983676,-0.03619509153237388,0.011342274529745566,0.008506705897307398,0.0028246702857082084
2026-01-08 20:10:00+00:00,17.96231866894867,22.956922299022164,17.44721479930387,13.085411099477906,5.379828325398033,0.215853861385213,0.0495159622607666,0.009597309217475924,0.007197981913110496,0.041584511634998655
2026-01-08 20:15:00+00:00,18.24914707395259,22.998878165744188,17.455335599410965,13.091501699558227,5.4182676525228475,0.28682840500392004,0.04195586672202367,0.008120800107093373,0.006090600080321806,0.03843932712481468
2026-01-08 20:20:00+00:00,18.287995127148175,23.034475908742884,17.462207045655433,13.096655284241578,5.456566000981794,0.038848053195586374,0.03559774299869645,0.0068714462444674496,0.005153584683350587,0.03829834845894631
2026-01-08 20:25:00+00:00,18.446964149916624,23.06473665044937,17.46802134632383,13.101016009742873,5.490725519134016,0.15896902276844926,0.03026074170648485,0.0058143006683977205,0.004360725501294738,0.03415951815222229
2026-01-08 20:30:00+00:00,18.861379713416458,23.1705865734893,17.472941139197086,13.104705854397816,5.548254172332451,0.41441556349983344,0.1058499230399299,0.004919792873256057,0.003689844654942931,0.057528653198435364
2026-01-08 20:35:00+00:00,19.339370756053782,23.260070002140488,17.477104040859075,13.107828030644306,5.575399797405351,0.47799104263732417,0.08948342865118875,0.004162901661988627,0.0031221762464905822,0.027145625072899193
2026-01-08 20:40:00+00:00,19.681757005012145,23.335564461308817,17.480626496111523,13.110469872083643,5.586221070141708,0.34238624895836267,0.07549445916832909,0.0035224552524475428,0.0026418414393365452,0.010821272736357024
2026-01-08 20:45:00+00:00,19.79898433796787,23.399413347393878,17.483607035171286,13.112705276378467,5.618944104021126,0.11722733295572496,0.06384888608506145,0.002980539059763032,0.0022354042948240505,0.03272303387941822
2026-01-08 20:50:00+00:00,20.18369776806977,23.4533735713354,17.48612902976032,13.114596772320242,5.637727432358606,0.3847134301019004,0.05396022394152311,0.002521994589034904,0.0018914959417752897,0.018783328337479865
2026-01-08 20:55:00+00:00,20.423516503424143,23.579147627167856,17.48826302518181,13.116197268886358,5.672731822476543,0.2398187353543726,0.12577405583245493,0.0021339954214880663,0.0016004965661160497,0.03500439011793688
2026-01-08 21:00:00+00:00,20.69286886342638,23.68556117311384,17.49006871361538,13.117551535211533,5.7011859780980725,0.2693523600022374,0.1064135459459834,0.0018056884335706513,0.0013542663251744358,0.028454155621529864
2026-01-08 21:05:00+00:00,20.71935563913275,23.855731249045046,17.491596603828395,13.118697452871297,5.744432779793677,0.02648677570637048,0.1701700759312068,0.0015278902130155814,0.0011459176597643506,0.04324680169560491
2026-01-08 21:10:00+00:00,20.273779977835655,23.45484951842273,17.10827404939326,12.831205537044944,5.6456997441864445,-0.44557566129709514,-0.40088173062231647,-0.38332255443513574,-0.2874919158263527,-0.0987330356072329
2026-01-08 21:15:00+00:00,20.444189552383733,23.660513695075643,17.168539580255832,12.876404685191877,5.706686332750397,0.1704095745480778,0.20566417665291326,0.0602655308625728,0.045199148146933155,0.06098658856395289
2026-01-08 21:20:00+00:00,20.65419856485168,23.91466543429478,17.219533490985704,12.91465011823928,5.769058104443715,0.21000901246794612,0.2541517392191359,0.05099391072987203,0.038245433047402244,0.06237177169331787
2026-01-08 21:25:00+00:00,20.781291010854684,24.129716905941734,17.262682184680212,12.947011638510158,5.825407255318469,0.1270924460030045,0.21505147164695515,0.043148693694508466,0.032361520270878685,0.05634915087475356
2026-01-08 21:30:00+00:00,20.720815092740303,24.31168353579685,17.299192617806334,12.97439446335475,5.8757490485016834,-0.060475918114381244,0.1819666298551148,0.036510433126121455,0.02738282484459198,0.050341793183214634
2026-01-08 21:35:00+00:00,20.328896456294775,24.465655299520414,17.330086061220744,12.997564545915559,5.928635888511497,-0.3919186364455278,0.1539717637235647,0.030893443414409916,0.023170082560808325,0.052886840009813696
2026-01-08 21:40:00+00:00,20.145263317425904,24.595939099594197,17.35622666718678,13.017170000390088,5.990306290580013,-0.18363313886887056,0.1302838000737836,0.026140605966038066,0.019605454474529438,0.061670402068515706
2026-01-08 21:45:00+00:00,20.06469587488852,24.706179238118168,17.378345641465735,13.033759231099305,6.064374858917107,-0.08056744253738302,0.11024013852397019,0.022118974278953374,0.016589230709216807,0.0740685683370943
2026-01-08 21:50:00+00:00,19.934756194917636,24.799459355330754,17.397061696624856,13.047796272468643,6.11673498692553,-0.12993967997088518,0.09328011721258633,0.018716055159121225,0.014037041369338255,0.05236012800842271
2026-01-08 21:55:00+00:00,19.84551109430342,24.79831084880454,17.41289835868257,13.05967376901193,6.142568470500288,-0.08924510061421742,-0.0011485065262135663,0.015836662057711948,0.011877496543286625,0.025833483574758453
2026-01-08 22:00:00+00:00,19.736849272362214,24.79733128050276,17.42629861119294,13.06972395839471,6.153446624551322,-0.10866182194120455,-0.0009795683017799206,0.013400252510372468,0.010050189382779351,0.010878154051034095
2026-01-08 22:05:00+00:00,19.3220781213987,24.796464741876008,17.437637286394025,13.078227964795524,6.174434691648198,-0.4147711509635137,-0.0008665386267523445,0.01133867520108467,0.00850400640081439,0.020988067096875618
2026-01-08 22:10:00+00:00,19.10030940148225,24.795733767526944,17.447231550025712,13.085423662519288,6.191005505849644,-0.22176871991645086,-0.0007309743490644394,0.009594263631687028,0.007195697723764383,0.01657081420144557
2026-01-08 22:15:00+00:00,19.09546618909903,24.79516169642559,17.45534977309868,13.091512329824013,6.219095194431518,-0.004843212383217832,-0.0005720711013523783,0.008118223072965947,0.006088667304725348,0.02808968858187466
2026-01-08 22:20:00+00:00,18.652268997975682,24.71450955791244,17.46221903877581,13.096664279081857,6.231955551296589,-0.44319719112334965,-0.08065213851315178,0.006869265677131864,0.005151949257843569,0.012860356865070699
2026-01-08 22:25:00+00:00,18.55128947056828,24.646251677207964,17.468031494348764,13.10102362076157,6.223058143999208,-0.10097952740740368,-0.06825788070447558,0.005812455572954178,0.004359341679712969,-0.008897407297380866
2026-01-08 22:30:00+00:00,18.62557935232283,24.668623214047766,17.472949725987412,13.10471229449056,6.257307042919533,0.07428988175455231,0.02237153683980253,0.0049182316386477964,0.0036886737289894,0.03424889892032468
2026-01-08 22:35:00+00:00,18.471362589171523,24.68755297598913,17.477111306604733,13.107833479953548,6.2995914770618056,-0.1542167631513074,0.018929761941365086,0.004161580617321192,0.003121185462989118,0.042284434142272787
2026-01-08 22:40:00+00:00,18.094111198425164,24.783698671990805,17.480632644050157,13.110474483037619,6.36080713827287,-0.37725139074635905,0.096145696001674,0.003521337445423711,0.002641003084070448,0.061215661211064365
2026-01-08 22:45:00+00:00,17.92587738058159,24.865052722453758,17.48361223727321,13.112709177954908,6.390652848198876,-0.16823381784357494,0.08135405046295219,0.0029795932230527455,0.002234694917289559,0.02984570992600588
2026-01-08 22:50:00+00:00,17.732489263234687,24.93389076515318,17.48613343153887,13.114600073654152,6.406428168286828,-0.19338811734690253,0.06883804269942218,0.0025211942656611086,0.001890895699244055,0.015775320087952238
2026-01-08 22:55:00+00:00,17.58091989056929,24.992138339744997,17.48826674976366,13.116200062322743,6.40507905768937,-0.15156937266539572,0.0582475745918174,0.002133318224789349,0.0015999886685911235,-0.0013491105974576811
2026-01-08 23:00:00+00:00,17.246487031388384,25.041424749014997,17.490071865184635,13.117553898888476,6.405372242504419,-0.33443285918090737,0.04928640926999961,0.0018051154209750564,0.0013538365657321805,0.0002931848150486971
2026-01-08 23:05:00+00:00,17.048939676580098,25.08312863378192,17.491599270540846,13.118699452905634,6.3996889587454255,-0.197547354808286,0.04170388476692466,0.0015274053562102097,0.0011455540171585454,-0.005683283758993518
2026-01-08 23:10:00+00:00,16.69127164547861,24.00578049685213,16.723660921226866,12.542745690920151,6.10589764375808,-0.35766803110148615,-1.0773481369297926,-0.7679383493139795,-0.5759537619854829,-0.29379131498734523
2026-01-08 23:15:00+00:00,17.156442249258447,24.206814584434674,16.843097702576582,12.632323276932436,6.137873701244855,0.46517060377983555,0.2010340875825456,0.11943678134971591,0.08957758601228427,0.03197605748677468
2026-01-08 23:20:00+00:00,17.56579701556577,24.376920032983186,16.94415959448788,12.708119695865905,6.150079071702205,0.4093547663073238,0.17010544854851162,0.10106189191129644,0.07579641893346967,0.012205370457349929
2026-01-08 23:25:00+00:00,17.9354588360044,24.520857709074907,17.029673503028203,12.772255127271153,6.155958327151329,0.3696618204386297,0.1439376760917206,0.08551390854032448,0.0641354314052478,0.0058792554491242655
2026-01-08 23:30:00+00:00,18.371323319916648,24.6426692204487,17.10203142563925,12.826523569229437,6.177420994625863,0.43586448391224764,0.12181151137379231,0.07235792261104734,0.05426844195828373,0.02146266747453396
2026-01-08 23:35:00+00:00,18.644552049016177,24.74572333297307,17.163257360156287,12.872443020117217,6.212359926715706,0.2732287290995288,0.10305411252437224,0.06122593451703651,0.045919450887780044,0.034938932089843
2026-01-08 23:40:00+00:00,18.39125153535623,24.83291974328491,17.21506392013224,12.911297940099184,6.249625404240507,-0.25330051365994777,0.08719641031184011,0.051806559975954514,0.03885491998196677,0.037265477524800694
2026-01-08 23:45:00+00:00,18.556978547539824,24.826573116112872,17.2589002401119,12.944175180083924,6.253237276053255,0.16572701218359498,-0.006346627172039376,0.043836319979657645,0.03287723998474057,0.0036118718127484684
2026-01-08 23:50:00+00:00,18.709614274388628,24.821202893121146,17.295992510863915,12.971994383147935,6.2446098520654605,0.15263572684880344,-0.005370222991725626,0.03709227075201582,0.027819203064010978,-0.008627423987794813
2026-01-08 23:55:00+00:00,18.609458499798006,24.816658858281997,17.327378278423314,12.995533708817485,6.24101825543305,-0.10015577459062186,-0.004544034839149447,0.03138576755939937,0.023539325669549527,-0.0035915966324102655
2026-01-09 00:00:00+00:00,18.667275340538517,24.892942110853998,17.353935466358188,13.01545159976864,6.237251508166258,0.057816840740510855,0.07628325257200075,0.026557187934873383,0.019917890951155925,-0.0037667472667921587
2026-01-09 00:05:00+00:00,18.86401994549853,25.037617683543125,17.376406933072314,13.032305199804235,6.2614264666060135,0.19674460496001345,0.14467557268912756,0.022471466714126365,0.016853600035593885,0.02417495843975548
2026-01-09 00:10:00+00:00,18.763850256917756,25.160035475818542,17.39542125106119,13.046565938295892,6.28229573628277,-0.10016968858077391,0.12241779227541727,0.019014317988876428,0.014260738491657321,0.02086926967675673
2026-01-09 00:15:00+00:00,18.449119840589272,25.183491556461846,17.41151028935947,13.0586327170196,6.282916379698604,-0.31473041632848364,0.023456080643303068,0.016089038298279235,0.012066778723708538,0.0006206434158340102
2026-01-09 00:20:00+00:00,18.769773898716185,25.123210804185664,17.425124090996473,13.068843068247356,6.245566999430085,0.3206540581269124,-0.06028075227618146,0.01361380163700332,0.010210351227755154,-0.03734938026851964
2026-01-09 00:25:00+00:00,19.25817124881044,25.152332218926333,17.436643461612398,13.077482596209299,6.239893764293984,0.48839735009425667,0.029121414740668428,0.01151937061592534,0.008639527961943116,-0.0056732351361006295
2026-01-09 00:30:00+00:00,19.349942375628046,25.096845210886386,17.44639062136434,13.084792966023254,6.22170601227709,0.09177112681760491,-0.05548700803994677,0.009747159751942291,0.00731036981395583,-0.018187752016894265
2026-01-09 00:35:00+00:00,19.489459405336124,25.049894665621814,17.454638218077516,13.09097866355814,6.202950648101545,0.13951702970807744,-0.046950545264571986,0.008247596713175653,0.006185697534885293,-0.018755364175544464
2026-01-09 00:40:00+00:00,19.738662416591772,25.010167623523753,17.461616953757897,13.096212715318424,6.189931312968688,0.24920301125564848,-0.039727042098061105,0.006978735680380765,0.005234051760284686,-0.013019335132857357
2026-01-09 00:45:00+00:00,19.61068012953178,24.976599836098487,17.467522037795145,13.100641528346358,6.162134136006016,-0.12798228705999293,-0.033567787425266005,0.0059050840372485425,0.004428813027933742,-0.0277971769626717
2026-01-09 00:50:00+00:00,19.319814242411063,25.028276784391025,17.47251864736512,13.104388985523842,6.174829957300745,-0.2908658871207166,0.05167694829253833,0.004996609569975163,0.003747457177484037,0.012695821294729015
2026-01-09 00:55:00+00:00,19.52843201606526,24.991875227818046,17.47674654777049,13.107559910827865,6.170565799755531,0.20861777365419698,-0.03640155657297939,0.004227900405368246,0.0031709253040226315,-0.004264157545214253
2026-01-09 01:00:00+00:00,19.8967334606437,24.961073910717836,17.480324001959644,13.110243001469733,6.158814427835362,0.3683014445784387,-0.030801317100209502,0.00357745418915556,0.0026830906418684464,-0.01175137192016873
2026-01-09 01:05:00+00:00,19.963806443158553,24.93501125778689,17.483351078581236,13.112513308935927,6.142260230813473,0.06707298251485483,-0.02606265293094623,0.003027076621592073,0.0022703074661940548,-0.01655419702188965
2026-01-09 01:10:00+00:00,19.487292785261797,24.368086448896594,17.101297066491814,12.825972799868861,5.993452948022953,-0.47651365789675637,-0.5669248088902954,-0.3820540120894229,-0.2865405090670663,-0.14880728279051958
2026-01-09 01:15:00+00:00,19.856276378589072,24.43325263624584,17.16263597933923,12.871976984504421,6.02066140875422,0.36898359332727537,0.06516618734924506,0.06133891284741466,0.04600418463556011,0.02720846073126726
2026-01-09 01:20:00+00:00,19.858257394354467,24.48839325631058,17.214538136363963,12.910903602272972,6.057164991996022,0.001981015765395,0.05514062006474063,0.05190215702473466,0.038926617768551,0.03650358324180214
2026-01-09 01:25:00+00:00,19.335311932423014,24.53505070405767,17.258455346154125,12.943841509615591,6.081782290702866,-0.5229454619314531,0.046657447747090686,0.04391720979016256,0.032937907342619255,0.02461729870684337
2026-01-09 01:30:00+00:00,18.97389252356297,24.574577321251596,17.29561606213041,12.971712046597808,6.111987571708091,-0.3614194088600442,0.03952661719392481,0.037160715976284564,0.027870536982216976,0.030205281005224904
2026-01-09 01:35:00+00:00,18.944820062085437,24.608005716623627,17.32705974487958,12.995294808659683,6.129769522174147,-0.02907246147753284,0.033428395372030906,0.03144368274917042,0.023582762061874263,0.01778195046605635
2026-01-09 01:40:00+00:00,19.002238492613195,24.636261247399478,17.353665937975027,13.015249453481271,6.120405984984538,0.057418430527757636,0.028255530775851412,0.02660619309544643,0.019954644821588374,-0.009363537189608806
2026-01-09 01:45:00+00:00,19.104810989517365,24.660169773440586,17.376178870594256,13.03213415294569,6.087728491680979,0.1025724969041697,0.023908526041108047,0.02251293261922882,0.01688469946441984,-0.0326774933035594
2026-01-09 01:50:00+00:00,18.87494137444924,24.680400064706138,17.395228275118217,13.04642120633866,6.064039845855863,-0.2298696150681252,0.02023029126555187,0.019049404523961755,0.01428705339296954,-0.023688645825115984
2026-01-09 01:55:00+00:00,18.334958488412873,24.697518003469295,17.411347002023103,13.058510251517328,6.018283664662557,-0.5399828860363662,0.017117938763156815,0.01611872690488525,0.01208904517866749,-0.0457561811933056
2026-01-09 02:00:00+00:00,18.58487268810199,24.712002413191968,17.424985924788782,13.068739443591586,5.970684575472688,0.24991419968911543,0.014484409722673064,0.01363892276567924,0.010229192074257654,-0.04759908918986966
2026-01-09 02:05:00+00:00,18.884535297242326,24.72429448915407,17.43652655174435,13.077394913808265,5.937967900162656,0.2996626091403378,0.012292075962101023,0.011540626955568456,0.008655470216679007,-0.03271667531003164
2026-01-09 02:10:00+00:00,18.520862362240617,24.73473049044541,17.44629169762984,13.084718773222379,5.938529264586648,-0.36367293500170916,0.010436001291342478,0.00976514588548838,0.007323859414114509,0.0005613644239916837
2026-01-09 02:15:00+00:00,18.628500939050063,24.74363166196634,17.45455451337909,13.090915885034319,5.9248351887733754,0.10763857680944611,0.008901171520928841,0.008262815749251473,0.006197111811939493,-0.0136940758132722
2026-01-09 02:20:00+00:00,18.74143578485628,24.75114108110751,17.461546126705386,13.09615959502904,5.935418616749213,0.11293484580621538,0.0075094191411686495,0.00699161332629572,0.005243709994720902,0.010583427975837445
2026-01-09 02:25:00+00:00,18.69491811996231,24.757597621863653,17.467462107212253,13.100596580409187,5.94249792130763,-0.04651766489396891,0.00645654075614388,0.005915980506866703,0.0044369853801473624,0.007079304558416766
2026-01-09 02:30:00+00:00,18.748457141172167,24.76297711286699,17.4724679368719,13.104350952653927,5.9541246475576415,0.05353902120985765,0.005379491003338899,0.005005829659648242,0.0037543722447406225,0.01162672625001182
2026-01-09 02:35:00+00:00,18.91620926920931,24.767570110884844,17.47670363889161,13.107527729168709,5.950493015493502,0.16775212803714368,0.004592998017852068,0.004235702019709464,0.00317677651478121,-0.0036316320641391897
2026-01-09 02:40:00+00:00,19.05374803670548,24.771512694674882,17.480287694446748,13.110215770835062,5.926234238723901,0.13753876749616722,0.003942583790038867,0.003584055555137411,0.002688041666353058,-0.024258776769601198
2026-01-09 02:45:00+00:00,18.508002531441708,24.774799450039414,17.483320356839553,13.112490267629667,5.922039460268965,-0.5457455052637705,0.0032867553645310466,0.0030326623928047525,0.0022744967946053407,-0.004194778454936099
2026-01-09 02:50:00+00:00,18.012007885331776,24.777491721149683,17.485886455787313,13.114414841840487,5.896557935343788,-0.4959946461099314,0.002692271110269928,0.0025660989477600538,0.0019245742108200403,-0.02548152492517719
2026-01-09 02:55:00+00:00,17.89639967253952,24.77971893470252,17.48805777028157,13.116043327711182,5.889444783805141,-0.11560821279225664,0.0022272135528353942,0.0021713144942587803,0.0016284858706949734,-0.007113151538646889
2026-01-09 03:00:00+00:00,17.46122485441202,24.781612428996628,17.4898950363921,13.117421277294078,5.895943644374291,-0.4351748181274999,0.0018934942941086774,0.0018372661105274801,0.00137794958289561,0.0064988605691498336
2026-01-09 03:05:00+00:00,17.552114625078442,24.78320038040549,17.491449646177927,13.11858723463345,5.90210522604779,0.09088977066642201,0.0015879514088616986,0.0015546097858276653,0.0011659573393725253,0.006161581673499228
2026-01-09 03:10:00+00:00,17.4120504239626,24.2396359372554,17.108149700612092,12.831112275459073,5.775078458649682,-0.14006420111584106,-0.543564443150089,-0.3832999455658346,-0.2874749591743768,-0.1270267673981076
2026-01-09 03:15:00+00:00,17.371456255720467,24.324564728994197,17.168434362056388,12.876325771542291,5.80262627160808,-0.04059416824213358,0.08492879173879686,0.060284661444296006,0.045213496083217564,0.0275478129583977
2026-01-09 03:20:00+00:00,17.441463991473125,24.39643916580524,17.21944446020156,12.91458334515117,5.819642383033221,0.0700077357526574,0.07187443681104355,0.051010098145173544,0.03825757360887927,0.017016111425141034
2026-01-09 03:25:00+00:00,17.649838963957748,24.457247824150915,17.26260685093978,12.946955138204837,5.823827224381637,0.20837497248462356,0.060808658345674615,0.04316239073821748,0.032371793053666664,0.004184841348416235
2026-01-09 03:30:00+00:00,18.228837069001305,24.588836148291833,17.29912887387212,12.97434665540409,5.878850524380686,0.5789981050435564,0.13158832414091748,0.03652202293234197,0.027391517199253812,0.05502329999904898
2026-01-09 03:35:00+00:00,18.75795665207178,24.700171385531956,17.330032124045644,12.997524093034231,5.91402007010611,0.5291195830704751,0.11133523724012306,0.030903250173523134,0.023177437630140574,0.035169545725423745
2026-01-09 03:40:00+00:00,18.690871434577687,24.794383848544687,17.356181028038623,13.017135771028965,5.954928952865451,-0.06708521749409257,0.09421246301273101,0.0261489039929792,0.019611677994733512,0.040908882759341125
2026-01-09 03:45:00+00:00,18.86450371265191,24.874105283691623,17.378307023724986,13.03373026779374,5.997831703098615,0.17363227807422277,0.07972143514693641,0.022125995686362643,0.016594496764774647,0.04290275023316337
2026-01-09 03:50:00+00:00,18.932388820999527,24.941551139003387,17.39702902007499,13.04777176505624,6.020739136403128,0.06788510834761752,0.06744585531176384,0.018721996350002712,0.014041497262500258,0.02290743330451317
2026-01-09 03:55:00+00:00,18.502139899197758,25.078748399669536,17.412870709294218,13.059653031970665,6.073571456942393,-0.43024892180176977,0.13719726066614868,0.015841689219229238,0.011881266914425481,0.0528323205392649
2026-01-09 04:00:00+00:00,18.106836090476122,25.19483953170968,17.42627521555665,13.069706411667488,6.1526769753023425,-0.3953038087216356,0.11609113204014321,0.013404506262432392,0.010053379696822518,0.07910551835994983
2026-01-09 04:05:00+00:00,17.92893292530303,25.293073915851863,17.437617490086396,13.078213117564795,6.290510398926378,-0.1779031651730918,0.09823438414218444,0.011342274529745566,0.008506705897307398,0.13783342362403594
2026-01-09 04:10:00+00:00,17.924793139003384,25.296062612962025,17.44721479930387,13.085411099477906,6.464056115041152,-0.004139786299646175,0.0029886971101618087,0.009597309217475924,0.007197981913110496,0.17354571611477354
2026-01-09 04:15:00+00:00,18.295499667656518,25.218464431356995,17.455335599410965,13.091501699558227,6.457677074705235,0.3707065286531339,-0.07759818160502974,0.008120800107093373,0.006090600080321806,-0.006379040335916741
2026-01-09 04:20:00+00:00,18.436026656719843,25.23293421316834,17.462207045655433,13.096655284241578,6.422639771355666,0.14052698906332495,0.014469781811342841,0.0068714462444674496,0.005153584683350587,-0.03503730334956945
2026-01-09 04:25:00+00:00,18.39792785058198,25.245175103450133,17.46802134632383,13.101016009742873,6.46821342839864,-0.03809880613786376,0.012240890281795203,0.0058143006683977205,0.004360725501294738,0.04557365704297389
2026-01-09 04:30:00+00:00,18.289482109671148,25.25553406390237,17.472941139197086,13.104705854397816,6.466040192991952,-0.10844574091083103,0.010358960452236943,0.004919792873256057,0.003689844654942931,-0.002173235406687901
2026-01-09 04:35:00+00:00,18.242330988506186,25.184173084396306,17.477104040859075,13.107828030644306,6.552883139510693,-0.04715112116496201,-0.07136097950606413,0.004162901661988627,0.0031221762464905822,0.08684294651874147
2026-01-09 04:40:00+00:00,17.99773544900485,25.123787488164833,17.480626496111523,13.110469872083643,6.681272729264935,-0.2445955395013364,-0.060385596231473215,0.0035224552524475428,0.0026418414393365452,0.1283895897542422
2026-01-09 04:45:00+00:00,18.458945317037635,25.072697012815432,17.483607035171286,13.112705276378467,6.645351757067543,0.4612098680327854,-0.05109047534940103,0.002980539059763032,0.0022354042948240505,-0.035920972197392764
2026-01-09 04:50:00+00:00,18.414007476811566,25.029471373564444,17.48612902976032,13.114596772320242,6.612809936267363,-0.04493784022606917,-0.04322563925098777,0.002521994589034904,0.0018914959417752897,-0.03254182080017998
2026-01-09 04:55:00+00:00,18.625255255439058,24.992886994642287,17.48826302518181,13.116197268886358,6.711049046208302,0.21124777862749156,-0.03658437892215716,0.0021339954214880663,0.0016004965661160497,0.09823910994093943
2026-01-09 05:00:00+00:00,18.83805812381036,24.961940482142115,17.49006871361538,13.117551535211533,6.682880477333039,0.2128028683713019,-0.03094651250017222,0.0018056884335706513,0.0013542663251744358,-0.02816856887526331
2026-01-09 05:05:00+00:00,19.20310719850664,24.93574469500921,17.491596603828395,13.118697452871297,6.6462508410646235,0.36504907469628023,-0.026195787132905934,0.0015278902130155814,0.0011459176597643506,-0.03662963626841531
2026-01-09 05:10:00+00:00,18.525535768901687,24.437388726796517,17.10827404939326,12.831205537044944,6.484162616816989,-0.6775714296049529,-0.49835596821269235,-0.38332255443513574,-0.2874919158263527,-0.16208822424763447
2026-01-09 05:15:00+00:00,18.333951467113202,24.572021230366282,17.168539580255832,12.876404685191877,6.495771388644554,-0.19158430178848462,0.1346325035697653,0.0602655308625728,0.045199148146933155,0.011608771827565256
2026-01-09 05:20:00+00:00,18.718903585626713,24.685941257408437,17.219533490985704,12.91465011823928,6.504445140758472,0.3849521185135103,0.11392002704215543,0.05099391072987203,0.038245433047402244,0.008673752113917743
2026-01-09 05:25:00+00:00,18.54008611614848,24.782334910114834,17.262682184680212,12.947011638510158,6.478361379647724,-0.17881746947823274,0.09639365270639644,0.043148693694508466,0.032361520270878685,-0.026083761110747616
2026-01-09 05:30:00+00:00,18.73539748560716,24.863898770097165,17.299192617806334,12.97439446335475,6.453524638669173,0.195311369458679,0.08156385998233162,0.036510433126121455,0.02738282484459198,-0.024836740978551042
2026-01-09 05:35:00+00:00,18.99607324893263,24.932914343928367,17.330086061220744,12.997564545915559,6.414449275000568,0.2606757633254695,0.0690155738312015,0.030893443414409916,0.023170082560808325,-0.03907536366860498
2026-01-09 05:40:00+00:00,19.291208441832172,24.991315126953538,17.35622666718678,13.017170000390088,6.395896152287809,0.2951351928995436,0.05840078302517071,0.026140605966038066,0.019605454474529438,-0.018553122712759773
2026-01-09 05:45:00+00:00,19.37011590264419,25.12086003154524,17.378345641465735,13.033759231099305,6.380120100857826,0.07890746081201883,0.12954490459170387,0.022118974278953374,0.016589230709216807,-0.01577605142998273
2026-01-09 05:50:00+00:00,19.797987500370603,25.230480631207993,17.397061696624856,13.047796272468643,6.356197039197174,0.42787159772641203,0.10962059966275106,0.018716055159121225,0.014037041369338255,-0.023923061660651612
2026-01-09 05:55:00+00:00,19.69479287771472,25.323237279689348,17.41289835868257,13.05967376901193,6.322703818845748,-0.10319462265588442,0.09275664848135534,0.015836662057711948,0.011877496543286625,-0.03349322035142599
2026-01-09 06:00:00+00:00,20.019338762440345,25.40171890556802,17.42629861119294,13.06972395839471,6.303977930504996,0.3245458847256266,0.07848162587867336,0.013400252510372468,0.010050189382779351,-0.01872588834075195
2026-01-09 06:05:00+00:00,20.201309997245854,25.46815464559707,17.437637286394025,13.078227964795524,6.289671691232458,0.18197123480550914,0.06643574002904984,0.01133867520108467,0.00850400640081439,-0.014306239272538157
2026-01-09 06:10:00+00:00,19.848060336426627,25.52439186707793,17.447231550025712,13.085423662519288,6.299599135264152,-0.3532496608192268,0.056237221480859745,0.009594263631687028,0.007195697723764383,0.009927444031693433
2026-01-09 06:15:00+00:00,20.057179811502127,25.63603830189263,17.45534977309868,13.091512329824013,6.374911052163954,0.2091194750755001,0.11164643481469838,0.008118223072965947,0.006088667304725348,0.07531191689980243
2026-01-09 06:20:00+00:00,19.577944780088778,25.730494375837917,17.46221903877581,13.096664279081857,6.476228675485906,-0.47923503141334933,0.09445607394528821,0.006869265677131864,0.005151949257843569,0.10131762332195215
2026-01-09 06:25:00+00:00,19.236160856461908,25.810435889932183,17.468031494348764,13.10102362076157,6.566089654763815,-0.3417839236268705,0.07994151409426564,0.005812455572954178,0.004359341679712969,0.08986097927790837
2026-01-09 06:30:00+00:00,19.34308456444857,25.878068498886027,17.472949725987412,13.10471229449056,6.686544656703273,0.10692370798666317,0.06763260895384349,0.0049182316386477964,0.0036886737289894,0.12045500193945813
2026-01-09 06:35:00+00:00,19.649808989247905,25.935304575393214,17.477111306604733,13.107833479953548,6.87918453629943,0.30672442479933437,0.05723607650718776,0.004161580617321192,0.003121185462989118,0.19263987959615747
2026-01-09 06:40:00+00:00,19.956898022523436,25.98372787312847,17.480632644050157,13.110474483037619,7.045462270875536,0.30708903327553116,0.04842329773525478,0.003521337445423711,0.002641003084070448,0.16627773457610573
2026-01-09 06:45:00+00:00,19.87259204610995,26.02474404965639,17.48361223727321,13.112709177954908,7.229951807439245,-0.0843059764134857,0.041016176527922,0.0029795932230527455,0.002234694917289559,0.18448953656370914
2026-01-09 06:50:00+00:00,19.470898570758223,26.059501996815353,17.48613343153887,13.114600073654152,7.392056271199918,-0.4016934753517276,0.034757947158961855,0.0025211942656611086,0.001890895699244055,0.16210446376067278
2026-01-09 06:55:00+00:00,19.798011469108545,26.08885855091644,17.48826674976366,13.116200062322743,7.550676688328165,0.32711289835032176,0.029356554101088506,0.002133318224789349,0.0015999886685911235,0.15862041712824748
2026-01-09 07:00:00+00:00,19.668379982787265,26.11368870543925,17.490071865184635,13.117553898888476,7.639452640309876,-0.12963148632127997,0.024830154522810233,0.0018051154209750564,0.0013538365657321805,0.0887759519817104
2026-01-09 07:05:00+00:00,19.982561058430832,26.134669081344256,17.491599270540846,13.118699452905634,7.804255317612351,0.31418107564356745,0.020980375905004678,0.0015274053562102097,0.0011455540171585454,0.16480267730247533
2026-01-09 07:10:00+00:00,19.270119657473337,24.99856868050477,16.723660921226866,12.542745690920151,7.562366925715468,-0.7124414009574949,-1.136100400839485,-0.7679383493139795,-0.5759537619854829,-0.24188839189688327
2026-01-09 07:15:00+00:00,19.04897162652929,25.191117485642856,16.843097702576582,12.632323276932436,7.60102003918088,-0.22114803094404678,0.1925488051380846,0.11943678134971591,0.08957758601228427,0.038653113465412225
2026-01-09 07:20:00+00:00,19.157382368964353,25.354109306840524,16.94415959448788,12.708119695865905,7.6363002124623405,0.10841074243506199,0.16299182119766797,0.10106189191129644,0.07579641893346967,0.03528017328146049
2026-01-09 07:25:00+00:00,19.18283033255502,25.427901717453448,17.029673503028203,12.772255127271153,7.728650903831207,0.025447963590668365,0.07379241061292419,0.08551390854032448,0.0641354314052478,0.09235069136886676
2026-01-09 07:30:00+00:00,19.02931789601603,25.490307005466736,17.10203142563925,12.826523569229437,7.864414633747635,-0.1535124365389926,0.06240528801328793,0.07235792261104734,0.05426844195828373,0.1357637299164276
2026-01-09 07:35:00+00:00,18.853525125797596,25.543094601237122,17.163257360156287,12.872443020117217,7.97929127313673,-0.17579277021843254,0.052787595770386275,0.06122593451703651,0.045919450887780044,0.1148766393890952
2026-01-09 07:40:00+00:00,18.807639245052695,25.58778044887031,17.21506392013224,12.911297940099184,8.076494971322642,-0.045885880744901186,0.04468584763318617,0.051806559975954514,0.03885491998196677,0.09720369818591212
2026-01-09 07:45:00+00:00,18.600084742193232,25.62556203464758,17.2589002401119,12.944175180083924,8.158743669477014,-0.20755450285946253,0.037781585777270976,0.043836319979657645,0.03287723998474057,0.08224869815437152
2026-01-09 07:50:00+00:00,18.444566614151395,25.65756746451494,17.295992510863915,12.971994383147935,8.228339462489105,-0.1555181280418374,0.0320054298673611,0.03709227075201582,0.027819203064010978,0.06959579301209118
2026-01-09 07:55:00+00:00,18.0150663000604,25.604499991515617,17.327378278423314,12.995533708817485,8.260518388389066,-0.4295003140909941,-0.053067472999323684,0.03138576755939937,0.023539325669549527,0.032178925899961186
2026-01-09 08:00:00+00:00,17.86878643901332,25.559581791194546,17.353935466358188,13.01545159976864,8.287746412851842,-0.14627986104708057,-0.044918200321070856,0.026557187934873383,0.019917890951155925,0.027228024462775835
2026-01-09 08:05:00+00:00,17.970874862486372,25.601698897820118,17.376406933072314,13.032305199804235,8.337494851241516,0.10208842347305236,0.042117106625571665,0.022471466714126365,0.016853600035593885,0.04974843838967402
2026-01-09 08:10:00+00:00,17.66712380000506,25.557206759693944,17.39542125106119,13.046565938295892,8.352880258742822,-0.3037510624813109,-0.044492138126173586,0.019014317988876428,0.014260738491657321,0.015385407501305792
2026-01-09 08:15:00+00:00,17.732184137130286,25.519559565894877,17.41151028935947,13.0586327170196,8.365898680474695,0.06506033712522452,-0.037647193799067225,0.016089038298279235,0.012066778723708538,0.013018421731873175
2026-01-09 08:20:00+00:00,17.763523165376615,25.487704248064897,17.425124090996473,13.068843068247356,8.376914268093973,0.03133902824632884,-0.03185531782997941,0.01361380163700332,0.010210351227755154,0.011015587619278122
2026-01-09 08:25:00+00:00,17.29257484043564,25.380621543234398,17.436643461612398,13.077482596209299,8.359525748216265,-0.4709483249409736,-0.10708270483049986,0.01151937061592534,0.008639527961943116,-0.01738851987770751
2026-01-09 08:30:00+00:00,17.119011842959193,25.29001310068552,17.44639062136434,13.084792966023254,8.344812385242824,-0.17356299747644854,-0.09060844254887712,0.009747159751942291,0.00731036981395583,-0.014713362973441946
2026-01-09 08:35:00+00:00,16.96007527719868,25.21334441852877,17.454638218077516,13.09097866355814,8.332362616572988,-0.15893656576051285,-0.07666868215675038,0.008247596713175653,0.006185697534885293,-0.012449768669835493
2026-01-09 08:40:00+00:00,17.09492584481428,25.148470918242296,17.461616953757897,13.096212715318424,8.32182819692928,0.13485056761560088,-0.06487350028647398,0.006978735680380765,0.005234051760284686,-0.010534419643708048
2026-01-09 08:45:00+00:00,17.122301442176248,25.093598576196797,17.467522037795145,13.100641528346358,8.31291511126999,0.027375597361967152,-0.05487234204549907,0.0059050840372485425,0.004428813027933742,-0.008913085659289166
2026-01-09 08:50:00+00:00,17.522228470550157,25.047159463391168,17.47251864736512,13.104388985523842,8.305372943990657,0.39992702837390937,-0.04643911280562918,0.004996609569975163,0.003747457177484037,-0.007542167279334322
2026-01-09 08:55:00+00:00,18.203161511623154,25.0078759530365,17.47674654777049,13.107559910827865,8.298991524958154,0.680933041072997,-0.03928351035466804,0.004227900405368246,0.0031709253040226315,-0.006381419032502222
2026-01-09 09:00:00+00:00,18.20738445565301,24.974615480896666,17.480324001959644,13.110243001469733,8.293591203908802,0.004222944029855569,-0.0332604721398333,0.00357745418915556,0.0026830906418684464,-0.005400321049352286
2026-01-09 09:05:00+00:00,18.5822322268007,24.866345280986494,17.483351078581236,13.112513308935927,8.262312336229067,0.37484777114768875,-0.10827019991017295,0.003027076621592073,0.0022703074661940548,-0.031278867679734645
2026-01-09 09:10:00+00:00,18.221184617068218,24.241315339489883,17.101297066491814,12.825972799868861,8.058037491440217,-0.3610476097324806,-0.6250299414966101,-0.3820540120894229,-0.2865405090670663,-0.20427484478885027
2026-01-09 09:15:00+00:00,17.90700883827181,24.245881256640725,17.16263597933923,12.871976984504421,8.06299821714862,-0.31417577879640746,0.0045659171508418694,0.06133891284741466,0.04600418463556011,0.004960725708402336
2026-01-09 09:20:00+00:00,18.099561452591505,24.24972265727039,17.214538136363963,12.910903602272972,8.06719514926025,0.19255261431969473,0.0038414006296640935,0.05190215702473466,0.038926617768551,0.004196932111630858
2026-01-09 09:25:00+00:00,18.223062435623344,24.188869386569497,17.258455346154125,12.943841509615591,8.049378838985007,0.12350098303183898,-0.06085327070089264,0.04391720979016256,0.032937907342619255,-0.017816310275243552
2026-01-09 09:30:00+00:00,18.127558866853555,24.13737879974955,17.29561606213041,12.971712046597808,8.034303515930441,-0.09550356876978938,-0.05149058681994845,0.037160715976284564,0.027870536982216976,-0.015075323054565715
2026-01-09 09:35:00+00:00,17.863421048036578,24.173935907480388,17.32705974487958,12.995294808659683,8.048256821171913,-0.26413781881697673,0.03655710773083953,0.03144368274917042,0.023582762061874263,0.01395330524147198
2026-01-09 09:40:00+00:00,17.729171476258408,24.28501000401922,17.353665937975027,13.015249453481271,8.086773152140843,-0.1342495717781702,0.11107409653883238,0.02660619309544643,0.019954644821588374,0.038516330968930035
2026-01-09 09:45:00+00:00,17.4184822190247,24.298865132023526,17.376178870594256,13.03213415294569,8.092654425894555,-0.3106892572337081,0.013855128004305328,0.02251293261922882,0.01688469946441984,0.005881273753711724
2026-01-09 09:50:00+00:00,17.673132111724524,24.15032573410767,17.395228275118217,13.04642120633866,8.044211949302456,0.25464989269982397,-0.14853939791585447,0.019049404523961755,0.01428705339296954,-0.04844247659209877
2026-01-09 09:55:00+00:00,17.56442744552788,24.024634639704146,17.411347002023103,13.058510251517328,8.003222077701098,-0.10870466619664398,-0.12569109440352477,0.01611872690488525,0.01208904517866749,-0.04098987160135792
2026-01-09 10:00:00+00:00,17.843038745198708,23.918280592570177,17.424985924788782,13.068739443591586,7.9685383392513565,0.2786112996708283,-0.10635404713396923,0.01363892276567924,0.010229192074257654,-0.0346837384497416
2026-01-09 10:05:00+00:00,18.09452289599803,23.828288706533737,17.43652655174435,13.077394913808265,7.939190560563114,0.25148415079932107,-0.08999188603644015,0.011540626955568456,0.008655470216679007,-0.029347778688242343
2026-01-09 10:10:00+00:00,18.179479167354,23.752155128652078,17.44629169762984,13.084718773222379,7.914358151713214,0.08495627135597061,-0.07613357788165942,0.00976514588548838,0.007323859414114509,-0.02483240884989968
2026-01-09 10:15:00+00:00,18.17269475250338,23.687744995796475,17.45455451337909,13.090915885034319,7.893346270203288,-0.00678441485062109,-0.0644101328556026,0.008262815749251473,0.006197111811939493,-0.021011881509926056
2026-01-09 10:20:00+00:00,17.737194878984177,23.63322823681222,17.461546126705386,13.09615959502904,7.875566654689388,-0.43549987351920194,-0.05451675898425634,0.00699161332629572,0.005243709994720902,-0.017779615513900282
2026-01-09 10:25:00+00:00,17.362894550925155,23.5871008257263,17.467462107212253,13.100596580409187,7.860522398258134,-0.3743003280590216,-0.046127411085919334,0.005915980506866703,0.0044369853801473624,-0.01504425643125451
2026-01-09 10:30:00+00:00,17.585940322151217,23.548060856391082,17.4724679368719,13.104350952653927,7.847792476173322,0.22304577122606162,-0.03903996933521725,0.005005829659648242,0.0037543722447406225,-0.012729922084811385
2026-01-09 10:35:00+00:00,18.136464886306094,23.595154057971943,17.47670363889161,13.107527729168709,7.7805844998522335,0.5505245641548768,0.04709320158086072,0.004235702019709464,0.00317677651478121,-0.06720797632108866
2026-01-09 10:40:00+00:00,17.649326604510772,23.635013326460694,17.480287694446748,13.110215770835062,7.629048333842907,-0.48713828179532115,0.0398592684887511,0.003584055555137411,0.002688041666353058,-0.1515361660093264
2026-01-09 10:45:00+00:00,18.051246549498266,23.58861171914678,17.483320356839553,13.112490267629667,7.571827030557207,0.40191994498749395,-0.046401607313914184,0.0030326623928047525,0.0022744967946053407,-0.057221303285699854
2026-01-09 10:50:00+00:00,18.19359521494541,23.46924103419159,17.485886455787313,13.114414841840487,7.492940894620545,0.14234866544714464,-0.11937068495518943,0.0025660989477600538,0.0019245742108200403,-0.0788861359366626
2026-01-09 10:55:00+00:00,18.78118996781652,23.368219359198143,17.48805777028157,13.116043327711182,7.290030455164617,0.5875947528711087,-0.10102167499344716,0.0021713144942587803,0.0016284858706949734,-0.2029104394559278
2026-01-09 11:00:00+00:00,18.975382725961328,23.28273482853869,17.4898950363921,13.117421277294078,7.127860022290567,0.1941927581448084,-0.08548453065945338,0.0018372661105274801,0.00137794958289561,-0.16217043287405009
2026-01-09 11:05:00+00:00,19.38209579441767,23.210401188963154,17.491449646177927,13.11858723463345,7.054935549459222,0.4067130684563409,-0.07233363957553607,0.0015546097858276653,0.0011659573393725253,-0.07292447283134518
2026-01-09 11:10:00+00:00,19.287347057898373,22.5791365125306,17.108149700612092,12.831112275459073,6.842195738097834,-0.09474873651929627,-0.6312646764325542,-0.3832999455658346,-0.2874749591743768,-0.21273981136138786
2026-01-09 11:15:00+00:00,19.06239489299182,22.615052026245763,17.168434362056388,12.876325771542291,6.7902526966213586,-0.22495216490655423,0.03591551371516388,0.060284661444296006,0.045213496083217564,-0.051943041476475216
2026-01-09 11:20:00+00:00,19.116444405956212,22.6454383133055,17.21944446020156,12.91458334515117,6.72893568344304,0.05404951296439364,0.030386287059737782,0.051010098145173544,0.03825757360887927,-0.061317013178318724
2026-01-09 11:25:00+00:00,19.000165287666043,22.67115217901108,17.26260685093978,12.946955138204837,6.669881042847025,-0.11627911829016924,0.025713865705579764,0.04316239073821748,0.032371793053666664,-0.05905464059601506
2026-01-09 11:30:00+00:00,19.191401535842278,22.612773838023987,17.29912887387212,12.97434665540409,6.614818590960135,0.19123624817623508,-0.058378340987093935,0.03652202293234197,0.027391517199253812,-0.055062451886890074
2026-01-09 11:35:00+00:00,19.309611271061907,22.627477555995444,17.330032124045644,12.997524093034231,6.493048706667005,0.11820973521962941,0.014703717971457309,0.030903250173523134,0.023177437630140574,-0.12176988429312985
2026-01-09 11:40:00+00:00,19.174401416977798,22.55979552574609,17.356181028038623,13.017135771028965,6.3556166209846285,-0.1352098540841098,-0.0676820302493546,0.0261489039929792,0.019611677994733512,-0.1374320856823763
2026-01-09 11:45:00+00:00,19.472934129037984,22.502532070251956,17.378307023724986,13.03373026779374,6.159696061628126,0.2985327120601866,-0.05726345549413381,0.022125995686362643,0.016594496764774647,-0.19592055935650254
2026-01-09 11:50:00+00:00,19.799105834911988,22.454065597905505,17.39702902007499,13.04777176505624,5.988704164194651,0.32617170587400324,-0.048466472346451184,0.018721996350002712,0.014041497262500258,-0.17099189743347498
2026-01-09 11:55:00+00:00,19.41452493120803,22.413060193126213,17.412870709294218,13.059653031970665,5.827550364681234,-0.3845809037039558,-0.041005404779291155,0.015841689219229238,0.011881266914425481,-0.1611537995134169
2026-01-09 12:00:00+00:00,19.55528506124155,22.37838908242469,17.42627521555665,13.069706411667488,5.712158528797388,0.14076013003351662,-0.034671110701523844,0.013404506262432392,0.010053379696822518,-0.11539183588384638
2026-01-09 12:05:00+00:00,18.997743693673925,22.34903253219379,17.437617490086396,13.078213117564795,5.617697951745081,-0.5575413675676231,-0.02935655023090078,0.011342274529745566,0.008506705897307398,-0.09446057705230704
2026-01-09 12:10:00+00:00,18.678159328398895,22.32419088737449,17.44721479930387,13.085411099477906,5.553765592350311,-0.31958436527503054,-0.024841644819300512,0.009597309217475924,0.007197981913110496,-0.06393235939476938
2026-01-09 12:15:00+00:00,18.170867916223322,22.30318336244601,17.455335599410965,13.091501699558227,5.523491005461889,-0.5072914121755723,-0.02100752492847846,0.008120800107093373,0.006090600080321806,-0.03027458688842266
2026-01-09 12:20:00+00:00,17.763441243144477,22.285420603993828,17.462207045655433,13.096655284241578,5.518059340872163,-0.40742667307884517,-0.017762758452182226,0.0068714462444674496,0.005153584683350587,-0.005431664589725216
2026-01-09 12:25:00+00:00,17.616953785234756,22.270383306488892,17.46802134632383,13.101016009742873,5.496425608686849,-0.14648745790972129,-0.015037297504935765,0.0058143006683977205,0.004360725501294738,-0.021633732185314614
2026-01-09 12:30:00+00:00,17.50348705719932,22.337772685180962,17.472941139197086,13.104705854397816,5.492544544210317,-0.11346672803543711,0.06738937869207007,0.004919792873256057,0.003689844654942931,-0.0038810644765314706
2026-01-09 12:35:00+00:00,17.319290422269855,22.39479427244863,17.477104040859075,13.107828030644306,5.520184515451675,-0.1841966349294637,0.057021587267669815,0.004162901661988627,0.0031221762464905822,0.02763997124135731
2026-01-09 12:40:00+00:00,17.712654156414875,22.443033777122857,17.480626496111523,13.110469872083643,5.552182260057158,0.39336373414501935,0.048239504674224776,0.0035224552524475428,0.0026418414393365452,0.03199774460548355
2026-01-09 12:45:00+00:00,17.758603211209532,22.403720888334725,17.483607035171286,13.112705276378467,5.569247219321911,0.04594905479465794,-0.03931288878813177,0.002980539059763032,0.0022354042948240505,0.01706495926475249
2026-01-09 12:50:00+00:00,17.72268490769846,22.370456136283227,17.48612902976032,13.114596772320242,5.592813356849135,-0.03591830351107106,-0.03326475205149748,0.002521994589034904,0.0018914959417752897,0.02356613752722403
2026-01-09 12:55:00+00:00,18.401359834823065,22.34231354366875,17.48826302518181,13.116197268886358,5.618915119858477,0.6786749271246038,-0.028142592614475603,0.0021339954214880663,0.0016004965661160497,0.026101763009342527
2026-01-09 13:00:00+00:00,18.767834976515804,22.238375821059865,17.49006871361538,13.117551535211533,5.591496676884968,0.36647514169273876,-0.10393772260888667,0.0018056884335706513,0.0013542663251744358,-0.02741844297350937
2026-01-09 13:05:00+00:00,19.033060726987074,22.15043224885723,17.491596603828395,13.118697452871297,5.553651696203245,0.26522575047127006,-0.08794357220263649,0.0015278902130155814,0.0011459176597643506,-0.03784498068172315
2026-01-09 13:10:00+00:00,18.59944242215914,21.668497617164906,17.10827404939326,12.831205537044944,5.428792339071056,-0.4336183048279345,-0.4819346316923223,-0.38332255443513574,-0.2874919158263527,-0.12485935713218854
2026-01-09 13:15:00+00:00,18.836663852197024,21.74834413760107,17.168539580255832,12.876404685191877,5.443034812292653,0.23722143003788432,0.07984652043616336,0.0602655308625728,0.045199148146933155,0.014242473221596441
2026-01-09 13:20:00+00:00,19.169431855641946,21.81590657797014,17.219533490985704,12.91465011823928,5.454283537462514,0.3327680034449223,0.06756244036906978,0.05099391072987203,0.038245433047402244,0.011248725169861196
2026-01-09 13:25:00+00:00,19.008369117735352,21.95320300187217,17.262682184680212,12.947011638510158,5.485845228039018,-0.16106273790659387,0.13729642390202912,0.043148693694508466,0.032361520270878685,0.031561690576504375
2026-01-09 13:30:00+00:00,19.22489858969361,22.069376899020043,17.299192617806334,12.97439446335475,5.5099025528751575,0.2165294719582569,0.11617389714787407,0.036510433126121455,0.02738282484459198,0.024057324836139315
2026-01-09 13:35:00+00:00,19.22603107655481,22.167677888914394,17.330086061220744,12.997564545915559,5.525056294682079,0.0011324868612021532,0.09830098989435143,0.030893443414409916,0.023170082560808325,0.015153741806921417
2026-01-09 13:40:00+00:00,19.221723648222163,22.250855649594232,17.35622666718678,13.017170000390088,5.545343464278553,-0.0043074283326483,0.08317776067983829,0.026140605966038066,0.019605454474529438,0.020287169596474364
2026-01-09 13:45:00+00:00,19.516274937997675,22.32123753874417,17.378345641465735,13.033759231099305,5.577959259362532,0.29455128977551226,0.07038188914993881,0.022118974278953374,0.016589230709216807,0.03261579508397894
2026-01-09 13:50:00+00:00,19.613516104060118,22.380790737911735,17.397061696624856,13.047796272468643,5.62142502911999,0.09724116606244237,0.05955319916756352,0.018716055159121225,0.014037041369338255,0.043465769757458084
2026-01-09 13:55:00+00:00,19.702760975791048,22.51131011156634,17.41289835868257,13.05967376901193,5.676323802493242,0.08924487173092999,0.13051937365460375,0.015836662057711948,0.011877496543286625,0.05489877337325133
2026-01-09 14:00:00+00:00,20.03848554536034,22.621749581581774,17.42629861119294,13.06972395839471,5.722406732091153,0.33572456956929386,0.11043947001543586,0.013400252510372468,0.010050189382779351,0.046082929597911715
2026-01-09 14:05:00+00:00,20.334712674991522,22.715198363902523,17.437637286394025,13.078227964795524,5.7638152225176995,0.2962271296311805,0.09344878232074905,0.01133867520108467,0.00850400640081439,0.04140849042654615
2026-01-09 14:10:00+00:00,20.369319700543276,22.874398615609827,17.447231550025712,13.085423662519288,5.808104292669775,0.03460702555175388,0.15920025170730412,0.009594263631687028,0.007195697723764383,0.04428907015207528
2026-01-09 14:15:00+00:00,20.60096282353662,23.009106520900623,17.45534977309868,13.091512329824013,5.841265080313444,0.23164312299334355,0.1347079052907958,0.008118223072965947,0.006088667304725348,0.03316078764366903
2026-01-09 14:20:00+00:00,20.438600370965556,23.042961927941555,17.46221903877581,13.096664279081857,5.8435484104173785,-0.1623624525710632,0.033855407040931595,0.006869265677131864,0.005151949257843569,0.0022833301039346665
2026-01-09 14:25:00+00:00,20.69294074732084,23.07161054250133,17.468031494348764,13.10102362076157,5.8344573516228495,0.25434037635528384,0.028648614559774188,0.005812455572954178,0.004359341679712969,-0.009091058794528983
2026-01-09 14:30:00+00:00,20.500044219333827,23.095850183346815,17.472949725987412,13.10471229449056,5.833811381998488,-0.1928965279870134,0.024239640845486576,0.0049182316386477964,0.0036886737289894,-0.0006459696243616975
2026-01-09 14:35:00+00:00,20.6611398565769,23.116365827451663,17.477111306604733,13.107833479953548,5.835961635019853,0.16109563724307208,0.020515644104847297,0.004161580617321192,0.003121185462989118,0.0021502530213650672
2026-01-09 14:40:00+00:00,20.850496848918223,23.133719954914454,17.480632644050157,13.110474483037619,5.848091399872282,0.18935699234132386,0.017354127462791524,0.003521337445423711,0.002641003084070448,0.012129764852429226
2026-01-09 14:45:00+00:00,21.013947972818887,23.148407270095248,17.48361223727321,13.112709177954908,5.8618794670717485,0.16345112390066419,0.014687315180793803,0.0029795932230527455,0.002234694917289559,0.013788067199466347
2026-01-09 14:50:00+00:00,20.895767449162207,23.160831792644696,17.48613343153887,13.114600073654152,5.88366710612688,-0.11818052365667953,0.012424522549448369,0.0025211942656611086,0.001890895699244055,0.021787639055131258
2026-01-09 14:55:00+00:00,20.701125610800815,23.17135572762183,17.48826674976366,13.116200062322743,5.911316080633449,-0.1946418383613917,0.01052393497713311,0.002133318224789349,0.0015999886685911235,0.02764897450656889
2026-01-09 15:00:00+00:00,20.887503586745133,23.180256758987152,17.490071865184635,13.117553898888476,5.9312707483988545,0.1863779759443176,0.00890103136532261,0.0018051154209750564,0.0013538365657321805,0.019954667765405887
2026-01-09 15:05:00+00:00,21.039426111861268,23.267916777982336,17.491599270540846,13.118699452905634,5.986895302712692,0.15192252511613447,0.08766001899518372,0.0015274053562102097,0.0011455540171585454,0.05562455431383739
2026-01-09 15:10:00+00:00,20.008872277143094,22.29815051043715,16.723660921226866,12.542745690920151,5.752431362980456,-1.030553834718173,-0.9697662675451859,-0.7679383493139795,-0.5759537619854829,-0.2344639397322359
2026-01-09 15:15:00+00:00,19.870295084673394,22.521511970369897,16.843097702576582,12.632323276932436,5.822238295175842,-0.13857719246970035,0.2233614599327467,0.11943678134971591,0.08957758601228427,0.06980693219538558
2026-01-09 15:20:00+00:00,19.50950772715137,22.710511231338117,16.94415959448788,12.708119695865905,5.891073049929322,-0.3607873575220246,0.18899926096822028,0.10106189191129644,0.07579641893346967,0.06883475475348
2026-01-09 15:25:00+00:00,19.55428022797572,22.87044269540871,17.029673503028203,12.772255127271153,5.915763789799146,0.044772500824350914,0.159931464070592,0.08551390854032448,0.0641354314052478,0.02469073986982462
2026-01-09 15:30:00+00:00,19.548541684633125,23.005760834750525,17.10203142563925,12.826523569229437,5.92787280098166,-0.005738543342594937,0.13531813934181613,0.07235792261104734,0.05426844195828373,0.012109011182514173
2026-01-09 15:35:00+00:00,19.700743771374277,23.12028785096968,17.163257360156287,12.872443020117217,5.969831943025679,0.152202086741152,0.11452701621915651,0.06122593451703651,0.045919450887780044,0.04195914204401863
2026-01-09 15:40:00+00:00,19.85922433139263,23.217184374058757,17.21506392013224,12.911297940099184,6.004809501885419,0.1584805600183543,0.09689652308907526,0.051806559975954514,0.03885491998196677,0.0349775588597403
2026-01-09 15:45:00+00:00,20.178601312101605,23.299173807661788,17.2589002401119,12.944175180083924,6.045836235715858,0.3193769807089737,0.0819894336030309,0.043836319979657645,0.03287723998474057,0.041026733830438644
2026-01-09 15:50:00+00:00,20.439887660283055,23.44866387806479,17.295992510863915,12.971994383147935,6.0867087636837525,0.26128634818145,0.14949007040300089,0.03709227075201582,0.027819203064010978,0.040872527967894534
2026-01-09 15:55:00+00:00,20.15477906982356,23.495023281439437,17.327378278423314,12.995533708817485,6.116048741647331,-0.2851085904594939,0.04635940337464817,0.03138576755939937,0.023539325669549527,0.02933997796357879
2026-01-09 16:00:00+00:00,19.961933949432453,23.534250468910294,17.353935466358188,13.01545159976864,6.142332395454621,-0.1928451203911088,0.03922718747085696,0.026557187934873383,0.019917890951155925,0.026283653807289475
2026-01-09 16:05:00+00:00,20.13521418545053,23.64757090959076,17.376406933072314,13.032305199804235,6.180284836838121,0.1732802360180763,0.11332044068046443,0.022471466714126365,0.016853600035593885,0.03795244138350018
2026-01-09 16:10:00+00:00,20.147380337708366,23.743457436320384,17.39542125106119,13.046565938295892,6.259715551765602,0.012166152257837126,0.09588652672962539,0.019014317988876428,0.014260738491657321,0.0794307149274811
2026-01-09 16:15:00+00:00,20.476960661318625,23.824592189706994,17.41151028935947,13.0586327170196,6.541340509613629,0.3295803236102586,0.08113475338661047,0.016089038298279235,0.012066778723708538,0.28162495784802655
2026-01-09 16:20:00+00:00,20.77309999870796,23.813116468213607,17.425124090996473,13.068843068247356,6.632931661973228,0.2961393373893344,-0.011475721493386715,0.01361380163700332,0.010210351227755154,0.0915911523595998
2026-01-09 16:25:00+00:00,20.778325663062734,23.803406242334596,17.436643461612398,13.077482596209299,6.626196157549123,0.005225664354775006,-0.009710225879011603,0.01151937061592534,0.008639527961943116,-0.006735504424105088
2026-01-09 16:30:00+00:00,20.989406231636256,23.795189897360043,17.44639062136434,13.084792966023254,6.54423287103442,0.21108056857352153,-0.008216344974552925,0.009747159751942291,0.00731036981395583,-0.08196328651470353
2026-01-09 16:35:00+00:00,20.212278952496273,23.708109400330294,17.454638218077516,13.09097866355814,6.439323339170304,-0.7771272791399824,-0.08708049702974918,0.008247596713175653,0.006185697534885293,-0.10490953186411556
2026-01-09 16:40:00+00:00,19.796956844648175,23.63442590284358,17.461616953757897,13.096212715318424,6.3381443358279075,-0.4153221078480982,-0.07368349748671221,0.006978735680380765,0.005234051760284686,-0.10117900334239671
2026-01-09 16:45:00+00:00,19.68318035484528,23.65220653317534,17.467522037795145,13.100641528346358,6.285143353549761,-0.11377648980289479,0.01778063033176025,0.0059050840372485425,0.004428813027933742,-0.05300098227814676
2026-01-09 16:50:00+00:00,19.309653107857027,23.667251681917595,17.47251864736512,13.104388985523842,6.223915532153106,-0.3735272469882531,0.015045148742252934,0.004996609569975163,0.003747457177484037,-0.06122782139665439
2026-01-09 16:55:00+00:00,18.97513359206486,23.67998219239181,17.47674654777049,13.107559910827865,6.179228258597874,-0.33451951579216654,0.012730510474217027,0.004227900405368246,0.0031709253040226315,-0.04468727355523239
2026-01-09 17:00:00+00:00,18.869810984350046,23.69075416279307,17.480324001959644,13.110243001469733,6.12459224172311,-0.10532260771481461,0.010771970401258102,0.00357745418915556,0.0026830906418684464,-0.05463601687476416
2026-01-09 17:05:00+00:00,19.170140164463202,23.69986890697875,17.483351078581236,13.112513308935927,6.083247621155462,0.300329180113156,0.009114744185680479,0.003027076621592073,0.0022703074661940548,-0.04134462056764754
2026-01-09 17:10:00+00:00,18.829936563751534,23.254284858140633,17.101297066491814,12.825972799868861,6.0259008741466005,-0.3402036007116678,-0.44558404883811775,-0.3820540120894229,-0.2865405090670663,-0.057346747008861776
2026-01-09 17:15:00+00:00,18.38381187179971,23.410676931247203,17.16263597933923,12.871976984504421,6.205289585760458,-0.44612469195182314,0.15639207310657,0.06133891284741466,0.04600418463556011,0.17938871161385794
2026-01-09 17:20:00+00:00,18.192569740181188,23.6231368905425,17.214538136363963,12.910903602272972,6.521997170857141,-0.1912421316185231,0.21245995929529826,0.05190215702473466,0.038926617768551,0.3167075850966823
2026-01-09 17:25:00+00:00,18.251251218075293,23.80291070225391,17.258455346154125,12.943841509615591,6.789980512092795,0.05868147789410472,0.17977381171141005,0.04391720979016256,0.032937907342619255,0.26798334123565404
2026-01-09 17:30:00+00:00,17.741430731577527,23.955027004471262,17.29561606213041,12.971712046597808,7.016735646984501,-0.509820486497766,0.15211630221735106,0.037160715976284564,0.027870536982216976,0.2267551348917065
2026-01-09 17:35:00+00:00,18.0045577185322,24.163869003783375,17.32705974487958,12.995294808659683,7.235314778217655,0.2631269869546742,0.20884199931211356,0.03144368274917042,0.023582762061874263,0.2185791312331533
2026-01-09 17:40:00+00:00,18.35314481759441,24.340581464739778,17.353665937975027,13.015249453481271,7.420266350799554,0.34858709906220753,0.17671246095640214,0.02660619309544643,0.019954644821588374,0.1849515725818991
2026-01-09 17:45:00+00:00,18.338505021338886,24.490107393241352,17.376178870594256,13.03213415294569,7.5767638352919295,-0.014639796255522697,0.14952592850157487,0.02251293261922882,0.01688469946441984,0.15649748449237588
2026-01-09 17:50:00+00:00,18.485503158430767,24.53650112761448,17.395228275118217,13.04642120633866,7.682475381999153,0.14699813709188092,0.046393734373125994,0.019049404523961755,0.01428705339296954,0.10571154670722382
2026-01-09 17:55:00+00:00,18.45836849471225,24.575757364391734,17.411347002023103,13.058510251517328,7.771923613828343,-0.027134663718516805,0.03925623677725554,0.01611872690488525,0.01208904517866749,0.0894482318291896
2026-01-09 18:00:00+00:00,18.39219306564952,24.528845974998134,17.424985924788782,13.068739443591586,7.733392780800744,-0.06617542906273144,-0.046911389393599734,0.01363892276567924,0.010229192074257654,-0.03853083302759863
2026-01-09 18:05:00+00:00,18.526253206956802,24.48915172243432,17.43652655174435,13.077394913808265,7.65621573840018,0.13406014130728394,-0.03969425256381598,0.011540626955568456,0.008655470216679007,-0.07717704240056467
2026-01-09 18:10:00+00:00,18.473610339627562,24.45556427795724,17.44629169762984,13.084718773222379,7.483093715496983,-0.05264286732924006,-0.033587444477078066,0.00976514588548838,0.007323859414114509,-0.1731220229031969
2026-01-09 18:15:00+00:00,18.668784215582352,24.427144132630485,17.45455451337909,13.090915885034319,7.305527184376611,0.19517387595479008,-0.02842014532675563,0.008262815749251473,0.006197111811939493,-0.17756653112037135
2026-01-09 18:20:00+00:00,18.878880509635334,24.403096317354,17.461546126705386,13.09615959502904,7.107236792717707,0.21009629405298114,-0.024047815276485807,0.00699161332629572,0.005243709994720902,-0.1982903916589045
2026-01-09 18:25:00+00:00,18.80186414397768,24.382748165966206,17.467462107212253,13.100596580409187,6.929949175084788,-0.07701636565765213,-0.020348151387793223,0.005915980506866703,0.0044369853801473624,-0.17728761763291878
2026-01-09 18:30:00+00:00,18.836176172904402,24.445721705717016,17.4724679368719,13.104350952653927,6.79357510050666,0.03431202892672047,0.06297353975081066,0.005005829659648242,0.0037543722447406225,-0.13637407457812856
2026-01-09 18:35:00+00:00,18.914271761903496,24.579072212529788,17.47670363889161,13.107527729168709,6.733708635294574,0.07809558899909419,0.13335050681277139,0.004235702019709464,0.00317677651478121,-0.059866465212085274
2026-01-09 18:40:00+00:00,18.950216389479294,24.69190725675597,17.480287694446748,13.110215770835062,6.70584113925572,0.035944627575798194,0.11283504422618407,0.003584055555137411,0.002688041666353058,-0.027867496038854078
2026-01-09 18:45:00+00:00,19.40394915243441,24.867511268537104,17.483320356839553,13.112490267629667,6.7176911172443114,0.45373276295511644,0.17560401178113239,0.0030326623928047525,0.0022744967946053407,0.01184997798859122
2026-01-09 18:50:00+00:00,19.487684040093534,25.016099278505752,17.485886455787313,13.114414841840487,6.726826554185209,0.08373488765912285,0.1485880099686483,0.0025660989477600538,0.0019245742108200403,0.009135436940897357
2026-01-09 18:55:00+00:00,19.40792906049417,25.141827594633074,17.48805777028157,13.116043327711182,6.741011609135149,-0.07975497959936462,0.12572831612732216,0.0021713144942587803,0.0016284858706949734,0.014185054949940046
2026-01-09 19:00:00+00:00,19.41319360157066,25.24821309289465,17.4898950363921,13.117421277294078,6.735578384027038,0.005264541076492435,0.10638549826157728,0.0018372661105274801,0.00137794958289561,-0.00543322510811084
2026-01-09 19:05:00+00:00,19.557870195660307,25.33823159142368,17.491449646177927,13.11858723463345,6.730401701261921,0.1446765940896455,0.09001849852902666,0.0015546097858276653,0.0011659573393725253,-0.005176682765116958
2026-01-09 19:10:00+00:00,19.019808258742547,24.846635522413443,17.108149700612092,12.831112275459073,6.579641842371152,-0.5380619369177602,-0.4915960690102352,-0.3832999455658346,-0.2874749591743768,-0.15075985889076904
2026-01-09 19:15:00+00:00,19.19411820529675,24.998435185631887,17.168434362056388,12.876325771542291,6.5810851962358505,0.17430994655420307,0.15179966321844418,0.060284661444296006,0.045213496083217564,0.0014433538646985156
2026-01-09 19:20:00+00:00,19.327307728442086,25.126881054509028,17.21944446020156,12.91458334515117,6.579332042246127,0.1331895231453366,0.12844586887714016,0.051010098145173544,0.03825757360887927,-0.0017531539897230886
2026-01-09 19:25:00+00:00,19.355924839548738,25.235566020482,17.26260685093978,12.946955138204837,6.581450113932415,0.02861711110665155,0.10868496597297295,0.04316239073821748,0.032371793053666664,0.002118071686287415
2026-01-09 19:30:00+00:00,19.640836295250562,25.247402017330923,17.29912887387212,12.97434665540409,6.559267955102882,0.28491145570182397,0.011835996848923003,0.03652202293234197,0.027391517199253812,-0.02218215882953256
2026-01-09 19:35:00+00:00,19.315066945123803,25.257418465903953,17.330032124045644,12.997524093034231,6.534571439654029,-0.3257693501267589,0.010016448573029635,0.030903250173523134,0.023177437630140574,-0.024696515448852985
2026-01-09 19:40:00+00:00,19.078259727453666,25.26589254807258,17.356181028038623,13.017135771028965,6.513169988961781,-0.2368072176701368,0.00847408216862533,0.0261489039929792,0.019611677994733512,-0.02140145069224797
2026-01-09 19:45:00+00:00,18.92860615656804,25.273063669108918,17.378307023724986,13.03373026779374,6.512256748628265,-0.1496535708856257,0.007171121036339656,0.022125995686362643,0.016594496764774647,-0.000913240333516363
2026-01-09 19:50:00+00:00,18.744866801277933,25.19900259181011,17.39702902007499,13.04777176505624,6.491075337102416,-0.18373935529010765,-0.07406107729880773,0.018721996350002712,0.014041497262500258,-0.021181411525849292
2026-01-09 19:55:00+00:00,18.71241827629678,25.13633552640343,17.412870709294218,13.059653031970665,6.475838523232155,-0.03244852498115236,-0.0626670654066821,0.015841689219229238,0.011881266914425481,-0.015236813870260768
2026-01-09 20:00:00+00:00,19.017320467899903,25.083309547982388,17.42627521555665,13.069706411667488,6.460423186840584,0.30490219160312293,-0.053025978421040065,0.013404506262432392,0.010053379696822518,-0.015415336391570555
2026-01-09 20:05:00+00:00,19.481107909582207,25.038441412395358,17.437617490086396,13.078213117564795,6.431739786858808,0.4637874416823031,-0.04486813558703062,0.011342274529745566,0.008506705897307398,-0.028683399981776603
2026-01-09 20:10:00+00:00,19.90152533946197,24.920347861770427,17.44721479930387,13.085411099477906,6.387296418379272,0.4204174298797625,-0.11809355062493054,0.009597309217475924,0.007197981913110496,-0.044443368479536005
2026-01-09 20:15:00+00:00,19.85022458119706,24.82042382064583,17.455335599410965,13.091501699558227,6.349463170892452,-0.0513007582649081,-0.09992404112459852,0.008120800107093373,0.006090600080321806,-0.03783324748681949
2026-01-09 20:20:00+00:00,20.108847970132366,24.81599964311057,17.462207045655433,13.096655284241578,6.344262175593194,0.25862338893530534,-0.004424177535259588,0.0068714462444674496,0.005153584683350587,-0.005200995299258437
2026-01-09 20:25:00+00:00,20.45227981490984,24.81225610827305,17.46802134632383,13.101016009742873,6.324039646429497,0.34343184477747357,-0.0037435348375183253,0.0058143006683977205,0.004360725501294738,-0.020222529163697267
2026-01-09 20:30:00+00:00,20.66929766076958,24.809088501872065,17.472941139197086,13.104705854397816,6.31506588870172,0.21701784585973982,-0.0031676064009857896,0.004919792873256057,0.003689844654942931,-0.008973757727776643
2026-01-09 20:35:00+00:00,20.94115728279127,24.806408219532777,17.477104040859075,13.107828030644306,6.286180263565254,0.27185962202169023,-0.002680282339287743,0.004162901661988627,0.0031221762464905822,-0.028885625136465976
2026-01-09 20:40:00+00:00,21.140031388099143,24.804144654372003,17.480626496111523,13.110469872083643,6.266420489107026,0.19887410530787264,-0.0022635651607743057,0.0035224552524475428,0.0026418414393365452,-0.019759774458227852
2026-01-09 20:45:00+00:00,21.345285349098127,24.80224258031826,17.483607035171286,13.112705276378467,6.263599996467959,0.2052539609989843,-0.0019020740537420977,0.002980539059763032,0.0022354042948240505,-0.0028204926390671403
2026-01-09 20:50:00+00:00,21.52195169047463,24.800622856884683,17.48612902976032,13.114596772320242,6.2577728150429355,0.17666634137650306,-0.0016197234335777466,0.002521994589034904,0.0018914959417752897,-0.0058271814250234755
2026-01-09 20:55:00+00:00,21.686343638798053,24.719118288405088,17.48826302518181,13.116197268886358,6.223068601310527,0.16439194832342352,-0.08150456847959475,0.0021339954214880663,0.0016004965661160497,-0.034704213732408284
2026-01-09 21:00:00+00:00,21.8055679916776,24.65015293593352,17.49006871361538,13.117551535211533,6.201283229542374,0.11922435287954514,-0.06896535247156876,0.0018056884335706513,0.0013542663251744358,-0.02178537176815354
2026-01-09 21:05:00+00:00,21.880934624154463,24.591829812494048,17.491596603828395,13.118697452871297,6.177797482168903,0.07536663247686448,-0.05832312343947166,0.0015278902130155814,0.0011459176597643506,-0.023485747373470645
2026-01-09 21:10:00+00:00,21.44520450379582,24.00902112606484,17.10827404939326,12.831205537044944,6.028944833527827,-0.43573012035864167,-0.5828086864292068,-0.38332255443513574,-0.2874919158263527,-0.14885264864107572
2026-01-09 21:15:00+00:00,21.541401808808175,24.0493038263827,17.168539580255832,12.876404685191877,6.03679262661067,0.09619730501235324,0.040282700317860076,0.0602655308625728,0.045199148146933155,0.007847793082842891
2026-01-09 21:20:00+00:00,21.620344276929174,24.083386093946114,17.219533490985704,12.91465011823928,6.040108617520474,0.07894246812099937,0.03408226756341293,0.05099391072987203,0.038245433047402244,0.0033159909098037232
2026-01-09 21:25:00+00:00,21.716993129826715,24.112242174610927,17.262682184680212,12.947011638510158,6.018614248784688,0.0966488528975411,0.028856080664812822,0.043148693694508466,0.032361520270878685,-0.021494368735785585
2026-01-09 21:30:00+00:00,21.387153560657435,24.136687493529354,17.299192617806334,12.97439446335475,5.989822183607412,-0.32983956916928037,0.024445318918427716,0.036510433126121455,0.02738282484459198,-0.02879206517727617
2026-01-09 21:35:00+00:00,21.526293525140456,24.15748164957958,17.330086061220744,12.997564545915559,5.992658160663349,0.13913996448302157,0.02079415605022561,0.030893443414409916,0.023170082560808325,0.0028359770559367448
2026-01-09 21:40:00+00:00,21.522928241365626,24.174933304627704,17.35622666718678,13.017170000390088,6.0028361184491255,-0.003365283774829919,0.017451655048123627,0.026140605966038066,0.019605454474529438,0.01017795778577657
2026-01-09 21:45:00+00:00,21.54768568401977,24.1896871551978,17.378345641465735,13.033759231099305,6.027847734196179,0.024757442654141926,0.01475385057009504,0.022118974278953374,0.016589230709216807,0.02501161574705346
2026-01-09 21:50:00+00:00,21.127394678352864,24.202175141212155,17.397061696624856,13.047796272468643,6.048982327576184,-0.420291005666904,0.012487986014356522,0.018716055159121225,0.014037041369338255,0.021134593380004674
2026-01-09 21:55:00+00:00,21.048757314803687,24.292871241963308,17.41289835868257,13.05967376901193,6.099201663708445,-0.07863736354917705,0.09069610075115264,0.015836662057711948,0.011877496543286625,0.050219336132261816
2026-01-09 22:00:00+00:00,20.555353488058987,24.36960899960998,17.42629861119294,13.06972395839471,6.155799707524331,-0.49340382674470007,0.07673775764667212,0.013400252510372468,0.010050189382779351,0.05659804381588529
2026-01-09 22:05:00+00:00,20.27433361657907,24.43454094838793,17.437637286394025,13.078227964795524,6.191037460373439,-0.28101987147991636,0.06493194877795005,0.01133867520108467,0.00850400640081439,0.035237752849107906
2026-01-09 22:10:00+00:00,20.006685287367993,24.489483718518695,17.447231550025712,13.085423662519288,6.231092000059277,-0.2676483292110774,0.054942770130764984,0.009594263631687028,0.007195697723764383,0.04005453968583872
2026-01-09 22:15:00+00:00,19.133852406252753,24.53597340284915,17.45534977309868,13.091512329824013,6.262739319462888,-0.8728328811152402,0.04648968433045653,0.008118223072965947,0.006088667304725348,0.03164731940361065
2026-01-09 22:20:00+00:00,18.505002952297506,24.575310828051848,17.46221903877581,13.096664279081857,6.278552562970224,-0.6288494539552474,0.0393374252026959,0.006869265677131864,0.005151949257843569,0.015813243507335706
2026-01-09 22:25:00+00:00,18.810571212977674,24.60860356669396,17.468031494348764,13.10102362076157,6.290487834255938,0.3055682606801682,0.03329273864211402,0.005812455572954178,0.004359341679712969,0.011935271285714144
2026-01-09 22:30:00+00:00,18.699132651996692,24.636792508556766,17.472949725987412,13.10471229449056,6.311069057298564,-0.11143856098098226,0.02818894186280474,0.0049182316386477964,0.0036886737289894,0.020581223042626107
2026-01-09 22:35:00+00:00,18.698448152634402,24.74077073904787,17.477111306604733,13.107833479953548,6.337373574591495,-0.0006844993622898699,0.103978230491105,0.004161580617321192,0.003121185462989118,0.026304517292930818
2026-01-09 22:40:00+00:00,18.572001733793783,24.82878156444206,17.480632644050157,13.110474483037619,6.358910587107834,-0.1264464188406187,0.08801082539418914,0.003521337445423711,0.002641003084070448,0.021537012516339438
2026-01-09 22:45:00+00:00,18.638371308811337,24.9032244048452,17.48361223727321,13.112709177954908,6.402340271185434,0.06636957501755347,0.07444284040314031,0.0029795932230527455,0.002234694917289559,0.04342968407759962
2026-01-09 22:50:00+00:00,18.65158440026338,25.046361362805868,17.48613343153887,13.114600073654152,6.4514176059419155,0.013213091452044523,0.1431369579606674,0.0025211942656611086,0.001890895699244055,0.04907733475648168
2026-01-09 22:55:00+00:00,18.380415637948705,25.16743952444863,17.48826674976366,13.116200062322743,6.499006150386674,-0.27116876231467657,0.1210781616427603,0.002133318224789349,0.0015999886685911235,0.047588544444758796
2026-01-09 23:00:00+00:00,18.425795475183307,25.269884725815505,17.490071865184635,13.117553898888476,6.523971711449265,0.04537983723460215,0.1024452013668764,0.0018051154209750564,0.0013538365657321805,0.024965561062590957
2026-01-09 23:05:00+00:00,18.30918256234915,25.356569126972094,17.491599270540846,13.118699452905634,6.5367140779779715,-0.11661291283415665,0.08668440115658882,0.0015274053562102097,0.0011455540171585454,0.012742366528706306
2026-01-09 23:10:00+00:00,17.389475928766043,24.237162460323457,16.723660921226866,12.542745690920151,6.24657815637267,-0.9197066335831074,-1.1194066666486364,-0.7679383493139795,-0.5759537619854829,-0.29013592160530166
2026-01-09 23:15:00+00:00,17.250495427815736,24.40262005029624,16.843097702576582,12.632323276932436,6.272527416128314,-0.13898050095030712,0.1654575899727817,0.11943678134971591,0.08957758601228427,0.025949259755644327
2026-01-09 23:20:00+00:00,17.408337103454606,24.54262392085857,16.94415959448788,12.708119695865905,6.284915771857508,0.15784167563887053,0.14000387056233166,0.10106189191129644,0.07579641893346967,0.012388355729194167
2026-01-09 23:25:00+00:00,17.796154361939955,24.66112906548391,17.029673503028203,12.772255127271153,6.294062607195851,0.38781725848534876,0.11850514462533823,0.08551390854032448,0.0641354314052478,0.009146835338342818
2026-01-09 23:30:00+00:00,17.832314033109803,24.761402270263645,17.10203142563925,12.826523569229437,6.298686368814741,0.036159671169848195,0.10027320477973589,0.07235792261104734,0.05426844195828373,0.004623761618890221
2026-01-09 23:35:00+00:00,17.562826148559793,24.846227455316033,17.163257360156287,12.872443020117217,6.310448832215761,-0.26948788455000994,0.08482518505238801,0.06122593451703651,0.045919450887780044,0.01176246340101983
2026-01-09 23:40:00+00:00,17.781303001954676,24.91796978630698,17.21506392013224,12.911297940099184,6.315244771666277,0.21847685339488265,0.07174233099094707,0.051806559975954514,0.03885491998196677,0.004795939450516151
2026-01-09 23:45:00+00:00,17.69391880040971,24.978666784900394,17.2589002401119,12.944175180083924,6.332743434478703,-0.08738420154496751,0.060696998593414264,0.043836319979657645,0.03287723998474057,0.01749866281242518
2026-01-09 23:50:00+00:00,17.534931539315078,25.11017597534965,17.295992510863915,12.971994383147935,6.378976177657567,-0.15898726109463013,0.13150919044925757,0.03709227075201582,0.027819203064010978,0.046232743178864055
2026-01-09 23:55:00+00:00,17.174436149174706,25.22143095350099,17.327378278423314,12.995533708817485,6.433055071348607,-0.3604953901403718,0.11125497815134011,0.03138576755939937,0.023539325669549527,0.0540788936910408
2026-01-10 00:00:00+00:00,17.460094833663707,25.379673781878857,17.353935466358188,13.01545159976864,6.482158035297315,0.28565868448900034,0.1582428283778654,0.026557187934873383,0.019917890951155925,0.049102963948707945
2026-01-10 00:05:00+00:00,17.601961360616144,25.4494675590257,17.376406933072314,13.032305199804235,6.48944355862616,0.1418665269524375,0.06979377714684176,0.022471466714126365,0.016853600035593885,0.00728552332884469
2026-01-10 00:10:00+00:00,17.767198992050965,25.508523831996104,17.39542125106119,13.046565938295892,6.503653152215237,0.1652376314348203,0.05905627297040539,0.019014317988876428,0.014260738491657321,0.014209593589076697
2026-01-10 00:15:00+00:00,17.689392960313906,25.558494524509523,17.41151028935947,13.0586327170196,6.516890985255312,-0.07780603173705813,0.049970692513419124,0.016089038298279235,0.012066778723708538,0.013237833040075309
2026-01-10 00:20:00+00:00,17.616107077933506,25.600777418174726,17.425124090996473,13.068843068247356,6.516265462008835,-0.07328588238040012,0.04228289366520244,0.01361380163700332,0.010210351227755154,-0.0006255232464766891
2026-01-10 00:25:00+00:00,17.69725412100704,25.63655525127605,17.436643461612398,13.077482596209299,6.502154540189513,0.08114704307353549,0.03577783310132432,0.01151937061592534,0.008639527961943116,-0.01411092181932272
2026-01-10 00:30:00+00:00,18.10048275912705,25.66683431691909,17.44639062136434,13.084792966023254,6.489494722878292,0.40322863812000875,0.030279065643039615,0.009747159751942291,0.00731036981395583,-0.012659817311220678
2026-01-10 00:35:00+00:00,18.570926938744865,25.69244955021359,17.454638218077516,13.09097866355814,6.4939046679732355,0.4704441796178145,0.02561523329449855,0.008247596713175653,0.006185697534885293,0.004409945094943524
2026-01-10 00:40:00+00:00,18.654029326946723,25.634003308411177,17.461616953757897,13.096212715318424,6.4933318918223915,0.08310238820185845,-0.05844624180241098,0.006978735680380765,0.005234051760284686,-0.0005727761508440565
2026-01-10 00:45:00+00:00,18.690919458842696,25.584541260963306,17.467522037795145,13.100641528346358,6.490540359536106,0.0368901318959729,-0.04946204744787153,0.0059050840372485425,0.004428813027933742,-0.0027915322862854808
2026-01-10 00:50:00+00:00,18.77042486488724,25.542688759276643,17.47251864736512,13.104388985523842,6.482236476464527,0.07950540604454304,-0.041852501686662436,0.004996609569975163,0.003747457177484037,-0.008303883071579143
2026-01-10 00:55:00+00:00,18.42801386047345,25.507275104003313,17.47674654777049,13.107559910827865,6.48849873468458,-0.34241100441379047,-0.035413655273330846,0.004227900405368246,0.0031709253040226315,0.006262258220052885
2026-01-10 01:00:00+00:00,18.600001137677285,25.47730970338742,17.480324001959644,13.110243001469733,6.490015592639473,0.17198727720383644,-0.029965400615893145,0.00357745418915556,0.0026830906418684464,0.0015168579548934247
2026-01-10 01:05:00+00:00,18.804505114241266,25.451954364404738,17.483351078581236,13.112513308935927,6.482873316297875,0.20450397656398067,-0.025355338982681275,0.003027076621592073,0.0022703074661940548,-0.007142276341598475
2026-01-10 01:10:00+00:00,18.2712555395285,24.874189780893925,17.101297066491814,12.825972799868861,6.344561404756173,-0.5332495747127659,-0.5777645835108132,-0.3820540120894229,-0.2865405090670663,-0.13831191154170153
2026-01-10 01:15:00+00:00,18.280050146230927,24.94162918403569,17.16263597933923,12.871976984504421,6.359284407892268,0.008794606702426933,0.06743940314176555,0.06133891284741466,0.04600418463556011,0.014723003136094981
2026-01-10 01:20:00+00:00,18.339743663725503,24.998686232645586,17.214538136363963,12.910903602272972,6.423631683755182,0.0596935174945763,0.057057048609895133,0.05190215702473466,0.038926617768551,0.06434727586291356
2026-01-10 01:25:00+00:00,18.35663651343106,25.046974565213763,17.258455346154125,12.943841509615591,6.7154606340992755,0.016892849705556046,0.048288332568176884,0.04391720979016256,0.032937907342619255,0.29182895034409384
2026-01-10 01:30:00+00:00,18.120164861327055,25.167971509301864,17.29561606213041,12.971712046597808,7.007099557769932,-0.23647165210400445,0.1209969440881018,0.037160715976284564,0.027870536982216976,0.29163892367065625
2026-01-10 01:35:00+00:00,18.509973093124096,25.270342301961243,17.32705974487958,12.995294808659683,7.25387069974452,0.3898082317970406,0.10237079265937865,0.03144368274917042,0.023582762061874263,0.24677114197458838
2026-01-10 01:40:00+00:00,18.706719426608647,25.356956335637935,17.353665937975027,13.015249453481271,7.462676917278819,0.19674633348455117,0.08661403367669251,0.02660619309544643,0.019954644821588374,0.20880621753429907
2026-01-10 01:45:00+00:00,18.826940163823068,25.430245303234877,17.376178870594256,13.03213415294569,7.639359104182781,0.12022073721442084,0.07328896759694103,0.02251293261922882,0.01688469946441984,0.1766821869039621
2026-01-10 01:50:00+00:00,18.470095530347663,25.492258846326948,17.395228275118217,13.04642120633866,7.788859412940986,-0.3568446334754043,0.06201354309207119,0.019049404523961755,0.01428705339296954,0.14950030875820453
2026-01-10 01:55:00+00:00,18.904721983795763,25.544731844327927,17.411347002023103,13.058510251517328,7.915359674197927,0.43462645344810014,0.05247299800097949,0.01611872690488525,0.01208904517866749,0.12650026125694147
2026-01-10 02:00:00+00:00,19.06181197874216,25.589132083868876,17.424985924788782,13.068739443591586,8.022398356941018,0.15708999494639642,0.044400239540948405,0.01363892276567924,0.010229192074257654,0.1070386827430907
2026-01-10 02:05:00+00:00,19.02657273390144,25.626701506863405,17.43652655174435,13.077394913808265,8.112969549890263,-0.03523924484072083,0.03756942299452959,0.011540626955568456,0.008655470216679007,0.09057119294924476
2026-01-10 02:10:00+00:00,19.09790550620185,25.722593582730575,17.44629169762984,13.084718773222379,8.21097423452253,0.07133277230041202,0.09589207586716952,0.00976514588548838,0.007323859414114509,0.09800468463226686
2026-01-10 02:15:00+00:00,19.207026300033974,25.803733031541253,17.45455451337909,13.090915885034319,8.293901275365217,0.10912079383212259,0.0811394488106778,0.008262815749251473,0.006197111811939493,0.0829270408426872
2026-01-10 02:20:00+00:00,19.218568764403575,25.80828692412465,17.461546126705386,13.09615959502904,8.342702788556892,0.011542464369600935,0.0045538925833987776,0.00699161332629572,0.005243709994720902,0.04880151319167503
2026-01-10 02:25:00+00:00,19.516474425468186,25.87624278195163,17.467462107212253,13.100596580409187,8.405363898009679,0.29790566106461114,0.067955857826977,0.005915980506866703,0.0044369853801473624,0.06266110945278669
2026-01-10 02:30:00+00:00,19.265580969333215,25.93374502212234,17.4724679368719,13.104350952653927,8.458384855484264,-0.25089345613497116,0.05750224017071304,0.005005829659648242,0.0037543722447406225,0.05302095747458502
2026-01-10 02:35:00+00:00,19.24480083078197,25.98239963410352,17.47670363889161,13.107527729168709,8.503248723871298,-0.020780138551245386,0.04865461198117771,0.004235702019709464,0.00317677651478121,0.0448638683870346
2026-01-10 02:40:00+00:00,19.472253395131617,26.023568921164514,17.480287694446748,13.110215770835062,8.54121045866033,0.22745256434964745,0.04116928706099543,0.003584055555137411,0.002688041666353058,0.03796173478903242
2026-01-10 02:45:00+00:00,19.85451931045439,26.05840447175459,17.483320356839553,13.112490267629667,8.573331926558742,0.38226591532277254,0.03483555059007415,0.0030326623928047525,0.0022744967946053407,0.03212146789841164
2026-01-10 02:50:00+00:00,20.1152715238836,26.0237781427667,17.485886455787313,13.114414841840487,8.579144108797566,0.2607522134292104,-0.03462632898788698,0.0025660989477600538,0.0019245742108200403,0.005812182238823738
2026-01-10 02:55:00+00:00,19.998003562795343,26.05858150541798,17.48805777028157,13.116043327711182,8.605429630521018,-0.1172679610882561,0.034803362651278036,0.0021713144942587803,0.0016284858706949734,0.026285521723451666
2026-01-10 03:00:00+00:00,20.168524795619703,26.088030504584445,17.4898950363921,13.117421277294078,8.627671225825477,0.17052123282435971,0.029448999166465484,0.0018372661105274801,0.00137794958289561,0.02224159530445924
2026-01-10 03:05:00+00:00,19.949777728724527,26.11294888849453,17.491449646177927,13.11858723463345,8.646491037236943,-0.2187470668951761,0.02491838391008372,0.0015546097858276653,0.0011659573393725253,0.018819811411466603
2026-01-10 03:10:00+00:00,19.33467411166217,25.557110597956907,17.108149700612092,12.831112275459073,8.470107800738951,-0.6151036170623563,-0.555838290537622,-0.3832999455658346,-0.2874749591743768,-0.17638323649799226
2026-01-10 03:15:00+00:00,19.393554616864797,25.663708967501996,17.168434362056388,12.876325771542291,8.513168139086805,0.058880505202626665,0.10659836954508961,0.060284661444296006,0.045213496083217564,0.04306033834785339
2026-01-10 03:20:00+00:00,19.04238671004674,25.753907587886307,17.21944446020156,12.91458334515117,8.549603809996526,-0.3511679068180591,0.09019862038431015,0.051010098145173544,0.03825757360887927,0.03643567090972155
2026-01-10 03:25:00+00:00,18.926639549206918,25.83022949744226,17.26260685093978,12.946955138204837,8.580433993073983,-0.1157471608398204,0.07632190955595419,0.04316239073821748,0.032371793053666664,0.030830183077457107
2026-01-10 03:30:00+00:00,18.851353720989884,25.894809574758835,17.29912887387212,12.97434665540409,8.6065210710626,-0.07528582821703367,0.06458007731657389,0.03652202293234197,0.027391517199253812,0.02608707798861687
2026-01-10 03:35:00+00:00,18.825243222056887,25.949454518330572,17.330032124045644,12.997524093034231,8.628594755984855,-0.026110498932997217,0.05464494357173777,0.030903250173523134,0.023177437630140574,0.0220736849222547
2026-01-10 03:40:00+00:00,19.294436572509674,25.995692284741256,17.356181028038623,13.017135771028965,8.647272485833339,0.4691933504527874,0.04623776641068389,0.0261489039929792,0.019611677994733512,0.018677729848484148
2026-01-10 03:45:00+00:00,19.38933428012758,26.034816548627216,17.378307023724986,13.03373026779374,8.663076718782056,0.09489770761790695,0.039124263885959465,0.022125995686362643,0.016594496764774647,0.015804232948717356
2026-01-10 03:50:00+00:00,19.32224464348897,26.0038191308897,17.39702902007499,13.04777176505624,8.655082009909602,-0.06708963663861311,-0.03099741773751674,0.018721996350002712,0.014041497262500258,-0.007994708872454126
2026-01-10 03:55:00+00:00,19.13337967899752,25.977590546650255,17.412870709294218,13.059653031970665,8.648317256248296,-0.1888649644914473,-0.026228584239444075,0.015841689219229238,0.011881266914425481,-0.006764753661306244
2026-01-10 04:00:00+00:00,19.236082818440796,25.95539712921688,17.42627521555665,13.069706411667488,8.642593233919497,0.1027031394432747,-0.022193417433374663,0.013404506262432392,0.010053379696822518,-0.005724022328799094
2026-01-10 04:05:00+00:00,19.012662038086393,25.936618083696338,17.437617490086396,13.078213117564795,8.637749830410517,-0.22342078035440238,-0.018779045520542326,0.011342274529745566,0.008506705897307398,-0.00484340350898016
2026-01-10 04:10:00+00:00,18.939972363311192,25.92072812210203,17.44721479930387,13.085411099477906,8.633651565902916,-0.0726896747752015,-0.015889961594307778,0.009597309217475924,0.007197981913110496,-0.004098264507600646
2026-01-10 04:15:00+00:00,18.8545387898775,25.907282769983766,17.455335599410965,13.091501699558227,8.630183803627254,-0.08543357343369351,-0.013445352118264253,0.008120800107093373,0.006090600080321806,-0.003467762275661812
2026-01-10 04:20:00+00:00,18.696378995137525,25.960008497678572,17.462207045655433,13.096655284241578,8.648617064607675,-0.15815979473997288,0.052725727694806324,0.0068714462444674496,0.005153584683350587,0.018433260980421196
2026-01-10 04:25:00+00:00,18.64351903590861,26.00462257495879,17.46802134632383,13.101016009742873,8.664214439283416,-0.05285995922891473,0.04461407728021882,0.0058143006683977205,0.004360725501294738,0.015597374675740738
2026-01-10 04:30:00+00:00,18.26346301825258,26.042372948042058,17.472941139197086,13.104705854397816,8.6774122178552,-0.38005601765603103,0.03775037308326645,0.004919792873256057,0.003689844654942931,0.013197778571782948
2026-01-10 04:35:00+00:00,17.69601914325474,26.01021300731764,17.477104040859075,13.107828030644306,8.66721204758688,-0.5674438749978385,-0.0321599407244193,0.004162901661988627,0.0031221762464905822,-0.010200170268319653
2026-01-10 04:40:00+00:00,17.513862463064513,25.98300074978159,17.480626496111523,13.110469872083643,8.658581134282914,-0.18215668019022857,-0.027212257536049833,0.0035224552524475428,0.0026418414393365452,-0.008630913303965926
2026-01-10 04:45:00+00:00,17.37754516674641,25.95997499340493,17.483607035171286,13.112705276378467,8.651278053794943,-0.1363172963181043,-0.023025756376657824,0.002980539059763032,0.0022354042948240505,-0.007303080487970348
2026-01-10 04:50:00+00:00,17.501788726288172,25.940491661086224,17.48612902976032,13.114596772320242,8.645098524151278,0.12424355954176391,-0.019483332318706914,0.002521994589034904,0.0018914959417752897,-0.006179529643665305
2026-01-10 04:55:00+00:00,17.242246081678555,25.924005764508856,17.48826302518181,13.116197268886358,8.639869691375868,-0.25954264460961696,-0.01648589657736821,0.0021339954214880663,0.0016004965661160497,-0.005228832775410197
2026-01-10 05:00:00+00:00,17.25512396073564,25.91005615971262,17.49006871361538,13.117551535211533,8.635445294412058,0.012877879057086261,-0.013949604796234638,0.0018056884335706513,0.0013542663251744358,-0.004424396963809585
2026-01-10 05:05:00+00:00,17.31151588263371,25.89825264796196,17.491596603828395,13.118697452871297,8.631701573904218,0.05639192189806863,-0.011803511750660078,0.0015278902130155814,0.0011459176597643506,-0.0037437205078401092
2026-01-10 05:10:00+00:00,17.298122736128388,25.375444548275503,17.10827404939326,12.831205537044944,8.457593639457414,-0.013393146505322306,-0.5228080996864577,-0.38332255443513574,-0.2874919158263527,-0.17410793444680372
2026-01-10 05:15:00+00:00,17.48195358167438,25.44588897674594,17.168539580255832,12.876404685191877,8.48121171201952,0.18383084554599094,0.07044442847043797,0.0602655308625728,0.045199148146933155,0.023618072562106462
2026-01-10 05:20:00+00:00,17.464895437048526,25.505495800836307,17.219533490985704,12.91465011823928,8.501196234956689,-0.01705814462585309,0.05960682409036622,0.05099391072987203,0.038245433047402244,0.019984522937168236
2026-01-10 05:25:00+00:00,17.882937244986156,25.55593234429739,17.262682184680212,12.947011638510158,8.518106215903524,0.41804180793763024,0.05043654346108184,0.043148693694508466,0.032361520270878685,0.016909980946834935
2026-01-10 05:30:00+00:00,17.79447120472249,25.518481214405483,17.299192617806334,12.97439446335475,8.36935743041959,-0.08846604026366478,-0.03745112989190602,0.036510433126121455,0.02738282484459198,-0.14874878548393333
2026-01-10 05:35:00+00:00,17.741191577521228,25.48679179680464,17.330086061220744,12.997564545915559,8.110419064125997,-0.053279627201263224,-0.03168941760084465,0.030893443414409916,0.023170082560808325,-0.25893836629359335
2026-01-10 05:40:00+00:00,17.66766722893052,25.45997767421931,17.35622666718678,13.017170000390088,7.886191334899887,-0.07352434859070911,-0.026814122585328448,0.026140605966038066,0.019605454474529438,-0.22422772922611056
2026-01-10 05:45:00+00:00,17.749088126892012,25.437288801262493,17.378345641465735,13.033759231099305,7.7083867427700605,0.08142089796149321,-0.022688872956816653,0.022118974278953374,0.016589230709216807,-0.17780459212982613
2026-01-10 05:50:00+00:00,17.598519042026375,25.418091360122,17.397061696624856,13.047796272468643,7.5591194231756385,-0.15056908486563714,-0.01919744114049493,0.018716055159121225,0.014037041369338255,-0.14926731959442208
2026-01-10 05:55:00+00:00,17.567214221569987,25.401857849188403,17.41289835868257,13.05967376901193,7.4544344361754575,-0.031304820456387716,-0.016233510933595596,0.015836662057711948,0.011877496543286625,-0.10468498700018092
2026-01-10 06:00:00+00:00,17.83568006650692,25.388111481807638,17.42629861119294,13.06972395839471,7.373243976442404,0.2684658449369337,-0.013746367380765179,0.013400252510372468,0.010050189382779351,-0.08119045973305372
2026-01-10 06:05:00+00:00,18.26208112621985,25.456613805736755,17.437637286394025,13.078227964795524,7.319961153889241,0.42640105971292996,0.06850232392911693,0.01133867520108467,0.00850400640081439,-0.053282822553162745
2026-01-10 06:10:00+00:00,18.460672390597573,25.43445719925793,17.447231550025712,13.085423662519288,7.258385289327621,0.1985912643777219,-0.02215660647882345,0.009594263631687028,0.007195697723764383,-0.06157586456162001
2026-01-10 06:15:00+00:00,18.785847101547056,25.41569455321825,17.45534977309868,13.091512329824013,7.191440380259785,0.3251747109494829,-0.018762646039682807,0.008118223072965947,0.006088667304725348,-0.06694490906783646
2026-01-10 06:20:00+00:00,19.104507670407052,25.399818468107753,17.46221903877581,13.096664279081857,7.210249460242444,0.31866056885999683,-0.015876085110495097,0.006869265677131864,0.005151949257843569,0.018809079982659682
2026-01-10 06:25:00+00:00,19.421786483128603,25.386390202374457,17.468031494348764,13.10102362076157,7.399057314147392,0.31727881272155045,-0.01342826573329603,0.005812455572954178,0.004359341679712969,0.18880785390494736
2026-01-10 06:30:00+00:00,19.822148368418084,25.375022478932234,17.472949725987412,13.10471229449056,7.558817727355485,0.400361885289481,-0.011367723442223365,0.0049182316386477964,0.0036886737289894,0.15976041320809298
2026-01-10 06:35:00+00:00,19.992691190415425,25.365421270322937,17.477111306604733,13.107833479953548,7.693999917503946,0.1705428219973406,-0.009601208609296918,0.004161580617321192,0.003121185462989118,0.13518219014846178
2026-01-10 06:40:00+00:00,20.22045520354374,25.437410193759725,17.480632644050157,13.110474483037619,7.724516605714261,0.22776401312831496,0.07198892343678764,0.003521337445423711,0.002641003084070448,0.030516688210314946
2026-01-10 06:45:00+00:00,20.510008144171206,25.418193240873617,17.48361223727321,13.112709177954908,7.682814938890629,0.28955294062746617,-0.01921695288610792,0.0029795932230527455,0.002234694917289559,-0.04170166682363252
2026-01-10 06:50:00+00:00,20.793733876348664,25.401939124176447,17.48613343153887,13.114600073654152,7.573919498257689,0.28372573217745867,-0.016254116697169252,0.0025211942656611086,0.001890895699244055,-0.10889544063293943
2026-01-10 06:55:00+00:00,20.619515825519258,25.308056195855183,17.48826674976366,13.116200062322743,7.494385950641552,-0.17421805082940622,-0.0938829283212641,0.002133318224789349,0.0015999886685911235,-0.07953354761613696
2026-01-10 07:00:00+00:00,20.631657447047893,25.22865428814943,17.490071865184635,13.117553898888476,7.406061049767768,0.012141621528634516,-0.07940190770575484,0.0018051154209750564,0.0013538365657321805,-0.08832490087378453
2026-01-10 07:05:00+00:00,20.604884795004555,25.161444923342728,17.491599270540846,13.118699452905634,7.322293824281463,-0.026772652043337786,-0.06720936480670048,0.0015274053562102097,0.0011455540171585454,-0.08376722548630511
2026-01-10 07:10:00+00:00,19.624800711131666,24.014812836384298,16.723660921226866,12.542745690920151,6.956388080139293,-0.9800840838728888,-1.14663208695843,-0.7679383493139795,-0.5759537619854829,-0.3659057441421698
2026-01-10 07:15:00+00:00,19.332574346135782,24.134328810273892,16.843097702576582,12.632323276932436,6.952046744311415,-0.2922263649958836,0.11951597388959456,0.11943678134971591,0.08957758601228427,-0.004341335827877657
2026-01-10 07:20:00+00:00,19.110973014834133,24.23546554403261,16.94415959448788,12.708119695865905,6.938943246920402,-0.22160133130164894,0.10113673375871812,0.10106189191129644,0.07579641893346967,-0.013103497391012908
2026-01-10 07:25:00+00:00,19.123922822129845,24.321056778628837,17.029673503028203,12.772255127271153,6.937358762072576,0.012949807295711935,0.08559123459622597,0.08551390854032448,0.0641354314052478,-0.0015844848478261397
2026-01-10 07:30:00+00:00,18.669940764135532,24.39349725452146,17.10203142563925,12.826523569229437,6.927991221058496,-0.45398205799431324,0.07244047589262337,0.07235792261104734,0.05426844195828373,-0.009367541014079883
2026-01-10 07:35:00+00:00,18.390822660810016,24.45478001314789,17.163257360156287,12.872443020117217,6.93282619422756,-0.2791181033255157,0.06128275862642951,0.06122593451703651,0.045919450887780044,0.004834973169063339
2026-01-10 07:40:00+00:00,17.958406769124373,24.42648052394565,17.21506392013224,12.911297940099184,6.908735168902527,-0.4324158916856433,-0.028299489202240125,0.051806559975954514,0.03885491998196677,-0.024091025325033044
2026-01-10 07:45:00+00:00,18.21871808679118,24.402534802312985,17.2589002401119,12.944175180083924,6.895677343726787,0.26031131766680815,-0.023945721632664174,0.043836319979657645,0.03287723998474057,-0.013057825175740057
2026-01-10 07:50:00+00:00,17.95143222071676,24.462401242982782,17.295992510863915,12.971994383147935,6.903449833745687,-0.2672858660744204,0.05986644066979707,0.03709227075201582,0.027819203064010978,0.0077724900189002355
2026-01-10 07:55:00+00:00,18.011059368392054,24.513057462011073,17.327378278423314,12.995533708817485,6.900737623687305,0.0596271476752932,0.05065621902829065,0.03138576755939937,0.023539325669549527,-0.0027122100583820696
2026-01-10 08:00:00+00:00,18.299333554293536,24.555920416573468,17.353935466358188,13.01545159976864,6.907217595648385,0.2882741859014821,0.04286295456239486,0.026557187934873383,0.019917890951155925,0.006479971961080189
2026-01-10 08:05:00+00:00,18.54699306354361,24.59218907043396,17.376406933072314,13.032305199804235,6.944397913549121,0.24765950925007374,0.036268653860492606,0.022471466714126365,0.016853600035593885,0.03718031790073617
2026-01-10 08:10:00+00:00,18.855580418077757,24.62287793139284,17.39542125106119,13.046565938295892,6.984153089363844,0.3085873545341471,0.030688860958878905,0.019014317988876428,0.014260738491657321,0.03975517581472321
2026-01-10 08:15:00+00:00,19.114627851355955,24.56871722399907,17.41151028935947,13.0586327170196,6.996088577036902,0.259047433278198,-0.05416070739376977,0.016089038298279235,0.012066778723708538,0.011935487673057743
2026-01-10 08:20:00+00:00,18.972437776307103,24.60301713825562,17.425124090996473,13.068843068247356,7.024812014653162,-0.14219007504885184,0.03429991425655032,0.01361380163700332,0.010210351227755154,0.02872343761625995
2026-01-10 08:25:00+00:00,18.878110403479685,24.551911937498343,17.436643461612398,13.077482596209299,7.036841444784324,-0.09432737282741854,-0.0511052007572772,0.01151937061592534,0.008639527961943116,0.012029430131161867
2026-01-10 08:30:00+00:00,18.94899085678924,24.508669075319112,17.44639062136434,13.084792966023254,7.052244405661166,0.07088045330955595,-0.04324286217923046,0.009747159751942291,0.00731036981395583,0.015402960876842009
2026-01-10 08:35:00+00:00,19.070811316232874,24.47207896116745,17.454638218077516,13.09097866355814,7.0442839400922805,0.12182045944363296,-0.03659011415166091,0.008247596713175653,0.006185697534885293,-0.007960465568885411
2026-01-10 08:40:00+00:00,19.082519895505026,24.44111809534682,17.461616953757897,13.096212715318424,7.018351379107821,0.01170857927215252,-0.03096086582063151,0.006978735680380765,0.005234051760284686,-0.02593256098445984
2026-01-10 08:45:00+00:00,19.110399252459356,24.334792234524233,17.467522037795145,13.100641528346358,6.950594027475221,0.027879356954329637,-0.10632586082258655,0.0059050840372485425,0.004428813027933742,-0.06775735163259977
2026-01-10 08:50:00+00:00,19.45079585957128,24.324952403571785,17.47251864736512,13.104388985523842,6.920324041589521,0.34039660711192354,-0.00983983095244767,0.004996609569975163,0.003747457177484037,-0.030269985885699846
2026-01-10 08:55:00+00:00,19.04770677853191,24.31662639276587,17.47674654777049,13.107559910827865,6.8815713223934445,-0.4030890810393686,-0.00832601080591644,0.004227900405368246,0.0031709253040226315,-0.03875271919607659
2026-01-10 09:00:00+00:00,19.20993483040359,24.309581306699325,17.480324001959644,13.110243001469733,6.841827790023529,0.1622280518716792,-0.00704508606654386,0.00357745418915556,0.0026830906418684464,-0.03974353236991579
2026-01-10 09:05:00+00:00,18.817113908910457,24.223492658698923,17.483351078581236,13.112513308935927,6.78780078553938,-0.39282092149313286,-0.08608864800040195,0.003027076621592073,0.0022703074661940548,-0.054027004484148655
2026-01-10 09:10:00+00:00,18.27717629101667,23.55998829362436,17.101297066491814,12.825972799868861,6.620326866579343,-0.5399376178937878,-0.6635043650745622,-0.3820540120894229,-0.2865405090670663,-0.16747391896003716
2026-01-10 09:15:00+00:00,18.489465642366355,23.50909589784698,17.16263597933923,12.871976984504421,6.793054407529913,0.21228935134968552,-0.050892395777381694,0.06133891284741466,0.04600418463556011,0.17272754095056975
2026-01-10 09:20:00+00:00,18.109315263856026,23.466033807618192,17.214538136363963,12.910903602272972,6.686666931809686,-0.3801503785103293,-0.04306209022878704,0.05190215702473466,0.038926617768551,-0.10638747572022655
2026-01-10 09:25:00+00:00,18.603496689472802,23.4295977848797,17.258455346154125,12.943841509615591,6.593971949131615,0.4941814256167767,-0.03643602273849211,0.04391720979016256,0.032937907342619255,-0.09269498267807119
2026-01-10 09:30:00+00:00,18.713835383644003,23.398773707967646,17.29561606213041,12.971712046597808,6.5091174728060945,0.11033869417120101,-0.030824076912054466,0.037160715976284564,0.027870536982216976,-0.08485447632552034
2026-01-10 09:35:00+00:00,18.940632014578085,23.372687459669645,17.32705974487958,12.995294808659683,6.418659580789644,0.2267966309340821,-0.026086248298000214,0.03144368274917042,0.023582762061874263,-0.09045789201645071
2026-01-10 09:40:00+00:00,18.927837104894763,23.350607337669185,17.353665937975027,13.015249453481271,6.3383903513387185,-0.012794909683321976,-0.02208012200046028,0.02660619309544643,0.019954644821588374,-0.0802692294509253
2026-01-10 09:45:00+00:00,18.67188994887784,23.331924157514955,17.376178870594256,13.03213415294569,6.275967718809979,-0.25594715601692286,-0.018683180154230428,0.02251293261922882,0.01688469946441984,-0.062422632528739364
2026-01-10 09:50:00+00:00,18.53399222725187,23.396262614488084,17.395228275118217,13.04642120633866,6.22971399766983,-0.13789772162597203,0.0643384569731289,0.019049404523961755,0.01428705339296954,-0.04625372114014947
2026-01-10 09:55:00+00:00,18.079488660368867,23.45070334735715,17.411347002023103,13.058510251517328,6.197697751514652,-0.45450356688300175,0.05444073286906459,0.01611872690488525,0.01208904517866749,-0.03201624615517762
2026-01-10 10:00:00+00:00,18.007352513055327,23.41662841463337,17.424985924788782,13.068739443591586,6.155110275985794,-0.07213614731353957,-0.03407493272377948,0.01363892276567924,0.010229192074257654,-0.04258747552885822
2026-01-10 10:05:00+00:00,17.99580044623906,23.38779122263555,17.43652655174435,13.077394913808265,6.123676976779579,-0.01155206681626808,-0.028837191997819644,0.011540626955568456,0.008655470216679007,-0.03143329920621518
2026-01-10 10:10:00+00:00,18.149420602250466,23.36338959293542,17.44629169762984,13.084718773222379,6.1060257249345335,0.15362015601140655,-0.02440162970012949,0.00976514588548838,0.007323859414114509,-0.017651251845045124
2026-01-10 10:15:00+00:00,18.443766655097033,23.342739911970995,17.45455451337909,13.090915885034319,6.0915799237855675,0.2943460528465671,-0.020649680964424988,0.008262815749251473,0.006197111811939493,-0.014445801148966098
2026-01-10 10:20:00+00:00,18.37573815031605,23.2451388998729,17.461546126705386,13.09615959502904,6.036813783786933,-0.06802850478098321,-0.09760101209809591,0.00699161332629572,0.005243709994720902,-0.05476613999863478
2026-01-10 10:25:00+00:00,18.095991049118307,23.162553428097578,17.467462107212253,13.100596580409187,5.991578004874479,-0.27974710119774215,-0.08258547177532094,0.005915980506866703,0.0044369853801473624,-0.04523577891245356
2026-01-10 10:30:00+00:00,18.034364470500027,23.09267341351846,17.4724679368719,13.104350952653927,5.95715095284226,-0.0616265786182808,-0.06988001457911608,0.005005829659648242,0.0037543722447406225,-0.03442705203221941
2026-01-10 10:35:00+00:00,17.622582918983163,23.113672375541267,17.47670363889161,13.107527729168709,5.94401378003807,-0.4117815515168637,0.020998962022805046,0.004235702019709464,0.00317677651478121,-0.013137172804190023
2026-01-10 10:40:00+00:00,17.56810712323741,23.1314407280221,17.480287694446748,13.110215770835062,5.923612647858511,-0.05447579574575201,0.017768352480832306,0.003584055555137411,0.002688041666353058,-0.020401132179558523
2026-01-10 10:45:00+00:00,17.154899334635097,23.146479058838864,17.483320356839553,13.112490267629667,5.904566923520988,-0.413207788602314,0.015038330816764756,0.0030326623928047525,0.0022744967946053407,-0.019045724337523495
2026-01-10 10:50:00+00:00,17.267835824959512,23.239340499790963,17.485886455787313,13.114414841840487,5.912399154490256,0.11293649032441522,0.09286144095209892,0.0025660989477600538,0.0019245742108200403,0.007832230969268217
2026-01-10 10:55:00+00:00,17.242768323871385,23.317907381584806,17.48805777028157,13.116043327711182,5.925475038513488,-0.025067501088127386,0.07856688179384363,0.0021713144942587803,0.0016284858706949734,0.01307588402323212
2026-01-10 11:00:00+00:00,17.248456849110514,23.30426015553438,17.4898950363921,13.117421277294078,5.912070095234121,0.00568852523912966,-0.013647226050427008,0.0018372661105274801,0.00137794958289561,-0.013404943279367032
2026-01-10 11:05:00+00:00,17.321404926018744,23.292716798281067,17.491449646177927,13.11858723463345,5.897426533336158,0.07294807690822935,-0.011543357253312791,0.0015546097858276653,0.0011659573393725253,-0.014643561897963231
2026-01-10 11:10:00+00:00,16.78505361290916,22.77240871942464,17.108149700612092,12.831112275459073,5.756415471132331,-0.5363513131095843,-0.5203080788564272,-0.3832999455658346,-0.2874749591743768,-0.14101106220382675
2026-01-10 11:15:00+00:00,16.828995762951003,22.762550967718283,17.168434362056388,12.876325771542291,5.749266085981146,0.04394215004184332,-0.009857751706356055,0.060284661444296006,0.045213496083217564,-0.007149385151184795
2026-01-10 11:20:00+00:00,17.04247286376017,22.754209793197518,17.21944446020156,12.91458334515117,5.7439332066260285,0.21347710080916826,-0.008341174520765549,0.051010098145173544,0.03825757360887927,-0.005332879355117726
2026-01-10 11:25:00+00:00,17.143841804227257,22.82728008142354,17.26260685093978,12.946955138204837,5.774964808257801,0.10136894046708633,0.0730702882260239,0.04316239073821748,0.032371793053666664,0.031031601631772432
2026-01-10 11:30:00+00:00,17.298920776606373,22.96925139225568,17.29912887387212,12.97434665540409,5.8110240455463975,0.1550789723791155,0.14197131083213677,0.03652202293234197,0.027391517199253812,0.03605923728859661
2026-01-10 11:35:00+00:00,17.506599600205174,23.089419794543875,17.330032124045644,12.997524093034231,5.837587334947502,0.2076788235988012,0.12016840228819703,0.030903250173523134,0.023177437630140574,0.026563289401104306
2026-01-10 11:40:00+00:00,17.36302692330616,23.11093433299736,17.356181028038623,13.017135771028965,5.8487291184915495,-0.14357267689901576,0.021514538453484278,0.0261489039929792,0.019611677994733512,0.011141783544047712
2026-01-10 11:45:00+00:00,17.572390943442088,23.1291303630588,17.378307023724986,13.03373026779374,5.860511173777253,0.20936402013592925,0.018196030061439217,0.022125995686362643,0.016594496764774647,0.011782055285703308
2026-01-10 11:50:00+00:00,17.46001102299421,23.144527002944702,17.39702902007499,13.04777176505624,5.870489910758252,-0.11237992044787859,0.01539663988590334,0.018721996350002712,0.014041497262500258,0.009978736980999159
2026-01-10 11:55:00+00:00,17.181844261949493,23.15757764968271,17.412870709294218,13.059653031970665,5.874575515003749,-0.2781667610447158,0.013050646738008709,0.015841689219229238,0.011881266914425481,0.0040856042454970876
2026-01-10 12:00:00+00:00,17.27367861365025,23.168623448574373,17.42627521555665,13.069706411667488,5.8935929713238995,0.09183435170075782,0.011045798891661462,0.013404506262432392,0.010053379696822518,0.019017456320150394
2026-01-10 12:05:00+00:00,17.04921417713223,23.177960096452654,17.437617490086396,13.078213117564795,5.908871057369858,-0.22446443651801928,0.009336647878281923,0.011342274529745566,0.008506705897307398,0.015278086045958261
2026-01-10 12:10:00+00:00,17.158336753226514,23.185843239516025,17.44721479930387,13.085411099477906,5.92024501531967,0.10912257609428266,0.007883143063370568,0.009597309217475924,0.007197981913110496,0.011373957949812663
2026-01-10 12:15:00+00:00,17.00097584388093,23.27263658728279,17.455335599410965,13.091501699558227,5.9514540540421335,-0.15736090934558433,0.08679334776676484,0.008120800107093373,0.006090600080321806,0.031209038722463056
2026-01-10 12:20:00+00:00,16.853607233356506,23.426205317444417,17.462207045655433,13.096655284241578,5.997447914566666,-0.14736861052442407,0.1535687301616271,0.0068714462444674496,0.005153584683350587,0.04599386052453269
2026-01-10 12:25:00+00:00,16.610739418737506,23.55614808911963,17.46802134632383,13.101016009742873,6.040487713499771,-0.2428678146190002,0.12994277167521417,0.0058143006683977205,0.004360725501294738,0.043039798933104834
2026-01-10 12:30:00+00:00,16.592194029065066,23.666101008886546,17.472941139197086,13.104705854397816,6.059066613647236,-0.018545389672439683,0.1099529197669149,0.004919792873256057,0.003689844654942931,0.018578900147464772
2026-01-10 12:35:00+00:00,16.805298999368596,23.75913675110913,17.477104040859075,13.107828030644306,6.080025961356851,0.21310497030352948,0.09303574222258248,0.004162901661988627,0.0031221762464905822,0.020959347709615272
2026-01-10 12:40:00+00:00,16.567188438682518,23.837859302220547,17.480626496111523,13.110469872083643,6.0951649744234455,-0.23811056068607783,0.07872255111141868,0.0035224552524475428,0.0026418414393365452,0.015139013066594487
2026-01-10 12:45:00+00:00,16.829697297946723,23.984603739201344,17.483607035171286,13.112705276378467,6.117582094576411,0.2625088592642051,0.14674443698079642,0.002980539059763032,0.0022354042948240505,0.022417120152965708
2026-01-10 12:50:00+00:00,16.956438559042468,24.108767893107412,17.48612902976032,13.114596772320242,6.164773375627805,0.12674126109574502,0.12416415390606872,0.002521994589034904,0.0018914959417752897,0.047191281051393474
2026-01-10 12:55:00+00:00,17.27346741119084,24.21385551514197,17.48826302518181,13.116197268886358,6.226763957842475,0.31702885214837195,0.10508762203455646,0.0021339954214880663,0.0016004965661160497,0.06199058221467002
2026-01-10 13:00:00+00:00,17.604623368150513,24.30279312361975,17.49006871361538,13.117551535211533,6.267215622531245,0.33115595695967315,0.08893760847778154,0.0018056884335706513,0.0013542663251744358,0.040451664688770705
2026-01-10 13:05:00+00:00,17.75405786414818,24.378014904705267,17.491596603828395,13.118697452871297,6.3032636274517575,0.14943449599766723,0.07522178108551714,0.0015278902130155814,0.0011459176597643506,0.03604800492051208
2026-01-10 13:10:00+00:00,17.622485370361172,23.896787897786137,17.10827404939326,12.831205537044944,6.1876698708914635,-0.13157249378700797,-0.4812270069191307,-0.38332255443513574,-0.2874919158263527,-0.11559375656029403
2026-01-10 13:15:00+00:00,17.852637593932062,24.034471995981672,17.168539580255832,12.876404685191877,6.300727876160209,0.23015222357089016,0.1376840981955354,0.0602655308625728,0.045199148146933155,0.1130580052687451
2026-01-10 13:20:00+00:00,17.99968693594152,24.07084370366516,17.219533490985704,12.91465011823928,6.576043388857117,0.1470493420094563,0.03637170768348952,0.05099391072987203,0.038245433047402244,0.275315512696908
2026-01-10 13:25:00+00:00,18.357802074284557,24.10162334944835,17.262682184680212,12.947011638510158,6.809002777410597,0.3581151383430381,0.030779645783187704,0.043148693694508466,0.032361520270878685,0.2329593885534802
2026-01-10 13:30:00+00:00,18.637999455248902,24.047549539514982,17.299192617806334,12.97439446335475,6.724280383596186,0.28019738096434565,-0.0540738099333673,0.036510433126121455,0.02738282484459198,-0.0847223938144106
2026-01-10 13:35:00+00:00,18.639712973840304,24.00179853722503,17.330086061220744,12.997564545915559,6.903127281343307,0.0017135185914014528,-0.04575100228995055,0.030893443414409916,0.023170082560808325,0.17884689774712115
2026-01-10 13:40:00+00:00,18.710105830586198,23.963061745182163,17.35622666718678,13.017170000390088,7.059056440108902,0.0703928567458938,-0.03873679204286873,0.026140605966038066,0.019605454474529438,0.15592915876559488
2026-01-10 13:45:00+00:00,18.890243898142945,23.93028630638459,17.378345641465735,13.033759231099305,7.19099653474722,0.18013806755674722,-0.03277543879757161,0.022118974278953374,0.016589230709216807,0.1319400946383178
2026-01-10 13:50:00+00:00,18.65174503490295,23.902549951556193,17.397061696624856,13.047796272468643,7.30263809350406,-0.23849886323999314,-0.027736354828398646,0.018716055159121225,0.014037041369338255,0.11164155875683957
2026-01-10 13:55:00+00:00,18.883838199854466,23.87908072823986,17.41289835868257,13.05967376901193,7.397104027836769,0.23209316495151455,-0.023469223316332943,0.015836662057711948,0.011877496543286625,0.09446593433270944
2026-01-10 14:00:00+00:00,19.040990074515655,23.859222154664497,17.42629861119294,13.06972395839471,7.433690464572416,0.15715187466118863,-0.01985857357536247,0.013400252510372468,0.010050189382779351,0.036586436735646544
2026-01-10 14:05:00+00:00,18.896962627004395,23.84241874625457,17.437637286394025,13.078227964795524,7.507994495663839,-0.1440274475112595,-0.016803408409927556,0.01133867520108467,0.00850400640081439,0.07430403109142336
2026-01-10 14:10:00+00:00,19.046270610811973,23.828200477600024,17.447231550025712,13.085423662519288,7.399034065205639,0.14930798380757793,-0.01421826865454534,0.009594263631687028,0.007195697723764383,-0.10896043045819948
2026-01-10 14:15:00+00:00,19.034666292920335,23.736046416591716,17.45534977309868,13.091512329824013,7.2801522809360595,-0.011604317891638516,-0.09215406100830847,0.008118223072965947,0.006088667304725348,-0.11888178426957996
2026-01-10 14:20:00+00:00,18.925307710848507,23.577936711475044,17.46221903877581,13.096664279081857,7.1644364701768835,-0.10935858207182747,-0.15810970511667222,0.006869265677131864,0.005151949257843569,-0.11571581075917603
2026-01-10 14:25:00+00:00,18.5375834918143,23.524279781504525,17.468031494348764,13.10102362076157,7.096626219380517,-0.38772421903420806,-0.05365692997051852,0.005812455572954178,0.004359341679712969,-0.06781025079636649
2026-01-10 14:30:00+00:00,18.397583313397995,23.47887776383716,17.472949725987412,13.10471229449056,7.034261719904225,-0.14000017841630452,-0.04540201766736374,0.0049182316386477964,0.0036886737289894,-0.06236449947629197
2026-01-10 14:35:00+00:00,18.471387328630918,23.36033246683657,17.477111306604733,13.107833479953548,6.953628738338307,0.07380401523292335,-0.11854529700059047,0.004161580617321192,0.003121185462989118,-0.08063298156591792
2026-01-10 14:40:00+00:00,18.72586003591818,23.260024907836073,17.480632644050157,13.110474483037619,6.8956634658960745,0.25447270728726323,-0.10030755900049826,0.003521337445423711,0.002641003084070448,-0.057965272442232596
2026-01-10 14:45:00+00:00,19.09759264021602,23.175149280989498,17.48361223727321,13.112709177954908,6.839629197649479,0.37173260429783994,-0.0848756268465749,0.0029795932230527455,0.002234694917289559,-0.056034268246595076
2026-01-10 14:50:00+00:00,19.292175529576856,23.10333144288855,17.48613343153887,13.114600073654152,6.796728915656528,0.19458288936083434,-0.071817838100948,0.0025211942656611086,0.001890895699244055,-0.04290028199295115
2026-01-10 14:55:00+00:00,19.639679312553827,22.96243429782877,17.48826674976366,13.116200062322743,6.737024956840237,0.3475037829769718,-0.14089714505977824,0.002133318224789349,0.0015999886685911235,-0.05970395881629109
2026-01-10 15:00:00+00:00,19.994864494111294,22.843213636624345,17.490071865184635,13.117553898888476,6.6886203333617456,0.3551851815574665,-0.11922066120442665,0.0018051154209750564,0.0013538365657321805,-0.048404623478491615
2026-01-10 15:05:00+00:00,20.284116110401865,22.742334615605213,17.491599270540846,13.118699452905634,6.643331547010488,0.2892516162905707,-0.10087902101913215,0.0015274053562102097,0.0011455540171585454,-0.045288786351257215
2026-01-10 15:10:00+00:00,19.1985344293332,21.738935150933347,16.723660921226866,12.542745690920151,6.331295283009594,-1.085581681068664,-1.0033994646718654,-0.7679383493139795,-0.5759537619854829,-0.312036264000894
2026-01-10 15:15:00+00:00,19.37531851900893,21.96820153796924,16.843097702576582,12.632323276932436,6.373070174188001,0.17678408967572778,0.2292663870358922,0.11943678134971591,0.08957758601228427,0.041774891178406826
2026-01-10 15:20:00+00:00,18.59150931700913,22.16219617315346,16.94415959448788,12.708119695865905,6.397582140699343,-0.783809201999798,0.19399463518422166,0.10106189191129644,0.07579641893346967,0.024511966511341576
2026-01-10 15:25:00+00:00,18.48928625101696,22.32635128698159,17.029673503028203,12.772255127271153,6.431948780747288,-0.10222306599217035,0.16415511382813008,0.08551390854032448,0.0641354314052478,0.03436664004794565
2026-01-10 15:30:00+00:00,19.03323919064318,22.465247290365877,17.10203142563925,12.826523569229437,6.4526923059134775,0.5439529396262195,0.13889600338428565,0.07235792261104734,0.05426844195828373,0.02074352516618916
2026-01-10 15:35:00+00:00,19.273839056615884,22.662902529177945,17.163257360156287,12.872443020117217,6.494894743562141,0.24059986597270466,0.19765523881206803,0.06122593451703651,0.045919450887780044,0.042202437648663604
2026-01-10 15:40:00+00:00,19.127806424688405,22.91027879085264,17.21506392013224,12.911297940099184,6.541748337544119,-0.14603263192747917,0.24737626167469529,0.051806559975954514,0.03885491998196677,0.04685359398197786
2026-01-10 15:45:00+00:00,19.054537208986137,23.03947065659933,17.2589002401119,12.944175180083924,6.579865367703562,-0.0732692157022683,0.12919186574669084,0.043836319979657645,0.03287723998474057,0.03811703015944268
2026-01-10 15:50:00+00:00,18.802832632764556,23.14879796665014,17.295992510863915,12.971994383147935,6.600762779714761,-0.2517045762215808,0.10932731005080853,0.03709227075201582,0.027819203064010978,0.0208974120111991
2026-01-10 15:55:00+00:00,18.79110312159942,23.241302519830416,17.327378278423314,12.995533708817485,6.614484307599129,-0.011729511165135875,0.09250455318027662,0.03138576755939937,0.023539325669549527,0.013721527884368534
2026-01-10 16:00:00+00:00,18.705633614774932,23.319566167381428,17.353935466358188,13.01545159976864,6.611509767016192,-0.08546950682448795,0.07826364755101167,0.026557187934873383,0.019917890951155925,-0.002974540582937557
2026-01-10 16:05:00+00:00,18.62631867788734,23.30566375313042,17.376406933072314,13.032305199804235,6.571504494838862,-0.07931493688759161,-0.01390241425100669,0.022471466714126365,0.016853600035593885,-0.04000527217732941
2026-01-10 16:10:00+00:00,18.621698922244587,23.293894970597535,17.39542125106119,13.046565938295892,6.539368253204681,-0.004619755642753631,-0.01176878253288649,0.019014317988876428,0.014260738491657321,-0.032136241634181495
2026-01-10 16:15:00+00:00,18.800152652563145,23.283936769992785,17.41151028935947,13.0586327170196,6.5850540630675525,0.1784537303185587,-0.009958200604749834,0.016089038298279235,0.012066778723708538,0.04568580986287163
2026-01-10 16:20:00+00:00,19.260379596866994,23.1953823951221,17.425124090996473,13.068843068247356,6.654276385390322,0.46022694430384803,-0.08855437487068585,0.01361380163700332,0.010210351227755154,0.06922232232276926
2026-01-10 16:25:00+00:00,19.37119592503887,23.12045177023152,17.436643461612398,13.077482596209299,6.758370329363717,0.11081632817187526,-0.07493062489058033,0.01151937061592534,0.008639527961943116,0.10409394397339522
2026-01-10 16:30:00+00:00,19.226848870004865,23.057048933785648,17.44639062136434,13.084792966023254,6.649548664141819,-0.1443470550340038,-0.06340283644587075,0.009747159751942291,0.00731036981395583,-0.10882166522189785
2026-01-10 16:35:00+00:00,19.09422942269911,23.003400379869905,17.454638218077516,13.09097866355814,6.541770431495265,-0.13261944730575337,-0.053648553915742525,0.008247596713175653,0.006185697534885293,-0.10777823264655417
2026-01-10 16:40:00+00:00,19.09242537740883,23.03813365476172,17.461616953757897,13.096212715318424,6.457357444560046,-0.001804045290281664,0.03473327489181344,0.006978735680380765,0.005234051760284686,-0.08441298693521926
2026-01-10 16:45:00+00:00,18.804455542184492,23.06752334890094,17.467522037795145,13.100641528346358,6.379460633683629,-0.28796983522433806,0.029389694139222655,0.0059050840372485425,0.004428813027933742,-0.07789681087641664
2026-01-10 16:50:00+00:00,18.59082011705513,23.09239155163413,17.47251864736512,13.104388985523842,6.331195420386647,-0.21363542512936107,0.024868202733188127,0.004996609569975163,0.003747457177484037,-0.048265213296981635
2026-01-10 16:55:00+00:00,18.585511725190504,23.11343387702375,17.47674654777049,13.107559910827865,6.301965961062939,-0.005308391864627282,0.02104232538961881,0.004227900405368246,0.0031709253040226315,-0.029229459323708795
2026-01-10 17:00:00+00:00,18.11072081573329,23.131238921584202,17.480324001959644,13.110243001469733,6.2520074334414275,-0.47479090945721225,0.017805044560454064,0.00357745418915556,0.0026830906418684464,-0.049958527621511095
2026-01-10 17:05:00+00:00,18.23247519220836,23.06617652339176,17.483351078581236,13.112513308935927,6.175174485050472,0.12175437647506726,-0.06506239819244186,0.003027076621592073,0.0022703074661940548,-0.07683294839095556
2026-01-10 17:10:00+00:00,17.82801043888828,22.580720794518303,17.101297066491814,12.825972799868861,6.015577074749005,-0.40446475332007736,-0.48545572887345756,-0.3820540120894229,-0.2865405090670663,-0.15959741030146724
2026-01-10 17:15:00+00:00,18.226594928421587,22.680481697925742,17.16263597933923,12.871976984504421,6.028573981957548,0.39858448953330594,0.09976090340743937,0.06133891284741466,0.04600418463556011,0.012996907208543185
2026-01-10 17:20:00+00:00,18.678545009103722,22.845022975167936,17.214538136363963,12.910903602272972,6.078224009641483,0.4519500806821348,0.16454127724219347,0.05190215702473466,0.038926617768551,0.049650027683934894
2026-01-10 17:25:00+00:00,18.55287826842466,22.90412723914472,17.258455346154125,12.943841509615591,6.091065796395371,-0.12566674067906192,0.05910426397678492,0.04391720979016256,0.032937907342619255,0.012841786753888584
2026-01-10 17:30:00+00:00,18.605805344177618,22.874010405235953,17.29561606213041,12.971712046597808,6.078545769920118,0.052927075752958075,-0.030116833908767404,0.037160715976284564,0.027870536982216976,-0.01252002647525341
2026-01-10 17:35:00+00:00,19.064202726180746,22.84854154909906,17.32705974487958,12.995294808659683,6.059758309711775,0.4583973820031275,-0.02546885613689298,0.03144368274917042,0.023582762061874263,-0.0187874602083431
2026-01-10 17:40:00+00:00,18.941430955852656,22.826972358533244,17.353665937975027,13.015249453481271,6.042297069390585,-0.1227717703280895,-0.021569190565816854,0.02660619309544643,0.019954644821588374,-0.017461240321189564
2026-01-10 17:45:00+00:00,18.536044684730225,22.80872670390149,17.376178870594256,13.03213415294569,6.030305042002192,-0.4053862711224312,-0.018245654631755315,0.02251293261922882,0.01688469946441984,-0.011992027388393112
2026-01-10 17:50:00+00:00,18.816417517654802,22.793291407136994,17.395228275118217,13.04642120633866,6.019562170166433,0.28037283292457715,-0.015435296764493955,0.019049404523961755,0.01428705339296954,-0.010742871835759615
2026-01-10 17:55:00+00:00,19.05523631686948,22.78028437355571,17.411347002023103,13.058510251517328,6.000944710986804,0.23881879921467686,-0.013007033581285299,0.01611872690488525,0.01208904517866749,-0.018617459179628426
2026-01-10 18:00:00+00:00,18.971135484412795,22.76924369049828,17.424985924788782,13.068739443591586,5.992383541313852,-0.08410083245668432,-0.011040683057430556,0.01363892276567924,0.010229192074257654,-0.008561169672952396
2026-01-10 18:05:00+00:00,19.226362445629803,22.679774471283114,17.43652655174435,13.077394913808265,5.9708315077921315,0.2552269612170086,-0.08946921921516449,0.011540626955568456,0.008655470216679007,-0.021552033521720304
2026-01-10 18:10:00+00:00,19.2992675207417,22.604086990208234,17.44629169762984,13.084718773222379,5.945446764920884,0.07290507511189759,-0.07568748107487977,0.00976514588548838,0.007323859414114509,-0.025384742871247035
2026-01-10 18:15:00+00:00,19.711988373973213,22.540089262566493,17.45455451337909,13.090915885034319,5.945929534496286,0.4127208532315123,-0.06399772764174116,0.008262815749251473,0.006197111811939493,0.00048276957540149823
2026-01-10 18:20:00+00:00,20.05120804250395,22.485895926886986,17.461546126705386,13.09615959502904,5.960598265403703,0.33921966853073826,-0.054193335679507015,0.00699161332629572,0.005243709994720902,0.014668730907416716
2026-01-10 18:25:00+00:00,19.917645367087438,22.440031577861173,17.467462107212253,13.100596580409187,6.082496978607961,-0.13356267541651334,-0.0458643490258126,0.005915980506866703,0.0044369853801473624,0.12189871320425816
2026-01-10 18:30:00+00:00,20.142367284008728,22.40122783967843,17.4724679368719,13.104350952653927,6.265520515644965,0.22472191692128973,-0.038803738182743075,0.005005829659648242,0.0037543722447406225,0.18302353703700458
2026-01-10 18:35:00+00:00,20.13825219340672,22.368517256778794,17.47670363889161,13.107527729168709,6.292275299644494,-0.004115090602006433,-0.03271058289963591,0.004235702019709464,0.00317677651478121,0.026754783999528797
2026-01-10 18:40:00+00:00,20.010020986464973,22.260740883686545,17.480287694446748,13.110215770835062,6.245843617751342,-0.1282312069417486,-0.10777637309224986,0.003584055555137411,0.002688041666353058,-0.04643168189315183
2026-01-10 18:45:00+00:00,20.2126551574654,22.169450199792898,17.483320356839553,13.112490267629667,6.236453066246023,0.20263417100042602,-0.09129068389364647,0.0030326623928047525,0.0022744967946053407,-0.009390551505319422
2026-01-10 18:50:00+00:00,19.898293324368666,22.172364022028994,17.485886455787313,13.114414841840487,6.2066335479266606,-0.3143618330967328,0.002913822236095598,0.0025660989477600538,0.0019245742108200403,-0.02981951831936236
2026-01-10 18:55:00+00:00,19.764565653227592,22.255063378394173,17.48805777028157,13.116043327711182,6.156758887441455,-0.13372767114107376,0.082699356365179,0.0021713144942587803,0.0016284858706949734,-0.04987466048520517
2026-01-10 19:00:00+00:00,20.07858163756927,22.325124329220742,17.4898950363921,13.117421277294078,6.111412512397548,0.3140159843416761,0.07006095082656927,0.0018372661105274801,0.00137794958289561,-0.04534637504390737
2026-01-10 19:05:00+00:00,20.069239181607667,22.464734029535016,17.491449646177927,13.11858723463345,6.08335651524144,-0.009342455961601104,0.13960970031427422,0.0015546097858276653,0.0011659573393725253,-0.02805599715610807
2026-01-10 19:10:00+00:00,19.633770436953068,22.14074743014786,17.108149700612092,12.831112275459073,5.9444218215507805,-0.4354687446545995,-0.3239865993871547,-0.3832999455658346,-0.2874749591743768,-0.13893469369065947
2026-01-10 19:15:00+00:00,19.695071310517605,22.468562814252135,17.168434362056388,12.876325771542291,5.98085323647605,0.061300873564537284,0.327815384104273,0.060284661444296006,0.045213496083217564,0.03643141492526958
2026-01-10 19:20:00+00:00,19.632935112356037,22.66574456388641,17.21944446020156,12.91458334515117,5.989663457402122,-0.06213619816156779,0.19718174963427515,0.051010098145173544,0.03825757360887927,0.008810220926071644
2026-01-10 19:25:00+00:00,19.660053191637317,22.912754481810538,17.26260685093978,12.946955138204837,6.039793197391817,0.02711807928127996,0.24700991792412808,0.04316239073821748,0.032371793053666664,0.05012973998969539
2026-01-10 19:30:00+00:00,19.788859731104417,23.121785996265682,17.29912887387212,12.97434665540409,6.08811284102612,0.1288065394670994,0.20903151445514467,0.03652202293234197,0.027391517199253812,0.04831964363430252
2026-01-10 19:35:00+00:00,19.59209007064495,23.37874150239067,17.330032124045644,12.997524093034231,6.151898004158631,-0.19676966045946642,0.25695550612498863,0.030903250173523134,0.023177437630140574,0.06378516313251126
2026-01-10 19:40:00+00:00,19.50096255389195,23.516009931329787,17.356181028038623,13.017135771028965,6.18482673479549,-0.09112751675300146,0.13726842893911595,0.0261489039929792,0.019611677994733512,0.03292873063685953
2026-01-10 19:45:00+00:00,19.281651780300415,23.63215750911579,17.378307023724986,13.03373026779374,6.211691464810079,-0.21931077359153406,0.11614757778600193,0.022125995686362643,0.016594496764774647,0.026864730014589
2026-01-10 19:50:00+00:00,18.940242633671158,23.730433072692612,17.39702902007499,13.04777176505624,6.231359536451291,-0.3414091466292568,0.09827556357682354,0.018721996350002712,0.014041497262500258,0.019668071641211426
2026-01-10 19:55:00+00:00,18.811398731929593,23.813617406105873,17.412870709294218,13.059653031970665,6.250275794822607,-0.1288439017415648,0.0831843334132607,0.015841689219229238,0.011881266914425481,0.018916258371316275
2026-01-10 20:00:00+00:00,18.850116103920108,23.883972758274982,17.42627521555665,13.069706411667488,6.28101861897361,0.03871737199051495,0.07035535216910915,0.013404506262432392,0.010053379696822518,0.0307428241510026
2026-01-10 20:05:00+00:00,18.769878623314856,23.943531757365825,17.437617490086396,13.078213117564795,6.300098299031461,-0.08023748060525193,0.059558999090842946,0.011342274529745566,0.008506705897307398,0.019079680057851434
2026-01-10 20:10:00+00:00,18.710049271979035,23.993916324284296,17.44721479930387,13.085411099477906,6.3310707685247625,-0.05982935133582146,0.0503845669184706,0.009597309217475924,0.007197981913110496,0.030972469493301347
2026-01-10 20:15:00+00:00,19.157316481864598,24.03655637760502,17.455335599410965,13.091501699558227,6.354699257188931,0.44726720988556323,0.04264005332072429,0.008120800107093373,0.006090600080321806,0.023628488664168223
2026-01-10 20:20:00+00:00,18.898289461999486,24.072702378030336,17.462207045655433,13.096655284241578,6.389166185410308,-0.2590270198651119,0.03614600042531535,0.0068714462444674496,0.005153584683350587,0.0344669282213772
2026-01-10 20:25:00+00:00,18.864985612753443,24.103225862561807,17.46802134632383,13.101016009742873,6.428246105252612,-0.03330384924604246,0.030523484531471468,0.0058143006683977205,0.004360725501294738,0.039079919842303745
2026-01-10 20:30:00+00:00,19.041646481782315,24.12909023204381,17.472941139197086,13.104705854397816,6.462726836656017,0.17666086902887201,0.025864369482004435,0.004919792873256057,0.003689844654942931,0.034480731403405684
2026-01-10 20:35:00+00:00,19.48830543433275,24.150953135432772,17.477104040859075,13.107828030644306,6.494978635581035,0.4466589525504361,0.021862903388960575,0.004162901661988627,0.0031221762464905822,0.03225179892501728
2026-01-10 20:40:00+00:00,19.741358086611186,24.169428357225282,17.480626496111523,13.110469872083643,6.552954154324127,0.2530526522784342,0.018475221792510155,0.0035224552524475428,0.0026418414393365452,0.05797551874309281
2026-01-10 20:45:00+00:00,20.08715877367529,24.185068397270207,17.483607035171286,13.112705276378467,6.601644384094753,0.3458006870641057,0.01564004004492503,0.002980539059763032,0.0022354042948240505,0.048690229770625315
2026-01-10 20:50:00+00:00,20.385337537235213,24.27841823985538,17.48612902976032,13.114596772320242,6.675913053394745,0.2981787635599211,0.09334984258517309,0.002521994589034904,0.0018914959417752897,0.07426866929999232
2026-01-10 20:55:00+00:00,20.63374768801717,24.35741573182831,17.48826302518181,13.116197268886358,6.746922069888068,0.24841015078195738,0.07899749197293104,0.0021339954214880663,0.0016004965661160497,0.07100901649332325
2026-01-10 21:00:00+00:00,20.84499580314196,24.424247153784105,17.49006871361538,13.117551535211533,6.803399634487083,0.21124811512478914,0.0668314219557935,0.0018056884335706513,0.0013542663251744358,0.05647756459901476
2026-01-10 21:05:00+00:00,21.02305894075539,24.48077848875149,17.491596603828395,13.118697452871297,6.83985281979254,0.17806313761343162,0.05653133496738505,0.0015278902130155814,0.0011459176597643506,0.03645318530545705
2026-01-10 21:10:00+00:00,20.688996847001313,23.983745603054484,17.10827404939326,12.831205537044944,6.708354725737106,-0.3340620937540777,-0.4970328856970063,-0.38332255443513574,-0.2874919158263527,-0.13149809405543422
2026-01-10 21:15:00+00:00,20.877034154940716,24.108049757665963,17.168539580255832,12.876404685191877,6.755511467829806,0.18803730793940332,0.12430415461147959,0.0602655308625728,0.045199148146933155,0.04715674209270038
2026-01-10 21:20:00+00:00,20.688818911638755,24.213256603712512,17.219533490985704,12.91465011823928,6.785234284612093,-0.18821524330196127,0.10520684604654917,0.05099391072987203,0.038245433047402244,0.02972281678228672
2026-01-10 21:25:00+00:00,20.886056076435697,24.302292631760398,17.262682184680212,12.947011638510158,6.818214278509372,0.19723716479694176,0.0890360280478859,0.043148693694508466,0.032361520270878685,0.032979993897279236
2026-01-10 21:30:00+00:00,21.088051962725157,24.37760255772356,17.299192617806334,12.97439446335475,6.8341039492725395,0.20199588628945975,0.0753099259631611,0.036510433126121455,0.02738282484459198,0.015889670763167274
2026-01-10 21:35:00+00:00,20.9825545400188,24.441323825177108,17.330086061220744,12.997564545915559,6.843090417091004,-0.10549742270635676,0.06372126745354834,0.030893443414409916,0.023170082560808325,0.008986467818464128
2026-01-10 21:40:00+00:00,20.713794019023535,24.495232272029423,17.35622666718678,13.017170000390088,6.8470658391152295,-0.26876052099526504,0.053908446852314995,0.026140605966038066,0.019605454474529438,0.00397542202422585
2026-01-10 21:45:00+00:00,20.390077272615418,24.540837563512078,17.378345641465735,13.033759231099305,6.865042269720858,-0.32371674640811676,0.04560529148265502,0.022118974278953374,0.016589230709216807,0.01797643060562848
2026-01-10 21:50:00+00:00,20.55765183787059,24.579426656305092,17.397061696624856,13.047796272468643,6.867190322278618,0.16757456525517256,0.038589092793014146,0.018716055159121225,0.014037041369338255,0.0021480525577599607
2026-01-10 21:55:00+00:00,20.773321156337847,24.612080144198778,17.41289835868257,13.05967376901193,6.86053372967235,0.21566931846725623,0.03265348789368616,0.015836662057711948,0.011877496543286625,-0.006656592606267608
2026-01-10 22:00:00+00:00,20.739097049629187,24.639708839963067,17.42629861119294,13.06972395839471,7.076434523397971,-0.03422410670865972,0.027628695764288835,0.013400252510372468,0.010050189382779351,0.21590079372562077
2026-01-10 22:05:00+00:00,20.921974564200877,24.66308696714824,17.437637286394025,13.078227964795524,7.1659693782533616,0.18287751457168966,0.02337812718517185,0.01133867520108467,0.00850400640081439,0.08953485485539048
2026-01-10 22:10:00+00:00,21.08429802323721,24.762996664510048,17.447231550025712,13.085423662519288,7.34099515091475,0.16232345903633316,0.09990969736180944,0.009594263631687028,0.007195697723764383,0.17502577266138886
2026-01-10 22:15:00+00:00,21.103661401693447,24.84753563920081,17.45534977309868,13.091512329824013,7.509688204620173,0.019363378456237257,0.0845389746907621,0.008118223072965947,0.006088667304725348,0.16869305370542254
2026-01-10 22:20:00+00:00,20.850554686456874,24.9190686177853,17.46221903877581,13.096664279081857,7.652428480832454,-0.2531067152365729,0.07153297858448937,0.006869265677131864,0.005151949257843569,0.14274027621228136
2026-01-10 22:25:00+00:00,20.95229438496013,24.979596522741407,17.468031494348764,13.10102362076157,7.773208714550537,0.10173969850325548,0.06052790495610694,0.005812455572954178,0.004359341679712969,0.120780233718083
2026-01-10 22:30:00+00:00,20.613220892119923,25.03081244231965,17.472949725987412,13.10471229449056,7.875407373850454,-0.3390734928402068,0.051215919578243785,0.0049182316386477964,0.0036886737289894,0.10219865929991645
2026-01-10 22:35:00+00:00,20.158695594165348,25.07414898965509,17.477111306604733,13.107833479953548,7.961883162488846,-0.4545252979545751,0.043336547335439235,0.004161580617321192,0.003121185462989118,0.086475788638392
2026-01-10 22:40:00+00:00,19.820783059262645,25.110818375862,17.480632644050157,13.110474483037619,8.035054983644407,-0.3379125349027028,0.03666938620690985,0.003521337445423711,0.002641003084070448,0.07317182115556164
2026-01-10 22:45:00+00:00,19.71185219777172,25.14184631803708,17.48361223727321,13.112709177954908,8.096969601545267,-0.10893086149092568,0.031027942175079204,0.0029795932230527455,0.002234694917289559,0.06191461790085917
2026-01-10 22:50:00+00:00,20.01458910010529,25.087972525518552,17.48613343153887,13.114600073654152,8.122649491905824,0.30273690233357087,-0.05387379251852664,0.0025211942656611086,0.001890895699244055,0.025679890360557067
2026-01-10 22:55:00+00:00,20.114081941417982,25.04238700877211,17.48826674976366,13.116200062322743,8.144378629903219,0.09949284131269209,-0.04558551674644207,0.002133318224789349,0.0015999886685911235,0.021729137997395398
2026-01-10 23:00:00+00:00,20.165411078887043,25.003814648448195,17.490071865184635,13.117553898888476,8.162764823593323,0.05132913746906098,-0.03857236032391498,0.0018051154209750564,0.0013538365657321805,0.018386193690103525
2026-01-10 23:05:00+00:00,20.23870798487573,24.97117649740488,17.491599270540846,13.118699452905634,8.17832237210033,0.07329690598868766,-0.03263815104331513,0.0015274053562102097,0.0011455540171585454,0.015557548507008079
2026-01-10 23:10:00+00:00,18.963271908138292,23.85381601062464,16.723660921226866,12.542745690920151,7.8282385883584,-1.2754360767374386,-1.117360486780239,-0.7679383493139795,-0.5759537619854829,-0.3500837837419306
2026-01-10 23:15:00+00:00,18.77278590107202,23.91797338266757,16.843097702576582,12.632323276932436,7.868552330380895,-0.19048600706627283,0.06415737204292782,0.11943678134971591,0.08957758601228427,0.04031374202249527
2026-01-10 23:20:00+00:00,19.015470749014316,23.972267681310257,16.94415959448788,12.708119695865905,7.902664144568062,0.2426848479422965,0.05429429864268798,0.10106189191129644,0.07579641893346967,0.0341118141871668
2026-01-10 23:25:00+00:00,19.011937540528702,24.09835599009036,17.029673503028203,12.772255127271153,7.958237978072213,-0.0035332084856136703,0.1260883087801048,0.08551390854032448,0.0641354314052478,0.055573833504150905
2026-01-10 23:30:00+00:00,18.900919109022098,24.285160989679706,17.10203142563925,12.826523569229437,8.031970918905468,-0.11101843150660429,0.18680499958934504,0.07235792261104734,0.05426844195828373,0.07373294083325543
2026-01-10 23:35:00+00:00,19.01218574566924,24.443231152520056,17.163257360156287,12.872443020117217,8.09436040309075,0.11126663664714087,0.15807016284034958,0.06122593451703651,0.045919450887780044,0.062389484185281674
2026-01-10 23:40:00+00:00,18.731918644970897,24.57698800935567,17.21506392013224,12.911297940099184,8.147151596155384,-0.2802671006983424,0.133756856835614,0.051806559975954514,0.03885491998196677,0.052791193064633646
2026-01-10 23:45:00+00:00,18.525099521783577,24.69017857630707,17.2589002401119,12.944175180083924,8.191821355548196,-0.20681912318731932,0.11319056695139906,0.043836319979657645,0.03287723998474057,0.04466975939281248
2026-01-10 23:50:00+00:00,18.364884191622405,24.78593388657408,17.295992510863915,12.971994383147935,8.229618405499213,-0.16021533016117218,0.09575531026701256,0.03709227075201582,0.027819203064010978,0.03779704995101696
2026-01-10 23:55:00+00:00,18.437526791801183,24.86695376204879,17.327378278423314,12.995533708817485,8.261600430769183,0.07264260017877788,0.08101987547470912,0.03138576755939937,0.023539325669549527,0.03198202526997029
