timestamp,risk,subsystem,confidence,anomaly,degradation,status,warning,ready
2026-01-01 00:00:00+00:00,0.0,BATTERY,0.0,0.4703893907189289,0.0,NOMINAL,False,False
2026-01-01 00:05:00+00:00,0.0,BATTERY,0.013888888888888888,0.5056414913220991,0.0,NOMINAL,False,False
2026-01-01 00:10:00+00:00,0.0,BATTERY,0.027777777777777776,0.45334814479411,0.0,NOMINAL,False,False
2026-01-01 00:15:00+00:00,0.0,BATTERY,0.041666666666666664,0.5124517311718514,0.0,NOMINAL,False,False
2026-01-01 00:20:00+00:00,0.0,BATTERY,0.05555555555555555,0.49909789911761276,0.0,NOMINAL,False,False
2026-01-01 00:25:00+00:00,0.0,BATTERY,0.06944444444444445,0.4749622472600624,0.0,NOMINAL,False,False
2026-01-01 00:30:00+00:00,0.0,BATTERY,0.08333333333333333,0.5069221317251169,0.0,NOMINAL,False,False
2026-01-01 00:35:00+00:00,0.0,BATTERY,0.09722222222222222,0.5831093900184954,0.0,NOMINAL,False,False
2026-01-01 00:40:00+00:00,0.0,BATTERY,0.1111111111111111,0.5171279023010403,0.0,NOMINAL,False,False
2026-01-01 00:45:00+00:00,0.0,BATTERY,0.125,0.4023179336267535,0.0,NOMINAL,False,False
2026-01-01 00:50:00+00:00,0.0,BATTERY,0.1388888888888889,0.4179763930128115,0.0,NOMINAL,False,False
2026-01-01 00:55:00+00:00,0.0,BATTERY,0.1527777777777778,0.49393314049321674,0.0,NOMINAL,False,False
2026-01-01 01:00:00+00:00,0.0,BATTERY,0.16666666666666666,0.4663011352201089,0.0,NOMINAL,False,False
2026-01-01 01:05:00+00:00,0.0,BATTERY,0.18055555555555555,0.5620255820396916,0.0,NOMINAL,False,False
2026-01-01 01:10:00+00:00,0.0,BATTERY,0.16666666666666666,0.51067112103367,0.0,NOMINAL,False,False
2026-01-01 01:15:00+00:00,0.0,BATTERY,0.20833333333333334,0.4795153803399495,0.0,NOMINAL,False,False
2026-01-01 01:20:00+00:00,0.0,BATTERY,0.2222222222222222,0.571212527120377,0.0,NOMINAL,False,False
2026-01-01 01:25:00+00:00,0.0,BATTERY,0.2361111111111111,0.47679297227047135,0.0,NOMINAL,False,False
2026-01-01 01:30:00+00:00,0.0,BATTERY,0.25,0.4716003092387662,0.0,NOMINAL,False,False
2026-01-01 01:35:00+00:00,0.0,BATTERY,0.2638888888888889,0.5202277980872054,0.0,NOMINAL,False,False
2026-01-01 01:40:00+00:00,0.0,BATTERY,0.2777777777777778,0.48064207404270803,0.0,NOMINAL,False,False
2026-01-01 01:45:00+00:00,0.0,BATTERY,0.2916666666666667,0.5787397545856034,0.0,NOMINAL,False,False
2026-01-01 01:50:00+00:00,0.0,BATTERY,0.3055555555555556,0.3984710758326144,0.0,NOMINAL,False,False
2026-01-01 01:55:00+00:00,0.0,BATTERY,0.3194444444444444,0.05312306811064586,0.0,NOMINAL,False,False
2026-01-01 02:00:00+00:00,0.0,BATTERY,0.3333333333333333,0.22770616049522283,0.0,NOMINAL,False,False
2026-01-01 02:05:00+00:00,0.0,BATTERY,0.3472222222222222,0.023399708047208524,0.0,NOMINAL,False,False
2026-01-01 02:10:00+00:00,0.0,BATTERY,0.3611111111111111,0.0,0.0,NOMINAL,False,False
2026-01-01 02:15:00+00:00,0.0,BATTERY,0.375,0.004799825840399559,0.0,NOMINAL,False,False
2026-01-01 02:20:00+00:00,0.0,BATTERY,0.3888888888888889,0.0,0.0,NOMINAL,False,False
2026-01-01 02:25:00+00:00,0.0,BATTERY,0.4027777777777778,0.030960891261221757,0.0,NOMINAL,False,False
2026-01-01 02:30:00+00:00,0.0,BATTERY,0.4166666666666667,0.11842318739784581,0.0,NOMINAL,False,False
2026-01-01 02:35:00+00:00,0.0,BATTERY,0.4305555555555556,0.029443027354839345,0.0,NOMINAL,False,False
2026-01-01 02:40:00+00:00,0.0,BATTERY,0.4444444444444444,0.0,0.0,NOMINAL,False,False
2026-01-01 02:45:00+00:00,0.0,BATTERY,0.4583333333333333,0.0,0.0,NOMINAL,False,False
2026-01-01 02:50:00+00:00,0.0,BATTERY,0.4722222222222222,0.0,0.0,NOMINAL,False,False
2026-01-01 02:55:00+00:00,0.0,BATTERY,0.4861111111111111,0.07226671121263376,0.0,NOMINAL,False,False
2026-01-01 03:00:00+00:00,0.0,BATTERY,0.5,0.04100330482088667,0.0,NOMINAL,False,False
2026-01-01 03:05:00+00:00,0.0,BATTERY,0.5138888888888888,0.07779339021359678,0.0,NOMINAL,False,False
2026-01-01 03:10:00+00:00,0.0,BATTERY,0.4523809523809524,0.17374012219828464,0.0,NOMINAL,False,False
2026-01-01 03:15:00+00:00,0.0,BATTERY,0.5416666666666666,0.13789250125688501,0.0,NOMINAL,False,False
2026-01-01 03:20:00+00:00,0.0,BATTERY,0.5555555555555556,0.06367593888841237,0.0,NOMINAL,False,False
2026-01-01 03:25:00+00:00,0.0,BATTERY,0.5694444444444444,0.13007087190332586,0.0,NOMINAL,False,False
2026-01-01 03:30:00+00:00,0.0,BATTERY,0.5833333333333334,0.0005937616021751919,0.0,NOMINAL,False,False
2026-01-01 03:35:00+00:00,0.0,BATTERY,0.5972222222222222,0.09777816606653358,0.0,NOMINAL,False,False
2026-01-01 03:40:00+00:00,0.0,BATTERY,0.6111111111111112,0.0,0.0,NOMINAL,False,False
2026-01-01 03:45:00+00:00,0.0,BATTERY,0.625,0.012082584614300906,0.0,NOMINAL,False,False
2026-01-01 03:50:00+00:00,0.0,BATTERY,0.6388888888888888,0.040577885840448,0.0,NOMINAL,False,False
2026-01-01 03:55:00+00:00,0.0,BATTERY,0.6527777777777778,0.07068271381331599,0.0,NOMINAL,False,False
2026-01-01 04:00:00+00:00,0.0,BATTERY,0.6666666666666666,0.08498179204234911,0.0,NOMINAL,False,False
2026-01-01 04:05:00+00:00,0.0,BATTERY,0.6805555555555556,0.0,0.0,NOMINAL,False,False
2026-01-01 04:10:00+00:00,0.0,BATTERY,0.6944444444444444,0.11150132833874128,0.0,NOMINAL,False,False
2026-01-01 04:15:00+00:00,0.0,BATTERY,0.7083333333333334,0.10431537700726984,0.0,NOMINAL,False,False
2026-01-01 04:20:00+00:00,0.0,BATTERY,0.7222222222222222,0.09464544109438065,0.0,NOMINAL,False,False
2026-01-01 04:25:00+00:00,0.0,BATTERY,0.7361111111111112,0.11173217709082198,0.0,NOMINAL,False,False
2026-01-01 04:30:00+00:00,0.0,BATTERY,0.75,0.016682759195675495,0.0,NOMINAL,False,False
2026-01-01 04:35:00+00:00,0.0,BATTERY,0.7638888888888888,0.0,0.0,NOMINAL,False,False
2026-01-01 04:40:00+00:00,0.0,BATTERY,0.7777777777777778,0.05270686462696462,0.0,NOMINAL,False,False
2026-01-01 04:45:00+00:00,0.0,BATTERY,0.7916666666666666,0.08315859575313375,0.0,NOMINAL,False,False
2026-01-01 04:50:00+00:00,0.0,BATTERY,0.8055555555555556,0.09763290400986868,0.0,NOMINAL,False,False
2026-01-01 04:55:00+00:00,0.0,BATTERY,0.8194444444444444,0.18991626153788554,0.0,NOMINAL,False,False
2026-01-01 05:00:00+00:00,0.0,BATTERY,0.8333333333333334,0.0022223409048853972,0.0,NOMINAL,False,False
2026-01-01 05:05:00+00:00,0.0,BATTERY,0.8472222222222222,0.01878211523239293,0.0,NOMINAL,False,False
2026-01-01 05:10:00+00:00,0.0,BATTERY,0.7380952380952381,0.04660068394088143,0.0,NOMINAL,False,False
2026-01-01 05:15:00+00:00,0.0,BATTERY,0.875,0.15007800176204103,0.0,NOMINAL,False,False
2026-01-01 05:20:00+00:00,0.0,BATTERY,0.8888888888888888,0.07874030789605303,0.0,NOMINAL,False,False
2026-01-01 05:25:00+00:00,0.0,BATTERY,0.9027777777777778,0.14816774765446694,0.0,NOMINAL,False,False
2026-01-01 05:30:00+00:00,0.0,BATTERY,0.9166666666666666,0.04644298280189363,0.0,NOMINAL,False,False
2026-01-01 05:35:00+00:00,0.0,BATTERY,0.9305555555555556,0.08714388575258496,0.0,NOMINAL,False,False
2026-01-01 05:40:00+00:00,0.0,BATTERY,0.9444444444444444,0.044596956198273,0.0,NOMINAL,False,False
2026-01-01 05:45:00+00:00,0.0,BATTERY,0.9583333333333334,0.1685572634266352,0.0,NOMINAL,False,False
2026-01-01 05:50:00+00:00,0.0,BATTERY,0.9722222222222222,0.11407691593881067,0.0,NOMINAL,False,False
2026-01-01 05:55:00+00:00,0.0,BATTERY,0.9861111111111112,0.058910435091998045,0.0,NOMINAL,False,False
2026-01-01 06:00:00+00:00,1.0800761076024763,BATTERY,1.0,0.05782791043884152,0.0,NOMINAL,False,True
2026-01-01 06:05:00+00:00,0.9234494400241143,BATTERY,1.0,0.07595796752355091,0.0,NOMINAL,False,True
2026-01-01 06:10:00+00:00,1.3494844580950163,BATTERY,1.0,0.24114595932411562,9.752729467085472e-06,NOMINAL,False,True
2026-01-01 06:15:00+00:00,1.286622601313611,BATTERY,1.0,0.10840028569016542,9.155769311428861e-05,NOMINAL,False,True
2026-01-01 06:20:00+00:00,1.18928588110258,ADCS,1.0,0.13458835002742597,2.1479305379298172e-05,NOMINAL,False,True
2026-01-01 06:25:00+00:00,1.7809361038433251,COMMUNICATIONS,1.0,0.27337953675017096,5.6378218496109295e-05,NOMINAL,False,True
2026-01-01 06:30:00+00:00,2.457920057904543,COMMUNICATIONS,1.0,0.2783523019767765,9.763855944032725e-05,NOMINAL,False,True
2026-01-01 06:35:00+00:00,2.5762602432116926,COMMUNICATIONS,1.0,0.1673323124066653,0.00015173330632612192,NOMINAL,False,True
2026-01-01 06:40:00+00:00,3.180841509873035,COMMUNICATIONS,1.0,0.2971544050542846,0.0002098012870965912,NOMINAL,False,True
2026-01-01 06:45:00+00:00,4.1451739318981,COMMUNICATIONS,1.0,0.4252837551906088,0.0011816911348403172,NOMINAL,False,True
2026-01-01 06:50:00+00:00,4.629486834426371,COMMUNICATIONS,1.0,0.32056842949539516,0.00037732209296586935,NOMINAL,False,True
2026-01-01 06:55:00+00:00,4.230906449234266,COMMUNICATIONS,1.0,0.10295705783055713,0.00010537226613828655,NOMINAL,False,True
2026-01-01 07:00:00+00:00,3.8954312304554404,COMMUNICATIONS,1.0,0.10031639320169979,0.0001926439726885516,NOMINAL,False,True
2026-01-01 07:05:00+00:00,3.4491185708777348,COMMUNICATIONS,1.0,0.045424827302101047,0.00046629930101821745,NOMINAL,False,True
2026-01-01 07:10:00+00:00,3.0094838563716326,COMMUNICATIONS,0.7142857142857143,0.03784962427893377,0.0001696565907321331,NOMINAL,False,True
2026-01-01 07:15:00+00:00,2.771889514503646,COMMUNICATIONS,1.0,0.066268735190731,6.20631927461396e-05,NOMINAL,False,True
2026-01-01 07:20:00+00:00,2.5782926860304185,COMMUNICATIONS,1.0,0.06901942466302723,0.00013467036763189702,NOMINAL,False,True
2026-01-01 07:25:00+00:00,2.233734988236266,COMMUNICATIONS,1.0,0.015472169587629305,0.0002790643904256121,NOMINAL,False,True
2026-01-01 07:30:00+00:00,1.8980332210374984,COMMUNICATIONS,1.0,0.0824914573306362,0.0001521563667412348,NOMINAL,False,True
2026-01-01 07:35:00+00:00,1.6282293919889834,COMMUNICATIONS,1.0,0.10908451120821817,0.0004445211419420108,NOMINAL,False,True
2026-01-01 07:40:00+00:00,1.6999492209036289,COMMUNICATIONS,1.0,0.1417978309774905,0.0005146984867192998,NOMINAL,False,True
2026-01-01 07:45:00+00:00,2.2242089000599066,BATTERY,1.0,0.364990897531835,0.000566103149223771,NOMINAL,False,True
2026-01-01 07:50:00+00:00,2.9601666850078945,BATTERY,1.0,0.3188170330325236,0.0010301543288535977,NOMINAL,False,True
2026-01-01 07:55:00+00:00,3.2009361293969163,BATTERY,1.0,0.20610504565065574,0.0006186436647596707,NOMINAL,False,True
2026-01-01 08:00:00+00:00,3.183730792978688,BATTERY,1.0,0.14049830545031405,0.0005823173753841671,NOMINAL,False,True
2026-01-01 08:05:00+00:00,2.730872155795063,BATTERY,1.0,0.010846034385271519,0.0001074163103967579,NOMINAL,False,True
2026-01-01 08:10:00+00:00,2.311102651704662,BATTERY,1.0,0.0010743499536651983,6.297129181842461e-05,NOMINAL,False,True
2026-01-01 08:15:00+00:00,1.9559608677963387,BATTERY,1.0,0.0036859625994320783,1.402303011481819e-05,NOMINAL,False,True
2026-01-01 08:20:00+00:00,1.7347434075243027,BATTERY,1.0,0.05053238291794611,0.00025472589077288105,NOMINAL,False,True
2026-01-01 08:25:00+00:00,1.4773668794335757,BATTERY,1.0,0.061045228384581804,0.0006344710977502477,NOMINAL,False,True
2026-01-01 08:30:00+00:00,1.4676136568982279,BATTERY,1.0,0.10305384490823231,0.00031187106885554125,NOMINAL,False,True
2026-01-01 08:35:00+00:00,1.2515504258585102,BATTERY,1.0,0.05418150573708136,0.0010824630539386976,NOMINAL,False,True
2026-01-01 08:40:00+00:00,1.064290499201212,BATTERY,1.0,0.034980108665263326,0.0004620570342291922,NOMINAL,False,True
2026-01-01 08:45:00+00:00,1.4881242926608893,BATTERY,1.0,0.17090158434917085,0.0009066910724056129,NOMINAL,False,True
2026-01-01 08:50:00+00:00,1.2650002964572635,BATTERY,1.0,0.0413069145168377,0.0004407163786671038,NOMINAL,False,True
2026-01-01 08:55:00+00:00,1.307124379331292,BATTERY,1.0,0.06921798128742039,0.0009051508704730733,NOMINAL,False,True
2026-01-01 09:00:00+00:00,1.50037104780103,BATTERY,1.0,0.1162554832074737,0.00035838271924331933,NOMINAL,False,True
2026-01-01 09:05:00+00:00,1.8527986224447641,BATTERY,1.0,0.17329483610759638,1.2010650524358617e-05,NOMINAL,False,True
2026-01-01 09:10:00+00:00,2.156287295636317,BATTERY,0.8571428571428571,0.19802104771197163,0.0002179872762696771,NOMINAL,False,True
2026-01-01 09:15:00+00:00,1.9830063135208142,BATTERY,1.0,0.10549263461949206,0.00010637161094733027,NOMINAL,False,True
2026-01-01 09:20:00+00:00,2.3317513154573386,BATTERY,1.0,0.19319682509240538,0.0005366594785215102,NOMINAL,False,True
2026-01-01 09:25:00+00:00,2.384407103941407,BATTERY,1.0,0.21936735901757096,0.0002454907882431605,NOMINAL,False,True
2026-01-01 09:30:00+00:00,2.4459553628065165,BATTERY,1.0,0.1432151008641005,0.00026101566427622004,NOMINAL,False,True
2026-01-01 09:35:00+00:00,2.1550803627265234,BATTERY,1.0,0.10458342684678767,6.480326024056991e-05,NOMINAL,False,True
2026-01-01 09:40:00+00:00,2.051550297058748,BATTERY,1.0,0.08035953446711126,0.0003341095132641614,NOMINAL,False,True
2026-01-01 09:45:00+00:00,2.4901966556937163,BATTERY,1.0,0.22085564722821094,0.00016920491034035993,NOMINAL,False,True
2026-01-01 09:50:00+00:00,3.1748746560394605,BATTERY,1.0,0.3029268036854781,0.0003601501731736372,NOMINAL,False,True
2026-01-01 09:55:00+00:00,2.873245838287768,BATTERY,1.0,0.15216576738658888,0.00013310871467753392,NOMINAL,False,True
2026-01-01 10:00:00+00:00,3.074146674427927,PROPULSION,1.0,0.3460990482799791,0.00027074384551573435,NOMINAL,False,True
2026-01-01 10:05:00+00:00,3.0636491651901805,BATTERY,1.0,0.15059801884688903,0.0005770549357627778,NOMINAL,False,True
2026-01-01 10:10:00+00:00,3.240614037938956,BATTERY,1.0,0.1828443770435677,0.00017603438085331946,NOMINAL,False,True
2026-01-01 10:15:00+00:00,3.0785394959458534,THERMAL,1.0,0.2471596073187167,0.00013690532553208343,NOMINAL,False,True
2026-01-01 10:20:00+00:00,3.2098123500462097,THERMAL,1.0,0.1708516747427118,3.699691733916605e-05,NOMINAL,False,True
2026-01-01 10:25:00+00:00,3.111123061219665,BATTERY,1.0,0.19749791204865322,3.849867052926557e-05,NOMINAL,False,True
2026-01-01 10:30:00+00:00,2.6650105708676053,BATTERY,1.0,0.009435674814137531,3.478438612552032e-05,NOMINAL,False,True
2026-01-01 10:35:00+00:00,2.641195180460604,BATTERY,1.0,0.11164900929673423,3.0882247451947496e-05,NOMINAL,False,True
2026-01-01 10:40:00+00:00,2.807932013048444,PROPULSION,1.0,0.20934699098097578,0.00014977358922492261,NOMINAL,False,True
2026-01-01 10:45:00+00:00,2.863087446674969,PROPULSION,1.0,0.13512102178563462,4.51273012547375e-06,NOMINAL,False,True
2026-01-01 10:50:00+00:00,2.7358922839597897,PROPULSION,1.0,0.09144663328734252,2.4665049731355524e-05,NOMINAL,False,True
2026-01-01 10:55:00+00:00,3.8837079865987856,PROPULSION,1.0,0.5132306074357174,3.6655722847056524e-05,NOMINAL,False,True
2026-01-01 11:00:00+00:00,4.268657878838307,PROPULSION,1.0,0.2818328664456661,0.00011195472203190412,NOMINAL,False,True
2026-01-01 11:05:00+00:00,4.521175134722584,PROPULSION,1.0,0.25842620569738484,2.5090851530704756e-05,NOMINAL,False,True
2026-01-01 11:10:00+00:00,4.68705297713362,PROPULSION,0.8571428571428571,0.28495448658814115,3.679554359330872e-06,NOMINAL,False,True
2026-01-01 11:15:00+00:00,4.535510247874251,PROPULSION,1.0,0.18242769071558176,0.0,NOMINAL,False,True
2026-01-01 11:20:00+00:00,4.174469491798993,PROPULSION,1.0,0.1112515367693692,0.0,NOMINAL,False,True
2026-01-01 11:25:00+00:00,3.539016679146053,PROPULSION,1.0,0.04552034943470061,0.0,NOMINAL,False,True
2026-01-01 11:30:00+00:00,3.000226310862131,PROPULSION,1.0,0.03011320545398561,0.0,NOMINAL,False,True
2026-01-01 11:35:00+00:00,2.5403664225663714,PROPULSION,1.0,0.017728861254243444,7.363324189542135e-05,NOMINAL,False,True
2026-01-01 11:40:00+00:00,2.6067064040629417,PROPULSION,1.0,0.13457146581120424,2.2124961662936183e-05,NOMINAL,False,True
2026-01-01 11:45:00+00:00,2.211048254701779,PROPULSION,1.0,0.05567884594750255,0.00011219592213119618,NOMINAL,False,True
2026-01-01 11:50:00+00:00,1.8751655930974231,PROPULSION,1.0,0.044393031976799766,4.883718533805313e-05,NOMINAL,False,True
2026-01-01 11:55:00+00:00,1.5945526741179574,PROPULSION,1.0,0.0818905915694333,0.0,NOMINAL,False,True
2026-01-01 12:00:00+00:00,1.3646947172249868,PROPULSION,1.0,0.08831770889887919,2.663398195895391e-05,NOMINAL,False,True
2026-01-01 12:05:00+00:00,1.1547604820815578,PROPULSION,1.0,0.0,0.0001067382231337465,NOMINAL,False,True
2026-01-01 12:10:00+00:00,0.9880025217857518,PROPULSION,1.0,0.1132363651189696,5.3386109669406064e-05,NOMINAL,False,True
2026-01-01 12:15:00+00:00,1.4400695805604504,BATTERY,1.0,0.19814912253223288,6.033383994592102e-06,NOMINAL,False,True
2026-01-01 12:20:00+00:00,1.2268107777268096,BATTERY,1.0,0.08621977942685417,0.0,NOMINAL,False,True
2026-01-01 12:25:00+00:00,1.038070658076531,BATTERY,1.0,0.0,0.0,NOMINAL,False,True
2026-01-01 12:30:00+00:00,0.878367479910911,BATTERY,1.0,0.0,0.0,NOMINAL,False,True
2026-01-01 12:35:00+00:00,0.7553454779433421,BATTERY,1.0,0.12156509297782633,0.0,NOMINAL,False,True
2026-01-01 12:40:00+00:00,0.6391384813366741,BATTERY,1.0,0.0,0.0,NOMINAL,False,True
2026-01-01 12:45:00+00:00,1.7882303765555596,COMMUNICATIONS,1.0,0.4031222747172899,1.1889062352251836e-05,NOMINAL,False,True
2026-01-01 12:50:00+00:00,1.8667593932171112,COMMUNICATIONS,1.0,0.10366353995281825,6.345578101155495e-06,NOMINAL,False,True
2026-01-01 12:55:00+00:00,1.7266648620848377,COMMUNICATIONS,1.0,0.12155352007568747,0.0,NOMINAL,False,True
2026-01-01 13:00:00+00:00,1.5413181617587517,COMMUNICATIONS,1.0,0.05587790675263277,0.0,NOMINAL,False,True
2026-01-01 13:05:00+00:00,1.3755749375294175,COMMUNICATIONS,1.0,0.18559290097640826,0.0,NOMINAL,False,True
2026-01-01 13:10:00+00:00,1.3818022250617834,ADCS,0.8571428571428571,0.1462778193298764,0.0,NOMINAL,False,True
2026-01-01 13:15:00+00:00,1.3104819151966607,ADCS,1.0,0.0897900078709491,0.0,NOMINAL,False,True
2026-01-01 13:20:00+00:00,1.347277203241288,ADCS,1.0,0.07010112767067084,0.0,NOMINAL,False,True
2026-01-01 13:25:00+00:00,1.176104582577759,ADCS,1.0,0.10183817497074175,0.0,NOMINAL,False,True
2026-01-01 13:30:00+00:00,1.2669345168833734,THERMAL,1.0,0.1475119129407133,0.0,NOMINAL,False,True
2026-01-01 13:35:00+00:00,1.9582916347175279,THERMAL,1.0,0.25609160820897453,0.0,NOMINAL,False,True
2026-01-01 13:40:00+00:00,1.9424272270353775,THERMAL,1.0,0.0794222636696869,9.97119216839179e-05,NOMINAL,False,True
2026-01-01 13:45:00+00:00,1.9825933243852212,THERMAL,1.0,0.09519192240686543,0.00025281947430780467,NOMINAL,False,True
2026-01-01 13:50:00+00:00,3.0157102477585758,THERMAL,1.0,0.38305855469219124,0.00038929917851044895,NOMINAL,False,True
2026-01-01 13:55:00+00:00,3.324391599662924,THERMAL,1.0,0.22627070410938485,0.00011390612817944811,NOMINAL,False,True
2026-01-01 14:00:00+00:00,3.42353200932707,THERMAL,1.0,0.2035852776578006,0.0,NOMINAL,False,True
2026-01-01 14:05:00+00:00,3.0694204176209983,THERMAL,1.0,0.1578024899079762,0.0,NOMINAL,False,True
2026-01-01 14:10:00+00:00,3.306878514223797,PROPULSION,1.0,0.22307233424507028,0.0,NOMINAL,False,True
2026-01-01 14:15:00+00:00,3.979118545520157,PROPULSION,1.0,0.3379068833272077,0.0001635103394977584,NOMINAL,False,True
2026-01-01 14:20:00+00:00,4.276517983383728,PROPULSION,1.0,0.26333489710719804,3.0197884792862484e-05,NOMINAL,False,True
2026-01-01 14:25:00+00:00,3.884173522889711,PROPULSION,1.0,0.3212120792712285,3.879119275920042e-05,NOMINAL,False,True
2026-01-01 14:30:00+00:00,3.7318365340934365,PROPULSION,1.0,0.16809008245445559,5.157456939773355e-05,NOMINAL,False,True
2026-01-01 14:35:00+00:00,3.279338257366197,PROPULSION,1.0,0.12182561495060017,2.165859277173223e-05,NOMINAL,False,True
2026-01-01 14:40:00+00:00,2.941386269461381,PROPULSION,1.0,0.138306336206948,7.649197724790185e-06,NOMINAL,False,True
2026-01-01 14:45:00+00:00,2.6598394354361647,PROPULSION,1.0,0.1920899675828556,0.0001234349429406981,NOMINAL,False,True
2026-01-01 14:50:00+00:00,2.6691486766606896,PROPULSION,1.0,0.25498676268487847,0.00037333027456154386,NOMINAL,False,True
2026-01-01 14:55:00+00:00,2.811729025066643,PROPULSION,1.0,0.1544294897075824,0.000348925129189623,NOMINAL,False,True
2026-01-01 15:00:00+00:00,2.3941248372940085,PROPULSION,1.0,0.09861266585258832,5.706467076338815e-05,NOMINAL,False,True
2026-01-01 15:05:00+00:00,2.3429762456534995,POWER,1.0,0.1848621274161584,5.751498688773536e-05,NOMINAL,False,True
2026-01-01 15:10:00+00:00,1.9904761947755445,POWER,0.7142857142857143,0.10321068597716283,0.0,NOMINAL,False,True
2026-01-01 15:15:00+00:00,2.544331096567575,COMMUNICATIONS,1.0,0.27064896863402416,6.089049046744268e-05,NOMINAL,False,True
2026-01-01 15:20:00+00:00,2.5774009804006366,COMMUNICATIONS,1.0,0.1213664404823214,0.00014453822408446078,NOMINAL,False,True
2026-01-01 15:25:00+00:00,2.5136850482982562,COMMUNICATIONS,1.0,0.09850185746305612,6.127543835978329e-05,NOMINAL,False,True
2026-01-01 15:30:00+00:00,2.5572780893580043,COMMUNICATIONS,1.0,0.1268419990745503,0.00030318300939215155,NOMINAL,False,True
2026-01-01 15:35:00+00:00,2.503801653392809,COMMUNICATIONS,1.0,0.09715788987840228,4.045995298233024e-05,NOMINAL,False,True
2026-01-01 15:40:00+00:00,2.5743701073111755,COMMUNICATIONS,1.0,0.1530576346535073,0.0,NOMINAL,False,True
2026-01-01 15:45:00+00:00,2.945561604490537,COMMUNICATIONS,1.0,0.2270547722240847,0.0,NOMINAL,False,True
2026-01-01 15:50:00+00:00,2.5161262506496156,COMMUNICATIONS,1.0,0.19984905329300778,3.0892569308528287e-05,NOMINAL,False,True
2026-01-01 15:55:00+00:00,2.136561346899998,COMMUNICATIONS,1.0,0.038421451933401386,3.831834153493162e-06,NOMINAL,False,True
2026-01-01 16:00:00+00:00,1.85215558891534,COMMUNICATIONS,1.0,0.20593097296762858,7.333324271631913e-05,NOMINAL,False,True
2026-01-01 16:05:00+00:00,1.8050590172155627,ADCS,1.0,0.1200069566700362,7.940527986996981e-05,NOMINAL,False,True
2026-01-01 16:10:00+00:00,2.0816880534075546,POWER,1.0,0.18563031156953486,1.438565151877986e-05,NOMINAL,False,True
2026-01-01 16:15:00+00:00,2.0597592154570243,ADCS,1.0,0.12560168391691676,1.7983873584486593e-05,NOMINAL,False,True
2026-01-01 16:20:00+00:00,2.233953938768156,ADCS,1.0,0.14250650462455974,0.00011110319000441555,NOMINAL,False,True
2026-01-01 16:25:00+00:00,2.5243533799229816,ADCS,1.0,0.18653611455263183,0.00055176372119897,NOMINAL,False,True
2026-01-01 16:30:00+00:00,2.86666920449435,ADCS,1.0,0.21409474833881562,0.00032111570146300977,NOMINAL,False,True
2026-01-01 16:35:00+00:00,2.723951215763303,ADCS,1.0,0.13424039925295664,0.00013804354720571468,NOMINAL,False,True
2026-01-01 16:40:00+00:00,2.306133288255715,ADCS,1.0,0.0,0.0003029091732360236,NOMINAL,False,True
2026-01-01 16:45:00+00:00,1.9896960556646945,ADCS,1.0,0.014835193919761793,9.063244036252452e-05,NOMINAL,False,True
2026-01-01 16:50:00+00:00,2.197130085165276,ADCS,1.0,0.15199279745666985,0.0004899089136420669,NOMINAL,False,True
2026-01-01 16:55:00+00:00,1.860100908611632,ADCS,1.0,0.003765618237787682,0.0001513915244648755,NOMINAL,False,True
2026-01-01 17:00:00+00:00,2.076226274486471,ADCS,1.0,0.14522760897073048,3.944182709435578e-05,NOMINAL,False,True
2026-01-01 17:05:00+00:00,2.438366385304847,ADCS,1.0,0.2004007159078749,1.528655376688215e-05,NOMINAL,False,True
2026-01-01 17:10:00+00:00,2.492508995165227,ADCS,0.8571428571428571,0.1450316252285585,3.063767240112678e-05,NOMINAL,False,True
2026-01-01 17:15:00+00:00,2.1451983892576014,ADCS,1.0,0.2267498781391975,0.00023691128466067735,NOMINAL,False,True
2026-01-01 17:20:00+00:00,2.30849603707071,ADCS,1.0,0.14333744424385422,0.00014023056786312266,NOMINAL,False,True
2026-01-01 17:25:00+00:00,2.125210652441182,ADCS,1.0,0.07725404004431755,0.00025276807834855356,NOMINAL,False,True
2026-01-01 17:30:00+00:00,2.539574553254471,ADCS,1.0,0.21302347783351092,0.0,NOMINAL,False,True
2026-01-01 17:35:00+00:00,2.952419459114756,ADCS,1.0,0.23479215862654787,0.0,NOMINAL,False,True
2026-01-01 17:40:00+00:00,2.802033176326437,ADCS,1.0,0.09016989745580295,9.073657149290987e-05,NOMINAL,False,True
2026-01-01 17:45:00+00:00,2.7104191830663207,ADCS,1.0,0.21046459476447427,3.589271931242536e-05,NOMINAL,False,True
2026-01-01 17:50:00+00:00,3.5009340607851693,ADCS,1.0,0.35788922947193547,5.304412236045695e-05,NOMINAL,False,True
2026-01-01 17:55:00+00:00,3.2687403826933763,ADCS,1.0,0.08904549719902327,0.0,NOMINAL,False,True
2026-01-01 18:00:00+00:00,2.77348433304953,ADCS,1.0,0.0738981797741554,0.0,NOMINAL,False,True
2026-01-01 18:05:00+00:00,2.5143554638146415,ADCS,1.0,0.06326870118034539,2.5201604147745487e-05,NOMINAL,False,True
2026-01-01 18:10:00+00:00,2.1293049124371546,ADCS,1.0,0.004456827980709059,3.9149429994691425e-05,NOMINAL,False,True
2026-01-01 18:15:00+00:00,1.828479067989857,ADCS,1.0,0.170917935968946,1.41442889973326e-05,NOMINAL,False,True
2026-01-01 18:20:00+00:00,1.556835387738257,ADCS,1.0,0.07285282339905916,2.9690543428145804e-05,NOMINAL,False,True
2026-01-01 18:25:00+00:00,1.3271758496797579,ADCS,1.0,0.10247742457281864,0.0,NOMINAL,False,True
2026-01-01 18:30:00+00:00,1.1966117623166252,PROPULSION,1.0,0.0962183274707462,0.0,NOMINAL,False,True
2026-01-01 18:35:00+00:00,1.0378377641229282,PROPULSION,1.0,0.046175392793052106,0.0,NOMINAL,False,True
2026-01-01 18:40:00+00:00,0.878170415796324,PROPULSION,1.0,0.0,0.0,NOMINAL,False,True
2026-01-01 18:45:00+00:00,1.4248116226055738,PROPULSION,1.0,0.20673694557749706,0.0,NOMINAL,False,True
2026-01-01 18:50:00+00:00,1.2122140599872069,PROPULSION,1.0,0.04063271495880883,7.122134591985617e-06,NOMINAL,False,True
2026-01-01 18:55:00+00:00,2.413687237228525,POWER,1.0,0.47480337566625497,1.4392336614133301e-05,NOMINAL,False,True
2026-01-01 19:00:00+00:00,2.361066429061241,POWER,1.0,0.09272751910621163,1.4567428645827832e-05,NOMINAL,False,True
2026-01-01 19:05:00+00:00,2.0309506058142808,POWER,1.0,0.03618196635388242,3.8592281264486595e-05,NOMINAL,False,True
2026-01-01 19:10:00+00:00,1.7401143981468203,POWER,0.8571428571428571,0.16490736002517262,8.314446338930539e-05,NOMINAL,False,True
2026-01-01 19:15:00+00:00,1.775824309191331,THERMAL,1.0,0.27363216785968997,0.00012530924969238115,NOMINAL,False,True
2026-01-01 19:20:00+00:00,2.2026085728210893,THERMAL,1.0,0.20417377905458392,0.00017775754115688912,NOMINAL,False,True
2026-01-01 19:25:00+00:00,2.8597087876338168,THERMAL,1.0,0.28439619935977245,0.000754441229325918,NOMINAL,False,True
2026-01-01 19:30:00+00:00,3.338839166747165,THERMAL,1.0,0.2724600270258817,0.0007125617118976665,NOMINAL,False,True
2026-01-01 19:35:00+00:00,3.1340974603318807,THERMAL,1.0,0.1024615423487273,0.0002795691565285426,NOMINAL,False,True
2026-01-01 19:40:00+00:00,3.681802538634765,THERMAL,1.0,0.29220140385104376,0.0007379420305939499,NOMINAL,False,True
2026-01-01 19:45:00+00:00,4.155626637455671,THERMAL,1.0,0.30111582774065626,0.0006140075854773515,NOMINAL,False,True
2026-01-01 19:50:00+00:00,3.9045522397292647,THERMAL,1.0,0.11281503523068666,0.00019988119540379596,NOMINAL,False,True
2026-01-01 19:55:00+00:00,3.930140838810596,THERMAL,1.0,0.1840265797386842,0.0003099944259926345,NOMINAL,False,True
2026-01-01 20:00:00+00:00,4.056070264420676,THERMAL,1.0,0.20798861007111955,0.00036759801786434695,NOMINAL,False,True
2026-01-01 20:05:00+00:00,4.657107374984998,THERMAL,1.0,0.3639270562885827,0.0001266680645099049,NOMINAL,False,True
2026-01-01 20:10:00+00:00,4.738112246366438,THERMAL,1.0,0.23304905917012445,9.979002725176965e-05,NOMINAL,False,True
2026-01-01 20:15:00+00:00,4.779432157303401,THERMAL,1.0,0.22042579994603576,1.5694497726906215e-05,NOMINAL,False,True
2026-01-01 20:20:00+00:00,4.4299476371736075,THERMAL,1.0,0.11223341356097101,4.131356122434752e-05,NOMINAL,False,True
2026-01-01 20:25:00+00:00,4.17932938250949,THERMAL,1.0,0.2351592754661405,1.5067813647329384e-05,NOMINAL,False,True
2026-01-01 20:30:00+00:00,3.9724553731283194,THERMAL,1.0,0.2298809153145795,0.0,NOMINAL,False,True
2026-01-01 20:35:00+00:00,4.368775014113477,THERMAL,1.0,0.28786915516113615,0.0,NOMINAL,False,True
2026-01-01 20:40:00+00:00,3.9341499430949627,THERMAL,1.0,0.24405019850830598,1.3126652328538787e-05,NOMINAL,False,True
2026-01-01 20:45:00+00:00,4.567493532877073,THERMAL,1.0,0.4098106335353323,8.648462083379974e-05,NOMINAL,False,True
2026-01-01 20:50:00+00:00,3.9136088814054095,THERMAL,1.0,0.3137092234139371,1.6968317851461938e-05,NOMINAL,False,True
2026-01-01 20:55:00+00:00,4.749851308229535,ADCS,1.0,0.43585876901783605,0.0,NOMINAL,False,True
2026-01-01 21:00:00+00:00,4.835339196657419,ADCS,1.0,0.2284648518532145,2.642875247446311e-05,NOMINAL,False,True
2026-01-01 21:05:00+00:00,4.8558957500308555,ADCS,1.0,0.27592095596439203,8.892388493170227e-05,NOMINAL,False,True
2026-01-01 21:10:00+00:00,5.223484614444072,ADCS,0.8571428571428571,0.3636078463786072,0.00035248268608312547,NOMINAL,False,True
2026-01-01 21:15:00+00:00,6.304776382882515,ADCS,1.0,0.5514278876822647,0.0001023998258192494,NOMINAL,False,True
2026-01-01 21:20:00+00:00,6.897464110870453,ADCS,1.0,0.44787747382080473,0.0007675744764614257,NOMINAL,False,True
2026-01-01 21:25:00+00:00,7.691537863315628,ADCS,1.0,0.5377122891270352,0.00045651187639595314,NOMINAL,False,True
2026-01-01 21:30:00+00:00,7.4385253282535135,ADCS,1.0,0.26591952296975746,0.00014397082914087964,NOMINAL,False,True
2026-01-01 21:35:00+00:00,7.043980962533116,ADCS,1.0,0.27070607935551655,0.0002429398251727084,NOMINAL,False,True
2026-01-01 21:40:00+00:00,6.507081597528585,ADCS,1.0,0.22780437367507309,3.206302481466662e-05,NOMINAL,False,True
2026-01-01 21:45:00+00:00,5.577470336104066,ADCS,1.0,0.37016595571961,1.1404844279992933e-06,NOMINAL,False,True
2026-01-01 21:50:00+00:00,4.975961885445062,ADCS,1.0,0.2408092543916773,8.654215991897983e-05,NOMINAL,False,True
2026-01-01 21:55:00+00:00,4.658720146453491,PROPULSION,1.0,0.2939854897683121,2.5342837854851392e-05,NOMINAL,False,True
2026-01-01 22:00:00+00:00,5.105399839846466,PROPULSION,1.0,0.3354492956127402,3.734357990937768e-05,NOMINAL,False,True
2026-01-01 22:05:00+00:00,4.958940658329726,PROPULSION,1.0,0.18255552707048195,1.9403691997223934e-05,NOMINAL,False,True
2026-01-01 22:10:00+00:00,4.583276618405666,PROPULSION,1.0,0.14618076511528827,0.00011151471557256112,NOMINAL,False,True
2026-01-01 22:15:00+00:00,4.314987224078179,PROPULSION,1.0,0.12342565349240263,1.6687105217751485e-05,NOMINAL,False,True
2026-01-01 22:20:00+00:00,3.784641426183317,PROPULSION,1.0,0.19659455565602502,0.0001796581900511563,NOMINAL,False,True
2026-01-01 22:25:00+00:00,4.1923808626248915,PROPULSION,1.0,0.28568556790923477,0.00030395207010567747,NOMINAL,False,True
2026-01-01 22:30:00+00:00,3.6918274244645315,PROPULSION,1.0,0.045850185070641473,1.8674373592406845e-05,NOMINAL,False,True
2026-01-01 22:35:00+00:00,3.154165516349524,PROPULSION,1.0,0.24421010211542063,0.00022864527575978873,NOMINAL,False,True
2026-01-01 22:40:00+00:00,2.696831970038488,PROPULSION,1.0,0.15408490408429856,0.0004767050499584826,NOMINAL,False,True
2026-01-01 22:45:00+00:00,2.9315956374067595,BATTERY,1.0,0.20149608438961258,0.0005695870791463158,NOMINAL,False,True
2026-01-01 22:50:00+00:00,2.4886606955335653,BATTERY,1.0,0.06537409591915917,0.0003779382563093638,NOMINAL,False,True
2026-01-01 22:55:00+00:00,2.547621319627509,BATTERY,1.0,0.13084715241017364,0.000650197863918291,NOMINAL,False,True
2026-01-01 23:00:00+00:00,2.566826305694795,BATTERY,1.0,0.16728326322787124,0.0006067432436768023,NOMINAL,False,True
2026-01-01 23:05:00+00:00,2.4201245186750073,BATTERY,1.0,0.11262021571719574,0.0006602043774523321,NOMINAL,False,True
2026-01-01 23:10:00+00:00,2.052790528644185,BATTERY,0.7142857142857143,0.06665045921506915,0.0007195034761116764,NOMINAL,False,True
2026-01-01 23:15:00+00:00,1.738482287572083,BATTERY,1.0,0.01481217923414208,0.0006888622578870926,NOMINAL,False,True
2026-01-01 23:20:00+00:00,1.4975922795158598,BATTERY,1.0,0.10560676649491198,0.0003027081114579135,NOMINAL,False,True
2026-01-01 23:25:00+00:00,1.2672111505680665,BATTERY,1.0,0.0,0.00015038115599110246,NOMINAL,False,True
2026-01-01 23:30:00+00:00,1.0785765015808981,BATTERY,1.0,0.06546657574447942,0.00022095824480616348,NOMINAL,False,True
2026-01-01 23:35:00+00:00,1.1678411265066917,BATTERY,1.0,0.07582431900148337,0.0001823219926751843,NOMINAL,False,True
2026-01-01 23:40:00+00:00,0.9943368759420081,BATTERY,1.0,0.06404281627877535,4.795250796091167e-05,NOMINAL,False,True
2026-01-01 23:45:00+00:00,1.4112671197797073,BATTERY,1.0,0.16788084956416127,4.09123911886388e-05,NOMINAL,False,True
2026-01-01 23:50:00+00:00,1.7451806040520736,BATTERY,1.0,0.16121522887158013,1.4879807485023814e-05,NOMINAL,False,True
2026-01-01 23:55:00+00:00,1.4903674025400873,BATTERY,1.0,0.14216362341353647,5.556057169867694e-05,NOMINAL,False,True
2026-01-02 00:00:00+00:00,1.4815264847885472,BATTERY,1.0,0.06305971113717397,8.808892852850335e-05,NOMINAL,False,True
2026-01-02 00:05:00+00:00,2.573265926343294,BATTERY,1.0,0.3853693039519134,0.00011312262715310224,NOMINAL,False,True
2026-01-02 00:10:00+00:00,2.903729803229486,BATTERY,1.0,0.21212970967267444,5.278987513410826e-05,NOMINAL,False,True
2026-01-02 00:15:00+00:00,2.8963661903408457,BATTERY,1.0,0.12979136325335475,0.00017833018977725108,NOMINAL,False,True
2026-01-02 00:20:00+00:00,3.2651752376099665,BATTERY,1.0,0.238587627066442,0.0002678946264607948,NOMINAL,False,True
2026-01-02 00:25:00+00:00,3.9930818248143747,BATTERY,1.0,0.3607554455726781,0.00010099547244187137,NOMINAL,False,True
2026-01-02 00:30:00+00:00,4.329297482386792,BATTERY,1.0,0.2777284655887375,0.00020605723656750888,NOMINAL,False,True
2026-01-02 00:35:00+00:00,4.355640325113118,BATTERY,1.0,0.2049894831716312,0.0001450736246205906,NOMINAL,False,True
2026-01-02 00:40:00+00:00,3.691164182893152,BATTERY,1.0,0.04408468267460139,0.00022005793185184957,NOMINAL,False,True
2026-01-02 00:45:00+00:00,3.37758316698526,BATTERY,1.0,0.07445987455733183,0.0002468136366288964,NOMINAL,False,True
2026-01-02 00:50:00+00:00,2.8604454585142243,BATTERY,1.0,0.016161068751270664,0.00017505097594654393,NOMINAL,False,True
2026-01-02 00:55:00+00:00,2.4249059374367663,BATTERY,1.0,0.04710171441719753,0.0,NOMINAL,False,True
2026-01-02 01:00:00+00:00,2.0557464904663116,BATTERY,1.0,0.040591251406100204,0.0,NOMINAL,False,True
2026-01-02 01:05:00+00:00,1.7482299128479348,BATTERY,1.0,0.09102197751497922,0.0,NOMINAL,False,True
2026-01-02 01:10:00+00:00,2.2719626531803128,BATTERY,0.8571428571428571,0.2735102828867173,0.0,NOMINAL,False,True
2026-01-02 01:15:00+00:00,2.182400738467751,BATTERY,1.0,0.07363835903184962,0.0,NOMINAL,False,True
2026-01-02 01:20:00+00:00,2.3007674766432724,BATTERY,1.0,0.13120204639056982,0.0,NOMINAL,False,True
2026-01-02 01:25:00+00:00,2.319227571392468,BATTERY,1.0,0.10557077888539014,0.0,NOMINAL,False,True
2026-01-02 01:30:00+00:00,2.828449521748217,BATTERY,1.0,0.2542801399270222,0.0,NOMINAL,False,True
2026-01-02 01:35:00+00:00,2.479674220074128,BATTERY,1.0,0.06782767711351703,7.839116437071095e-05,NOMINAL,False,True
2026-01-02 01:40:00+00:00,2.106216878143818,BATTERY,1.0,0.04628452518864229,0.0,NOMINAL,False,True
2026-01-02 01:45:00+00:00,1.8428760543817213,BATTERY,1.0,0.29902219324126916,2.5115425072592054e-05,NOMINAL,False,True
2026-01-02 01:50:00+00:00,1.7215918514519348,THERMAL,1.0,0.13294012128819563,7.607609367772795e-06,NOMINAL,False,True
2026-01-02 01:55:00+00:00,1.8122809043736734,THERMAL,1.0,0.10431162792720004,0.00020315678574599823,NOMINAL,False,True
2026-01-02 02:00:00+00:00,1.8711482291471047,THERMAL,1.0,0.09528970528409995,0.00018417453704228405,NOMINAL,False,True
2026-01-02 02:05:00+00:00,1.8512858570969983,THERMAL,1.0,0.22191724711786162,0.00031845101655320627,NOMINAL,False,True
2026-01-02 02:10:00+00:00,1.7978226255024723,THERMAL,1.0,0.10075018432470081,0.0003860537839908168,NOMINAL,False,True
2026-01-02 02:15:00+00:00,1.8036516068417345,PROPULSION,1.0,0.13908796253490288,0.0008332644071651029,NOMINAL,False,True
2026-01-02 02:20:00+00:00,1.915912346067238,THERMAL,1.0,0.12367442307031333,0.00037883774140880233,NOMINAL,False,True
2026-01-02 02:25:00+00:00,1.6384560817664962,THERMAL,1.0,0.07466164434036511,0.0006163527713931022,NOMINAL,False,True
2026-01-02 02:30:00+00:00,1.7579859804973852,THERMAL,1.0,0.10380353404604942,0.00040123677008962663,NOMINAL,False,True
2026-01-02 02:35:00+00:00,2.3023839029671804,PROPULSION,1.0,0.25426458405279795,0.0002873682207939538,NOMINAL,False,True
2026-01-02 02:40:00+00:00,2.123338323683385,PROPULSION,1.0,0.05199098875076529,0.00035178347959050987,NOMINAL,False,True
2026-01-02 02:45:00+00:00,2.6287611896975522,PROPULSION,1.0,0.2444656146337101,0.0007532778406666717,NOMINAL,False,True
2026-01-02 02:50:00+00:00,2.4441729616634205,PROPULSION,1.0,0.06528030268720442,0.00027176879434378636,NOMINAL,False,True
2026-01-02 02:55:00+00:00,2.358578632886292,PROPULSION,1.0,0.0861634622072777,0.00015466193856498122,NOMINAL,False,True
2026-01-02 03:00:00+00:00,2.364510025858808,PROPULSION,1.0,0.10856323650527253,4.268811715315668e-05,NOMINAL,False,True
2026-01-02 03:05:00+00:00,2.100505369069618,PROPULSION,1.0,0.196503628307696,2.6871812531601695e-05,NOMINAL,False,True
2026-01-02 03:10:00+00:00,1.7906326909538008,PROPULSION,0.8571428571428571,0.11259527156756718,0.00011504607532111559,NOMINAL,False,True
2026-01-02 03:15:00+00:00,1.8916543984563208,BATTERY,1.0,0.28071317159653764,0.0005821876601247893,NOMINAL,False,True
2026-01-02 03:20:00+00:00,1.9945980918008495,BATTERY,1.0,0.10995178793547249,0.0001718279617147512,NOMINAL,False,True
2026-01-02 03:25:00+00:00,2.3555197588889847,BATTERY,1.0,0.305969808839587,1.646573933888737e-05,NOMINAL,False,True
2026-01-02 03:30:00+00:00,2.4927310417861497,ADCS,1.0,0.34573917944932836,2.557996157852673e-05,NOMINAL,False,True
2026-01-02 03:35:00+00:00,3.4362842484606073,ADCS,1.0,0.38533461304798056,2.6116129841224007e-05,NOMINAL,False,True
2026-01-02 03:40:00+00:00,3.6319946269699517,ADCS,1.0,0.22460701601038763,5.7205172686606875e-05,NOMINAL,False,True
2026-01-02 03:45:00+00:00,4.087665325364757,ADCS,1.0,0.2947110611507787,0.0001384233436812507,NOMINAL,False,True
2026-01-02 03:50:00+00:00,3.997418760607391,ADCS,1.0,0.15248803163148528,0.0003418232183726598,NOMINAL,False,True
2026-01-02 03:55:00+00:00,3.839763434799983,ADCS,1.0,0.20139498965513383,0.001050157231495122,NOMINAL,False,True
2026-01-02 04:00:00+00:00,4.253460242147091,ADCS,1.0,0.28574091976446386,0.0014726335233320935,NOMINAL,False,True
2026-01-02 04:05:00+00:00,4.452770168912221,ADCS,1.0,0.25113468818903883,0.0007791011395664191,NOMINAL,False,True
2026-01-02 04:10:00+00:00,4.6659785234210975,ADCS,1.0,0.2588035086592729,0.0005593228497887783,NOMINAL,False,True
2026-01-02 04:15:00+00:00,4.576494915449151,ADCS,1.0,0.1810650786106586,0.00012214345846436317,NOMINAL,False,True
2026-01-02 04:20:00+00:00,4.353550189892872,ADCS,1.0,0.1712748690330608,2.0344606975351105e-05,NOMINAL,False,True
2026-01-02 04:25:00+00:00,4.177635585816931,ADCS,1.0,0.2022888270730203,3.7763223909305896e-05,NOMINAL,False,True
2026-01-02 04:30:00+00:00,4.289085725728244,ADCS,1.0,0.2209533942789651,3.874227656129312e-05,NOMINAL,False,True
2026-01-02 04:35:00+00:00,4.32047807507071,ADCS,1.0,0.19644951019790965,4.0574299769187e-05,NOMINAL,False,True
2026-01-02 04:40:00+00:00,4.598301006527279,ADCS,1.0,0.2713829182417759,0.00018552093539791583,NOMINAL,False,True
2026-01-02 04:45:00+00:00,4.466284958223124,ADCS,1.0,0.16494037446306062,9.932637730847386e-05,NOMINAL,False,True
2026-01-02 04:50:00+00:00,4.251383032746117,ADCS,1.0,0.27317745112577424,0.00011253854216042122,NOMINAL,False,True
2026-01-02 04:55:00+00:00,4.696800750772409,ADCS,1.0,0.3130475885814613,0.0002553954779913707,NOMINAL,False,True
2026-01-02 05:00:00+00:00,4.822028739814695,ADCS,1.0,0.24182384261672263,0.000682632094806608,NOMINAL,False,True
2026-01-02 05:05:00+00:00,5.3099210595297,ADCS,1.0,0.35758999869910646,0.0014889217006824958,NOMINAL,False,True
2026-01-02 05:10:00+00:00,4.803020747251431,ADCS,0.8571428571428571,0.11074707722210805,0.000700114068002392,NOMINAL,False,True
2026-01-02 05:15:00+00:00,4.828768394100283,ADCS,1.0,0.2221225618513064,0.001115838592509874,NOMINAL,False,True
2026-01-02 05:20:00+00:00,5.088096175183497,ADCS,1.0,0.29277961247106316,0.0014637703429715844,NOMINAL,False,True
2026-01-02 05:25:00+00:00,5.76601772196986,ADCS,1.0,0.43087999781958025,0.001131034602244872,NOMINAL,False,True
2026-01-02 05:30:00+00:00,5.966999815130883,ADCS,1.0,0.31814079860822553,0.0006307902513807313,NOMINAL,False,True
2026-01-02 05:35:00+00:00,5.495868380111245,ADCS,1.0,0.34259363594745346,0.0004919578949479255,NOMINAL,False,True
2026-01-02 05:40:00+00:00,5.177892442059233,ADCS,1.0,0.3624132473373176,0.00023879627132767308,NOMINAL,False,True
2026-01-02 05:45:00+00:00,4.674388659901962,COMMUNICATIONS,1.0,0.32652077710990435,1.7565835215942704e-05,NOMINAL,False,True
2026-01-02 05:50:00+00:00,4.7673602308165375,COMMUNICATIONS,1.0,0.2352060113739074,0.0,NOMINAL,False,True
2026-01-02 05:55:00+00:00,4.541639850108777,COMMUNICATIONS,1.0,0.15326440844518374,0.0,NOMINAL,False,True
2026-01-02 06:00:00+00:00,4.4158085060684185,COMMUNICATIONS,1.0,0.16696391994760004,0.0,NOMINAL,False,True
2026-01-02 06:05:00+00:00,4.236821654442611,COMMUNICATIONS,1.0,0.14610328860911978,0.0,NOMINAL,False,True
2026-01-02 06:10:00+00:00,4.072828168568901,COMMUNICATIONS,1.0,0.1406900187786796,0.0,NOMINAL,False,True
2026-01-02 06:15:00+00:00,4.1078191412194025,COMMUNICATIONS,1.0,0.18270802093930139,7.110257566227403e-07,NOMINAL,False,True
2026-01-02 06:20:00+00:00,3.7114261415686953,COMMUNICATIONS,1.0,0.08765756835500309,0.0,NOMINAL,False,True
2026-01-02 06:25:00+00:00,3.1897531577096827,COMMUNICATIONS,1.0,0.1749006205496404,0.0,NOMINAL,False,True
2026-01-02 06:30:00+00:00,2.955299977135257,COMMUNICATIONS,1.0,0.13719883209392908,0.0,NOMINAL,False,True
2026-01-02 06:35:00+00:00,2.724210494633798,ADCS,1.0,0.21463725069634465,0.0,NOMINAL,False,True
2026-01-02 06:40:00+00:00,3.2555800641892594,ADCS,1.0,0.2769614477477252,0.0,NOMINAL,False,True
2026-01-02 06:45:00+00:00,3.0398610332942746,ADCS,1.0,0.08505144627283874,0.0,NOMINAL,False,True
2026-01-02 06:50:00+00:00,3.5297580822194203,ADCS,1.0,0.2798574606879422,0.0,NOMINAL,False,True
2026-01-02 06:55:00+00:00,3.483503274155787,ADCS,1.0,0.1457603835372723,0.0,NOMINAL,False,True
2026-01-02 07:00:00+00:00,2.96663475715621,ADCS,1.0,0.08934985868090935,0.0,NOMINAL,False,True
2026-01-02 07:05:00+00:00,2.533454333359927,ADCS,1.0,0.11097431959570032,0.0,NOMINAL,False,True
2026-01-02 07:10:00+00:00,2.2463476415901713,ADCS,0.7142857142857143,0.11486778584771709,0.0,NOMINAL,False,True
2026-01-02 07:15:00+00:00,2.3676647087938707,ADCS,1.0,0.1895566038744247,0.00016110973157286318,NOMINAL,False,True
2026-01-02 07:20:00+00:00,2.3697920234282486,ADCS,1.0,0.10550471336606346,0.00014026986884494412,NOMINAL,False,True
2026-01-02 07:25:00+00:00,2.0604752324489373,BATTERY,1.0,0.16804328359932513,0.0,NOMINAL,False,True
2026-01-02 07:30:00+00:00,2.56776369566722,BATTERY,1.0,0.24373121829014385,0.00010461343187246984,NOMINAL,False,True
2026-01-02 07:35:00+00:00,2.9756446983679776,BATTERY,1.0,0.23655439654560714,5.570621012956143e-05,NOMINAL,False,True
2026-01-02 07:40:00+00:00,2.7399883861953005,BATTERY,1.0,0.06566305876370829,5.579900454296022e-05,NOMINAL,False,True
2026-01-02 07:45:00+00:00,2.4698145788664116,BATTERY,1.0,0.044970567460128084,0.00016689288516730529,NOMINAL,False,True
2026-01-02 07:50:00+00:00,2.1081825056870502,BATTERY,1.0,0.09655434383144534,0.0,NOMINAL,False,True
2026-01-02 07:55:00+00:00,1.7924609773438722,BATTERY,1.0,0.07577576346047198,0.0,NOMINAL,False,True
2026-01-02 08:00:00+00:00,1.519229378516519,BATTERY,1.0,0.025018275331357434,3.051848913134594e-05,NOMINAL,False,True
2026-01-02 08:05:00+00:00,1.2855578548370852,BATTERY,1.0,0.0,1.3628271273380748e-05,NOMINAL,False,True
2026-01-02 08:10:00+00:00,1.0877959814723477,BATTERY,1.0,0.0,3.869400283515789e-06,NOMINAL,False,True
2026-01-02 08:15:00+00:00,1.4285876304437948,BATTERY,1.0,0.14953081506750715,1.5575862389339593e-05,NOMINAL,False,True
2026-01-02 08:20:00+00:00,1.2166722317308403,BATTERY,1.0,0.06940700759553795,1.1022735529049092e-05,NOMINAL,False,True
2026-01-02 08:25:00+00:00,1.037874555285781,BATTERY,1.0,0.08145096221515852,2.2305806875250103e-06,NOMINAL,False,True
2026-01-02 08:30:00+00:00,0.9638010159969392,BATTERY,1.0,0.03038988490644628,4.3545494464647776e-06,NOMINAL,False,True
2026-01-02 08:35:00+00:00,0.8155402498892034,BATTERY,1.0,0.0,1.5569281674359407e-05,NOMINAL,False,True
2026-01-02 08:40:00+00:00,0.6943947747624257,BATTERY,1.0,0.044814131301957494,0.00011215691068268173,NOMINAL,False,True
2026-01-02 08:45:00+00:00,0.5875746493604798,BATTERY,1.0,0.0,2.402795395073065e-06,NOMINAL,False,True
2026-01-02 08:50:00+00:00,0.4972627909669213,BATTERY,1.0,0.0,2.0553122254800407e-05,NOMINAL,False,True
2026-01-02 08:55:00+00:00,0.4207743507302845,BATTERY,1.0,0.0,1.5912022509284275e-05,NOMINAL,False,True
2026-01-02 09:00:00+00:00,0.35612320328184655,BATTERY,1.0,0.0,6.268259442717784e-05,NOMINAL,False,True
2026-01-02 09:05:00+00:00,0.6601338239535435,BATTERY,1.0,0.10612591574581856,0.00010474841895786744,NOMINAL,False,True
2026-01-02 09:10:00+00:00,0.6165124344064598,BATTERY,0.8571428571428571,0.08298875350743604,0.00013200714604565795,NOMINAL,False,True
2026-01-02 09:15:00+00:00,0.5307512770225382,BATTERY,1.0,0.04801290153986166,4.675834750572741e-05,NOMINAL,False,True
2026-01-02 09:20:00+00:00,0.4491164558325031,BATTERY,1.0,0.0,6.403915643795748e-06,NOMINAL,False,True
2026-01-02 09:25:00+00:00,0.5861665805825418,BATTERY,1.0,0.10072397256277453,1.7377360316731834e-05,NOMINAL,False,True
2026-01-02 09:30:00+00:00,0.7210396076721306,BATTERY,1.0,0.06677017378901746,8.320409955794805e-05,NOMINAL,False,True
2026-01-02 09:35:00+00:00,1.0995735171440435,BATTERY,1.0,0.14445349300403795,0.00020703010739754192,NOMINAL,False,True
2026-01-02 09:40:00+00:00,1.6920409731580963,BATTERY,1.0,0.22332022882699104,5.249062412655648e-05,NOMINAL,False,True
2026-01-02 09:45:00+00:00,2.557184222781297,BATTERY,1.0,0.328565686406877,7.890100486023828e-05,NOMINAL,False,True
2026-01-02 09:50:00+00:00,3.6093260642412464,BATTERY,1.0,0.4241490925547103,0.00013442142326824252,NOMINAL,False,True
2026-01-02 09:55:00+00:00,4.296202026979341,BATTERY,1.0,0.36287159338331326,0.0,NOMINAL,False,True
2026-01-02 10:00:00+00:00,4.777465413621072,BATTERY,1.0,0.33492066931644043,0.0,NOMINAL,False,True
2026-01-02 10:05:00+00:00,4.544135659363323,BATTERY,1.0,0.14390711428856892,3.391072804946132e-06,NOMINAL,False,True
2026-01-02 10:10:00+00:00,4.927876782175234,BATTERY,1.0,0.3180074096855051,2.3627438960186165e-05,NOMINAL,False,True
2026-01-02 10:15:00+00:00,4.615074155234295,BATTERY,1.0,0.21445384516521918,0.000116542974169621,NOMINAL,False,True
2026-01-02 10:20:00+00:00,4.512137927609327,BATTERY,1.0,0.1701994385118546,0.0004815708099587284,NOMINAL,False,True
2026-01-02 10:25:00+00:00,4.916851790293293,BATTERY,1.0,0.31990444414364,0.00046517791532102627,NOMINAL,False,True
2026-01-02 10:30:00+00:00,4.942947293261418,BATTERY,1.0,0.22407599409307316,0.000767230124272259,NOMINAL,False,True
2026-01-02 10:35:00+00:00,5.096687968208076,BATTERY,1.0,0.32952443446519236,0.0005859880307120841,NOMINAL,False,True
2026-01-02 10:40:00+00:00,4.945371028810169,BATTERY,1.0,0.18363507369577456,0.0003444804566808356,NOMINAL,False,True
2026-01-02 10:45:00+00:00,4.9834068754759615,BATTERY,1.0,0.23548252823756033,0.00046443150217874044,NOMINAL,False,True
2026-01-02 10:50:00+00:00,5.111163219825891,BATTERY,1.0,0.37866033867838655,0.00030422259082117783,NOMINAL,False,True
2026-01-02 10:55:00+00:00,5.286558194268505,BATTERY,1.0,0.2814201877237319,0.00038745611061032656,NOMINAL,False,True
2026-01-02 11:00:00+00:00,5.330871281354415,BATTERY,1.0,0.24205859152858614,0.00010495961042669003,NOMINAL,False,True
2026-01-02 11:05:00+00:00,5.230850122895333,BATTERY,1.0,0.20478074709632804,8.631946138110948e-05,NOMINAL,False,True
2026-01-02 11:10:00+00:00,5.1509258417853925,BATTERY,0.8571428571428571,0.3913192038337046,3.423089813258681e-05,NOMINAL,False,True
2026-01-02 11:15:00+00:00,4.4071698411759135,BATTERY,1.0,0.2186697820224551,0.00011681754178053128,NOMINAL,False,True
2026-01-02 11:20:00+00:00,3.777014438079863,BATTERY,1.0,0.2525812497441576,0.00017260885404841729,NOMINAL,False,True
2026-01-02 11:25:00+00:00,3.8637272007370886,COMMUNICATIONS,1.0,0.25684499090989005,8.75948428757018e-05,NOMINAL,False,True
2026-01-02 11:30:00+00:00,4.3484805611498025,COMMUNICATIONS,1.0,0.3107772603055677,3.266903779265626e-05,NOMINAL,False,True
2026-01-02 11:35:00+00:00,4.30438252608424,COMMUNICATIONS,1.0,0.18407797419355185,9.935361903483711e-05,NOMINAL,False,True
2026-01-02 11:40:00+00:00,4.281181863014311,COMMUNICATIONS,1.0,0.18987230746445088,0.00015913037396306053,NOMINAL,False,True
2026-01-02 11:45:00+00:00,5.0011109447642825,COMMUNICATIONS,1.0,0.4091108934631988,0.0001247361340966996,NOMINAL,False,True
2026-01-02 11:50:00+00:00,5.001481149715846,COMMUNICATIONS,1.0,0.22852114576575372,7.992703011509693e-06,NOMINAL,False,True
2026-01-02 11:55:00+00:00,5.224968949829964,COMMUNICATIONS,1.0,0.2926131008479766,0.0,NOMINAL,False,True
2026-01-02 12:00:00+00:00,5.483402989764219,COMMUNICATIONS,1.0,0.3135059692649165,0.0,NOMINAL,False,True
2026-01-02 12:05:00+00:00,5.5274463540277345,COMMUNICATIONS,1.0,0.26160733494072297,0.0,NOMINAL,False,True
2026-01-02 12:10:00+00:00,5.674528854541935,COMMUNICATIONS,1.0,0.2912505783951454,1.3063557014992446e-06,NOMINAL,False,True
2026-01-02 12:15:00+00:00,5.730077078872854,COMMUNICATIONS,1.0,0.26895195061673344,3.62502269019642e-07,NOMINAL,False,True
2026-01-02 12:20:00+00:00,5.9856228436333945,COMMUNICATIONS,1.0,0.33170512016728937,0.0,NOMINAL,False,True
2026-01-02 12:25:00+00:00,5.987347834501374,COMMUNICATIONS,1.0,0.27004520670748805,4.1405785705680856e-05,NOMINAL,False,True
2026-01-02 12:30:00+00:00,6.082207515615682,COMMUNICATIONS,1.0,0.2933515527512851,5.971483133740258e-08,NOMINAL,False,True
2026-01-02 12:35:00+00:00,6.317382869649514,COMMUNICATIONS,1.0,0.339825538658612,2.546252190459419e-05,NOMINAL,False,True
2026-01-02 12:40:00+00:00,6.039590678865676,COMMUNICATIONS,1.0,0.20396083689334973,0.00013388238191818283,NOMINAL,False,True
2026-01-02 12:45:00+00:00,5.831515056090849,COMMUNICATIONS,1.0,0.2115686364210121,5.687928000102374e-05,NOMINAL,False,True
2026-01-02 12:50:00+00:00,5.3049144928235865,COMMUNICATIONS,1.0,0.10922013268515653,4.127463495601848e-05,NOMINAL,False,True
2026-01-02 12:55:00+00:00,4.952236496303504,COMMUNICATIONS,1.0,0.13494603331775618,7.2848815295897515e-06,NOMINAL,False,True
2026-01-02 13:00:00+00:00,4.553351203420073,COMMUNICATIONS,1.0,0.12371819530168529,0.00016398287814972247,NOMINAL,False,True
2026-01-02 13:05:00+00:00,4.3676986669670494,COMMUNICATIONS,1.0,0.19807968155800956,0.00012799760321454825,NOMINAL,False,True
2026-01-02 13:10:00+00:00,3.7441350558649686,COMMUNICATIONS,0.8571428571428571,0.32438220348689834,0.0,NOMINAL,False,True
2026-01-02 13:15:00+00:00,3.1879814725090396,COMMUNICATIONS,1.0,0.20661580757494594,2.4395657964158812e-06,NOMINAL,False,True
2026-01-02 13:20:00+00:00,2.7180762717864355,COMMUNICATIONS,1.0,0.13201253379745073,0.0,NOMINAL,False,True
2026-01-02 13:25:00+00:00,2.597127905674768,POWER,1.0,0.20639826239317122,0.00016233110821974397,NOMINAL,False,True
2026-01-02 13:30:00+00:00,2.7196834271949566,POWER,1.0,0.22517098856138484,1.4022464092629817e-05,NOMINAL,False,True
2026-01-02 13:35:00+00:00,2.6468906742812646,POWER,1.0,0.09646273425762768,7.860836862129556e-06,NOMINAL,False,True
2026-01-02 13:40:00+00:00,2.503686209870163,POWER,1.0,0.11923327078529046,8.578896463076876e-05,NOMINAL,False,True
2026-01-02 13:45:00+00:00,2.1666873635447805,POWER,1.0,0.16601035264998615,3.761910276385794e-05,NOMINAL,False,True
2026-01-02 13:50:00+00:00,3.2123408342145274,BATTERY,1.0,0.4632762633424816,0.00028718507153353736,NOMINAL,False,True
2026-01-02 13:55:00+00:00,3.4625121191736072,BATTERY,1.0,0.21410739635664697,0.00018716889228677716,NOMINAL,False,True
2026-01-02 14:00:00+00:00,3.6692109435322044,BATTERY,1.0,0.21789452631978135,0.00015327403220376609,NOMINAL,False,True
2026-01-02 14:05:00+00:00,3.7054167496628687,BATTERY,1.0,0.2499288438676407,0.0002715173472025781,NOMINAL,False,True
2026-01-02 14:10:00+00:00,3.605542412796717,BATTERY,1.0,0.31036134688926076,6.507246230958217e-05,NOMINAL,False,True
2026-01-02 14:15:00+00:00,3.39543566067998,BATTERY,1.0,0.13838569860189354,0.00025569032978789923,NOMINAL,False,True
2026-01-02 14:20:00+00:00,3.131009625011507,BATTERY,1.0,0.22828499356928236,3.364710086529902e-05,NOMINAL,False,True
2026-01-02 14:25:00+00:00,2.670118681909567,BATTERY,1.0,0.0796224989481499,7.637772533853831e-07,NOMINAL,False,True
2026-01-02 14:30:00+00:00,2.6987594472709304,THERMAL,1.0,0.17206856887334604,6.665232530770089e-06,NOMINAL,False,True
2026-01-02 14:35:00+00:00,2.291821620089529,THERMAL,1.0,0.057723761594925094,2.5952440137460218e-06,NOMINAL,False,True
2026-01-02 14:40:00+00:00,2.297919206108149,THERMAL,1.0,0.1763244932750312,0.0,NOMINAL,False,True
2026-01-02 14:45:00+00:00,2.232864245289679,THERMAL,1.0,0.09861565437468793,0.00015928946234689865,NOMINAL,False,True
2026-01-02 14:50:00+00:00,2.3487826735639374,BATTERY,1.0,0.19972026637645648,0.00011495743370636862,NOMINAL,False,True
2026-01-02 14:55:00+00:00,2.6504623766184205,THERMAL,1.0,0.2987514076802812,0.00016205764217579898,NOMINAL,False,True
2026-01-02 15:00:00+00:00,3.0751982870866788,THERMAL,1.0,0.23688274972537954,0.0006072595723688484,NOMINAL,False,True
2026-01-02 15:05:00+00:00,2.872266369157709,THERMAL,1.0,0.23145577745881762,0.0010241444672462114,NOMINAL,False,True
2026-01-02 15:10:00+00:00,2.7233437515684824,THERMAL,0.7142857142857143,0.2682159965877319,0.000387642908803246,NOMINAL,False,True
2026-01-02 15:15:00+00:00,3.213877865990219,THERMAL,1.0,0.2937187475963892,0.0009009108695070439,NOMINAL,False,True
2026-01-02 15:20:00+00:00,3.4286260028106983,THERMAL,1.0,0.20035752124741235,0.0006364159291895657,NOMINAL,False,True
2026-01-02 15:25:00+00:00,3.560641023638716,THERMAL,1.0,0.1882428030857093,0.0005022802227243055,NOMINAL,False,True
2026-01-02 15:30:00+00:00,3.278848286564412,THERMAL,1.0,0.1383679587353773,0.00018853370626383456,NOMINAL,False,True
2026-01-02 15:35:00+00:00,3.673677422520472,COMMUNICATIONS,1.0,0.270896740035979,0.0003102192766377728,NOMINAL,False,True
2026-01-02 15:40:00+00:00,3.693456034649543,COMMUNICATIONS,1.0,0.186146494942549,0.00015823789078906763,NOMINAL,False,True
2026-01-02 15:45:00+00:00,3.4669898724120314,COMMUNICATIONS,1.0,0.17295042654075268,0.0002263242845118535,NOMINAL,False,True
2026-01-02 15:50:00+00:00,3.221437166679749,COMMUNICATIONS,1.0,0.08398857471715919,0.0001192933238155348,NOMINAL,False,True
2026-01-02 15:55:00+00:00,3.426183362349028,BATTERY,1.0,0.2660377771579942,0.00043219413689996706,NOMINAL,False,True
2026-01-02 16:00:00+00:00,3.441345710468069,BATTERY,1.0,0.1515005276072352,0.000923975986583508,NOMINAL,False,True
2026-01-02 16:05:00+00:00,3.5362146798044645,BATTERY,1.0,0.1800688659932014,0.000545845651032296,NOMINAL,False,True
2026-01-02 16:10:00+00:00,3.629733993139992,BATTERY,1.0,0.18477387506898557,0.000440704341793847,NOMINAL,False,True
2026-01-02 16:15:00+00:00,3.5577428183638102,BATTERY,1.0,0.14227359532715864,0.00030018837400588063,NOMINAL,False,True
2026-01-02 16:20:00+00:00,3.3511241340556768,BATTERY,1.0,0.20671312755666904,0.0005572309408447998,NOMINAL,False,True
2026-01-02 16:25:00+00:00,3.345777884482513,BATTERY,1.0,0.14797125094844446,0.0004065978365587847,NOMINAL,False,True
2026-01-02 16:30:00+00:00,3.213943715779599,BATTERY,1.0,0.18361912413634734,0.00022925267420924284,NOMINAL,False,True
2026-01-02 16:35:00+00:00,2.99536632191618,BATTERY,1.0,0.19960790809621723,0.0005426253997377765,NOMINAL,False,True
2026-01-02 16:40:00+00:00,3.2661721629596174,BATTERY,1.0,0.21440135204990507,0.0003286400912280643,NOMINAL,False,True
2026-01-02 16:45:00+00:00,3.4602598276660275,BATTERY,1.0,0.2004097941525297,0.00010107828888140358,NOMINAL,False,True
2026-01-02 16:50:00+00:00,3.59349803906655,BATTERY,1.0,0.18990416375676086,7.474091273794201e-05,NOMINAL,False,True
2026-01-02 16:55:00+00:00,3.603460093615047,BATTERY,1.0,0.16204814795638572,0.00012702902708339642,NOMINAL,False,True
2026-01-02 17:00:00+00:00,3.934702950041314,BATTERY,1.0,0.2576655412999491,0.0004031926585500368,NOMINAL,False,True
2026-01-02 17:05:00+00:00,4.128908268203719,BATTERY,1.0,0.2707651343101715,0.00013565205442256267,NOMINAL,False,True
2026-01-02 17:10:00+00:00,4.421096583357158,BATTERY,0.8571428571428571,0.31648127685281413,0.0004503638635782929,NOMINAL,False,True
2026-01-02 17:15:00+00:00,4.532799695850959,BATTERY,1.0,0.22933103102131855,0.0001490183237865255,NOMINAL,False,True
2026-01-02 17:20:00+00:00,4.383982848460532,BATTERY,1.0,0.16905463332063939,0.00040981655176380887,NOMINAL,False,True
2026-01-02 17:25:00+00:00,4.028988117665095,BATTERY,1.0,0.17341308545513368,0.000716697685776327,NOMINAL,False,True
2026-01-02 17:30:00+00:00,3.5750369783096376,BATTERY,1.0,0.06423697914189493,0.0008415304296340745,NOMINAL,False,True
2026-01-02 17:35:00+00:00,3.3112625831434293,BATTERY,1.0,0.16252135274563068,0.0001722322871691705,NOMINAL,False,True
2026-01-02 17:40:00+00:00,3.2649626995360728,BATTERY,1.0,0.2251546827184906,0.0006441954745358972,NOMINAL,False,True
2026-01-02 17:45:00+00:00,2.7807241546529378,BATTERY,1.0,0.10679155666244879,0.00030626945806203076,NOMINAL,False,True
2026-01-02 17:50:00+00:00,2.4254426087578316,PROPULSION,1.0,0.14043595217362995,7.142986306644832e-05,NOMINAL,False,True
2026-01-02 17:55:00+00:00,2.3709603486192647,PROPULSION,1.0,0.10403501203780374,6.051060157144938e-05,NOMINAL,False,True
2026-01-02 18:00:00+00:00,2.8827485623362934,THERMAL,1.0,0.30279690163378237,1.780006000197843e-05,NOMINAL,False,True
2026-01-02 18:05:00+00:00,2.645215260075197,THERMAL,1.0,0.057797502499830095,3.309623022279493e-05,NOMINAL,False,True
2026-01-02 18:10:00+00:00,2.8667493970852442,THERMAL,1.0,0.18201157331670326,0.00014955979839962688,NOMINAL,False,True
2026-01-02 18:15:00+00:00,2.7236527049728303,THERMAL,1.0,0.08422529787690053,0.00036868416356858726,NOMINAL,False,True
2026-01-02 18:20:00+00:00,2.3082078272524105,THERMAL,1.0,0.010350588436994119,0.0005990037936379152,NOMINAL,False,True
2026-01-02 18:25:00+00:00,2.228166632882847,THERMAL,1.0,0.07989539913905172,0.0004100530677992678,NOMINAL,False,True
2026-01-02 18:30:00+00:00,2.103050184383537,THERMAL,1.0,0.12570097396457602,0.0001988351847153032,NOMINAL,False,True
2026-01-02 18:35:00+00:00,1.787916914213089,THERMAL,1.0,0.07888681624462493,0.00011596994599562315,NOMINAL,False,True
2026-01-02 18:40:00+00:00,1.517809010706014,THERMAL,1.0,0.03893109218553783,1.6015836009327637e-05,NOMINAL,False,True
2026-01-02 18:45:00+00:00,1.3626172959553082,THERMAL,1.0,0.022882818284735984,0.0001044575424331229,NOMINAL,False,True
2026-01-02 18:50:00+00:00,1.1538553870843622,THERMAL,1.0,0.008028667068428889,0.00014357361631116207,NOMINAL,False,True
2026-01-02 18:55:00+00:00,1.4267955446821985,THERMAL,1.0,0.14690512658675733,0.0003730957033599922,NOMINAL,False,True
2026-01-02 19:00:00+00:00,1.214237625244053,THERMAL,1.0,0.06283609908435353,0.00021386966352876738,NOMINAL,False,True
2026-01-02 19:05:00+00:00,1.2243445726104416,COMMUNICATIONS,1.0,0.12211757362534549,6.810607045972561e-05,NOMINAL,False,True
2026-01-02 19:10:00+00:00,1.106020303596809,COMMUNICATIONS,0.8571428571428571,0.02427502961601531,6.12242383847002e-05,NOMINAL,False,True
2026-01-02 19:15:00+00:00,1.0473686327735865,COMMUNICATIONS,1.0,0.032700919611554226,0.0002895239058261456,NOMINAL,False,True
2026-01-02 19:20:00+00:00,1.589883062067571,COMMUNICATIONS,1.0,0.20239282159268018,0.0006143001778675987,NOMINAL,False,True
2026-01-02 19:25:00+00:00,1.741538492709658,COMMUNICATIONS,1.0,0.11772568316557326,0.0002572050192874435,NOMINAL,False,True
2026-01-02 19:30:00+00:00,2.7559266565043767,COMMUNICATIONS,1.0,0.37879193410200485,0.0003818262452501347,NOMINAL,False,True
2026-01-02 19:35:00+00:00,3.468748046974052,COMMUNICATIONS,1.0,0.3364143397890253,0.00013719050457361667,NOMINAL,False,True
2026-01-02 19:40:00+00:00,3.902019647370552,COMMUNICATIONS,1.0,0.2862516626066364,3.171492576449205e-05,NOMINAL,False,True
2026-01-02 19:45:00+00:00,4.4750174495710855,COMMUNICATIONS,1.0,0.34725335075456565,1.7683444902006627e-05,NOMINAL,False,True
2026-01-02 19:50:00+00:00,4.761007691916656,COMMUNICATIONS,1.0,0.28502645558708745,6.975157327935472e-06,NOMINAL,False,True
2026-01-02 19:55:00+00:00,5.012551593553598,COMMUNICATIONS,1.0,0.28920920700674596,2.2305771187363396e-05,NOMINAL,False,True
2026-01-02 20:00:00+00:00,5.129116305748126,COMMUNICATIONS,1.0,0.2595563460394304,2.0021082391234065e-06,NOMINAL,False,True
2026-01-02 20:05:00+00:00,5.303294608659227,COMMUNICATIONS,1.0,0.27857267452880297,3.1308722953056433e-06,NOMINAL,False,True
2026-01-02 20:10:00+00:00,5.321456787388293,COMMUNICATIONS,1.0,0.24653908195798296,0.0,NOMINAL,False,True
2026-01-02 20:15:00+00:00,5.2722900349999255,COMMUNICATIONS,1.0,0.22553359998919933,1.8818400347205535e-07,NOMINAL,False,True
2026-01-02 20:20:00+00:00,5.264779189556487,COMMUNICATIONS,1.0,0.23878717895394638,0.0,NOMINAL,False,True
2026-01-02 20:25:00+00:00,5.258181612196016,COMMUNICATIONS,1.0,0.22877790725307004,0.0,NOMINAL,False,True
2026-01-02 20:30:00+00:00,5.649736886236886,COMMUNICATIONS,1.0,0.3484848756990389,0.0,NOMINAL,False,True
2026-01-02 20:35:00+00:00,5.332441239391134,COMMUNICATIONS,1.0,0.16107492141204616,0.0,NOMINAL,False,True
2026-01-02 20:40:00+00:00,4.8693188770762745,COMMUNICATIONS,1.0,0.10839560156038006,0.0,NOMINAL,False,True
2026-01-02 20:45:00+00:00,4.412436947072318,COMMUNICATIONS,1.0,0.08496193678905659,2.5077237137285452e-05,NOMINAL,False,True
2026-01-02 20:50:00+00:00,3.9121097103682105,COMMUNICATIONS,1.0,0.16071185359914847,6.419448968230111e-05,NOMINAL,False,True
2026-01-02 20:55:00+00:00,3.509473409558146,COMMUNICATIONS,1.0,0.08663166465112121,5.280164635969942e-05,NOMINAL,False,True
2026-01-02 21:00:00+00:00,3.1958838381822936,COMMUNICATIONS,1.0,0.07921764578105565,1.7999358905944805e-05,NOMINAL,False,True
2026-01-02 21:05:00+00:00,2.7399595428194736,COMMUNICATIONS,1.0,0.23275442246703204,1.312687452371953e-05,NOMINAL,False,True
2026-01-02 21:10:00+00:00,2.3404341442903824,COMMUNICATIONS,0.8571428571428571,0.15916618458649195,2.5785233238346447e-05,NOMINAL,False,True
2026-01-02 21:15:00+00:00,2.00695091234527,COMMUNICATIONS,1.0,0.1894796569426964,1.4623133576403098e-05,NOMINAL,False,True
2026-01-02 21:20:00+00:00,2.1208432031301516,POWER,1.0,0.1332361109751385,2.0778874099802498e-05,NOMINAL,False,True
2026-01-02 21:25:00+00:00,2.0840312304203494,POWER,1.0,0.08380419297138811,1.3743785398982143e-05,NOMINAL,False,True
2026-01-02 21:30:00+00:00,2.685102355167563,POWER,1.0,0.2724139224744136,0.0,NOMINAL,False,True
2026-01-02 21:35:00+00:00,3.107126502430574,POWER,1.0,0.24414564073367587,0.0,NOMINAL,False,True
2026-01-02 21:40:00+00:00,3.305230271181298,POWER,1.0,0.20090518853989864,0.0,NOMINAL,False,True
2026-01-02 21:45:00+00:00,3.406052584684168,POWER,1.0,0.1772870112664781,0.0,NOMINAL,False,True
2026-01-02 21:50:00+00:00,3.2433852784194674,POWER,1.0,0.1308465822781159,0.0,NOMINAL,False,True
2026-01-02 21:55:00+00:00,2.856011158419074,POWER,1.0,0.0651693439514887,0.0,NOMINAL,False,True
2026-01-02 22:00:00+00:00,2.6578498262745223,POWER,1.0,0.0809095953137954,0.0,NOMINAL,False,True
2026-01-02 22:05:00+00:00,2.253232060909574,POWER,1.0,0.04453496224377062,0.0,NOMINAL,False,True
2026-01-02 22:10:00+00:00,2.3743814668955814,POWER,1.0,0.13605172721008807,0.0,NOMINAL,False,True
2026-01-02 22:15:00+00:00,2.099436825376906,POWER,1.0,0.10421253568066556,0.0,NOMINAL,False,True
2026-01-02 22:20:00+00:00,1.7764465445496895,POWER,1.0,0.0,0.0,NOMINAL,False,True
2026-01-02 22:25:00+00:00,1.512187092006934,POWER,1.0,0.09401616483484562,0.0,NOMINAL,False,True
2026-01-02 22:30:00+00:00,1.2818695683355674,POWER,1.0,0.02419710102888373,0.0,NOMINAL,False,True
2026-01-02 22:35:00+00:00,1.084658865514711,POWER,1.0,0.0,0.0,NOMINAL,False,True
2026-01-02 22:40:00+00:00,0.9177882708201401,POWER,1.0,0.0,0.0,NOMINAL,False,True
2026-01-02 22:45:00+00:00,0.7934115815193368,POWER,1.0,0.174943664583871,0.0,NOMINAL,False,True
2026-01-02 22:50:00+00:00,1.0510600263129273,PROPULSION,1.0,0.14820909758995268,0.0,NOMINAL,False,True
2026-01-02 22:55:00+00:00,1.108300892380527,PROPULSION,1.0,0.13428165717124704,0.0,NOMINAL,False,True
2026-01-02 23:00:00+00:00,0.9616175811768035,PROPULSION,1.0,0.047753999351789235,0.0,NOMINAL,False,True
2026-01-02 23:05:00+00:00,0.9438649693608103,BATTERY,1.0,0.05666971817232874,0.0,NOMINAL,False,True
2026-01-02 23:10:00+00:00,0.8839522600582289,BATTERY,0.7142857142857143,0.035367801512347814,0.0,NOMINAL,False,True
2026-01-02 23:15:00+00:00,0.8278152358026435,BATTERY,1.0,0.02329175635332991,0.0,NOMINAL,False,True
2026-01-02 23:20:00+00:00,1.378604381742301,PROPULSION,1.0,0.24997775383651658,1.156253589983105e-05,NOMINAL,False,True
2026-01-02 23:25:00+00:00,1.418430238490621,BATTERY,1.0,0.1120157592392094,0.0,NOMINAL,False,True
2026-01-02 23:30:00+00:00,1.7171843263551139,BATTERY,1.0,0.1533933489447608,6.966294807218271e-06,NOMINAL,False,True
2026-01-02 23:35:00+00:00,1.8182274011328607,BATTERY,1.0,0.11303995106747514,8.152430849693964e-05,NOMINAL,False,True
2026-01-02 23:40:00+00:00,2.0631234496363584,BATTERY,1.0,0.1547988676342444,7.14877822863045e-05,NOMINAL,False,True
2026-01-02 23:45:00+00:00,2.350683074390044,BATTERY,1.0,0.1765269075067123,9.980761271409615e-05,NOMINAL,False,True
2026-01-02 23:50:00+00:00,3.0029073916255533,BATTERY,1.0,0.3006041596016873,2.9039984689871767e-05,NOMINAL,False,True
2026-01-02 23:55:00+00:00,3.2015705008445563,BATTERY,1.0,0.19623373433529767,0.00015605924286939368,NOMINAL,False,True
2026-01-03 00:00:00+00:00,3.6510038247728236,BATTERY,1.0,0.27746287023856403,0.0002482169421888257,NOMINAL,False,True
2026-01-03 00:05:00+00:00,4.001782059570627,BATTERY,1.0,0.2689728602472356,0.00010688068929669387,NOMINAL,False,True
2026-01-03 00:10:00+00:00,3.973328083570088,BATTERY,1.0,0.17166724998190686,0.0,NOMINAL,False,True
2026-01-03 00:15:00+00:00,3.7301347847940725,BATTERY,1.0,0.14516761532068312,0.0,NOMINAL,False,True
2026-01-03 00:20:00+00:00,3.807801535555702,BATTERY,1.0,0.19085065489175732,1.4222370854923648e-05,NOMINAL,False,True
2026-01-03 00:25:00+00:00,3.731282974519089,BATTERY,1.0,0.14772240238361944,4.111490531176241e-05,NOMINAL,False,True
2026-01-03 00:30:00+00:00,3.5503650580417667,BATTERY,1.0,0.11376971058136838,0.0001257229650270384,NOMINAL,False,True
2026-01-03 00:35:00+00:00,3.205688041836542,BATTERY,1.0,0.13047123462049276,0.00022636487543990625,NOMINAL,False,True
2026-01-03 00:40:00+00:00,2.7224043825336905,BATTERY,1.0,0.10207987689767335,0.00023991641933955132,NOMINAL,False,True
2026-01-03 00:45:00+00:00,2.31173392103436,BATTERY,1.0,0.08487421246087144,0.0,NOMINAL,False,True
2026-01-03 00:50:00+00:00,2.04412737140907,COMMUNICATIONS,1.0,0.1073785354473636,0.0,NOMINAL,False,True
2026-01-03 00:55:00+00:00,2.0532521151334393,COMMUNICATIONS,1.0,0.09514543745177151,0.0,NOMINAL,False,True
2026-01-03 01:00:00+00:00,2.187843961645333,COMMUNICATIONS,1.0,0.13238443571402353,0.0,NOMINAL,False,True
2026-01-03 01:05:00+00:00,2.2392053656333966,COMMUNICATIONS,1.0,0.18061133301103302,0.0,NOMINAL,False,True
2026-01-03 01:10:00+00:00,2.512492029737555,COMMUNICATIONS,0.8571428571428571,0.2113041296691892,0.0,NOMINAL,False,True
2026-01-03 01:15:00+00:00,2.142807499729452,COMMUNICATIONS,1.0,0.11632024365199742,9.882039709241811e-06,NOMINAL,False,True
2026-01-03 01:20:00+00:00,2.119560964648247,COMMUNICATIONS,1.0,0.08450388462625458,0.0,NOMINAL,False,True
2026-01-03 01:25:00+00:00,1.8899377096890917,COMMUNICATIONS,1.0,0.1678255153467565,6.565359162641272e-06,NOMINAL,False,True
2026-01-03 01:30:00+00:00,2.329238332413351,POWER,1.0,0.46927621844096556,3.997025765793518e-05,NOMINAL,False,True
2026-01-03 01:35:00+00:00,3.794838015662993,POWER,1.0,0.5348222263317189,5.505482749549205e-06,NOMINAL,False,True
2026-01-03 01:40:00+00:00,5.415049506580268,POWER,1.0,0.6515262220472099,9.258886427483414e-05,NOMINAL,False,True
2026-01-03 01:45:00+00:00,6.110397030296077,POWER,1.0,0.44406196569136447,0.0,NOMINAL,False,True
2026-01-03 01:50:00+00:00,7.219268925397484,POWER,1.0,0.5978059068461545,0.0,NOMINAL,False,True
2026-01-03 01:55:00+00:00,7.970085620586598,POWER,1.0,0.5478430128290015,0.0,NOMINAL,False,True
2026-01-03 02:00:00+00:00,8.419856339609069,POWER,1.0,0.49010237285706976,9.022597434242372e-07,NOMINAL,False,True
2026-01-03 02:05:00+00:00,8.822151058056829,POWER,1.0,0.4849324355426908,0.0,NOMINAL,False,True
2026-01-03 02:10:00+00:00,8.995240173129675,POWER,1.0,0.45017508823869085,5.298519609896753e-05,NOMINAL,False,True
2026-01-03 02:15:00+00:00,9.007402324594702,POWER,1.0,0.41134753946306385,1.4629853616152091e-05,NOMINAL,False,True
2026-01-03 02:20:00+00:00,9.258584340180063,POWER,1.0,0.48141993460309795,6.770115488549505e-05,NOMINAL,False,True
2026-01-03 02:25:00+00:00,9.24304474170742,POWER,1.0,0.4129614888794644,3.0235768770671296e-05,NOMINAL,False,True
2026-01-03 02:30:00+00:00,8.763563791755498,POWER,1.0,0.27456353651911936,0.0,NOMINAL,False,True
2026-01-03 02:35:00+00:00,8.286552959785071,POWER,1.0,0.25204110180858535,0.0,NOMINAL,False,True
2026-01-03 02:40:00+00:00,7.410703078810372,POWER,1.0,0.15497672808414983,0.0,NOMINAL,False,True
2026-01-03 02:45:00+00:00,6.757882730910401,POWER,1.0,0.29552721495151474,0.0,NOMINAL,False,True
2026-01-03 02:50:00+00:00,6.356531324320497,POWER,1.0,0.1852055967595002,0.0,NOMINAL,False,True
2026-01-03 02:55:00+00:00,5.408053341772481,POWER,1.0,0.21534154800388042,1.7917285814853865e-05,NOMINAL,False,True
2026-01-03 03:00:00+00:00,5.16317320534352,POWER,1.0,0.1707259420813855,0.0,NOMINAL,False,True
2026-01-03 03:05:00+00:00,4.771698652609582,POWER,1.0,0.12150174933047649,0.0,NOMINAL,False,True
2026-01-03 03:10:00+00:00,4.27357828852688,POWER,0.8571428571428571,0.30309171737345464,0.0,NOMINAL,False,True
2026-01-03 03:15:00+00:00,3.7446306190218355,POWER,1.0,0.21787406626305292,0.0,NOMINAL,False,True
2026-01-03 03:20:00+00:00,3.8615876857885363,ADCS,1.0,0.23451744288466914,0.0,NOMINAL,False,True
2026-01-03 03:25:00+00:00,4.171598910623199,ADCS,1.0,0.2679065747020517,0.00010487471413567511,NOMINAL,False,True
2026-01-03 03:30:00+00:00,4.106615414768868,ADCS,1.0,0.17065933372226647,0.00015217920901765156,NOMINAL,False,True
2026-01-03 03:35:00+00:00,4.4529378788072975,ADCS,1.0,0.2891249425469558,0.0006492107960330635,NOMINAL,False,True
2026-01-03 03:40:00+00:00,5.020017966000428,ADCS,1.0,0.36945782410951034,0.0006223824124326953,NOMINAL,False,True
2026-01-03 03:45:00+00:00,5.504074560632631,ADCS,1.0,0.3699243141318109,0.00016585024263358867,NOMINAL,False,True
2026-01-03 03:50:00+00:00,4.995044573007254,ADCS,1.0,0.09957368643530055,0.00023548759492776557,NOMINAL,False,True
2026-01-03 03:55:00+00:00,4.870895311306261,ADCS,1.0,0.18681898345070946,0.00024377469457722125,NOMINAL,False,True
2026-01-03 04:00:00+00:00,5.25574852683531,ADCS,1.0,0.3357243441192723,0.0002238827152140177,NOMINAL,False,True
2026-01-03 04:05:00+00:00,4.9422793847745945,ADCS,1.0,0.17853027486168196,0.0002720991591650207,NOMINAL,False,True
2026-01-03 04:10:00+00:00,5.044165891222224,ADCS,1.0,0.2545163393144013,0.0008625896791736034,NOMINAL,False,True
2026-01-03 04:15:00+00:00,5.394123769521188,ADCS,1.0,0.33392174338244673,0.0005242832729628427,NOMINAL,False,True
2026-01-03 04:20:00+00:00,5.329123264821945,ADCS,1.0,0.21872469647076295,0.0006069892130211524,NOMINAL,False,True
2026-01-03 04:25:00+00:00,5.594954803702937,ADCS,1.0,0.3102731004214254,0.00014838736152253054,NOMINAL,False,True
2026-01-03 04:30:00+00:00,5.8424072976055434,ADCS,1.0,0.3194525052318603,0.00016213311594322612,NOMINAL,False,True
2026-01-03 04:35:00+00:00,6.306909271119585,ADCS,1.0,0.39690197354631995,0.00023202072381339875,NOMINAL,False,True
2026-01-03 04:40:00+00:00,6.4936574240469245,ADCS,1.0,0.3369482815339186,0.001497653645758066,NOMINAL,False,True
2026-01-03 04:45:00+00:00,6.9281768302079625,ADCS,1.0,0.4216024364328725,0.0018941457663553523,NOMINAL,False,True
2026-01-03 04:50:00+00:00,7.423255644820161,ADCS,1.0,0.44094811010354207,0.004638146476074359,NOMINAL,False,True
2026-01-03 04:55:00+00:00,7.376802403080252,ADCS,1.0,0.3111205328869697,0.0036427495952932425,NOMINAL,False,True
2026-01-03 05:00:00+00:00,7.388844617819318,ADCS,1.0,0.3291248602917331,0.004723954800621483,NOMINAL,False,True
2026-01-03 05:05:00+00:00,7.691976092283504,ADCS,1.0,0.416807482525682,0.002087165263139067,NOMINAL,False,True
2026-01-03 05:10:00+00:00,8.20766248039244,ADCS,0.8571428571428571,0.5749171400795748,0.005540617164854566,NOMINAL,False,True
2026-01-03 05:15:00+00:00,8.10562726367927,ADCS,1.0,0.32599720535027865,0.004655535835800261,NOMINAL,False,True
2026-01-03 05:20:00+00:00,8.297583435476406,ADCS,1.0,0.4086093557792848,0.002079479638271341,NOMINAL,False,True
2026-01-03 05:25:00+00:00,8.459936205353706,ADCS,1.0,0.3921264397632669,0.004904594703512216,NOMINAL,False,True
2026-01-03 05:30:00+00:00,8.795404404719289,ADCS,1.0,0.4562791103695905,0.006654438926915893,NOMINAL,False,True
2026-01-03 05:35:00+00:00,9.28102151410222,ADCS,1.0,0.512023752050052,0.011812295243861558,NOMINAL,False,True
2026-01-03 05:40:00+00:00,9.485396286381668,ADCS,1.0,0.45531061003759904,0.007754993550147917,NOMINAL,False,True
2026-01-03 05:45:00+00:00,9.538252635288359,ADCS,1.0,0.4289773102285698,0.006051493001563386,NOMINAL,False,True
2026-01-03 05:50:00+00:00,9.223144558603746,ADCS,1.0,0.3286361637833022,0.0055281320604084125,NOMINAL,False,True
2026-01-03 05:55:00+00:00,8.733853832757172,ADCS,1.0,0.2517964896602857,0.006206199687293509,NOMINAL,False,True
2026-01-03 06:00:00+00:00,9.594694404726587,ADCS,1.0,0.632535383905522,0.0069481749799824724,NOMINAL,False,True
2026-01-03 06:05:00+00:00,10.12375438941311,ADCS,1.0,0.5769115515208906,0.006262799117841311,NOMINAL,False,True
2026-01-03 06:10:00+00:00,11.058144108233856,ADCS,1.0,0.7230098589766373,0.00803701129585418,NOMINAL,False,True
2026-01-03 06:15:00+00:00,11.530943682204136,ADCS,1.0,0.628276002172115,0.013487251878937716,NOMINAL,False,True
2026-01-03 06:20:00+00:00,11.963129204591318,ADCS,1.0,0.6224474046693579,0.022399467662221943,NOMINAL,False,True
2026-01-03 06:25:00+00:00,11.656945695410958,ADCS,1.0,0.4311220094348269,0.014140637265064756,NOMINAL,False,True
2026-01-03 06:30:00+00:00,12.077956362834104,ADCS,1.0,0.6415258270423485,0.011081854993978044,NOMINAL,False,True
2026-01-03 06:35:00+00:00,12.08437117960124,ADCS,1.0,0.5290761458448779,0.01214213272459044,NOMINAL,False,True
2026-01-03 06:40:00+00:00,11.938953605316552,ADCS,1.0,0.4784333077156612,0.01694841564037207,NOMINAL,False,True
2026-01-03 06:45:00+00:00,11.50955060588007,ADCS,1.0,0.39008842826648693,0.018343654072816178,NOMINAL,False,True
2026-01-03 06:50:00+00:00,11.708336654515064,ADCS,1.0,0.5602397367793718,0.014685421065014916,NOMINAL,False,True
2026-01-03 06:55:00+00:00,11.616135015780022,ADCS,1.0,0.4853184701223518,0.01262407085427357,NOMINAL,False,True
2026-01-03 07:00:00+00:00,12.6116725882331,ADCS,1.0,0.7905687688515972,0.020739983591621887,NOMINAL,False,True
2026-01-03 07:05:00+00:00,12.724078005287328,ADCS,1.0,0.5736948102872855,0.02359436651073412,NOMINAL,False,True
2026-01-03 07:10:00+00:00,12.260737044788469,ADCS,0.7142857142857143,0.589810782645439,0.022373625030490146,NOMINAL,False,True
2026-01-03 07:15:00+00:00,12.270199311302441,ADCS,1.0,0.5222529259403296,0.027581272633452343,NOMINAL,False,True
2026-01-03 07:20:00+00:00,12.703123925996131,ADCS,1.0,0.6412919730798401,0.030243003433640628,NOMINAL,False,True
2026-01-03 07:25:00+00:00,12.527161278210087,ADCS,1.0,0.4733325506285597,0.03855039608604578,NOMINAL,False,True
2026-01-03 07:30:00+00:00,13.020063324130684,ADCS,1.0,0.635519216720057,0.051670127446550904,NOMINAL,False,True
2026-01-03 07:35:00+00:00,13.23393905179982,ADCS,1.0,0.5606880273372883,0.05551550461596326,NOMINAL,False,True
2026-01-03 07:40:00+00:00,13.592575290688535,ADCS,1.0,0.6447371651426714,0.04263637245541734,NOMINAL,False,True
2026-01-03 07:45:00+00:00,13.293553768122084,ADCS,1.0,0.4615552841884633,0.045157849319820365,NOMINAL,False,True
2026-01-03 07:50:00+00:00,13.788736901066034,ADCS,1.0,0.6608848074826278,0.05823178533981789,NOMINAL,False,True
2026-01-03 07:55:00+00:00,13.75272762671751,ADCS,1.0,0.523736149831992,0.05780725542560085,NOMINAL,False,True
2026-01-03 08:00:00+00:00,14.15425525504582,ADCS,1.0,0.6488366367131516,0.06071696947726605,NOMINAL,False,True
2026-01-03 08:05:00+00:00,14.574377996226854,ADCS,1.0,0.65188984842827,0.06851021505539084,NOMINAL,False,True
2026-01-03 08:10:00+00:00,15.011984864335783,ADCS,1.0,0.6599674762489847,0.0815528389148534,NOMINAL,False,True
2026-01-03 08:15:00+00:00,14.875573484683125,ADCS,1.0,0.5292925178816509,0.07297041695337099,NOMINAL,False,True
2026-01-03 08:20:00+00:00,14.612432960756518,ADCS,1.0,0.49003193993568345,0.07050831415513037,NOMINAL,False,True
2026-01-03 08:25:00+00:00,14.761608684058723,ADCS,1.0,0.5801736581082954,0.07698533016551992,NOMINAL,False,True
2026-01-03 08:30:00+00:00,15.170200474224721,ADCS,1.0,0.6273476200985636,0.08691260414732604,NOMINAL,False,True
2026-01-03 08:35:00+00:00,15.370777742480191,ADCS,1.0,0.5446324285579581,0.09559625150414754,NOMINAL,False,True
2026-01-03 08:40:00+00:00,15.706330443471801,ADCS,1.0,0.5582113246412204,0.09933580654793409,NOMINAL,False,True
2026-01-03 08:45:00+00:00,15.9852274082793,ADCS,1.0,0.5265270804096123,0.10357378165311787,NOMINAL,False,True
2026-01-03 08:50:00+00:00,16.011676084108494,ADCS,1.0,0.42920844893752,0.10775635952266505,NOMINAL,False,True
2026-01-03 08:55:00+00:00,16.39491482290371,ADCS,1.0,0.5002233315047749,0.11380717462957506,NOMINAL,False,True
2026-01-03 09:00:00+00:00,16.122652830929436,ADCS,1.0,0.30476757119371495,0.106208697658698,NOMINAL,False,True
2026-01-03 09:05:00+00:00,16.56351769595385,ADCS,1.0,0.4667888740607053,0.1185177862113628,NOMINAL,False,True
2026-01-03 09:10:00+00:00,16.600473995555003,ADCS,0.8571428571428571,0.4585383402041549,0.1276179803438108,NOMINAL,False,True
2026-01-03 09:15:00+00:00,16.861223302462967,ADCS,1.0,0.3956261217116467,0.11027453042514887,NOMINAL,False,True
2026-01-03 09:20:00+00:00,17.40363895540815,ADCS,1.0,0.4509795863695005,0.11781120580782092,NOMINAL,False,True
2026-01-03 09:25:00+00:00,18.41149280733542,ADCS,1.0,0.5968456363311665,0.1122918581970358,NOMINAL,False,True
2026-01-03 09:30:00+00:00,18.634060482274965,ADCS,1.0,0.3753607491525451,0.11796910392394973,NOMINAL,False,True
2026-01-03 09:35:00+00:00,19.174249892265653,ADCS,1.0,0.44590034977373966,0.12365070317932686,NOMINAL,False,True
2026-01-03 09:40:00+00:00,20.219922435553663,ADCS,1.0,0.5805677061457443,0.1319875280147526,NOMINAL,False,True
2026-01-03 09:45:00+00:00,20.925205916225824,ADCS,1.0,0.4907686484599768,0.13785961933842994,NOMINAL,False,True
2026-01-03 09:50:00+00:00,22.425794174491177,ADCS,1.0,0.7022124073022158,0.15262038834193556,NOMINAL,False,True
2026-01-03 09:55:00+00:00,22.992418654552335,ADCS,1.0,0.4465941092984707,0.1681234001361362,NOMINAL,False,True
2026-01-03 10:00:00+00:00,24.194804175182355,ADCS,1.0,0.5779540217502147,0.19735440729391723,NOMINAL,False,True
2026-01-03 10:05:00+00:00,25.032612265567426,ADCS,1.0,0.48587115629303107,0.20926655087270968,WATCH,False,True
2026-01-03 10:10:00+00:00,25.989894834824206,ADCS,1.0,0.5245655279007299,0.21600102520575704,WATCH,False,True
2026-01-03 10:15:00+00:00,27.306189513493145,ADCS,1.0,0.627175789346834,0.23236472827696483,WATCH,False,True
2026-01-03 10:20:00+00:00,28.463324942203222,ADCS,1.0,0.6535217200489124,0.20879216835950878,WATCH,False,True
2026-01-03 10:25:00+00:00,29.343852219522155,ADCS,1.0,0.5829975639544682,0.21996421337280447,WATCH,False,True
2026-01-03 10:30:00+00:00,30.083564861283847,ADCS,1.0,0.574423943016791,0.22369219593578607,WATCH,False,True
2026-01-03 10:35:00+00:00,30.796796569654393,ADCS,1.0,0.6278093518724204,0.20606782348606972,WATCH,False,True
2026-01-03 10:40:00+00:00,31.84392598386483,ADCS,1.0,0.7723024328675392,0.1935199948822578,WATCH,False,True
2026-01-03 10:45:00+00:00,32.49595657747346,ADCS,1.0,0.6826304840521054,0.19828899654686222,WATCH,False,True
2026-01-03 10:50:00+00:00,32.89742241012026,ADCS,1.0,0.6449878871035727,0.19680516471396775,WATCH,False,True
2026-01-03 10:55:00+00:00,33.99244947548566,ADCS,1.0,0.8283274460632686,0.21191932932541455,WATCH,False,True
2026-01-03 11:00:00+00:00,35.659796841268744,ADCS,1.0,0.9973933458223972,0.23903536625127303,WATCH,False,True
2026-01-03 11:05:00+00:00,36.7634136832185,ADCS,1.0,0.8794945471169557,0.25252107630356946,WATCH,False,True
2026-01-03 11:10:00+00:00,36.63445848499404,ADCS,0.8571428571428571,0.8651122047901987,0.23835778991964987,WATCH,False,True
2026-01-03 11:15:00+00:00,37.653656310359615,ADCS,1.0,0.8811856352170387,0.26067613087032115,WATCH,False,True
2026-01-03 11:20:00+00:00,38.777420731058534,ADCS,1.0,0.923686333136706,0.28243867888892193,WATCH,False,True
2026-01-03 11:25:00+00:00,39.04566976221078,ADCS,1.0,0.6972348323938716,0.29938996820731,WATCH,False,True
2026-01-03 11:30:00+00:00,39.30360644277711,ADCS,1.0,0.688341629772642,0.3099779149901349,WATCH,False,True
2026-01-03 11:35:00+00:00,39.733587945519396,ADCS,1.0,0.6938397294112427,0.3392806173704601,WATCH,False,True
2026-01-03 11:40:00+00:00,39.93285735417421,ADCS,1.0,0.6693874143466089,0.32347757622989043,WATCH,False,True
2026-01-03 11:45:00+00:00,40.874601821203036,ADCS,1.0,0.8339239167740282,0.35798886601296387,WATCH,False,True
2026-01-03 11:50:00+00:00,41.16011659382991,ADCS,1.0,0.7057491342387281,0.347401046903124,WATCH,False,True
2026-01-03 11:55:00+00:00,41.31468473007912,ADCS,1.0,0.6974964334163292,0.32598381262077464,WATCH,False,True
2026-01-03 12:00:00+00:00,41.24073684778069,ADCS,1.0,0.6508357761090672,0.3238053516991566,WATCH,False,True
2026-01-03 12:05:00+00:00,40.96097883764183,ADCS,1.0,0.590849920860103,0.31815100885201814,WATCH,False,True
2026-01-03 12:10:00+00:00,41.28812641563665,ADCS,1.0,0.7033021268596696,0.3427910718279021,WATCH,False,True
2026-01-03 12:15:00+00:00,41.355158921197145,ADCS,1.0,0.6807518979079338,0.3207771708062831,WATCH,False,True
2026-01-03 12:20:00+00:00,41.390599291816244,ADCS,1.0,0.6338562543474991,0.3413019827458973,WATCH,False,True
2026-01-03 12:25:00+00:00,42.262975281826236,ADCS,1.0,0.8462343744264524,0.36636673928826324,WATCH,False,True
2026-01-03 12:30:00+00:00,42.52628369449824,ADCS,1.0,0.6662363640405932,0.39075583453123564,WATCH,False,True
2026-01-03 12:35:00+00:00,42.5448618635968,ADCS,1.0,0.5793346373310868,0.39839709139466273,WATCH,False,True
2026-01-03 12:40:00+00:00,42.87677008090064,ADCS,1.0,0.6592412531895326,0.4078243658189387,WATCH,False,True
2026-01-03 12:45:00+00:00,43.123921751635876,ADCS,1.0,0.6665136023074052,0.3943083999485848,WATCH,False,True
2026-01-03 12:50:00+00:00,43.73734021258182,ADCS,1.0,0.7430545480852419,0.42322586557853137,WATCH,False,True
2026-01-03 12:55:00+00:00,43.76675198198788,ADCS,1.0,0.5771611157267984,0.43924699642372245,WATCH,False,True
2026-01-03 13:00:00+00:00,44.325767344371386,ADCS,1.0,0.7177552399082177,0.44530230145621885,WATCH,False,True
2026-01-03 13:05:00+00:00,44.67917604095642,ADCS,1.0,0.6729558772020867,0.4478862789748556,WATCH,False,True
2026-01-03 13:10:00+00:00,43.92289616711029,ADCS,0.8571428571428571,0.6356701161298416,0.4641501972794527,WATCH,False,True
2026-01-03 13:15:00+00:00,44.4508241730658,ADCS,1.0,0.6408089928962151,0.48524833201026957,WATCH,False,True
2026-01-03 13:20:00+00:00,44.77370229015835,ADCS,1.0,0.6740890755758343,0.43783507575022296,WATCH,False,True
2026-01-03 13:25:00+00:00,44.98872726415707,ADCS,1.0,0.691322505024106,0.41161686629263783,WATCH,False,True
2026-01-03 13:30:00+00:00,45.33208753320114,ADCS,1.0,0.7136153396945393,0.42719002303433323,ELEVATED,False,True
2026-01-03 13:35:00+00:00,45.64536929093339,ADCS,1.0,0.7631244755967118,0.3977638512820963,ELEVATED,False,True
2026-01-03 13:40:00+00:00,45.785430702697795,ADCS,1.0,0.7656916427709773,0.36863592021138736,ELEVATED,False,True
2026-01-03 13:45:00+00:00,45.793053415258626,ADCS,1.0,0.7772051530219025,0.3402600682083641,ELEVATED,False,True
2026-01-03 13:50:00+00:00,45.64377563079288,ADCS,1.0,0.722314908546215,0.3398151193479279,ELEVATED,False,True
2026-01-03 13:55:00+00:00,45.35280697117572,ADCS,1.0,0.6182453530898128,0.3716894396411831,ELEVATED,True,True
2026-01-03 14:00:00+00:00,45.156309884987465,ADCS,1.0,0.692921028301187,0.33438460851747376,ELEVATED,True,True
2026-01-03 14:05:00+00:00,44.972992858183034,ADCS,1.0,0.6793568331865929,0.32789358912448413,WATCH,False,True
2026-01-03 14:10:00+00:00,44.99481122522965,ADCS,1.0,0.749469561913103,0.3186948438454763,WATCH,False,True
2026-01-03 14:15:00+00:00,44.82216133670348,ADCS,1.0,0.6504684101629312,0.33985700246993,WATCH,False,True
2026-01-03 14:20:00+00:00,44.695720813652336,ADCS,1.0,0.6378391431089017,0.35004101175943847,WATCH,False,True
2026-01-03 14:25:00+00:00,44.918874700894335,ADCS,1.0,0.7305467682230588,0.34427999004235976,WATCH,False,True
2026-01-03 14:30:00+00:00,45.377553204474125,ADCS,1.0,0.8059663771741418,0.3477626353719887,ELEVATED,False,True
2026-01-03 14:35:00+00:00,45.822777931904085,ADCS,1.0,0.8019137186949065,0.35863912083860017,ELEVATED,False,True
2026-01-03 14:40:00+00:00,45.78203612430112,ADCS,1.0,0.6411957247439901,0.37962569507017074,ELEVATED,False,True
2026-01-03 14:45:00+00:00,46.09295632001211,ADCS,1.0,0.6919756069432602,0.39630729312065177,ELEVATED,False,True
2026-01-03 14:50:00+00:00,46.69553195911332,ADCS,1.0,0.7737694694391243,0.4187064927813794,ELEVATED,False,True
2026-01-03 14:55:00+00:00,46.785960831780436,ADCS,1.0,0.6606463818731874,0.40996840364102827,ELEVATED,True,True
2026-01-03 15:00:00+00:00,47.06084028705869,ADCS,1.0,0.730066814248993,0.3990859526249487,ELEVATED,True,True
2026-01-03 15:05:00+00:00,47.21593085168278,ADCS,1.0,0.7324267824211191,0.38307641133816045,ELEVATED,True,True
2026-01-03 15:10:00+00:00,45.133424916998194,ADCS,0.7142857142857143,0.717255519914446,0.35838028073244077,ELEVATED,True,True
2026-01-03 15:15:00+00:00,45.39391737965819,ADCS,1.0,0.6839597574684065,0.3781687847075419,ELEVATED,True,True
2026-01-03 15:20:00+00:00,45.38063004501655,ADCS,1.0,0.6066071265301254,0.37880010393433905,ELEVATED,True,True
2026-01-03 15:25:00+00:00,45.69474800416491,ADCS,1.0,0.6528145426672688,0.4006879546333728,ELEVATED,True,True
2026-01-03 15:30:00+00:00,46.19102243105398,ADCS,1.0,0.6648379531518808,0.43532966458377853,ELEVATED,True,True
2026-01-03 15:35:00+00:00,46.88623291450469,ADCS,1.0,0.7436661479716478,0.43665603329918584,ELEVATED,True,True
2026-01-03 15:40:00+00:00,47.39585067185777,ADCS,1.0,0.6662464619747404,0.46287651612496855,ELEVATED,True,True
2026-01-03 15:45:00+00:00,47.644990667921384,ADCS,1.0,0.5681372693356342,0.47478711818743613,ELEVATED,True,True
2026-01-03 15:50:00+00:00,47.770519463488185,ADCS,1.0,0.5661310164812323,0.45779707934163133,ELEVATED,True,True
2026-01-03 15:55:00+00:00,47.80483977767363,ADCS,1.0,0.5563038333146847,0.45494539849359206,ELEVATED,True,True
2026-01-03 16:00:00+00:00,48.30294274202888,ADCS,1.0,0.6561240094520822,0.459801687186282,ELEVATED,True,True
2026-01-03 16:05:00+00:00,48.672130756574134,ADCS,1.0,0.6500126178673625,0.45836071918871857,ELEVATED,True,True
2026-01-03 16:10:00+00:00,48.56971367173911,ADCS,1.0,0.5255937685882673,0.4547104764487362,ELEVATED,True,True
2026-01-03 16:15:00+00:00,48.654758984075556,ADCS,1.0,0.6425369108903148,0.4112664776396295,ELEVATED,True,True
2026-01-03 16:20:00+00:00,48.85324106692283,ADCS,1.0,0.6458135191758491,0.43470235549051417,ELEVATED,True,True
2026-01-03 16:25:00+00:00,48.302604286244645,ADCS,1.0,0.5024739986374112,0.3900900847462193,ELEVATED,True,True
2026-01-03 16:30:00+00:00,48.45876877451651,ADCS,1.0,0.6563413150882605,0.4053810663185875,ELEVATED,True,True
2026-01-03 16:35:00+00:00,48.55750446229058,ADCS,1.0,0.625391479482545,0.4225883178365739,ELEVATED,True,True
2026-01-03 16:40:00+00:00,48.47812267665603,ADCS,1.0,0.58569241250342,0.4184268421016611,ELEVATED,True,True
2026-01-03 16:45:00+00:00,48.52074822861105,ADCS,1.0,0.6339893626512725,0.4036514345028485,ELEVATED,True,True
2026-01-03 16:50:00+00:00,49.028313841483836,ADCS,1.0,0.7466460208859609,0.41522929356204197,ELEVATED,True,True
2026-01-03 16:55:00+00:00,49.46248211698495,ADCS,1.0,0.7216088799247161,0.4274156642114937,ELEVATED,True,True
2026-01-03 17:00:00+00:00,49.98173832413625,ADCS,1.0,0.7538785456022935,0.43094712595001045,ELEVATED,True,True
2026-01-03 17:05:00+00:00,50.211143483016876,ADCS,1.0,0.6814224030092692,0.43322855949544803,ELEVATED,True,True
2026-01-03 17:10:00+00:00,48.230117266578844,ADCS,0.7142857142857143,0.7069859280497791,0.43439736043947064,ELEVATED,True,True
2026-01-03 17:15:00+00:00,48.73895512052364,ADCS,1.0,0.7326654894549867,0.393991822367816,ELEVATED,True,True
2026-01-03 17:20:00+00:00,48.915870331622116,ADCS,1.0,0.6608111943410409,0.3916594855531491,ELEVATED,True,True
2026-01-03 17:25:00+00:00,48.93705613576279,ADCS,1.0,0.6330261080559265,0.3758536141424763,ELEVATED,True,True
2026-01-03 17:30:00+00:00,49.121229886528624,ADCS,1.0,0.679892073700291,0.38197345013540795,ELEVATED,True,True
2026-01-03 17:35:00+00:00,49.60044278407453,ADCS,1.0,0.7553765796927516,0.38376092948300355,ELEVATED,True,True
2026-01-03 17:40:00+00:00,49.71224156070066,ADCS,1.0,0.6574124700093477,0.3887738373378623,ELEVATED,True,True
2026-01-03 17:45:00+00:00,49.74828561268482,ADCS,1.0,0.6258231943805148,0.39258261072126266,ELEVATED,True,True
2026-01-03 17:50:00+00:00,49.67957862698223,ADCS,1.0,0.5858539301852707,0.4000823322991011,ELEVATED,True,True
2026-01-03 17:55:00+00:00,50.2359015523966,ADCS,1.0,0.7302586486955669,0.42264127940998414,ELEVATED,True,True
2026-01-03 18:00:00+00:00,50.55309696204305,ADCS,1.0,0.6744773137458634,0.4318477915445442,ELEVATED,True,True
2026-01-03 18:05:00+00:00,50.45451876739973,ADCS,1.0,0.5836459377865981,0.41504220402286435,ELEVATED,True,True
2026-01-03 18:10:00+00:00,50.77770174970368,ADCS,1.0,0.6813784222840755,0.41889917519159237,ELEVATED,True,True
2026-01-03 18:15:00+00:00,50.980874371407296,ADCS,1.0,0.6510819726783061,0.42400256199161135,ELEVATED,True,True
2026-01-03 18:20:00+00:00,51.16673852050223,ADCS,1.0,0.6457458123728586,0.43195458537259857,ELEVATED,True,True
2026-01-03 18:25:00+00:00,51.429787691979435,ADCS,1.0,0.6538853885180221,0.43846622061182117,ELEVATED,True,True
2026-01-03 18:30:00+00:00,51.63616497203754,ADCS,1.0,0.6295835053839206,0.44455676028814983,ELEVATED,True,True
2026-01-03 18:35:00+00:00,51.927966699101106,ADCS,1.0,0.6471421760251159,0.4511082361754186,ELEVATED,True,True
2026-01-03 18:40:00+00:00,52.459162908889255,ADCS,1.0,0.7177430127853661,0.45178748925711143,ELEVATED,True,True
2026-01-03 18:45:00+00:00,53.051385646748905,ADCS,1.0,0.7101626319877063,0.4854351550416456,ELEVATED,True,True
2026-01-03 18:50:00+00:00,53.53945258097771,ADCS,1.0,0.7573081010442907,0.45618424348513786,ELEVATED,True,True
2026-01-03 18:55:00+00:00,53.41761352189947,ADCS,1.0,0.6216525842130681,0.4365592416239808,ELEVATED,True,True
2026-01-03 19:00:00+00:00,53.49248106834239,ADCS,1.0,0.6617210725184056,0.44673194130005206,ELEVATED,True,True
2026-01-03 19:05:00+00:00,53.95151257951083,ADCS,1.0,0.7906931644311819,0.43232791778785595,ELEVATED,True,True
2026-01-03 19:10:00+00:00,53.054155984387656,ADCS,0.8571428571428571,0.7389246221263163,0.44262218631419414,ELEVATED,True,True
2026-01-03 19:15:00+00:00,53.48325652884889,ADCS,1.0,0.7293248297950071,0.4293318696602857,ELEVATED,True,True
2026-01-03 19:20:00+00:00,53.719344214460655,ADCS,1.0,0.6295196327400036,0.45963318601924436,ELEVATED,True,True
2026-01-03 19:25:00+00:00,53.83985735874969,ADCS,1.0,0.6122256746482192,0.4664710953786133,ELEVATED,True,True
2026-01-03 19:30:00+00:00,54.212661728448666,ADCS,1.0,0.6928304725237577,0.4671922832482315,ELEVATED,True,True
2026-01-03 19:35:00+00:00,54.2694809838311,ADCS,1.0,0.6006350469011512,0.48090610041106885,ELEVATED,True,True
2026-01-03 19:40:00+00:00,54.00474056452163,ADCS,1.0,0.48734210862571853,0.49327773407694003,ELEVATED,True,True
2026-01-03 19:45:00+00:00,54.14640270575081,ADCS,1.0,0.5885235685585666,0.5032279424168322,ELEVATED,True,True
2026-01-03 19:50:00+00:00,54.55890743251177,ADCS,1.0,0.6426222652698397,0.5269787359023761,ELEVATED,True,True
2026-01-03 19:55:00+00:00,54.89626851528757,ADCS,1.0,0.6417306542239885,0.513933688675669,ELEVATED,True,True
2026-01-03 20:00:00+00:00,55.00388483383271,ADCS,1.0,0.582104399643131,0.5179922073459554,ELEVATED,True,True
2026-01-03 20:05:00+00:00,55.455174941236805,ADCS,1.0,0.7532666796102715,0.4788054291223991,ELEVATED,True,True
2026-01-03 20:10:00+00:00,55.607139000516156,ADCS,1.0,0.6587224854472671,0.4886969829323293,ELEVATED,True,True
2026-01-03 20:15:00+00:00,55.62704384608468,ADCS,1.0,0.6533335714343277,0.47231482972995964,ELEVATED,True,True
2026-01-03 20:20:00+00:00,55.589983920792726,ADCS,1.0,0.6619134842965448,0.4642872216012948,ELEVATED,True,True
2026-01-03 20:25:00+00:00,55.23801436784205,ADCS,1.0,0.6054148761879959,0.44001427157008755,ELEVATED,True,True
2026-01-03 20:30:00+00:00,55.18703653038783,ADCS,1.0,0.6741871275085529,0.44504639018713704,ELEVATED,True,True
2026-01-03 20:35:00+00:00,55.15371913518803,ADCS,1.0,0.6666314542937412,0.45530187447549947,ELEVATED,True,True
2026-01-03 20:40:00+00:00,55.091317587820384,ADCS,1.0,0.677032892456077,0.44205896453963933,ELEVATED,True,True
2026-01-03 20:45:00+00:00,54.90967333362378,ADCS,1.0,0.6494328829830327,0.42193526866490244,ELEVATED,True,True
2026-01-03 20:50:00+00:00,55.147049316235886,ADCS,1.0,0.7616267400567615,0.4184680891517792,ELEVATED,True,True
2026-01-03 20:55:00+00:00,54.91270243898781,ADCS,1.0,0.6380295239669861,0.4319886146925161,ELEVATED,True,True
2026-01-03 21:00:00+00:00,55.15139948544588,ADCS,1.0,0.7887361490676716,0.4216659308271223,ELEVATED,True,True
2026-01-03 21:05:00+00:00,55.085141947799364,ADCS,1.0,0.6803313817954576,0.42990014631378926,ELEVATED,True,True
2026-01-03 21:10:00+00:00,53.98168272852946,ADCS,0.8571428571428571,0.7303406530435451,0.4331351099602143,ELEVATED,True,True
2026-01-03 21:15:00+00:00,54.1762504923142,ADCS,1.0,0.708061302773058,0.4219908162426741,ELEVATED,True,True
2026-01-03 21:20:00+00:00,54.26656107741248,ADCS,1.0,0.6874142732387863,0.4043552712332205,ELEVATED,True,True
2026-01-03 21:25:00+00:00,54.11934402816761,ADCS,1.0,0.6685009426982343,0.3667840638963068,ELEVATED,True,True
2026-01-03 21:30:00+00:00,54.1986883061172,ADCS,1.0,0.7120445499832232,0.37981026413551594,ELEVATED,True,True
2026-01-03 21:35:00+00:00,54.265284760393435,ADCS,1.0,0.7051781360137087,0.3815189757565812,ELEVATED,True,True
2026-01-03 21:40:00+00:00,54.51946956982859,ADCS,1.0,0.7312927440852613,0.4008446935077432,ELEVATED,True,True
2026-01-03 21:45:00+00:00,54.972272347927245,ADCS,1.0,0.7871643385733254,0.4092869943423105,ELEVATED,True,True
2026-01-03 21:50:00+00:00,55.05565241409415,ADCS,1.0,0.6758787191817823,0.41797476712158665,ELEVATED,True,True
2026-01-03 21:55:00+00:00,55.49324295520023,ADCS,1.0,0.7511784171467126,0.4303535464025175,ELEVATED,True,True
2026-01-03 22:00:00+00:00,55.63994568028039,ADCS,1.0,0.6764667210613894,0.43811838957450927,ELEVATED,True,True
2026-01-03 22:05:00+00:00,55.970556523341465,ADCS,1.0,0.6801727956869832,0.4772047809990227,ELEVATED,True,True
2026-01-03 22:10:00+00:00,56.82102462373748,ADCS,1.0,0.8050196570042272,0.5083215439300095,ELEVATED,True,True
2026-01-03 22:15:00+00:00,57.39387305673239,ADCS,1.0,0.704945631954932,0.5436243595515319,ELEVATED,True,True
2026-01-03 22:20:00+00:00,58.186434196361894,ADCS,1.0,0.7758325159357241,0.5583122580000596,ELEVATED,True,True
2026-01-03 22:25:00+00:00,58.9871556361067,ADCS,1.0,0.8293362449437804,0.5464322575973042,ELEVATED,True,True
2026-01-03 22:30:00+00:00,59.25107181252391,ADCS,1.0,0.6840316297198047,0.5633923859796739,ELEVATED,True,True
2026-01-03 22:35:00+00:00,59.63406939118865,ADCS,1.0,0.7827151573073139,0.5253381040856213,ELEVATED,True,True
2026-01-03 22:40:00+00:00,59.88205415689774,ADCS,1.0,0.7248881790634586,0.5476927576677736,ELEVATED,True,True
2026-01-03 22:45:00+00:00,60.05649204699215,ADCS,1.0,0.7553636579273093,0.5276277457819823,ELEVATED,True,True
2026-01-03 22:50:00+00:00,60.69962243007271,ADCS,1.0,0.8938039060166498,0.5305857270472738,ELEVATED,True,True
2026-01-03 22:55:00+00:00,60.89134074406088,ADCS,1.0,0.7663190693122475,0.5461307102813865,ELEVATED,True,True
2026-01-03 23:00:00+00:00,60.67844402228825,ADCS,1.0,0.7081479843822229,0.5066593609324206,ELEVATED,True,True
2026-01-03 23:05:00+00:00,61.3317747812334,ADCS,1.0,0.9332128984248708,0.5184265346570263,ELEVATED,True,True
2026-01-03 23:10:00+00:00,58.54223517947331,ADCS,0.7142857142857143,0.7128998791652157,0.5287909673518421,ELEVATED,True,True
2026-01-03 23:15:00+00:00,58.958118257729964,ADCS,1.0,0.7530139458729155,0.5353815741901768,ELEVATED,True,True
2026-01-03 23:20:00+00:00,58.947953622677154,ADCS,1.0,0.7093455848711798,0.4946039291745746,ELEVATED,True,True
2026-01-03 23:25:00+00:00,58.6985969547615,ADCS,1.0,0.6372239804060232,0.4985766039003523,ELEVATED,True,True
2026-01-03 23:30:00+00:00,58.451552353902684,ADCS,1.0,0.6028676790964603,0.509369778896545,ELEVATED,True,True
2026-01-03 23:35:00+00:00,58.841494084212265,ADCS,1.0,0.7997473087399743,0.4981922434970959,ELEVATED,True,True
2026-01-03 23:40:00+00:00,58.55881446546655,ADCS,1.0,0.6225343024389737,0.48919067395328936,ELEVATED,True,True
2026-01-03 23:45:00+00:00,58.15033875480619,ADCS,1.0,0.5998447404967395,0.47078961541405584,ELEVATED,True,True
2026-01-03 23:50:00+00:00,57.80274100786787,ADCS,1.0,0.6078954969969708,0.4549387187759603,ELEVATED,True,True
2026-01-03 23:55:00+00:00,57.838809679429325,ADCS,1.0,0.703710408489993,0.45817966251292075,ELEVATED,True,True
2026-01-04 00:00:00+00:00,57.86130180107186,ADCS,1.0,0.7024381068035292,0.46167000236250827,ELEVATED,True,True
2026-01-04 00:05:00+00:00,57.74740176257285,ADCS,1.0,0.682765363202458,0.4429668609989975,ELEVATED,True,True
2026-01-04 00:10:00+00:00,57.48459903329311,ADCS,1.0,0.6182695180688925,0.45317105136554015,ELEVATED,True,True
2026-01-04 00:15:00+00:00,57.120180284513346,ADCS,1.0,0.5784076086886492,0.45055245446196046,ELEVATED,True,True
2026-01-04 00:20:00+00:00,57.32546551845131,ADCS,1.0,0.7482793176735192,0.43634070655933455,ELEVATED,True,True
2026-01-04 00:25:00+00:00,57.11570257069264,ADCS,1.0,0.6661359744060785,0.4188730902191824,ELEVATED,True,True
2026-01-04 00:30:00+00:00,56.90078346641095,ADCS,1.0,0.66773974658222,0.4087781930283952,ELEVATED,True,True
2026-01-04 00:35:00+00:00,57.1715395907017,ADCS,1.0,0.7899850320387608,0.41422216491492503,ELEVATED,True,True
2026-01-04 00:40:00+00:00,56.854604376975374,ADCS,1.0,0.6284442701133953,0.4126810052281725,ELEVATED,True,True
2026-01-04 00:45:00+00:00,57.09107460045132,ADCS,1.0,0.7633026818673646,0.4149964093242495,ELEVATED,True,True
2026-01-04 00:50:00+00:00,57.30694462471359,ADCS,1.0,0.7577747334053856,0.4287847187610252,ELEVATED,True,True
2026-01-04 00:55:00+00:00,57.07701839954871,ADCS,1.0,0.6277472532489264,0.43206251669499995,ELEVATED,True,True
2026-01-04 01:00:00+00:00,57.14283855952009,ADCS,1.0,0.6632915400056452,0.44793453461979027,ELEVATED,True,True
2026-01-04 01:05:00+00:00,57.43663661251943,ADCS,1.0,0.7170206048459342,0.45832181214832896,ELEVATED,True,True
2026-01-04 01:10:00+00:00,56.61129428382991,ADCS,0.8571428571428571,0.7967841742733209,0.44996113673977844,ELEVATED,True,True
2026-01-04 01:15:00+00:00,57.59911889823628,ADCS,1.0,0.8886621950055773,0.4603032987660485,ELEVATED,True,True
2026-01-04 01:20:00+00:00,58.760987215308475,ADCS,1.0,0.9628851320687456,0.46934816141420155,ELEVATED,True,True
2026-01-04 01:25:00+00:00,59.34825757791466,ADCS,1.0,0.8648010922775575,0.46213781810183274,ELEVATED,True,True
2026-01-04 01:30:00+00:00,59.61233293898676,ADCS,1.0,0.8088225384830134,0.4483240856399585,ELEVATED,True,True
2026-01-04 01:35:00+00:00,60.594457592563664,ADCS,1.0,1.0,0.46747944842459443,ELEVATED,True,True
2026-01-04 01:40:00+00:00,61.45555252240429,ADCS,1.0,1.0,0.4631734857015341,ELEVATED,True,True
2026-01-04 01:45:00+00:00,62.324563956655545,ADCS,1.0,1.0,0.48353942020890495,ELEVATED,True,True
2026-01-04 01:50:00+00:00,62.927544240627164,ADCS,1.0,1.0,0.46332983620083096,ELEVATED,True,True
2026-01-04 01:55:00+00:00,63.6270974540795,ADCS,1.0,1.0,0.4964159198188758,ELEVATED,True,True
2026-01-04 02:00:00+00:00,64.30430453831326,ADCS,1.0,0.9965951230716004,0.5137005687578448,ELEVATED,True,True
2026-01-04 02:05:00+00:00,64.96884126354978,ADCS,1.0,1.0,0.5312469909276689,ELEVATED,True,True
2026-01-04 02:10:00+00:00,65.33969135932847,ADCS,1.0,1.0,0.4935641799317035,HIGH,True,True
2026-01-04 02:15:00+00:00,65.56088035640848,ADCS,1.0,1.0,0.4800578657933713,HIGH,True,True
2026-01-04 02:20:00+00:00,65.24113309883997,ADCS,1.0,0.8823004908349571,0.45621241727716044,HIGH,True,True
2026-01-04 02:25:00+00:00,65.23929023466171,ADCS,1.0,0.9582552564897199,0.46245626289984076,HIGH,True,True
2026-01-04 02:30:00+00:00,65.18218887347497,ADCS,1.0,0.9668680534681993,0.4449980951470037,HIGH,True,True
2026-01-04 02:35:00+00:00,65.17891927556278,ADCS,1.0,0.9866488577087259,0.43836325676166915,HIGH,True,True
2026-01-04 02:40:00+00:00,65.30419462985051,ADCS,1.0,0.9945112284084228,0.4600497278030812,HIGH,True,True
2026-01-04 02:45:00+00:00,64.8397961956461,ADCS,1.0,0.7859391339030394,0.48821779612947336,ELEVATED,True,True
2026-01-04 02:50:00+00:00,64.74374713458707,ADCS,1.0,0.869252255725109,0.4903007399153516,ELEVATED,True,True
2026-01-04 02:55:00+00:00,64.63549319704883,ADCS,1.0,0.8848824154484141,0.4712256333806507,ELEVATED,True,True
2026-01-04 03:00:00+00:00,64.10197849161335,ADCS,1.0,0.7808389034625554,0.4518518545022301,ELEVATED,True,True
2026-01-04 03:05:00+00:00,63.69458854288572,ADCS,1.0,0.7969034365282631,0.4501423524314546,ELEVATED,True,True
2026-01-04 03:10:00+00:00,61.59127580773002,ADCS,0.8571428571428571,0.6360936678161563,0.4653560586375476,ELEVATED,True,True
2026-01-04 03:15:00+00:00,61.4482830123794,ADCS,1.0,0.7181416440567423,0.47347540171461727,ELEVATED,True,True
2026-01-04 03:20:00+00:00,61.53831837841804,ADCS,1.0,0.7775348402914565,0.47754151462666605,ELEVATED,True,True
2026-01-04 03:25:00+00:00,61.94300511920443,ADCS,1.0,0.8355972654346401,0.506653221780738,ELEVATED,True,True
2026-01-04 03:30:00+00:00,62.03545889197066,ADCS,1.0,0.7575786220448767,0.5088295633433675,ELEVATED,True,True
2026-01-04 03:35:00+00:00,62.24558460345377,ADCS,1.0,0.7860127335806786,0.5165361347166997,ELEVATED,True,True
2026-01-04 03:40:00+00:00,62.17655639719486,ADCS,1.0,0.7235717234371031,0.5098046080204878,ELEVATED,True,True
2026-01-04 03:45:00+00:00,62.48140801907504,ADCS,1.0,0.8452201161897631,0.49655991758079265,ELEVATED,True,True
2026-01-04 03:50:00+00:00,62.44211680022127,ADCS,1.0,0.7275876005799511,0.5168200978326379,ELEVATED,True,True
2026-01-04 03:55:00+00:00,62.6996470346813,ADCS,1.0,0.8116625151316608,0.520424342248811,ELEVATED,True,True
2026-01-04 04:00:00+00:00,63.20004673132035,ADCS,1.0,0.8641689267635954,0.5318110364180861,ELEVATED,True,True
2026-01-04 04:05:00+00:00,63.59291152484309,ADCS,1.0,0.8350618343249507,0.5515873015873015,ELEVATED,True,True
2026-01-04 04:10:00+00:00,63.623792248670895,ADCS,1.0,0.7382366496878596,0.5515873015873015,ELEVATED,True,True
2026-01-04 04:15:00+00:00,63.86312093419659,ADCS,1.0,0.8335826123970691,0.5317460317460316,ELEVATED,True,True
2026-01-04 04:20:00+00:00,63.89469319808755,ADCS,1.0,0.7802728216440257,0.5317460317460316,ELEVATED,True,True
2026-01-04 04:25:00+00:00,64.24958270801216,ADCS,1.0,0.8288930498135897,0.5714285714285713,ELEVATED,True,True
2026-01-04 04:30:00+00:00,64.47728284774462,ADCS,1.0,0.8010011360418187,0.5714285714285713,ELEVATED,True,True
2026-01-04 04:35:00+00:00,64.62976189840425,ADCS,1.0,0.7634127563569059,0.5912698412698412,ELEVATED,True,True
2026-01-04 04:40:00+00:00,64.30386151957055,ADCS,1.0,0.6567028138629146,0.5714285714285713,ELEVATED,True,True
2026-01-04 04:45:00+00:00,64.24229668288524,ADCS,1.0,0.6832008770232195,0.5912698412698412,ELEVATED,True,True
2026-01-04 04:50:00+00:00,64.35215710948195,ADCS,1.0,0.734807873013694,0.5912698412698412,ELEVATED,True,True
2026-01-04 04:55:00+00:00,64.30224682400957,ADCS,1.0,0.7215234852909863,0.5714285714285713,ELEVATED,True,True
2026-01-04 05:00:00+00:00,64.49960452285214,ADCS,1.0,0.7283640823548113,0.6111111111111109,ELEVATED,True,True
2026-01-04 05:05:00+00:00,64.44351238290109,ADCS,1.0,0.6903840893243638,0.5912698412698411,ELEVATED,True,True
2026-01-04 05:10:00+00:00,63.51332567926822,ADCS,0.8571428571428571,0.8882790687478899,0.5714285714285713,ELEVATED,True,True
2026-01-04 05:15:00+00:00,63.80198674535012,ADCS,1.0,0.7467770413177522,0.5912698412698411,ELEVATED,True,True
2026-01-04 05:20:00+00:00,64.09829789776535,ADCS,1.0,0.7625033986984179,0.5912698412698411,ELEVATED,True,True
2026-01-04 05:25:00+00:00,64.33099024354537,ADCS,1.0,0.7672259499654317,0.5912698412698411,ELEVATED,True,True
2026-01-04 05:30:00+00:00,64.42944488142815,ADCS,1.0,0.7675380951542983,0.5714285714285713,ELEVATED,True,True
2026-01-04 05:35:00+00:00,64.55773029581627,ADCS,1.0,0.7806186265366605,0.5714285714285713,ELEVATED,True,True
2026-01-04 05:40:00+00:00,64.90154386057301,ADCS,1.0,0.8243643942402242,0.5912698412698411,ELEVATED,True,True
2026-01-04 05:45:00+00:00,64.77004468504978,ADCS,1.0,0.7246746414606073,0.5714285714285713,ELEVATED,True,True
2026-01-04 05:50:00+00:00,64.81971806024184,ADCS,1.0,0.7716117628318251,0.5714285714285713,ELEVATED,True,True
2026-01-04 05:55:00+00:00,64.0387370914411,ADCS,1.0,0.5865813721198052,0.5317460317460317,ELEVATED,True,True
2026-01-04 06:00:00+00:00,63.95016380135833,ADCS,1.0,0.7314286995243819,0.5515873015873015,ELEVATED,True,True
2026-01-04 06:05:00+00:00,63.86898301367307,ADCS,1.0,0.6919365798789555,0.5714285714285713,ELEVATED,True,True
2026-01-04 06:10:00+00:00,63.86258698657629,ADCS,1.0,0.7260931900804773,0.5714285714285713,ELEVATED,True,True
2026-01-04 06:15:00+00:00,64.01521196900359,ADCS,1.0,0.7370199139679227,0.5912698412698411,ELEVATED,True,True
2026-01-04 06:20:00+00:00,64.4628364967346,ADCS,1.0,0.8092149585914143,0.6106317702384263,ELEVATED,True,True
2026-01-04 06:25:00+00:00,64.72151182686905,ADCS,1.0,0.8053346844516703,0.5896689737097841,ELEVATED,True,True
2026-01-04 06:30:00+00:00,65.0100629788516,ADCS,1.0,0.793320956953153,0.6157566046003511,HIGH,True,True
2026-01-04 06:35:00+00:00,65.03759094533136,ADCS,1.0,0.7531200577984328,0.5985940301285652,HIGH,True,True
2026-01-04 06:40:00+00:00,64.75927701569935,ADCS,1.0,0.7424932320348104,0.5430429571503552,ELEVATED,True,True
2026-01-04 06:45:00+00:00,64.53584304633125,ADCS,1.0,0.7823425820924352,0.5178049959598932,ELEVATED,True,True
2026-01-04 06:50:00+00:00,64.58464088794355,ADCS,1.0,0.8551189498918206,0.5183292990689836,ELEVATED,True,True
2026-01-04 06:55:00+00:00,64.47423193260934,ADCS,1.0,0.8258774096311767,0.5109992004164209,ELEVATED,True,True
2026-01-04 07:00:00+00:00,64.11854267175734,ADCS,1.0,0.7255364696513925,0.5278036981015662,ELEVATED,True,True
2026-01-04 07:05:00+00:00,63.69196175370151,ADCS,1.0,0.697352065711185,0.5224916919714852,ELEVATED,True,True
2026-01-04 07:10:00+00:00,60.40678205605377,ADCS,0.7142857142857143,0.6113086832307458,0.5136059163517624,ELEVATED,True,True
2026-01-04 07:15:00+00:00,60.91022608305288,ADCS,1.0,0.8095213251528529,0.5165773755615524,ELEVATED,True,True
2026-01-04 07:20:00+00:00,60.753812859021814,ADCS,1.0,0.6178210673831179,0.5294029218716714,ELEVATED,True,True
2026-01-04 07:25:00+00:00,60.80740132949037,ADCS,1.0,0.6748051826377756,0.5215691220252716,ELEVATED,True,True
2026-01-04 07:30:00+00:00,61.196464661002736,ADCS,1.0,0.7511955906986707,0.5505785352753214,ELEVATED,True,True
2026-01-04 07:35:00+00:00,61.427514950086376,ADCS,1.0,0.7211160741199543,0.5476827721133415,ELEVATED,True,True
2026-01-04 07:40:00+00:00,61.09627793119997,ADCS,1.0,0.6008559651678628,0.5187737314271635,ELEVATED,True,True
2026-01-04 07:45:00+00:00,61.02183800814,ADCS,1.0,0.6603527345715634,0.5176469796694236,ELEVATED,True,True
2026-01-04 07:50:00+00:00,60.788910524606,ADCS,1.0,0.5696276338854108,0.5481376782301144,ELEVATED,True,True
2026-01-04 07:55:00+00:00,60.48742641992678,ADCS,1.0,0.5582073266757324,0.5294417741813501,ELEVATED,True,True
2026-01-04 08:00:00+00:00,60.42524146988311,ADCS,1.0,0.612819997716656,0.5321314154696786,ELEVATED,True,True
2026-01-04 08:05:00+00:00,60.48931849629339,ADCS,1.0,0.6495050809910109,0.5321613538144723,ELEVATED,True,True
2026-01-04 08:10:00+00:00,60.698430415223676,ADCS,1.0,0.660361694455119,0.5608827398745697,ELEVATED,True,True
2026-01-04 08:15:00+00:00,60.990469993399024,ADCS,1.0,0.6766826854774344,0.571018480090679,ELEVATED,True,True
2026-01-04 08:20:00+00:00,61.879439607267365,ADCS,1.0,0.8383646515542147,0.5922807670005873,ELEVATED,True,True
2026-01-04 08:25:00+00:00,62.082923962929215,ADCS,1.0,0.7178272384333552,0.5666479211207212,ELEVATED,True,True
2026-01-04 08:30:00+00:00,62.31670672082086,ADCS,1.0,0.7109363018815866,0.5786080081410567,ELEVATED,True,True
2026-01-04 08:35:00+00:00,62.52985448914331,ADCS,1.0,0.7289328623270794,0.5718408939469094,ELEVATED,True,True
2026-01-04 08:40:00+00:00,62.87633638941884,ADCS,1.0,0.7568145025001626,0.5868642912031694,ELEVATED,True,True
2026-01-04 08:45:00+00:00,62.806722927220754,ADCS,1.0,0.6399469711864884,0.5903266956166495,ELEVATED,True,True
2026-01-04 08:50:00+00:00,62.837996651569256,ADCS,1.0,0.6978407363094095,0.5698847627317324,ELEVATED,True,True
2026-01-04 08:55:00+00:00,63.163119481251016,ADCS,1.0,0.7578265629345291,0.5926156733825965,ELEVATED,True,True
2026-01-04 09:00:00+00:00,63.629022388414896,ADCS,1.0,0.7985825800291236,0.6026714629734623,ELEVATED,True,True
2026-01-04 09:05:00+00:00,64.0137553355518,ADCS,1.0,0.7901697757775714,0.6037515871805924,ELEVATED,True,True
2026-01-04 09:10:00+00:00,62.63374667450537,ADCS,0.8571428571428571,0.6956254515134848,0.6103357908756086,ELEVATED,True,True
2026-01-04 09:15:00+00:00,63.08630102842564,ADCS,1.0,0.7967228463250837,0.5829509166054927,ELEVATED,True,True
2026-01-04 09:20:00+00:00,63.31503248493308,ADCS,1.0,0.7539502750096921,0.5881438432159525,ELEVATED,True,True
2026-01-04 09:25:00+00:00,63.42025307257576,ADCS,1.0,0.7199050848194557,0.5941221065007098,ELEVATED,True,True
2026-01-04 09:30:00+00:00,63.42592543041845,ADCS,1.0,0.7306839852592721,0.5673771015741782,ELEVATED,True,True
2026-01-04 09:35:00+00:00,63.36756203919076,ADCS,1.0,0.7043015682646657,0.5705407592522608,ELEVATED,True,True
2026-01-04 09:40:00+00:00,62.97156767923277,ADCS,1.0,0.6327846226968776,0.5392989643270585,ELEVATED,True,True
2026-01-04 09:45:00+00:00,63.132056086575254,ADCS,1.0,0.7510638856084151,0.5625027164316347,ELEVATED,True,True
2026-01-04 09:50:00+00:00,62.709028422749505,ADCS,1.0,0.6023509897913305,0.5524859734161416,ELEVATED,True,True
2026-01-04 09:55:00+00:00,62.98590884287522,ADCS,1.0,0.7472626520014957,0.5860005155610097,ELEVATED,True,True
2026-01-04 10:00:00+00:00,63.1687747256731,ADCS,1.0,0.7227312261102486,0.5930074619804776,ELEVATED,True,True
2026-01-04 10:05:00+00:00,63.165203730205135,ADCS,1.0,0.7045207018624341,0.5721213173383642,ELEVATED,True,True
2026-01-04 10:10:00+00:00,63.27866520964183,ADCS,1.0,0.764481556950162,0.5541866642319475,ELEVATED,True,True
2026-01-04 10:15:00+00:00,63.45212661343152,ADCS,1.0,0.7564667474711543,0.5733635578003005,ELEVATED,True,True
2026-01-04 10:20:00+00:00,63.84803067712665,ADCS,1.0,0.8189660826779362,0.5839527522263194,ELEVATED,True,True
2026-01-04 10:25:00+00:00,63.6909516063868,ADCS,1.0,0.6926852769310383,0.5684736354379069,ELEVATED,True,True
2026-01-04 10:30:00+00:00,63.7832644436732,ADCS,1.0,0.7463323893577304,0.5714285714285713,ELEVATED,True,True
2026-01-04 10:35:00+00:00,63.419968085730005,ADCS,1.0,0.615768036004006,0.5689424914166482,ELEVATED,True,True
2026-01-04 10:40:00+00:00,63.11541233691944,ADCS,1.0,0.5887309647484049,0.5912698412698413,ELEVATED,True,True
2026-01-04 10:45:00+00:00,63.45220507934678,ADCS,1.0,0.789386568948098,0.5714285714285713,ELEVATED,True,True
2026-01-04 10:50:00+00:00,63.40557799687379,ADCS,1.0,0.6884021985331701,0.5714285714285713,ELEVATED,True,True
2026-01-04 10:55:00+00:00,63.58174078752611,ADCS,1.0,0.7234518587478885,0.5912698412698413,ELEVATED,True,True
2026-01-04 11:00:00+00:00,63.45220760507132,ADCS,1.0,0.6379730823567008,0.5912698412698413,ELEVATED,True,True
2026-01-04 11:05:00+00:00,63.7745032350373,ADCS,1.0,0.78652030852067,0.5714285714285713,ELEVATED,True,True
2026-01-04 11:10:00+00:00,62.298578818441136,ADCS,0.8571428571428571,0.6784049738961766,0.5714285714285713,ELEVATED,True,True
2026-01-04 11:15:00+00:00,62.70787714657953,ADCS,1.0,0.7296046767982044,0.5912698412698411,ELEVATED,True,True
2026-01-04 11:20:00+00:00,63.32870649581723,ADCS,1.0,0.7514349363548106,0.6309523809523809,ELEVATED,True,True
2026-01-04 11:25:00+00:00,63.561179742688054,ADCS,1.0,0.6667411435264261,0.6309523809523809,ELEVATED,True,True
2026-01-04 11:30:00+00:00,63.740170102033545,ADCS,1.0,0.6661428487587094,0.6309523809523809,ELEVATED,True,True
2026-01-04 11:35:00+00:00,64.1421304095588,ADCS,1.0,0.7128691411379441,0.6507936507936507,ELEVATED,True,True
2026-01-04 11:40:00+00:00,64.40191350923783,ADCS,1.0,0.6863919444467633,0.6507936507936507,ELEVATED,True,True
2026-01-04 11:45:00+00:00,64.81004964781077,ADCS,1.0,0.7187101013896703,0.6698665494118321,ELEVATED,True,True
2026-01-04 11:50:00+00:00,64.7552432456074,ADCS,1.0,0.5936009105192905,0.6785359609375499,ELEVATED,True,True
2026-01-04 11:55:00+00:00,64.9373260956892,ADCS,1.0,0.6836597261143562,0.6586897526488296,ELEVATED,True,True
2026-01-04 12:00:00+00:00,64.93488792328448,ADCS,1.0,0.6701031129439478,0.6372314962771385,ELEVATED,True,True
2026-01-04 12:05:00+00:00,64.80686840739764,ADCS,1.0,0.6649963051728225,0.6130544113212869,ELEVATED,True,True
2026-01-04 12:10:00+00:00,64.7161632958004,ADCS,1.0,0.6760397250357849,0.6152499347876828,ELEVATED,True,True
2026-01-04 12:15:00+00:00,64.751243238912,ADCS,1.0,0.7215035076872391,0.6047141684574371,ELEVATED,True,True
2026-01-04 12:20:00+00:00,64.54677046464415,ADCS,1.0,0.6854375674351296,0.5807754271401919,ELEVATED,True,True
2026-01-04 12:25:00+00:00,64.43970277968867,ADCS,1.0,0.7174570280360489,0.5727728341356986,ELEVATED,True,True
2026-01-04 12:30:00+00:00,64.41260159099656,ADCS,1.0,0.723931113769127,0.5866252802998411,ELEVATED,True,True
2026-01-04 12:35:00+00:00,64.37376693099513,ADCS,1.0,0.7436388195095577,0.5688781340806044,ELEVATED,True,True
2026-01-04 12:40:00+00:00,64.30620891891388,ADCS,1.0,0.6930303044873174,0.6002700582724887,ELEVATED,True,True
2026-01-04 12:45:00+00:00,64.62105749764994,ADCS,1.0,0.8414108312564677,0.5748715191652104,ELEVATED,True,True
2026-01-04 12:50:00+00:00,64.11390765131874,ADCS,1.0,0.652251852657383,0.5504263534757315,ELEVATED,True,True
2026-01-04 12:55:00+00:00,64.65527484018354,ADCS,1.0,0.9371671158685597,0.5519545529690424,ELEVATED,True,True
2026-01-04 13:00:00+00:00,64.56488330432143,ADCS,1.0,0.8446168738709645,0.5005377369119111,ELEVATED,True,True
2026-01-04 13:05:00+00:00,64.18137993176474,ADCS,1.0,0.7826253249357672,0.47853321095634954,ELEVATED,True,True
2026-01-04 13:10:00+00:00,62.498777773300645,ADCS,0.8571428571428571,0.8150596085065657,0.4579752536747628,ELEVATED,True,True
2026-01-04 13:15:00+00:00,62.07866918740965,ADCS,1.0,0.6944140720493669,0.46565852968825827,ELEVATED,True,True
2026-01-04 13:20:00+00:00,61.6438484307785,ADCS,1.0,0.6575041428855883,0.47255369072876297,ELEVATED,True,True
2026-01-04 13:25:00+00:00,61.53812156437085,ADCS,1.0,0.7439800032455909,0.46408736956326313,ELEVATED,True,True
2026-01-04 13:30:00+00:00,61.63863687337116,ADCS,1.0,0.7909143049646344,0.46907531559837634,ELEVATED,True,True
2026-01-04 13:35:00+00:00,62.189320148015206,ADCS,1.0,0.9304928227920278,0.4709794867702114,ELEVATED,True,True
2026-01-04 13:40:00+00:00,62.25607130668635,ADCS,1.0,0.7980622185443905,0.478751588138286,ELEVATED,True,True
2026-01-04 13:45:00+00:00,62.54358238829856,ADCS,1.0,0.8529466487716244,0.4875155613774971,ELEVATED,True,True
2026-01-04 13:50:00+00:00,62.03153633695242,ADCS,1.0,0.6833212669017388,0.4537723631574587,ELEVATED,True,True
2026-01-04 13:55:00+00:00,61.773890043330816,ADCS,1.0,0.7423460084018201,0.44501165865710235,ELEVATED,True,True
2026-01-04 14:00:00+00:00,61.47679855133746,ADCS,1.0,0.7415994979977146,0.4319740796730922,ELEVATED,True,True
2026-01-04 14:05:00+00:00,60.847749646240466,ADCS,1.0,0.6159143688726315,0.44166691404559344,ELEVATED,True,True
2026-01-04 14:10:00+00:00,60.63829841342537,ADCS,1.0,0.7464168102796678,0.41733594350649705,ELEVATED,True,True
2026-01-04 14:15:00+00:00,60.28732771674437,ADCS,1.0,0.6910584211524423,0.420275175586187,ELEVATED,True,True
2026-01-04 14:20:00+00:00,60.57146206403612,ADCS,1.0,0.8673230973237053,0.4081655991345933,ELEVATED,True,True
2026-01-04 14:25:00+00:00,60.451689431694014,ADCS,1.0,0.7214911116554409,0.4448067295954298,ELEVATED,True,True
2026-01-04 14:30:00+00:00,60.347858525119165,ADCS,1.0,0.7017048174495923,0.4538339237482014,ELEVATED,True,True
2026-01-04 14:35:00+00:00,60.695905452178444,ADCS,1.0,0.8206068530076556,0.4649591541082482,ELEVATED,True,True
2026-01-04 14:40:00+00:00,60.654472011237694,ADCS,1.0,0.7068937001470574,0.4737381995429508,ELEVATED,True,True
2026-01-04 14:45:00+00:00,60.55966053676583,ADCS,1.0,0.7480613914527773,0.4312608419660638,ELEVATED,True,True
2026-01-04 14:50:00+00:00,60.263349692607896,ADCS,1.0,0.6669504791174804,0.44808318200193664,ELEVATED,True,True
2026-01-04 14:55:00+00:00,59.95738077242683,ADCS,1.0,0.647960710016593,0.44880527696499406,ELEVATED,True,True
2026-01-04 15:00:00+00:00,59.62853129530027,ADCS,1.0,0.6178761215217797,0.4516942903434379,ELEVATED,True,True
2026-01-04 15:05:00+00:00,59.17440490714003,ADCS,1.0,0.5966264446261096,0.43406210603326323,ELEVATED,True,True
2026-01-04 15:10:00+00:00,56.26826773138184,ADCS,0.7142857142857143,0.5753717980212858,0.43959067306182753,ELEVATED,True,True
2026-01-04 15:15:00+00:00,56.790711415935576,ADCS,1.0,0.6954494199500033,0.45905501518926894,ELEVATED,True,True
2026-01-04 15:20:00+00:00,57.141736865671206,ADCS,1.0,0.669971657491021,0.4615167707511289,ELEVATED,True,True
2026-01-04 15:25:00+00:00,57.64498776215641,ADCS,1.0,0.7246791166030598,0.4609797689824716,ELEVATED,True,True
2026-01-04 15:30:00+00:00,58.078513854167056,ADCS,1.0,0.7484354208117658,0.44961635310720827,ELEVATED,True,True
2026-01-04 15:35:00+00:00,58.397892407713194,ADCS,1.0,0.7286603949317504,0.45512161390676764,ELEVATED,True,True
2026-01-04 15:40:00+00:00,58.85723302588654,ADCS,1.0,0.7603689049949304,0.4659688085875673,ELEVATED,True,True
2026-01-04 15:45:00+00:00,59.62921000890812,ADCS,1.0,0.8720212253200457,0.47021493960299676,ELEVATED,True,True
2026-01-04 15:50:00+00:00,60.03551741139522,ADCS,1.0,0.7705224162462287,0.4934630225532368,ELEVATED,True,True
2026-01-04 15:55:00+00:00,60.44683765361816,ADCS,1.0,0.7871553146013248,0.4959328279086096,ELEVATED,True,True
2026-01-04 16:00:00+00:00,60.86900576391313,ADCS,1.0,0.8051132330040797,0.49697260898148266,ELEVATED,True,True
2026-01-04 16:05:00+00:00,61.288605486891704,ADCS,1.0,0.8065189799326895,0.505647127681289,ELEVATED,True,True
2026-01-04 16:10:00+00:00,61.23952485560777,ADCS,1.0,0.7179768160177777,0.48511253391063036,ELEVATED,True,True
2026-01-04 16:15:00+00:00,61.580963039184326,ADCS,1.0,0.8514072316953314,0.46758042889660545,ELEVATED,True,True
2026-01-04 16:20:00+00:00,61.78050610780268,ADCS,1.0,0.8071292288590548,0.48356933764299925,ELEVATED,True,True
2026-01-04 16:25:00+00:00,61.89789941652981,ADCS,1.0,0.7295963495088791,0.5282636023619673,ELEVATED,True,True
2026-01-04 16:30:00+00:00,62.028183112851345,ADCS,1.0,0.7428533913555769,0.5216476724127547,ELEVATED,True,True
2026-01-04 16:35:00+00:00,62.28806071814214,ADCS,1.0,0.7815777964504697,0.5306005667711723,ELEVATED,True,True
2026-01-04 16:40:00+00:00,62.14199336819701,ADCS,1.0,0.6967880391202022,0.5127063714457692,ELEVATED,True,True
2026-01-04 16:45:00+00:00,61.83108750895748,ADCS,1.0,0.6252923845734076,0.5259779483454514,ELEVATED,True,True
2026-01-04 16:50:00+00:00,61.79133465787638,ADCS,1.0,0.6838970705990063,0.5307809374384174,ELEVATED,True,True
2026-01-04 16:55:00+00:00,61.98186475860215,ADCS,1.0,0.7289789200405237,0.5347275382587025,ELEVATED,True,True
2026-01-04 17:00:00+00:00,61.76754962663962,ADCS,1.0,0.6263725311539895,0.5369974611090447,ELEVATED,True,True
2026-01-04 17:05:00+00:00,62.24829499595218,ADCS,1.0,0.7737438809233509,0.5712389028255954,ELEVATED,True,True
2026-01-04 17:10:00+00:00,61.03630627871243,ADCS,0.8571428571428571,0.6818617042793098,0.5880769737243003,ELEVATED,True,True
2026-01-04 17:15:00+00:00,61.39373936993856,ADCS,1.0,0.6599477107356214,0.5987624377083456,ELEVATED,True,True
2026-01-04 17:20:00+00:00,61.8359388510938,ADCS,1.0,0.6947686443238718,0.6031950203003988,ELEVATED,True,True
2026-01-04 17:25:00+00:00,62.32772387405778,ADCS,1.0,0.7525333579490572,0.5841913103761252,ELEVATED,True,True
2026-01-04 17:30:00+00:00,62.75216359010943,ADCS,1.0,0.700236440085521,0.6299841939223695,ELEVATED,True,True
2026-01-04 17:35:00+00:00,62.948741373527206,ADCS,1.0,0.674363545024745,0.611111111111111,ELEVATED,True,True
2026-01-04 17:40:00+00:00,63.17495151949754,ADCS,1.0,0.721093168851208,0.5912698412698413,ELEVATED,True,True
2026-01-04 17:45:00+00:00,63.30059355817816,ADCS,1.0,0.6925911245641354,0.5912698412698413,ELEVATED,True,True
2026-01-04 17:50:00+00:00,63.54756033761994,ADCS,1.0,0.7127952899850037,0.611111111111111,ELEVATED,True,True
2026-01-04 17:55:00+00:00,64.11585180605167,ADCS,1.0,0.7735799530573721,0.6507936507936507,ELEVATED,True,True
2026-01-04 18:00:00+00:00,64.28771250739689,ADCS,1.0,0.6734357514860162,0.6507936507936507,ELEVATED,True,True
2026-01-04 18:05:00+00:00,65.09677174557339,ADCS,1.0,0.8337991271974311,0.6706349206349205,HIGH,True,True
2026-01-04 18:10:00+00:00,65.28310157665416,ADCS,1.0,0.6904901331589545,0.6706349206349205,HIGH,True,True
2026-01-04 18:15:00+00:00,65.73929698160002,ADCS,1.0,0.7811015936900927,0.6706349206349205,HIGH,True,True
2026-01-04 18:20:00+00:00,65.82422312065803,ADCS,1.0,0.6617121639592626,0.6904761904761905,HIGH,True,True
2026-01-04 18:25:00+00:00,66.01058981791026,ADCS,1.0,0.6773812283347137,0.7103174603174602,HIGH,True,True
2026-01-04 18:30:00+00:00,66.2318567698341,ADCS,1.0,0.7154004403469665,0.6904761904761905,HIGH,True,True
2026-01-04 18:35:00+00:00,66.53099794142268,ADCS,1.0,0.7204904261852647,0.7103174603174602,HIGH,True,True
2026-01-04 18:40:00+00:00,66.21042766698518,ADCS,1.0,0.5838376002759051,0.6904761904761905,HIGH,True,True
2026-01-04 18:45:00+00:00,66.11201043140281,ADCS,1.0,0.6047460346642594,0.7103174603174603,HIGH,True,True
2026-01-04 18:50:00+00:00,66.10853926934362,ADCS,1.0,0.6014643052366884,0.7301587301587301,HIGH,True,True
2026-01-04 18:55:00+00:00,66.79810499919502,ADCS,1.0,0.8413392112186152,0.7103174603174603,HIGH,True,True
2026-01-04 19:00:00+00:00,66.76078019908293,ADCS,1.0,0.6009318932759891,0.7499999999999999,HIGH,True,True
2026-01-04 19:05:00+00:00,67.44990841967584,ADCS,1.0,0.7768558006161463,0.7698412698412697,HIGH,True,True
2026-01-04 19:10:00+00:00,66.38394048306583,ADCS,0.8571428571428571,0.7311917593807057,0.7896825396825395,HIGH,True,True
2026-01-04 19:15:00+00:00,67.20667126374843,ADCS,1.0,0.7751394518008202,0.7896825396825395,HIGH,True,True
2026-01-04 19:20:00+00:00,67.71886344644042,ADCS,1.0,0.7188445208364392,0.7896825396825395,HIGH,True,True
2026-01-04 19:25:00+00:00,68.43831716253625,ADCS,1.0,0.8067085507927969,0.7896825396825394,HIGH,True,True
2026-01-04 19:30:00+00:00,68.88249520018391,ADCS,1.0,0.7588575287353586,0.7896825396825394,HIGH,True,True
2026-01-04 19:35:00+00:00,68.81054302263608,ADCS,1.0,0.6532473039302971,0.7698412698412697,HIGH,True,True
2026-01-04 19:40:00+00:00,69.17842959566934,ADCS,1.0,0.7779076087776713,0.7698412698412697,HIGH,True,True
2026-01-04 19:45:00+00:00,69.40776062875871,ADCS,1.0,0.7625879303079549,0.7499999999999999,HIGH,True,True
2026-01-04 19:50:00+00:00,70.56560678879853,ADCS,1.0,1.0,0.7857142857142856,HIGH,True,True
2026-01-04 19:55:00+00:00,71.37873238519866,ADCS,1.0,0.9197590567646485,0.8055555555555554,HIGH,True,True
2026-01-04 20:00:00+00:00,71.60377810425913,ADCS,1.0,0.7850702811526636,0.8055555555555554,HIGH,True,True
2026-01-04 20:05:00+00:00,71.93632306605495,ADCS,1.0,0.8518557117431362,0.7857142857142856,HIGH,True,True
2026-01-04 20:10:00+00:00,72.02900654033718,ADCS,1.0,0.7656239051979926,0.8055555555555554,HIGH,True,True
2026-01-04 20:15:00+00:00,72.14008636017255,ADCS,1.0,0.7853405238416915,0.8055555555555554,HIGH,True,True
2026-01-04 20:20:00+00:00,72.95780072038829,ADCS,1.0,0.968945803479873,0.8253968253968254,HIGH,True,True
2026-01-04 20:25:00+00:00,73.64609631176437,ADCS,1.0,1.0,0.8095238095238093,HIGH,True,True
2026-01-04 20:30:00+00:00,74.23916281869563,ADCS,1.0,1.0,0.8095238095238093,HIGH,True,True
2026-01-04 20:35:00+00:00,74.63782896679872,ADCS,1.0,1.0,0.7896825396825395,HIGH,True,True
2026-01-04 20:40:00+00:00,74.98464653587607,ADCS,1.0,1.0,0.7896825396825395,HIGH,True,True
2026-01-04 20:45:00+00:00,75.47282233817697,ADCS,1.0,1.0,0.8293650793650791,HIGH,True,True
2026-01-04 20:50:00+00:00,75.88832731245846,ADCS,1.0,1.0,0.8293650793650791,HIGH,True,True
2026-01-04 20:55:00+00:00,76.23470331640274,ADCS,1.0,0.9971538103421266,0.8293650793650791,HIGH,True,True
2026-01-04 21:00:00+00:00,76.42546423828882,ADCS,1.0,1.0,0.8095238095238093,HIGH,True,True
2026-01-04 21:05:00+00:00,76.55510141074082,ADCS,1.0,0.9648676843017784,0.8293650793650791,HIGH,True,True
2026-01-04 21:10:00+00:00,74.43340104545109,ADCS,0.8571428571428571,0.8108207003674464,0.8095238095238093,HIGH,True,True
2026-01-04 21:15:00+00:00,74.2356633911563,ADCS,1.0,0.8102648625936564,0.8095238095238093,HIGH,True,True
2026-01-04 21:20:00+00:00,73.90034533609217,ADCS,1.0,0.7517071109262534,0.8095238095238093,HIGH,True,True
2026-01-04 21:25:00+00:00,73.63586836977578,ADCS,1.0,0.7726736825188868,0.8095238095238093,HIGH,True,True
2026-01-04 21:30:00+00:00,73.6564565647167,ADCS,1.0,0.8376066471943335,0.8095238095238093,HIGH,True,True
2026-01-04 21:35:00+00:00,73.07050609636322,ADCS,1.0,0.7213602930276399,0.7698412698412698,HIGH,True,True
2026-01-04 21:40:00+00:00,73.02385228162514,ADCS,1.0,0.8793587808558467,0.7499999999999999,HIGH,True,True
2026-01-04 21:45:00+00:00,72.97088969731205,ADCS,1.0,0.8762669981232935,0.7499999999999999,HIGH,True,True
2026-01-04 21:50:00+00:00,72.52925502212891,ADCS,1.0,0.7828204241783249,0.73015873015873,HIGH,True,True
2026-01-04 21:55:00+00:00,72.30817748906347,ADCS,1.0,0.8445833391013293,0.7184051043267354,HIGH,True,True
2026-01-04 22:00:00+00:00,71.97877266884797,ADCS,1.0,0.7938237914727824,0.7188344889391447,HIGH,True,True
2026-01-04 22:05:00+00:00,71.33777472215829,ADCS,1.0,0.7167283652073675,0.7022218239047477,HIGH,True,True
2026-01-04 22:10:00+00:00,71.44566007694435,ADCS,1.0,0.8990304130655468,0.7085252548250934,HIGH,True,True
2026-01-04 22:15:00+00:00,71.28788780072217,ADCS,1.0,0.8514463839137352,0.6904761904761905,HIGH,True,True
2026-01-04 22:20:00+00:00,71.29503700911324,ADCS,1.0,0.8914714425024995,0.6904761904761905,HIGH,True,True
2026-01-04 22:25:00+00:00,71.10060874427633,ADCS,1.0,0.8326117145044841,0.6904761904761905,HIGH,True,True
2026-01-04 22:30:00+00:00,70.15603799615836,ADCS,1.0,0.6250252788373162,0.6706349206349205,HIGH,True,True
2026-01-04 22:35:00+00:00,69.66818034329847,ADCS,1.0,0.7267511445860362,0.6706349206349205,HIGH,True,True
2026-01-04 22:40:00+00:00,69.47682943858835,ADCS,1.0,0.7881081861276752,0.6706349206349205,HIGH,True,True
2026-01-04 22:45:00+00:00,69.1652029748146,ADCS,1.0,0.7714904654522396,0.6507936507936507,HIGH,True,True
2026-01-04 22:50:00+00:00,68.937875341119,ADCS,1.0,0.7808800850643569,0.6507936507936507,HIGH,True,True
2026-01-04 22:55:00+00:00,68.6206332929322,ADCS,1.0,0.7179189405870712,0.6706349206349205,HIGH,True,True
2026-01-04 23:00:00+00:00,68.68509946594476,ADCS,1.0,0.8172187089838278,0.6706349206349205,HIGH,True,True
2026-01-04 23:05:00+00:00,68.42203404024154,ADCS,1.0,0.7225915602534805,0.6706349206349205,HIGH,True,True
2026-01-04 23:10:00+00:00,65.34410075851281,ADCS,0.7142857142857143,0.7622887609277998,0.6706349206349205,HIGH,True,True
2026-01-04 23:15:00+00:00,65.76664854187071,ADCS,1.0,0.7721914084181709,0.6706349206349205,HIGH,True,True
2026-01-04 23:20:00+00:00,65.85954757779808,ADCS,1.0,0.6999472630653947,0.6706349206349205,HIGH,True,True
2026-01-04 23:25:00+00:00,66.22632967480588,ADCS,1.0,0.7880482195197686,0.6706349206349205,HIGH,True,True
2026-01-04 23:30:00+00:00,65.87722006297685,ADCS,1.0,0.624325291896772,0.6507936507936507,HIGH,True,True
2026-01-04 23:35:00+00:00,65.58986346313122,ADCS,1.0,0.597128308520466,0.6706349206349205,HIGH,True,True
2026-01-04 23:40:00+00:00,65.47098528220535,ADCS,1.0,0.6393991477233766,0.6706349206349205,HIGH,True,True
2026-01-04 23:45:00+00:00,65.89810427097596,ADCS,1.0,0.7842164928652846,0.6706349206349205,HIGH,True,True
2026-01-04 23:50:00+00:00,66.31363981918395,ADCS,1.0,0.8042592370248354,0.6706349206349205,HIGH,True,True
2026-01-04 23:55:00+00:00,66.4726032066653,ADCS,1.0,0.7430481996248571,0.6706349206349205,HIGH,True,True
2026-01-05 00:00:00+00:00,66.56618815410734,ADCS,1.0,0.7586000134502076,0.6507936507936507,HIGH,True,True
2026-01-05 00:05:00+00:00,66.73922874912891,ADCS,1.0,0.7807168776080463,0.6507936507936507,HIGH,True,True
2026-01-05 00:10:00+00:00,66.90791869096114,ADCS,1.0,0.8191374309584496,0.6309523809523808,HIGH,True,True
2026-01-05 00:15:00+00:00,67.06155621858687,ADCS,1.0,0.7931577930810999,0.6507936507936507,HIGH,True,True
2026-01-05 00:20:00+00:00,67.13085294331292,ADCS,1.0,0.7981683456142532,0.6309523809523809,HIGH,True,True
2026-01-05 00:25:00+00:00,67.11195464670774,ADCS,1.0,0.7840998461145225,0.6309523809523809,HIGH,True,True
2026-01-05 00:30:00+00:00,67.27360914907071,ADCS,1.0,0.8082356806713462,0.6507936507936507,HIGH,True,True
2026-01-05 00:35:00+00:00,66.93162266413063,ADCS,1.0,0.6995751609944728,0.6309523809523809,HIGH,True,True
2026-01-05 00:40:00+00:00,66.64134796278248,ADCS,1.0,0.6969241168990618,0.6309523809523809,HIGH,True,True
2026-01-05 00:45:00+00:00,66.53485355728417,ADCS,1.0,0.7304844939222714,0.6309523809523809,HIGH,True,True
2026-01-05 00:50:00+00:00,66.22418090070143,ADCS,1.0,0.6605944836383588,0.6309523809523809,HIGH,True,True
2026-01-05 00:55:00+00:00,66.14815180220002,ADCS,1.0,0.6899146914885474,0.6507936507936507,HIGH,True,True
2026-01-05 01:00:00+00:00,66.08179158026215,ADCS,1.0,0.7201069809998877,0.6309523809523808,HIGH,True,True
2026-01-05 01:05:00+00:00,66.01595307215273,ADCS,1.0,0.7369528407647631,0.611111111111111,HIGH,True,True
2026-01-05 01:10:00+00:00,64.67520238294956,ADCS,0.8571428571428571,0.7703664812970754,0.6309523809523809,ELEVATED,True,True
2026-01-05 01:15:00+00:00,64.8986335102184,ADCS,1.0,0.7354833616099284,0.6309523809523809,ELEVATED,True,True
2026-01-05 01:20:00+00:00,64.66360756286862,ADCS,1.0,0.612598315661755,0.6309523809523809,ELEVATED,True,True
2026-01-05 01:25:00+00:00,65.01313293604034,ADCS,1.0,0.7436292370703766,0.6507936507936507,HIGH,True,True
2026-01-05 01:30:00+00:00,65.31614156254426,ADCS,1.0,0.7494975216018315,0.6507936507936507,HIGH,True,True
2026-01-05 01:35:00+00:00,65.63623975371311,ADCS,1.0,0.7355179231105305,0.6706349206349207,HIGH,True,True
2026-01-05 01:40:00+00:00,65.86953133572759,ADCS,1.0,0.7278916307773061,0.6706349206349207,HIGH,True,True
2026-01-05 01:45:00+00:00,66.38316345130279,ADCS,1.0,0.7955375408523204,0.6904761904761905,HIGH,True,True
2026-01-05 01:50:00+00:00,66.95750559288531,ADCS,1.0,0.7972592449436188,0.7103174603174603,HIGH,True,True
2026-01-05 01:55:00+00:00,67.2083468438446,ADCS,1.0,0.7502452378162137,0.6904761904761905,HIGH,True,True
2026-01-05 02:00:00+00:00,67.59128717426226,ADCS,1.0,0.7804034142992294,0.7103174603174602,HIGH,True,True
2026-01-05 02:05:00+00:00,67.89573409217212,ADCS,1.0,0.7728344086178438,0.7103174603174602,HIGH,True,True
2026-01-05 02:10:00+00:00,68.28190648458965,ADCS,1.0,0.8134970782514995,0.7103174603174603,HIGH,True,True
2026-01-05 02:15:00+00:00,68.39769671355448,ADCS,1.0,0.7196421729952186,0.7301587301587301,HIGH,True,True
2026-01-05 02:20:00+00:00,68.32825348146967,ADCS,1.0,0.6966152730519285,0.7103174603174603,HIGH,True,True
2026-01-05 02:25:00+00:00,68.34501623568008,ADCS,1.0,0.718609833557593,0.7103174603174602,HIGH,True,True
2026-01-05 02:30:00+00:00,68.1213839752295,ADCS,1.0,0.6694379047347697,0.6904761904761905,HIGH,True,True
2026-01-05 02:35:00+00:00,68.25368831521953,ADCS,1.0,0.7753759156007736,0.6886744205511184,HIGH,True,True
2026-01-05 02:40:00+00:00,68.470297543091,ADCS,1.0,0.7799175177143005,0.7064288475097722,HIGH,True,True
2026-01-05 02:45:00+00:00,68.85314818349529,ADCS,1.0,0.8845505848432609,0.6742542310343728,HIGH,True,True
2026-01-05 02:50:00+00:00,69.00175644741867,ADCS,1.0,0.8259266734149892,0.6794701103397607,HIGH,True,True
2026-01-05 02:55:00+00:00,68.9591065514149,ADCS,1.0,0.7535172046504937,0.6904761904761905,HIGH,True,True
2026-01-05 03:00:00+00:00,68.80923210305843,ADCS,1.0,0.7287124224986176,0.6904761904761905,HIGH,True,True
2026-01-05 03:05:00+00:00,68.92919764315089,ADCS,1.0,0.8001942764348835,0.6904761904761905,HIGH,True,True
2026-01-05 03:10:00+00:00,67.18566455570789,ADCS,0.8571428571428571,0.685595106688281,0.6904761904761902,HIGH,True,True
2026-01-05 03:15:00+00:00,67.30034341849576,ADCS,1.0,0.6971709906293895,0.7103174603174602,HIGH,True,True
2026-01-05 03:20:00+00:00,67.69808328947748,ADCS,1.0,0.7808936645373743,0.7103174603174602,HIGH,True,True
2026-01-05 03:25:00+00:00,68.42299342138749,ADCS,1.0,0.89570336932583,0.7103174603174602,HIGH,True,True
2026-01-05 03:30:00+00:00,69.17149575127691,ADCS,1.0,0.961687186380146,0.6904761904761905,HIGH,True,True
2026-01-05 03:35:00+00:00,69.05849738135919,ADCS,1.0,0.6917491252971832,0.73015873015873,HIGH,True,True
2026-01-05 03:40:00+00:00,69.2173019807862,ADCS,1.0,0.803479105211883,0.7103174603174602,HIGH,True,True
2026-01-05 03:45:00+00:00,69.46232846533718,ADCS,1.0,0.8294530025276078,0.7103174603174602,HIGH,True,True
2026-01-05 03:50:00+00:00,69.69242265996375,ADCS,1.0,0.8046512930084281,0.73015873015873,HIGH,True,True
2026-01-05 03:55:00+00:00,70.27127626849166,ADCS,1.0,0.8843726165654299,0.7499999999999999,HIGH,True,True
2026-01-05 04:00:00+00:00,70.51265914742159,ADCS,1.0,0.8398877115740966,0.7301587301587301,HIGH,True,True
2026-01-05 04:05:00+00:00,70.62478579630103,ADCS,1.0,0.8439813359137313,0.7103174603174602,HIGH,True,True
2026-01-05 04:10:00+00:00,70.55044410373048,ADCS,1.0,0.7866902238407714,0.7103174603174602,HIGH,True,True
2026-01-05 04:15:00+00:00,70.69462291645509,ADCS,1.0,0.8257621983141004,0.7301587301587301,HIGH,True,True
2026-01-05 04:20:00+00:00,70.72316625442225,ADCS,1.0,0.8041300357134654,0.7301587301587301,HIGH,True,True
2026-01-05 04:25:00+00:00,70.75721857371542,ADCS,1.0,0.8416615954892386,0.7103174603174602,HIGH,True,True
2026-01-05 04:30:00+00:00,71.27552770910613,ADCS,1.0,0.9557284966430171,0.73015873015873,HIGH,True,True
2026-01-05 04:35:00+00:00,71.37390131658101,ADCS,1.0,0.8630128673718045,0.73015873015873,HIGH,True,True
2026-01-05 04:40:00+00:00,71.49621639551371,ADCS,1.0,0.8973710542219382,0.7103174603174602,HIGH,True,True
2026-01-05 04:45:00+00:00,71.43328988513396,ADCS,1.0,0.8727830806655393,0.6904761904761902,HIGH,True,True
2026-01-05 04:50:00+00:00,71.33123150010658,ADCS,1.0,0.8261049788015384,0.7103174603174602,HIGH,True,True
2026-01-05 04:55:00+00:00,71.26205556637109,ADCS,1.0,0.8407994542658103,0.7103174603174602,HIGH,True,True
2026-01-05 05:00:00+00:00,71.2156539563612,ADCS,1.0,0.820153899246487,0.73015873015873,HIGH,True,True
2026-01-05 05:05:00+00:00,70.88590332642157,ADCS,1.0,0.7522569522836229,0.7103174603174602,HIGH,True,True
2026-01-05 05:10:00+00:00,69.40589728491462,ADCS,0.8571428571428571,0.866566779265403,0.7103174603174602,HIGH,True,True
2026-01-05 05:15:00+00:00,69.43695236430494,ADCS,1.0,0.781352690629547,0.7103174603174602,HIGH,True,True
2026-01-05 05:20:00+00:00,69.40046436434798,ADCS,1.0,0.7646120427480146,0.7103174603174602,HIGH,True,True
2026-01-05 05:25:00+00:00,69.46661477873886,ADCS,1.0,0.7646406082991339,0.73015873015873,HIGH,True,True
2026-01-05 05:30:00+00:00,69.75524739410704,ADCS,1.0,0.8466943271915386,0.7261904761904762,HIGH,True,True
2026-01-05 05:35:00+00:00,69.70678804757843,ADCS,1.0,0.7543364180766111,0.7261904761904762,HIGH,True,True
2026-01-05 05:40:00+00:00,69.637515947791,ADCS,1.0,0.7765003245379992,0.7103174603174602,HIGH,True,True
2026-01-05 05:45:00+00:00,69.39396456125041,ADCS,1.0,0.712477470982209,0.7103174603174602,HIGH,True,True
2026-01-05 05:50:00+00:00,69.13534938732398,ADCS,1.0,0.6835375946386598,0.73015873015873,HIGH,True,True
2026-01-05 05:55:00+00:00,69.23496527601077,ADCS,1.0,0.7493370128306744,0.7499999999999999,HIGH,True,True
2026-01-05 06:00:00+00:00,69.50323088938232,ADCS,1.0,0.7985954689553338,0.7499999999999999,HIGH,True,True
2026-01-05 06:05:00+00:00,69.67556075065775,ADCS,1.0,0.7773082896981423,0.7499999999999999,HIGH,True,True
2026-01-05 06:10:00+00:00,70.06001908714192,ADCS,1.0,0.8444810050565014,0.7499999999999999,HIGH,True,True
2026-01-05 06:15:00+00:00,69.76752383004923,ADCS,1.0,0.6919379426645681,0.7301587301587301,HIGH,True,True
2026-01-05 06:20:00+00:00,69.63901842245221,ADCS,1.0,0.7142797152259399,0.7301587301587301,HIGH,True,True
2026-01-05 06:25:00+00:00,69.23564837238254,ADCS,1.0,0.6397817515915354,0.7301587301587301,HIGH,True,True
2026-01-05 06:30:00+00:00,69.16714957116861,ADCS,1.0,0.7719611699036785,0.6904761904761905,HIGH,True,True
2026-01-05 06:35:00+00:00,69.17749769599476,ADCS,1.0,0.8027610827089814,0.6904761904761905,HIGH,True,True
2026-01-05 06:40:00+00:00,68.91895132454331,ADCS,1.0,0.6878824410291929,0.7103174603174602,HIGH,True,True
2026-01-05 06:45:00+00:00,69.03883964130142,ADCS,1.0,0.7955881707599868,0.7103174603174602,HIGH,True,True
2026-01-05 06:50:00+00:00,69.15237110125531,ADCS,1.0,0.8004303850407131,0.7103174603174602,HIGH,True,True
2026-01-05 06:55:00+00:00,69.36381032548516,ADCS,1.0,0.831003064896888,0.7103174603174602,HIGH,True,True
2026-01-05 07:00:00+00:00,69.43463673499096,ADCS,1.0,0.7691014556515767,0.73015873015873,HIGH,True,True
2026-01-05 07:05:00+00:00,69.33988834208333,ADCS,1.0,0.6986295997105721,0.7499999999999999,HIGH,True,True
2026-01-05 07:10:00+00:00,66.14656085106402,ADCS,0.7142857142857143,0.6606028608102756,0.7499999999999999,HIGH,True,True
2026-01-05 07:15:00+00:00,66.40137759490383,ADCS,1.0,0.6489933684451731,0.7499999999999999,HIGH,True,True
2026-01-05 07:20:00+00:00,66.38617354574382,ADCS,1.0,0.5583214274832355,0.7698412698412697,HIGH,True,True
2026-01-05 07:25:00+00:00,66.64700730414702,ADCS,1.0,0.6333418373789467,0.7698412698412697,HIGH,True,True
2026-01-05 07:30:00+00:00,66.90922940412678,ADCS,1.0,0.6424927775137298,0.7698412698412697,HIGH,True,True
2026-01-05 07:35:00+00:00,67.64175248785989,ADCS,1.0,0.7892749171549197,0.7698412698412697,HIGH,True,True
2026-01-05 07:40:00+00:00,68.0400553104722,ADCS,1.0,0.7314046908963219,0.7698412698412697,HIGH,True,True
2026-01-05 07:45:00+00:00,68.30194251949055,ADCS,1.0,0.7468256105696748,0.7499999999999999,HIGH,True,True
2026-01-05 07:50:00+00:00,68.23871645852017,ADCS,1.0,0.6575194949423323,0.7499999999999999,HIGH,True,True
2026-01-05 07:55:00+00:00,68.54190702861324,ADCS,1.0,0.7902866645866345,0.73015873015873,HIGH,True,True
2026-01-05 08:00:00+00:00,68.5454436592765,ADCS,1.0,0.7043887004024233,0.73015873015873,HIGH,True,True
2026-01-05 08:05:00+00:00,68.51748781206089,ADCS,1.0,0.7229580727788018,0.7103174603174602,HIGH,True,True
2026-01-05 08:10:00+00:00,68.71508958320122,ADCS,1.0,0.7631141130757294,0.7294443394067407,HIGH,True,True
2026-01-05 08:15:00+00:00,68.7699495180046,ADCS,1.0,0.7631805361634078,0.702477919230056,HIGH,True,True
2026-01-05 08:20:00+00:00,68.99761159066611,ADCS,1.0,0.844197832041026,0.6765447329674509,HIGH,True,True
2026-01-05 08:25:00+00:00,69.08560072625578,ADCS,1.0,0.8148590531903227,0.6807387403097042,HIGH,True,True
2026-01-05 08:30:00+00:00,69.03394861295689,ADCS,1.0,0.7577949132775295,0.6927363535420095,HIGH,True,True
2026-01-05 08:35:00+00:00,69.07093833882853,ADCS,1.0,0.7542831532884972,0.7087361916572175,HIGH,True,True
2026-01-05 08:40:00+00:00,68.98461441636991,ADCS,1.0,0.729792604710541,0.7024787549416898,HIGH,True,True
2026-01-05 08:45:00+00:00,69.54817554852197,ADCS,1.0,0.9023454947442656,0.7148024485274824,HIGH,True,True
2026-01-05 08:50:00+00:00,69.36660187273004,ADCS,1.0,0.6793468629253623,0.733123217857604,HIGH,True,True
2026-01-05 08:55:00+00:00,69.88796446441278,ADCS,1.0,0.8876401904844238,0.7287965878561184,HIGH,True,True
2026-01-05 09:00:00+00:00,69.92773393064083,ADCS,1.0,0.7308344867984738,0.7499999999999999,HIGH,True,True
2026-01-05 09:05:00+00:00,70.43486266834852,ADCS,1.0,0.8861036038789805,0.7308482571621941,HIGH,True,True
2026-01-05 09:10:00+00:00,69.02447276284254,ADCS,0.8571428571428571,0.783721915733791,0.7499999999999999,HIGH,True,True
2026-01-05 09:15:00+00:00,69.20475953279092,ADCS,1.0,0.7299239751106054,0.7499999999999999,HIGH,True,True
2026-01-05 09:20:00+00:00,69.26550034407987,ADCS,1.0,0.7033987042256904,0.7499999999999999,HIGH,True,True
2026-01-05 09:25:00+00:00,69.55926835266501,ADCS,1.0,0.7669736238093524,0.7499999999999999,HIGH,True,True
2026-01-05 09:30:00+00:00,70.24475043840692,ADCS,1.0,0.8712100400115061,0.7698412698412697,HIGH,True,True
2026-01-05 09:35:00+00:00,70.36155690433124,ADCS,1.0,0.7682890947864074,0.7499999999999999,HIGH,True,True
2026-01-05 09:40:00+00:00,71.15093903188442,ADCS,1.0,0.9100657386404362,0.7896825396825394,HIGH,True,True
2026-01-05 09:45:00+00:00,70.58674146460528,ADCS,1.0,0.570417438230123,0.7698412698412697,HIGH,True,True
2026-01-05 09:50:00+00:00,71.17025955702705,ADCS,1.0,0.8777601450683878,0.7698412698412697,HIGH,True,True
2026-01-05 09:55:00+00:00,71.04763618943615,ADCS,1.0,0.7708526482707726,0.7301587301587301,HIGH,True,True
2026-01-05 10:00:00+00:00,70.89957132371573,ADCS,1.0,0.7146592683061765,0.7499999999999999,HIGH,True,True
2026-01-05 10:05:00+00:00,70.7016720154768,ADCS,1.0,0.6732091870777832,0.7658730158730158,HIGH,True,True
2026-01-05 10:10:00+00:00,70.78195825081346,ADCS,1.0,0.7393329528664223,0.7658730158730158,HIGH,True,True
2026-01-05 10:15:00+00:00,70.86598884551108,ADCS,1.0,0.7514030356544453,0.7658730158730158,HIGH,True,True
2026-01-05 10:20:00+00:00,70.47360768583974,ADCS,1.0,0.6283411719289337,0.7658730158730158,HIGH,True,True
2026-01-05 10:25:00+00:00,71.01094587163468,ADCS,1.0,0.8519271629695375,0.7857142857142856,HIGH,True,True
2026-01-05 10:30:00+00:00,71.4749671141376,ADCS,1.0,0.8312349817895776,0.8055555555555554,HIGH,True,True
2026-01-05 10:35:00+00:00,71.77021006286371,ADCS,1.0,0.8278702607019972,0.7896825396825394,HIGH,True,True
2026-01-05 10:40:00+00:00,71.42297894862722,ADCS,1.0,0.6529887892858126,0.7896825396825394,HIGH,True,True
2026-01-05 10:45:00+00:00,71.62418989942215,ADCS,1.0,0.7771704761024222,0.8095238095238093,HIGH,True,True
2026-01-05 10:50:00+00:00,71.81799314588098,ADCS,1.0,0.8284693804498563,0.7698412698412697,HIGH,True,True
2026-01-05 10:55:00+00:00,71.5661830079032,ADCS,1.0,0.7190398367630627,0.7698412698412697,HIGH,True,True
2026-01-05 11:00:00+00:00,71.57295282171535,ADCS,1.0,0.8083862756689891,0.7499999999999999,HIGH,True,True
2026-01-05 11:05:00+00:00,71.57733929917175,ADCS,1.0,0.7992836888772883,0.7499999999999999,HIGH,True,True
2026-01-05 11:10:00+00:00,69.90479482632372,ADCS,0.8571428571428571,0.8059460502496066,0.7235066590478271,HIGH,True,True
2026-01-05 11:15:00+00:00,69.88276687093392,ADCS,1.0,0.7648378837239624,0.721552411689207,HIGH,True,True
2026-01-05 11:20:00+00:00,70.46323714400076,ADCS,1.0,0.9698701075709029,0.7024940109241118,HIGH,True,True
2026-01-05 11:25:00+00:00,70.93946128463028,ADCS,1.0,0.9663067464359872,0.7074047765681818,HIGH,True,True
2026-01-05 11:30:00+00:00,70.95446296067239,ADCS,1.0,0.8189616271758079,0.7264656001924548,HIGH,True,True
2026-01-05 11:35:00+00:00,71.60582759941981,ADCS,1.0,0.9852855697753263,0.7398535865926416,HIGH,True,True
2026-01-05 11:40:00+00:00,71.62792500141323,ADCS,1.0,0.8399398939229306,0.7370327269980701,HIGH,True,True
2026-01-05 11:45:00+00:00,71.54765319920756,ADCS,1.0,0.8106353460565825,0.7359335296405294,HIGH,True,True
2026-01-05 11:50:00+00:00,71.52569114439974,ADCS,1.0,0.811762587017178,0.7426685346416784,HIGH,True,True
2026-01-05 11:55:00+00:00,71.38960011712142,ADCS,1.0,0.7531346415896064,0.7499999999999999,HIGH,True,True
2026-01-05 12:00:00+00:00,70.96975697523185,ADCS,1.0,0.6743802275803198,0.7499999999999999,HIGH,True,True
2026-01-05 12:05:00+00:00,71.06693764902403,ADCS,1.0,0.8042504542083045,0.7499999999999999,HIGH,True,True
2026-01-05 12:10:00+00:00,71.37828677233185,ADCS,1.0,0.8657710420602276,0.7499999999999999,HIGH,True,True
2026-01-05 12:15:00+00:00,71.4436607028544,ADCS,1.0,0.7859822070801473,0.7698412698412697,HIGH,True,True
2026-01-05 12:20:00+00:00,71.71748677083428,ADCS,1.0,0.8389225727241675,0.7698412698412697,HIGH,True,True
2026-01-05 12:25:00+00:00,72.09866896027818,ADCS,1.0,0.8926347456772494,0.7698412698412697,HIGH,True,True
2026-01-05 12:30:00+00:00,71.92337793041706,ADCS,1.0,0.6999431816225713,0.8055555555555554,HIGH,True,True
2026-01-05 12:35:00+00:00,71.9579642852014,ADCS,1.0,0.7871162991961865,0.7857142857142856,HIGH,True,True
2026-01-05 12:40:00+00:00,72.32243102692765,ADCS,1.0,0.8899195780474419,0.7857142857142856,HIGH,True,True
2026-01-05 12:45:00+00:00,72.50709943861308,ADCS,1.0,0.8243481642923017,0.8055555555555554,HIGH,True,True
2026-01-05 12:50:00+00:00,72.66901580003953,ADCS,1.0,0.8246786827610404,0.8055555555555554,HIGH,True,True
2026-01-05 12:55:00+00:00,72.89654106261615,ADCS,1.0,0.8791680071701885,0.7857142857142856,HIGH,True,True
2026-01-05 13:00:00+00:00,73.0665690618741,ADCS,1.0,0.8772283260686754,0.7857142857142856,HIGH,True,True
2026-01-05 13:05:00+00:00,72.64335161586236,ADCS,1.0,0.7056400561944234,0.7857142857142856,HIGH,True,True
2026-01-05 13:10:00+00:00,71.17385535649022,ADCS,0.8571428571428571,0.8748014767273775,0.7658730158730158,HIGH,True,True
2026-01-05 13:15:00+00:00,71.14959280976582,ADCS,1.0,0.7633256762344995,0.7658730158730158,HIGH,True,True
2026-01-05 13:20:00+00:00,71.10620610688089,ADCS,1.0,0.7471720074379035,0.7658730158730158,HIGH,True,True
2026-01-05 13:25:00+00:00,71.30472372969403,ADCS,1.0,0.8517272163960813,0.7499999999999999,HIGH,True,True
2026-01-05 13:30:00+00:00,71.33314302587476,ADCS,1.0,0.8053769494301424,0.7499999999999999,HIGH,True,True
2026-01-05 13:35:00+00:00,71.0717989441694,ADCS,1.0,0.71870551876823,0.7499999999999999,HIGH,True,True
2026-01-05 13:40:00+00:00,71.1747113930609,ADCS,1.0,0.8186222065898544,0.7499999999999999,HIGH,True,True
2026-01-05 13:45:00+00:00,71.40422005651308,ADCS,1.0,0.8362501662311124,0.7698412698412697,HIGH,True,True
2026-01-05 13:50:00+00:00,71.72574900224396,ADCS,1.0,0.9006333594248221,0.7499999999999999,HIGH,True,True
2026-01-05 13:55:00+00:00,71.96137012422129,ADCS,1.0,0.8633058765264483,0.7698412698412697,HIGH,True,True
2026-01-05 14:00:00+00:00,72.51679296276306,ADCS,1.0,0.9630678676194642,0.7698412698412697,HIGH,True,True
2026-01-05 14:05:00+00:00,73.17344253121817,ADCS,1.0,0.9861032284003671,0.7896825396825394,HIGH,True,True
2026-01-05 14:10:00+00:00,73.3991387597833,ADCS,1.0,0.9503110434971459,0.7499999999999999,HIGH,True,True
2026-01-05 14:15:00+00:00,73.87423637677503,ADCS,1.0,1.0,0.7698412698412697,HIGH,True,True
2026-01-05 14:20:00+00:00,74.27641350660286,ADCS,1.0,1.0,0.7698412698412697,HIGH,True,True
2026-01-05 14:25:00+00:00,74.31245421328711,ADCS,1.0,0.9362047110765163,0.7499999999999999,HIGH,True,True
2026-01-05 14:30:00+00:00,74.56650856331795,ADCS,1.0,1.0,0.7478156154741458,HIGH,True,True
2026-01-05 14:35:00+00:00,74.57767554318285,ADCS,1.0,0.9344791498368054,0.7499999999999999,HIGH,True,True
2026-01-05 14:40:00+00:00,74.61350646542702,ADCS,1.0,0.9402595919345796,0.7499999999999999,HIGH,True,True
2026-01-05 14:45:00+00:00,74.65427743454609,ADCS,1.0,0.9458853184042432,0.7499999999999999,HIGH,True,True
2026-01-05 14:50:00+00:00,74.57422349576372,ADCS,1.0,0.9351556944959386,0.73015873015873,HIGH,True,True
2026-01-05 14:55:00+00:00,74.52067014430347,ADCS,1.0,0.9398894716700804,0.73015873015873,HIGH,True,True
2026-01-05 15:00:00+00:00,74.11957917583483,ADCS,1.0,0.859127933361701,0.7103174603174602,HIGH,True,True
2026-01-05 15:05:00+00:00,73.54820533851176,ADCS,1.0,0.7976647718081373,0.7103174603174602,HIGH,True,True
2026-01-05 15:10:00+00:00,70.16951778712819,ADCS,0.7142857142857143,0.871654018464588,0.7103174603174602,HIGH,True,True
2026-01-05 15:15:00+00:00,70.61137062852211,ADCS,1.0,0.9216320089949501,0.7103174603174602,HIGH,True,True
2026-01-05 15:20:00+00:00,70.71061686819944,ADCS,1.0,0.8308787698544955,0.7103174603174602,HIGH,True,True
2026-01-05 15:25:00+00:00,70.71411839726242,ADCS,1.0,0.8173816846491059,0.7103174603174602,HIGH,True,True
2026-01-05 15:30:00+00:00,70.5906822916611,ADCS,1.0,0.7778035074367712,0.7103174603174602,HIGH,True,True
2026-01-05 15:35:00+00:00,70.85199423446181,ADCS,1.0,0.8589820095973438,0.73015873015873,HIGH,True,True
2026-01-05 15:40:00+00:00,70.76976821799302,ADCS,1.0,0.771622565240228,0.73015873015873,HIGH,True,True
2026-01-05 15:45:00+00:00,71.08233543491781,ADCS,1.0,0.8508949008215686,0.7499999999999999,HIGH,True,True
2026-01-05 15:50:00+00:00,71.34286743262975,ADCS,1.0,0.8486244949895404,0.7499999999999999,HIGH,True,True
2026-01-05 15:55:00+00:00,71.70446955301813,ADCS,1.0,0.8630815347914483,0.7698412698412698,HIGH,True,True
2026-01-05 16:00:00+00:00,72.47108697525192,ADCS,1.0,1.0,0.7698412698412698,HIGH,True,True
2026-01-05 16:05:00+00:00,72.61758045135016,ADCS,1.0,0.844197697993738,0.7698412698412698,HIGH,True,True
2026-01-05 16:10:00+00:00,72.62661954587726,ADCS,1.0,0.8121727159695202,0.7698412698412698,HIGH,True,True
2026-01-05 16:15:00+00:00,72.48575471316703,ADCS,1.0,0.7649049427367297,0.7698412698412698,HIGH,True,True
2026-01-05 16:20:00+00:00,72.57133903948682,ADCS,1.0,0.830739453293019,0.7698412698412698,HIGH,True,True
2026-01-05 16:25:00+00:00,72.59906779698629,ADCS,1.0,0.817335839353489,0.7698412698412698,HIGH,True,True
2026-01-05 16:30:00+00:00,72.73638435551685,ADCS,1.0,0.8580664950797106,0.7698412698412698,HIGH,True,True
2026-01-05 16:35:00+00:00,73.14351495916608,ADCS,1.0,0.9229257333760047,0.7896825396825395,HIGH,True,True
2026-01-05 16:40:00+00:00,72.90736911276657,ADCS,1.0,0.7809573163284531,0.7698412698412698,HIGH,True,True
2026-01-05 16:45:00+00:00,72.34006845944644,ADCS,1.0,0.6650767986696154,0.7698412698412698,HIGH,True,True
2026-01-05 16:50:00+00:00,72.33172670780597,ADCS,1.0,0.7548331970114924,0.8095238095238093,HIGH,True,True
2026-01-05 16:55:00+00:00,71.93939350601666,ADCS,1.0,0.6378425041164811,0.8095238095238093,HIGH,True,True
2026-01-05 17:00:00+00:00,72.48246086504392,ADCS,1.0,0.8647622728031383,0.8293650793650793,HIGH,True,True
2026-01-05 17:05:00+00:00,72.66794937131601,ADCS,1.0,0.7524985586123768,0.8492063492063491,HIGH,True,True
2026-01-05 17:10:00+00:00,71.10856849485768,ADCS,0.8571428571428571,0.7199500064639456,0.8492063492063491,HIGH,True,True
2026-01-05 17:15:00+00:00,71.11722510255797,ADCS,1.0,0.6571523946629512,0.8293650793650793,HIGH,True,True
2026-01-05 17:20:00+00:00,71.21220985007312,ADCS,1.0,0.6949649844432346,0.8293650793650791,HIGH,True,True
2026-01-05 17:25:00+00:00,71.32393869591638,ADCS,1.0,0.7041757797227026,0.8293650793650791,HIGH,True,True
2026-01-05 17:30:00+00:00,71.28100093339424,ADCS,1.0,0.6642036314386591,0.8293650793650791,HIGH,True,True
2026-01-05 17:35:00+00:00,71.21902266322475,ADCS,1.0,0.7143753265619577,0.7896825396825395,HIGH,True,True
2026-01-05 17:40:00+00:00,71.08338528360366,ADCS,1.0,0.6868068476593853,0.7896825396825395,HIGH,True,True
2026-01-05 17:45:00+00:00,70.87496864849763,ADCS,1.0,0.6892439071728301,0.7698412698412697,HIGH,True,True
2026-01-05 17:50:00+00:00,70.64260920869319,ADCS,1.0,0.6672751755258252,0.7698412698412697,HIGH,True,True
2026-01-05 17:55:00+00:00,70.57589807928096,ADCS,1.0,0.7304692901889822,0.7499999999999999,HIGH,True,True
2026-01-05 18:00:00+00:00,70.66112820590737,ADCS,1.0,0.7772752579865951,0.7499999999999999,HIGH,True,True
2026-01-05 18:05:00+00:00,70.78974859392817,ADCS,1.0,0.8016436976957686,0.7499999999999999,HIGH,True,True
2026-01-05 18:10:00+00:00,71.06676968668191,ADCS,1.0,0.8482173711673909,0.7499999999999999,HIGH,True,True
2026-01-05 18:15:00+00:00,71.1200890760334,ADCS,1.0,0.7994349800154552,0.7499999999999999,HIGH,True,True
2026-01-05 18:20:00+00:00,71.4057788727446,ADCS,1.0,0.9003785880544136,0.73015873015873,HIGH,True,True
2026-01-05 18:25:00+00:00,71.26073318772633,ADCS,1.0,0.8190557275703608,0.7103174603174602,HIGH,True,True
2026-01-05 18:30:00+00:00,71.05693106880021,ADCS,1.0,0.7893401188660605,0.7103174603174602,HIGH,True,True
2026-01-05 18:35:00+00:00,71.00554158860933,ADCS,1.0,0.8015603080506599,0.7301587301587301,HIGH,True,True
2026-01-05 18:40:00+00:00,71.08463406199755,ADCS,1.0,0.8298841708911773,0.7301587301587301,HIGH,True,True
2026-01-05 18:45:00+00:00,71.19975544948608,ADCS,1.0,0.8499797520207227,0.7301587301587301,HIGH,True,True
2026-01-05 18:50:00+00:00,71.26784220342111,ADCS,1.0,0.8308293309358709,0.7301587301587301,HIGH,True,True
2026-01-05 18:55:00+00:00,71.10124700978002,ADCS,1.0,0.7736139783760012,0.7301587301587301,HIGH,True,True
2026-01-05 19:00:00+00:00,71.26054951565487,ADCS,1.0,0.8627167138288426,0.7301587301587301,HIGH,True,True
2026-01-05 19:05:00+00:00,70.98968471057384,ADCS,1.0,0.7711363945226174,0.7103174603174602,HIGH,True,True
2026-01-05 19:10:00+00:00,69.65599395784025,ADCS,0.8571428571428571,0.8832403581233422,0.73015873015873,HIGH,True,True
2026-01-05 19:15:00+00:00,70.1125587351546,ADCS,1.0,0.9091301605944297,0.7103174603174602,HIGH,True,True
2026-01-05 19:20:00+00:00,70.58242150177216,ADCS,1.0,0.9544975413128863,0.6904761904761905,HIGH,True,True
2026-01-05 19:25:00+00:00,71.04538772446809,ADCS,1.0,0.9403037292412887,0.7103174603174603,HIGH,True,True
2026-01-05 19:30:00+00:00,71.01090980387168,ADCS,1.0,0.8147998453210432,0.7103174603174603,HIGH,True,True
2026-01-05 19:35:00+00:00,71.28765797345551,ADCS,1.0,0.9047760610764428,0.7103174603174603,HIGH,True,True
2026-01-05 19:40:00+00:00,71.38386970712202,ADCS,1.0,0.8676260474545991,0.7103174603174603,HIGH,True,True
2026-01-05 19:45:00+00:00,71.46547045161788,ADCS,1.0,0.8998000982512825,0.6904761904761905,HIGH,True,True
2026-01-05 19:50:00+00:00,71.85503934155378,ADCS,1.0,0.9597152914983106,0.7103174603174602,HIGH,True,True
2026-01-05 19:55:00+00:00,71.94147560746076,ADCS,1.0,0.8790323078339439,0.7103174603174602,HIGH,True,True
2026-01-05 20:00:00+00:00,72.08194023570545,ADCS,1.0,0.905885832097292,0.7103174603174602,HIGH,True,True
2026-01-05 20:05:00+00:00,72.20413703416307,ADCS,1.0,0.9042102413611873,0.7103174603174602,HIGH,True,True
2026-01-05 20:10:00+00:00,72.2509253922855,ADCS,1.0,0.8383905170174729,0.7499999999999999,HIGH,True,True
2026-01-05 20:15:00+00:00,72.04620914568278,ADCS,1.0,0.7870147150764466,0.73015873015873,HIGH,True,True
2026-01-05 20:20:00+00:00,71.56259479592218,ADCS,1.0,0.6693073989994065,0.7499999999999999,HIGH,True,True
2026-01-05 20:25:00+00:00,71.4431271846991,ADCS,1.0,0.7564598580488592,0.7499999999999999,HIGH,True,True
2026-01-05 20:30:00+00:00,71.32244242228492,ADCS,1.0,0.7556335694031834,0.7499999999999999,HIGH,True,True
2026-01-05 20:35:00+00:00,71.46027133690136,ADCS,1.0,0.8229570700710975,0.7499999999999999,HIGH,True,True
2026-01-05 20:40:00+00:00,72.05976348617979,ADCS,1.0,0.9939219682128769,0.7301587301587301,HIGH,True,True
2026-01-05 20:45:00+00:00,72.22950488916094,ADCS,1.0,0.9011450121412851,0.7301587301587301,HIGH,True,True
2026-01-05 20:50:00+00:00,72.6245717448018,ADCS,1.0,0.9496697426666888,0.7499999999999999,HIGH,True,True
2026-01-05 20:55:00+00:00,73.06065678765349,ADCS,1.0,1.0,0.73015873015873,HIGH,True,True
2026-01-05 21:00:00+00:00,73.12823881361258,ADCS,1.0,0.8734461504504027,0.7499999999999999,HIGH,True,True
2026-01-05 21:05:00+00:00,73.46195115773271,ADCS,1.0,0.938066223492695,0.7698412698412697,HIGH,True,True
2026-01-05 21:10:00+00:00,72.27799363639203,ADCS,0.8571428571428571,0.9987356511849279,0.7698412698412697,HIGH,True,True
2026-01-05 21:15:00+00:00,72.20717702418882,ADCS,1.0,0.8069427047734798,0.7499999999999999,HIGH,True,True
2026-01-05 21:20:00+00:00,72.59377188688285,ADCS,1.0,0.9452862829541664,0.7499999999999999,HIGH,True,True
2026-01-05 21:25:00+00:00,72.950848639931,ADCS,1.0,0.9470205409370778,0.7499999999999999,HIGH,True,True
2026-01-05 21:30:00+00:00,73.38331117790567,ADCS,1.0,0.9888466322815896,0.7499999999999999,HIGH,True,True
2026-01-05 21:35:00+00:00,73.69228513112006,ADCS,1.0,1.0,0.7301587301587301,HIGH,True,True
2026-01-05 21:40:00+00:00,73.43189266423997,ADCS,1.0,0.8439453585964983,0.7301587301587301,HIGH,True,True
2026-01-05 21:45:00+00:00,73.2562608290612,ADCS,1.0,0.850640934723135,0.7301587301587301,HIGH,True,True
2026-01-05 21:50:00+00:00,73.6219943450594,ADCS,1.0,1.0,0.7301587301587301,HIGH,True,True
2026-01-05 21:55:00+00:00,73.5071768644981,ADCS,1.0,0.8488699364218115,0.7499999999999999,HIGH,True,True
2026-01-05 22:00:00+00:00,73.38083663354088,ADCS,1.0,0.8371665061322239,0.7499999999999999,HIGH,True,True
2026-01-05 22:05:00+00:00,73.55247402975071,ADCS,1.0,0.893509555305052,0.7698412698412697,HIGH,True,True
2026-01-05 22:10:00+00:00,74.00679904158773,ADCS,1.0,0.9804682701194365,0.7698412698412697,HIGH,True,True
2026-01-05 22:15:00+00:00,74.16056713355714,ADCS,1.0,0.9519151671686377,0.7499999999999999,HIGH,True,True
2026-01-05 22:20:00+00:00,73.80380609679823,ADCS,1.0,0.8321401003289116,0.7301587301587301,HIGH,True,True
2026-01-05 22:25:00+00:00,73.46447078230159,ADCS,1.0,0.8493716108053746,0.7103174603174603,HIGH,True,True
2026-01-05 22:30:00+00:00,73.3180829122656,ADCS,1.0,0.8876835074590196,0.7103174603174603,HIGH,True,True
2026-01-05 22:35:00+00:00,73.19532348684207,ADCS,1.0,0.8767416643132652,0.7103174603174603,HIGH,True,True
2026-01-05 22:40:00+00:00,72.97502757768919,ADCS,1.0,0.82601023674561,0.7301587301587301,HIGH,True,True
2026-01-05 22:45:00+00:00,73.2564042937295,ADCS,1.0,0.9583474011842673,0.7301587301587301,HIGH,True,True
2026-01-05 22:50:00+00:00,73.33854073497162,ADCS,1.0,0.9054016817577888,0.7301587301587301,HIGH,True,True
2026-01-05 22:55:00+00:00,73.59566560812671,ADCS,1.0,0.9613070272226214,0.7301587301587301,HIGH,True,True
2026-01-05 23:00:00+00:00,73.7425453966092,ADCS,1.0,0.9382843445108884,0.7301587301587301,HIGH,True,True
2026-01-05 23:05:00+00:00,73.44689630640269,ADCS,1.0,0.845855733275439,0.7103174603174603,HIGH,True,True
2026-01-05 23:10:00+00:00,70.27615155813199,ADCS,0.7142857142857143,0.91798735953879,0.7301587301587301,HIGH,True,True
2026-01-05 23:15:00+00:00,70.78967167965352,ADCS,1.0,0.9011189055389807,0.7301587301587301,HIGH,True,True
2026-01-05 23:20:00+00:00,71.56431787904079,ADCS,1.0,1.0,0.7301587301587301,HIGH,True,True
2026-01-05 23:25:00+00:00,71.77770899215027,ADCS,1.0,0.9032633386452563,0.7103174603174602,HIGH,True,True
2026-01-05 23:30:00+00:00,71.7285331834622,ADCS,1.0,0.8269966163712117,0.7103174603174602,HIGH,True,True
2026-01-05 23:35:00+00:00,71.47474160538923,ADCS,1.0,0.739875521786316,0.7301587301587301,HIGH,True,True
2026-01-05 23:40:00+00:00,71.5195358044657,ADCS,1.0,0.7818539736553982,0.7499999999999999,HIGH,True,True
2026-01-05 23:45:00+00:00,71.72345755204047,ADCS,1.0,0.8383443913819244,0.7499999999999999,HIGH,True,True
2026-01-05 23:50:00+00:00,72.22710863045832,ADCS,1.0,0.9702452506963934,0.73015873015873,HIGH,True,True
2026-01-05 23:55:00+00:00,71.78009677056255,ADCS,1.0,0.6806258270162829,0.7499999999999999,HIGH,True,True
2026-01-06 00:00:00+00:00,71.53070095017604,ADCS,1.0,0.7193210242103777,0.7499999999999999,HIGH,True,True
2026-01-06 00:05:00+00:00,71.0506917788858,ADCS,1.0,0.6354432151410673,0.7499999999999999,HIGH,True,True
2026-01-06 00:10:00+00:00,70.66541163345406,ADCS,1.0,0.649222133578521,0.7499999999999999,HIGH,True,True
2026-01-06 00:15:00+00:00,71.22081478534062,ADCS,1.0,0.898881870080655,0.7619206669723178,HIGH,True,True
2026-01-06 00:20:00+00:00,71.62308598502618,ADCS,1.0,0.8533685984039374,0.7843915318241081,HIGH,True,True
2026-01-06 00:25:00+00:00,71.80990447914937,ADCS,1.0,0.7976495410558864,0.7896825396825395,HIGH,True,True
2026-01-06 00:30:00+00:00,72.05515996490215,ADCS,1.0,0.8196481603830519,0.7896825396825395,HIGH,True,True
2026-01-06 00:35:00+00:00,72.16839550505625,ADCS,1.0,0.7651829587284535,0.8095238095238093,HIGH,True,True
2026-01-06 00:40:00+00:00,72.74249268936366,ADCS,1.0,0.9371153829685744,0.7896825396825395,HIGH,True,True
2026-01-06 00:45:00+00:00,73.0937800180804,ADCS,1.0,0.8963841903831815,0.7896825396825395,HIGH,True,True
2026-01-06 00:50:00+00:00,72.9135411441333,ADCS,1.0,0.7767665874692782,0.7698412698412698,HIGH,True,True
2026-01-06 00:55:00+00:00,73.10433977658847,ADCS,1.0,0.8562754679574269,0.7896825396825395,HIGH,True,True
2026-01-06 01:00:00+00:00,73.70297233194502,ADCS,1.0,0.982925521974752,0.7896825396825395,HIGH,True,True
2026-01-06 01:05:00+00:00,74.23671238049701,ADCS,1.0,0.9590319376271971,0.8095238095238093,HIGH,True,True
2026-01-06 01:10:00+00:00,72.59288624035966,ADCS,0.8571428571428571,0.8816458760204122,0.7698412698412698,HIGH,True,True
2026-01-06 01:15:00+00:00,73.08910508102684,ADCS,1.0,0.9600147345796506,0.7698412698412698,HIGH,True,True
2026-01-06 01:20:00+00:00,72.98097398290385,ADCS,1.0,0.7742162445314642,0.7896825396825395,HIGH,True,True
2026-01-06 01:25:00+00:00,72.99915585293675,ADCS,1.0,0.8064424173557833,0.7896825396825395,HIGH,True,True
2026-01-06 01:30:00+00:00,73.56024982799369,ADCS,1.0,1.0,0.7698412698412697,HIGH,True,True
2026-01-06 01:35:00+00:00,73.88148503619382,ADCS,1.0,0.9282902963450913,0.7896825396825395,HIGH,True,True
2026-01-06 01:40:00+00:00,73.89179191257894,ADCS,1.0,0.8551987527318692,0.7896825396825395,HIGH,True,True
2026-01-06 01:45:00+00:00,73.94484973710998,ADCS,1.0,0.8708866871348505,0.7896825396825395,HIGH,True,True
2026-01-06 01:50:00+00:00,73.6429613658912,ADCS,1.0,0.7974990847085606,0.7698412698412697,HIGH,True,True
2026-01-06 01:55:00+00:00,73.0104245974788,ADCS,1.0,0.7011113692327541,0.7499999999999999,HIGH,True,True
2026-01-06 02:00:00+00:00,72.83134209770805,ADCS,1.0,0.8119788594066802,0.7499999999999999,HIGH,True,True
2026-01-06 02:05:00+00:00,72.53413885718757,ADCS,1.0,0.7689101306876855,0.7499999999999999,HIGH,True,True
2026-01-06 02:10:00+00:00,72.49764352359207,ADCS,1.0,0.8183259605413993,0.7499999999999999,HIGH,True,True
2026-01-06 02:15:00+00:00,72.5093602601798,ADCS,1.0,0.8388104768800296,0.7499999999999999,HIGH,True,True
2026-01-06 02:20:00+00:00,72.28853312768888,ADCS,1.0,0.7771417216112154,0.7499999999999999,HIGH,True,True
2026-01-06 02:25:00+00:00,72.78783251448068,ADCS,1.0,0.9551005169479285,0.7698412698412698,HIGH,True,True
2026-01-06 02:30:00+00:00,72.76095007786344,ADCS,1.0,0.7982063003135331,0.7896825396825395,HIGH,True,True
2026-01-06 02:35:00+00:00,73.14794265271533,ADCS,1.0,0.9107564309527136,0.7896825396825395,HIGH,True,True
2026-01-06 02:40:00+00:00,73.00174649211392,ADCS,1.0,0.814043976497355,0.7698412698412697,HIGH,True,True
2026-01-06 02:45:00+00:00,72.70607881227009,ADCS,1.0,0.7918371548349648,0.7499999999999999,HIGH,True,True
2026-01-06 02:50:00+00:00,72.27641824722994,ADCS,1.0,0.7668690115965463,0.7301587301587301,HIGH,True,True
2026-01-06 02:55:00+00:00,71.49017868547323,ADCS,1.0,0.6401791770299862,0.7301587301587301,HIGH,True,True
2026-01-06 03:00:00+00:00,71.36095249654275,ADCS,1.0,0.7965400991960656,0.7301587301587301,HIGH,True,True
2026-01-06 03:05:00+00:00,71.25033256895729,ADCS,1.0,0.8264467269763027,0.7103174603174602,HIGH,True,True
2026-01-06 03:10:00+00:00,69.89159073049242,ADCS,0.8571428571428571,0.9258316200871664,0.7103174603174602,HIGH,True,True
2026-01-06 03:15:00+00:00,70.0007179268703,ADCS,1.0,0.7978270460831017,0.7301587301587301,HIGH,True,True
2026-01-06 03:20:00+00:00,70.2836993818308,ADCS,1.0,0.8798136572254681,0.7103174603174602,HIGH,True,True
2026-01-06 03:25:00+00:00,70.75895551338485,ADCS,1.0,0.9490071899476828,0.7103174603174602,HIGH,True,True
2026-01-06 03:30:00+00:00,70.76258782344,ADCS,1.0,0.8316334924976847,0.7103174603174602,HIGH,True,True
2026-01-06 03:35:00+00:00,70.82936130002817,ADCS,1.0,0.8187304877119239,0.7301587301587301,HIGH,True,True
2026-01-06 03:40:00+00:00,70.82736257585441,ADCS,1.0,0.8281906176629371,0.7103174603174603,HIGH,True,True
2026-01-06 03:45:00+00:00,70.45136799268587,ADCS,1.0,0.7186569129591645,0.7103174603174603,HIGH,True,True
2026-01-06 03:50:00+00:00,70.45726850476669,ADCS,1.0,0.8165295605850531,0.7103174603174603,HIGH,True,True
2026-01-06 03:55:00+00:00,70.57048792328371,ADCS,1.0,0.8394575298322194,0.7103174603174603,HIGH,True,True
2026-01-06 04:00:00+00:00,70.33542312585547,ADCS,1.0,0.7415084611105417,0.7103174603174603,HIGH,True,True
2026-01-06 04:05:00+00:00,70.20221475659203,ADCS,1.0,0.7564003931569995,0.7103174603174603,HIGH,True,True
2026-01-06 04:10:00+00:00,70.33977386531468,ADCS,1.0,0.8307006708325537,0.7103174603174603,HIGH,True,True
2026-01-06 04:15:00+00:00,70.61577006905983,ADCS,1.0,0.847089054677217,0.7301587301587301,HIGH,True,True
2026-01-06 04:20:00+00:00,70.64827308812032,ADCS,1.0,0.7524194587827177,0.7499999999999999,HIGH,True,True
2026-01-06 04:25:00+00:00,71.11206895565608,ADCS,1.0,0.8879514756849786,0.7499999999999999,HIGH,True,True
2026-01-06 04:30:00+00:00,71.60121388850621,ADCS,1.0,0.9432543840633432,0.7301587301587301,HIGH,True,True
2026-01-06 04:35:00+00:00,71.86075330005882,ADCS,1.0,0.9140728601097212,0.7103174603174603,HIGH,True,True
2026-01-06 04:40:00+00:00,72.25354913667347,ADCS,1.0,0.9442178579157761,0.7301587301587301,HIGH,True,True
2026-01-06 04:45:00+00:00,72.3199805083906,ADCS,1.0,0.8569581897889648,0.7301587301587301,HIGH,True,True
2026-01-06 04:50:00+00:00,71.95957028206313,ADCS,1.0,0.7309111779586077,0.7301587301587301,HIGH,True,True
2026-01-06 04:55:00+00:00,72.05859677560646,ADCS,1.0,0.883494144255134,0.7103174603174602,HIGH,True,True
2026-01-06 05:00:00+00:00,71.96427430268845,ADCS,1.0,0.858607636937463,0.6904761904761905,HIGH,True,True
2026-01-06 05:05:00+00:00,72.11532368877172,ADCS,1.0,0.8965557617739212,0.7103174603174603,HIGH,True,True
2026-01-06 05:10:00+00:00,70.71965853519724,ADCS,0.8571428571428571,0.9282668153196985,0.7103174603174603,HIGH,True,True
2026-01-06 05:15:00+00:00,71.07042393483295,ADCS,1.0,0.9049088578801988,0.7103174603174602,HIGH,True,True
2026-01-06 05:20:00+00:00,71.29603564759411,ADCS,1.0,0.8829017531754777,0.7103174603174602,HIGH,True,True
2026-01-06 05:25:00+00:00,71.51653978259534,ADCS,1.0,0.8602311813631642,0.7301587301587301,HIGH,True,True
2026-01-06 05:30:00+00:00,71.988677843302,ADCS,1.0,0.9461607971603633,0.7301587301587301,HIGH,True,True
2026-01-06 05:35:00+00:00,72.64412406296154,ADCS,1.0,1.0,0.7499999999999999,HIGH,True,True
2026-01-06 05:40:00+00:00,73.10853831238663,ADCS,1.0,1.0,0.7301587301587301,HIGH,True,True
2026-01-06 05:45:00+00:00,72.98136644655189,ADCS,1.0,0.8227927067798263,0.7499999999999999,HIGH,True,True
2026-01-06 05:50:00+00:00,73.52871382220607,ADCS,1.0,0.9916966408576877,0.7698412698412697,HIGH,True,True
2026-01-06 05:55:00+00:00,73.98112431155397,ADCS,1.0,0.9904117731553845,0.7698412698412697,HIGH,True,True
2026-01-06 06:00:00+00:00,74.23092435806186,ADCS,1.0,0.9804214017230473,0.7499999999999999,HIGH,True,True
2026-01-06 06:05:00+00:00,74.16952995760886,ADCS,1.0,0.8761906831942949,0.7621881231062491,HIGH,True,True
2026-01-06 06:10:00+00:00,74.08500496810005,ADCS,1.0,0.8605750373696717,0.7698412698412698,HIGH,True,True
2026-01-06 06:15:00+00:00,73.52191212917471,ADCS,1.0,0.7757954034633782,0.73015873015873,HIGH,True,True
2026-01-06 06:20:00+00:00,73.41116093981701,ADCS,1.0,0.9156312011630315,0.7103174603174602,HIGH,True,True
2026-01-06 06:25:00+00:00,72.97882285531739,ADCS,1.0,0.8098525359180204,0.7103174603174602,HIGH,True,True
2026-01-06 06:30:00+00:00,72.58618024041789,ADCS,1.0,0.8485592683506722,0.6706349206349207,HIGH,True,True
2026-01-06 06:35:00+00:00,72.51962257722823,ADCS,1.0,0.9184808153095187,0.6706349206349207,HIGH,True,True
2026-01-06 06:40:00+00:00,72.03987007122474,ADCS,1.0,0.7551592693834126,0.6904761904761905,HIGH,True,True
2026-01-06 06:45:00+00:00,71.80283299877627,ADCS,1.0,0.8076066615119218,0.6904761904761905,HIGH,True,True
2026-01-06 06:50:00+00:00,71.47537433976889,ADCS,1.0,0.7405725178025051,0.7103174603174602,HIGH,True,True
2026-01-06 06:55:00+00:00,71.25275446925102,ADCS,1.0,0.7490173586726121,0.7103174603174602,HIGH,True,True
2026-01-06 07:00:00+00:00,70.71276394610697,ADCS,1.0,0.6518461006402061,0.7103174603174602,HIGH,True,True
2026-01-06 07:05:00+00:00,70.75062184627313,ADCS,1.0,0.7988435387347441,0.7103174603174602,HIGH,True,True
2026-01-06 07:10:00+00:00,67.513933995127,ADCS,0.7142857142857143,0.7081656971272875,0.7301587301587301,HIGH,True,True
2026-01-06 07:15:00+00:00,67.8708779314921,ADCS,1.0,0.7257966626968128,0.7301587301587301,HIGH,True,True
2026-01-06 07:20:00+00:00,68.34778795832106,ADCS,1.0,0.7787479263948389,0.7301587301587301,HIGH,True,True
2026-01-06 07:25:00+00:00,68.90058834845614,ADCS,1.0,0.8031755664277064,0.7301587301587301,HIGH,True,True
2026-01-06 07:30:00+00:00,69.95238280411712,ADCS,1.0,0.9556447978484847,0.7499999999999999,HIGH,True,True
2026-01-06 07:35:00+00:00,69.9323368647083,ADCS,1.0,0.6864921664023867,0.7499999999999999,HIGH,True,True
2026-01-06 07:40:00+00:00,70.13134640912408,ADCS,1.0,0.7425849291914861,0.7499999999999999,HIGH,True,True
2026-01-06 07:45:00+00:00,70.15155421189341,ADCS,1.0,0.679312587939356,0.7698412698412697,HIGH,True,True
2026-01-06 07:50:00+00:00,70.21111332937342,ADCS,1.0,0.650584041486949,0.7896825396825394,HIGH,True,True
2026-01-06 07:55:00+00:00,70.54932378839167,ADCS,1.0,0.7130084876991056,0.8095238095238093,HIGH,True,True
2026-01-06 08:00:00+00:00,70.86101466632186,ADCS,1.0,0.7391761393716578,0.7896825396825394,HIGH,True,True
2026-01-06 08:05:00+00:00,71.38232885483953,ADCS,1.0,0.805144755226921,0.7896825396825394,HIGH,True,True
2026-01-06 08:10:00+00:00,71.84981100482615,ADCS,1.0,0.8223164104327608,0.7896825396825394,HIGH,True,True
2026-01-06 08:15:00+00:00,72.45489312131158,ADCS,1.0,0.8595747255069013,0.8095238095238093,HIGH,True,True
2026-01-06 08:20:00+00:00,73.19962129307213,ADCS,1.0,0.9185972788122336,0.8095238095238093,HIGH,True,True
2026-01-06 08:25:00+00:00,73.41444079833003,ADCS,1.0,0.8087560454613666,0.8095238095238093,HIGH,True,True
2026-01-06 08:30:00+00:00,73.51544004135245,ADCS,1.0,0.8213817779259134,0.7896825396825394,HIGH,True,True
2026-01-06 08:35:00+00:00,73.59104005999122,ADCS,1.0,0.7877956387728209,0.8095238095238093,HIGH,True,True
2026-01-06 08:40:00+00:00,73.79918892648654,ADCS,1.0,0.8101442926832858,0.8253968253968254,HIGH,True,True
2026-01-06 08:45:00+00:00,73.73671886323386,ADCS,1.0,0.7752632847887253,0.8095238095238093,HIGH,True,True
2026-01-06 08:50:00+00:00,73.9836696787975,ADCS,1.0,0.8445700505236088,0.8293650793650791,HIGH,True,True
2026-01-06 08:55:00+00:00,74.35932993567839,ADCS,1.0,0.8655635349305314,0.8492063492063491,HIGH,True,True
2026-01-06 09:00:00+00:00,74.46736753620314,ADCS,1.0,0.8410724550969724,0.8293650793650793,HIGH,True,True
2026-01-06 09:05:00+00:00,74.20562382557715,ADCS,1.0,0.7191986842025422,0.8492063492063491,HIGH,True,True
2026-01-06 09:10:00+00:00,72.2907268874497,ADCS,0.8571428571428571,0.6800652372693353,0.8492063492063491,HIGH,True,True
2026-01-06 09:15:00+00:00,72.62915584109089,ADCS,1.0,0.7992130772464819,0.8492063492063491,HIGH,True,True
2026-01-06 09:20:00+00:00,72.93867316913908,ADCS,1.0,0.8014981672666273,0.8492063492063491,HIGH,True,True
2026-01-06 09:25:00+00:00,73.35491815052875,ADCS,1.0,0.8465116706502798,0.8492063492063491,HIGH,True,True
2026-01-06 09:30:00+00:00,74.00564229376424,ADCS,1.0,0.9369784221363312,0.8492063492063491,HIGH,True,True
2026-01-06 09:35:00+00:00,74.04318297784707,ADCS,1.0,0.7872111596193899,0.8492063492063491,HIGH,True,True
2026-01-06 09:40:00+00:00,74.2790229951801,ADCS,1.0,0.8185249173524333,0.8690476190476188,HIGH,True,True
2026-01-06 09:45:00+00:00,74.33193760959793,ADCS,1.0,0.7663697615699144,0.8690476190476188,HIGH,True,True
2026-01-06 09:50:00+00:00,74.76442705161779,ADCS,1.0,0.8873657288946835,0.8690476190476188,HIGH,True,True
2026-01-06 09:55:00+00:00,74.81141916408262,ADCS,1.0,0.812132414128456,0.8492063492063491,HIGH,True,True
2026-01-06 10:00:00+00:00,74.90564235199683,ADCS,1.0,0.8320565456610158,0.8492063492063491,HIGH,True,True
2026-01-06 10:05:00+00:00,74.83778583782735,ADCS,1.0,0.7846054074273708,0.8492063492063491,HIGH,True,True
2026-01-06 10:10:00+00:00,75.15464655723957,ADCS,1.0,0.8949292144381614,0.8492063492063491,HIGH,True,True
2026-01-06 10:15:00+00:00,75.08263548404594,ADCS,1.0,0.7933407582543194,0.8492063492063491,HIGH,True,True
2026-01-06 10:20:00+00:00,75.39060732119724,ADCS,1.0,0.9269282171319171,0.8293650793650793,HIGH,True,True
2026-01-06 10:25:00+00:00,75.76654915763432,ADCS,1.0,0.9337234578829581,0.8492063492063491,HIGH,True,True
2026-01-06 10:30:00+00:00,76.13601496691541,ADCS,1.0,0.9554792035379922,0.8492063492063491,HIGH,True,True
2026-01-06 10:35:00+00:00,76.20753845275429,ADCS,1.0,0.846047146127929,0.8690476190476188,HIGH,True,True
2026-01-06 10:40:00+00:00,76.34716830204485,ADCS,1.0,0.8660717841126597,0.8690476190476188,HIGH,True,True
2026-01-06 10:45:00+00:00,76.32643835171041,ADCS,1.0,0.8157508877243709,0.8690476190476188,HIGH,True,True
2026-01-06 10:50:00+00:00,76.18018670939615,ADCS,1.0,0.809527176024607,0.8492063492063491,HIGH,True,True
2026-01-06 10:55:00+00:00,76.52268868190106,ADCS,1.0,0.9265920746369062,0.8650793650793651,HIGH,True,True
2026-01-06 11:00:00+00:00,75.80289904090118,ADCS,1.0,0.6524354729657816,0.8492063492063491,HIGH,True,True
2026-01-06 11:05:00+00:00,75.58719956991469,ADCS,1.0,0.7978226546604312,0.8293650793650791,HIGH,True,True
2026-01-06 11:10:00+00:00,73.78644348109155,ADCS,0.8571428571428571,0.8005680666372256,0.8293650793650791,HIGH,True,True
2026-01-06 11:15:00+00:00,73.66360987745976,ADCS,1.0,0.7072405082995057,0.8452380952380951,HIGH,True,True
2026-01-06 11:20:00+00:00,74.0225114613605,ADCS,1.0,0.7976163411973353,0.8650793650793651,HIGH,True,True
2026-01-06 11:25:00+00:00,74.07736254120888,ADCS,1.0,0.7240159388576556,0.8650793650793651,HIGH,True,True
2026-01-06 11:30:00+00:00,74.15974815180863,ADCS,1.0,0.7365552280837203,0.8650793650793651,HIGH,True,True
2026-01-06 11:35:00+00:00,74.39344143314277,ADCS,1.0,0.8085943016740029,0.8492063492063491,HIGH,True,True
2026-01-06 11:40:00+00:00,74.44457454971615,ADCS,1.0,0.7615230675985282,0.8492063492063491,HIGH,True,True
2026-01-06 11:45:00+00:00,74.98837731227886,ADCS,1.0,0.9105589582711446,0.8492063492063491,HIGH,True,True
2026-01-06 11:50:00+00:00,74.72851729252838,ADCS,1.0,0.702943911242603,0.8492063492063491,HIGH,True,True
2026-01-06 11:55:00+00:00,74.27727848802276,ADCS,1.0,0.6688410386858142,0.8293650793650793,HIGH,True,True
2026-01-06 12:00:00+00:00,73.81870611932197,ADCS,1.0,0.6497210257923804,0.8293650793650791,HIGH,True,True
2026-01-06 12:05:00+00:00,73.5260501490718,ADCS,1.0,0.7051788224605963,0.8095238095238093,HIGH,True,True
2026-01-06 12:10:00+00:00,73.47262670969255,ADCS,1.0,0.7661424171010445,0.8095238095238093,HIGH,True,True
2026-01-06 12:15:00+00:00,73.70449279539758,ADCS,1.0,0.821866311851636,0.8293650793650791,HIGH,True,True
2026-01-06 12:20:00+00:00,73.34470438928368,ADCS,1.0,0.6935141052603908,0.8095238095238093,HIGH,True,True
2026-01-06 12:25:00+00:00,73.18244618569062,ADCS,1.0,0.7966782643480548,0.7698412698412698,HIGH,True,True
2026-01-06 12:30:00+00:00,73.71802128826029,ADCS,1.0,0.9732030597640597,0.7896825396825395,HIGH,True,True
2026-01-06 12:35:00+00:00,74.10787203178104,ADCS,1.0,0.9462236914942451,0.7896825396825395,HIGH,True,True
2026-01-06 12:40:00+00:00,74.61061792566993,ADCS,1.0,1.0,0.7896825396825395,HIGH,True,True
2026-01-06 12:45:00+00:00,75.05209611193699,ADCS,1.0,1.0,0.7896825396825395,HIGH,True,True
2026-01-06 12:50:00+00:00,75.19335398574546,ADCS,1.0,0.9601314379404765,0.7698412698412697,HIGH,True,True
2026-01-06 12:55:00+00:00,75.2417436758538,ADCS,1.0,0.9424162250736837,0.7698412698412697,HIGH,True,True
2026-01-06 13:00:00+00:00,75.10817433738023,ADCS,1.0,0.8936393282116994,0.7698412698412697,HIGH,True,True
2026-01-06 13:05:00+00:00,75.01217671770326,ADCS,1.0,0.9230479393869081,0.7499999999999999,HIGH,True,True
2026-01-06 13:10:00+00:00,73.59927692538166,ADCS,0.8571428571428571,1.0,0.7698412698412697,HIGH,True,True
2026-01-06 13:15:00+00:00,73.36902491037472,ADCS,1.0,0.7886551124219705,0.7698412698412697,HIGH,True,True
2026-01-06 13:20:00+00:00,73.62569477897681,ADCS,1.0,0.9213413133662041,0.7698412698412697,HIGH,True,True
2026-01-06 13:25:00+00:00,74.12455296835118,ADCS,1.0,1.0,0.7698412698412697,HIGH,True,True
2026-01-06 13:30:00+00:00,74.43082741516787,ADCS,1.0,1.0,0.7499999999999999,HIGH,True,True
2026-01-06 13:35:00+00:00,74.54759616198831,ADCS,1.0,0.9543985624078373,0.7499999999999999,HIGH,True,True
2026-01-06 13:40:00+00:00,74.80813851783486,ADCS,1.0,1.0,0.7499999999999999,HIGH,True,True
2026-01-06 13:45:00+00:00,74.63203477267544,ADCS,1.0,0.9138641314102567,0.7301587301587301,HIGH,True,True
2026-01-06 13:50:00+00:00,74.7550795237231,ADCS,1.0,0.9892029807915044,0.7301587301587301,HIGH,True,True
2026-01-06 13:55:00+00:00,74.89102970884122,ADCS,1.0,1.0,0.7301587301587301,HIGH,True,True
2026-01-06 14:00:00+00:00,75.10168593182145,ADCS,1.0,0.9966386532186099,0.7499999999999999,HIGH,True,True
2026-01-06 14:05:00+00:00,74.98310930550295,ADCS,1.0,0.9308607515732664,0.7301587301587301,HIGH,True,True
2026-01-06 14:10:00+00:00,74.81807215217803,ADCS,1.0,0.9065241871010415,0.7301587301587301,HIGH,True,True
2026-01-06 14:15:00+00:00,74.58554114334035,ADCS,1.0,0.8770309835298099,0.7301587301587301,HIGH,True,True
2026-01-06 14:20:00+00:00,73.9971752538165,ADCS,1.0,0.7617100972633107,0.7301587301587301,HIGH,True,True
2026-01-06 14:25:00+00:00,74.07977953684477,ADCS,1.0,0.9656864466050773,0.7103174603174602,HIGH,True,True
2026-01-06 14:30:00+00:00,73.98129052768553,ADCS,1.0,0.8825139880112732,0.73015873015873,HIGH,True,True
2026-01-06 14:35:00+00:00,73.78174145288958,ADCS,1.0,0.8507968230318385,0.73015873015873,HIGH,True,True
2026-01-06 14:40:00+00:00,73.34540882161012,ADCS,1.0,0.7964324179072173,0.7103174603174602,HIGH,True,True
2026-01-06 14:45:00+00:00,72.98322769310226,ADCS,1.0,0.7502118824066304,0.7499999999999999,HIGH,True,True
2026-01-06 14:50:00+00:00,72.46761573458006,ADCS,1.0,0.7246331685185394,0.73015873015873,HIGH,True,True
2026-01-06 14:55:00+00:00,72.71385722027037,ADCS,1.0,0.9258536771058546,0.73015873015873,HIGH,True,True
2026-01-06 15:00:00+00:00,72.53764525715783,ADCS,1.0,0.8199250992444407,0.73015873015873,HIGH,True,True
2026-01-06 15:05:00+00:00,72.15067727930793,ADCS,1.0,0.7449254104664099,0.73015873015873,HIGH,True,True
2026-01-06 15:10:00+00:00,68.95237381118531,ADCS,0.7142857142857143,0.8341932838382933,0.73015873015873,HIGH,True,True
2026-01-06 15:15:00+00:00,69.41848123837084,ADCS,1.0,0.8669437465851013,0.7103174603174602,HIGH,True,True
2026-01-06 15:20:00+00:00,69.97376678239928,ADCS,1.0,0.884602674638722,0.73015873015873,HIGH,True,True
2026-01-06 15:25:00+00:00,70.16848218593462,ADCS,1.0,0.827764138515432,0.7103174603174602,HIGH,True,True
2026-01-06 15:30:00+00:00,70.1755610056492,ADCS,1.0,0.78286256336597,0.7103174603174602,HIGH,True,True
2026-01-06 15:35:00+00:00,69.78448579917931,ADCS,1.0,0.6774445488116875,0.6904761904761905,HIGH,True,True
2026-01-06 15:40:00+00:00,70.08369917651166,ADCS,1.0,0.8691639481981965,0.6904761904761905,HIGH,True,True
2026-01-06 15:45:00+00:00,69.95211173755632,ADCS,1.0,0.7837495486216683,0.6706349206349207,HIGH,True,True
2026-01-06 15:50:00+00:00,70.07612208367723,ADCS,1.0,0.8891852553371513,0.6507936507936507,HIGH,True,True
2026-01-06 15:55:00+00:00,70.17122378307238,ADCS,1.0,0.8853688242818301,0.6507936507936507,HIGH,True,True
2026-01-06 16:00:00+00:00,70.09114760597963,ADCS,1.0,0.8295259037681996,0.6507936507936507,HIGH,True,True
2026-01-06 16:05:00+00:00,69.87404907504477,ADCS,1.0,0.7905787409954483,0.6507936507936507,HIGH,True,True
2026-01-06 16:10:00+00:00,69.49866033456871,ADCS,1.0,0.7297180883669224,0.6507936507936507,HIGH,True,True
2026-01-06 16:15:00+00:00,70.02449186121342,ADCS,1.0,0.9844844193846248,0.6507936507936507,HIGH,True,True
2026-01-06 16:20:00+00:00,69.92389815276081,ADCS,1.0,0.8280146023964503,0.6507936507936507,HIGH,True,True
2026-01-06 16:25:00+00:00,69.67414923434433,ADCS,1.0,0.7744701082096828,0.6507936507936507,HIGH,True,True
2026-01-06 16:30:00+00:00,69.6227083831896,ADCS,1.0,0.7984211339499119,0.6706349206349207,HIGH,True,True
2026-01-06 16:35:00+00:00,69.66239927275522,ADCS,1.0,0.83741508702875,0.6507936507936507,HIGH,True,True
2026-01-06 16:40:00+00:00,69.92221893627007,ADCS,1.0,0.9500055607125549,0.6309523809523808,HIGH,True,True
2026-01-06 16:45:00+00:00,69.47219913633498,ADCS,1.0,0.7344273021372318,0.6309523809523808,HIGH,True,True
2026-01-06 16:50:00+00:00,69.28303372335478,ADCS,1.0,0.7995985578753435,0.6309523809523808,HIGH,True,True
2026-01-06 16:55:00+00:00,68.92233880523916,ADCS,1.0,0.7340813787160991,0.6309523809523808,HIGH,True,True
2026-01-06 17:00:00+00:00,69.54937881081689,ADCS,1.0,0.9493895566793129,0.6706349206349207,HIGH,True,True
2026-01-06 17:05:00+00:00,69.88871202322484,ADCS,1.0,0.8718381527225475,0.6904761904761905,HIGH,True,True
2026-01-06 17:10:00+00:00,68.84441133265608,ADCS,0.8571428571428571,0.9548033173462931,0.6904761904761905,HIGH,True,True
2026-01-06 17:15:00+00:00,68.91868155647093,ADCS,1.0,0.7482916602976177,0.6904761904761905,HIGH,True,True
2026-01-06 17:20:00+00:00,68.96170880122231,ADCS,1.0,0.7365059108292058,0.6904761904761905,HIGH,True,True
2026-01-06 17:25:00+00:00,69.54307135892687,ADCS,1.0,0.8938384750735066,0.6904761904761905,HIGH,True,True
2026-01-06 17:30:00+00:00,70.00995436518475,ADCS,1.0,0.9146273764452618,0.6706349206349207,HIGH,True,True
2026-01-06 17:35:00+00:00,70.32215970310564,ADCS,1.0,0.890521444810648,0.6706349206349207,HIGH,True,True
2026-01-06 17:40:00+00:00,70.73993023339115,ADCS,1.0,0.9115253717421623,0.6904761904761905,HIGH,True,True
2026-01-06 17:45:00+00:00,70.44802999309263,ADCS,1.0,0.7201023813263978,0.6904761904761905,HIGH,True,True
2026-01-06 17:50:00+00:00,70.82141645940666,ADCS,1.0,0.901696783652721,0.6904761904761905,HIGH,True,True
2026-01-06 17:55:00+00:00,71.44971121006805,ADCS,1.0,0.9613779720837905,0.7103174603174602,HIGH,True,True
2026-01-06 18:00:00+00:00,72.06351063050488,ADCS,1.0,0.9938907891117127,0.7103174603174602,HIGH,True,True
2026-01-06 18:05:00+00:00,72.36816266076917,ADCS,1.0,0.9345019683120943,0.7103174603174602,HIGH,True,True
2026-01-06 18:10:00+00:00,72.65826018199897,ADCS,1.0,0.9159004109087749,0.7301587301587301,HIGH,True,True
2026-01-06 18:15:00+00:00,72.8412003824097,ADCS,1.0,0.8942243405145754,0.7301587301587301,HIGH,True,True
2026-01-06 18:20:00+00:00,73.16871841847386,ADCS,1.0,0.9288876730637774,0.7499999999999999,HIGH,True,True
2026-01-06 18:25:00+00:00,73.5131118029496,ADCS,1.0,0.9563937426252337,0.7499999999999999,HIGH,True,True
2026-01-06 18:30:00+00:00,73.63520705681825,ADCS,1.0,0.9119053186549559,0.7499999999999999,HIGH,True,True
2026-01-06 18:35:00+00:00,73.78880849107188,ADCS,1.0,0.9189079050700364,0.7499999999999999,HIGH,True,True
2026-01-06 18:40:00+00:00,73.80800217925946,ADCS,1.0,0.8711936189097395,0.7499999999999999,HIGH,True,True
2026-01-06 18:45:00+00:00,73.21582822824666,ADCS,1.0,0.7132239601867382,0.7301587301587301,HIGH,True,True
2026-01-06 18:50:00+00:00,73.38569852575861,ADCS,1.0,0.8744891438655669,0.7499999999999999,HIGH,True,True
2026-01-06 18:55:00+00:00,73.13909798933375,ADCS,1.0,0.7274121148262921,0.7698412698412697,HIGH,True,True
2026-01-06 19:00:00+00:00,73.71547452730711,ADCS,1.0,0.9607964415223162,0.7698412698412697,HIGH,True,True
2026-01-06 19:05:00+00:00,73.76981023972944,ADCS,1.0,0.7943131187795397,0.7896825396825395,HIGH,True,True
2026-01-06 19:10:00+00:00,71.90260800290659,ADCS,0.8571428571428571,0.6900977165967562,0.7896825396825395,HIGH,True,True
2026-01-06 19:15:00+00:00,72.12158280355133,ADCS,1.0,0.7492320577674157,0.7896825396825395,HIGH,True,True
2026-01-06 19:20:00+00:00,71.83626650642243,ADCS,1.0,0.6078507386010894,0.7896825396825395,HIGH,True,True
2026-01-06 19:25:00+00:00,71.81446805964038,ADCS,1.0,0.6572611862053531,0.7896825396825395,HIGH,True,True
2026-01-06 19:30:00+00:00,72.01039393075361,ADCS,1.0,0.7298062986939903,0.7896825396825395,HIGH,True,True
2026-01-06 19:35:00+00:00,72.27319348781175,ADCS,1.0,0.8040327941172994,0.7698412698412697,HIGH,True,True
2026-01-06 19:40:00+00:00,71.94635051402737,ADCS,1.0,0.6740149315834421,0.7499999999999999,HIGH,True,True
2026-01-06 19:45:00+00:00,71.98800062596915,ADCS,1.0,0.7650566968088391,0.7499999999999999,HIGH,True,True
2026-01-06 19:50:00+00:00,71.80190231763285,ADCS,1.0,0.7063151269838113,0.7499999999999999,HIGH,True,True
2026-01-06 19:55:00+00:00,71.76782325123638,ADCS,1.0,0.7358865339119453,0.7499999999999999,HIGH,True,True
2026-01-06 20:00:00+00:00,72.01156732923643,ADCS,1.0,0.8164690995209725,0.7499999999999999,HIGH,True,True
2026-01-06 20:05:00+00:00,72.07684757359254,ADCS,1.0,0.7468357614826052,0.7698412698412697,HIGH,True,True
2026-01-06 20:10:00+00:00,72.04692185282981,ADCS,1.0,0.7281071790744804,0.7698412698412697,HIGH,True,True
2026-01-06 20:15:00+00:00,72.0666432063658,ADCS,1.0,0.7306091403576125,0.7698412698412697,HIGH,True,True
2026-01-06 20:20:00+00:00,72.18231179830266,ADCS,1.0,0.7655603589019325,0.7698412698412697,HIGH,True,True
2026-01-06 20:25:00+00:00,72.3854339462323,ADCS,1.0,0.8080083345283706,0.7658730158730158,HIGH,True,True
2026-01-06 20:30:00+00:00,72.5916339756781,ADCS,1.0,0.8453112209465543,0.7499999999999999,HIGH,True,True
2026-01-06 20:35:00+00:00,72.85718007783296,ADCS,1.0,0.8668635314889072,0.7499999999999999,HIGH,True,True
2026-01-06 20:40:00+00:00,73.36740363573166,ADCS,1.0,0.9077463241594821,0.7698412698412697,HIGH,True,True
2026-01-06 20:45:00+00:00,73.9185336468963,ADCS,1.0,0.9307108659860593,0.7698412698412697,HIGH,True,True
2026-01-06 20:50:00+00:00,74.51393621001253,ADCS,1.0,0.9702354975985199,0.7658730158730158,HIGH,True,True
2026-01-06 20:55:00+00:00,75.01530669391069,ADCS,1.0,0.9788646140379103,0.7658730158730158,HIGH,True,True
2026-01-06 21:00:00+00:00,74.62208508351394,ADCS,1.0,0.7343082510841515,0.7658730158730158,HIGH,True,True
2026-01-06 21:05:00+00:00,74.7670711755358,ADCS,1.0,0.8869658588039145,0.7658730158730158,HIGH,True,True
2026-01-06 21:10:00+00:00,73.22491162048041,ADCS,0.8571428571428571,0.8962074240934745,0.7658730158730158,HIGH,True,True
2026-01-06 21:15:00+00:00,73.90049622587752,ADCS,1.0,0.9741794149718033,0.7857142857142856,HIGH,True,True
2026-01-06 21:20:00+00:00,74.25796289990076,ADCS,1.0,0.9141432663292315,0.7857142857142856,HIGH,True,True
2026-01-06 21:25:00+00:00,74.8446066143642,ADCS,1.0,0.97399301963101,0.8055555555555554,HIGH,True,True
2026-01-06 21:30:00+00:00,75.41760455497334,ADCS,1.0,1.0,0.8055555555555554,HIGH,True,True
2026-01-06 21:35:00+00:00,75.97510671011803,ADCS,1.0,1.0,0.8253968253968254,HIGH,True,True
2026-01-06 21:40:00+00:00,76.4524691394677,ADCS,1.0,1.0,0.8253968253968254,HIGH,True,True
2026-01-06 21:45:00+00:00,76.8284378409226,ADCS,1.0,1.0,0.8253968253968254,HIGH,True,True
2026-01-06 21:50:00+00:00,77.04512148912353,ADCS,1.0,0.9750821921224758,0.8253968253968254,HIGH,True,True
2026-01-06 21:55:00+00:00,77.36589726723977,ADCS,1.0,1.0,0.8253968253968254,HIGH,True,True
2026-01-06 22:00:00+00:00,77.58614007251882,ADCS,1.0,1.0,0.8253968253968254,HIGH,True,True
2026-01-06 22:05:00+00:00,77.73670870576812,ADCS,1.0,1.0,0.8253968253968254,HIGH,True,True
2026-01-06 22:10:00+00:00,77.87547591542844,ADCS,1.0,1.0,0.8253968253968254,HIGH,True,True
2026-01-06 22:15:00+00:00,77.9979394963153,ADCS,1.0,1.0,0.8253968253968254,HIGH,True,True
2026-01-06 22:20:00+00:00,77.8954128346966,ADCS,1.0,0.912507745168825,0.8452380952380951,HIGH,True,True
2026-01-06 22:25:00+00:00,78.09827880097994,ADCS,1.0,1.0,0.8452380952380951,HIGH,True,True
2026-01-06 22:30:00+00:00,78.16367152014777,ADCS,1.0,1.0,0.8253968253968254,HIGH,True,True
2026-01-06 22:35:00+00:00,78.30751697275582,ADCS,1.0,1.0,0.8452380952380951,HIGH,True,True
2026-01-06 22:40:00+00:00,78.42458545690413,ADCS,1.0,1.0,0.8452380952380951,HIGH,True,True
2026-01-06 22:45:00+00:00,78.53240076296338,ADCS,1.0,1.0,0.8452380952380951,HIGH,True,True
2026-01-06 22:50:00+00:00,78.72656930967321,ADCS,1.0,1.0,0.8650793650793651,HIGH,True,True
2026-01-06 22:55:00+00:00,78.89431203968581,ADCS,1.0,1.0,0.8650793650793651,HIGH,True,True
2026-01-06 23:00:00+00:00,79.04640281112891,ADCS,1.0,1.0,0.8650793650793651,HIGH,True,True
2026-01-06 23:05:00+00:00,79.19221441413468,ADCS,1.0,1.0,0.8650793650793651,HIGH,True,True
2026-01-06 23:10:00+00:00,75.79488017800234,ADCS,0.7142857142857143,1.0,0.8650793650793651,HIGH,True,True
2026-01-06 23:15:00+00:00,76.45943741281708,ADCS,1.0,1.0,0.8650793650793651,HIGH,True,True
2026-01-06 23:20:00+00:00,76.83940886021182,ADCS,1.0,0.9382069028971977,0.8650793650793651,HIGH,True,True
2026-01-06 23:25:00+00:00,77.14971641263483,ADCS,1.0,0.91807002810339,0.8650793650793651,HIGH,True,True
2026-01-06 23:30:00+00:00,77.26174270761696,ADCS,1.0,0.8788924317813808,0.8650793650793651,HIGH,True,True
2026-01-06 23:35:00+00:00,77.02250405764053,ADCS,1.0,0.7770489875035269,0.8650793650793651,HIGH,True,True
2026-01-06 23:40:00+00:00,77.0396362757238,ADCS,1.0,0.8498140091438432,0.8650793650793651,HIGH,True,True
2026-01-06 23:45:00+00:00,76.71729367260235,ADCS,1.0,0.7753341831518131,0.8452380952380951,HIGH,True,True
2026-01-06 23:50:00+00:00,76.32589346389345,ADCS,1.0,0.7445760580629202,0.8452380952380951,HIGH,True,True
2026-01-06 23:55:00+00:00,76.01713967019603,ADCS,1.0,0.7537996784122365,0.8452380952380951,HIGH,True,True
2026-01-07 00:00:00+00:00,75.59183788697462,ADCS,1.0,0.7089923348963049,0.8452380952380951,HIGH,True,True
2026-01-07 00:05:00+00:00,75.65370612456879,ADCS,1.0,0.8013472532082778,0.8650793650793651,HIGH,True,True
2026-01-07 00:10:00+00:00,74.83949300732064,ADCS,1.0,0.5761778665095312,0.8452380952380951,HIGH,True,True
2026-01-07 00:15:00+00:00,74.73245187629716,ADCS,1.0,0.7495923866895576,0.8452380952380951,HIGH,True,True
2026-01-07 00:20:00+00:00,74.49552077042016,ADCS,1.0,0.6991885130970923,0.8452380952380951,HIGH,True,True
2026-01-07 00:25:00+00:00,74.44223912474595,ADCS,1.0,0.7217183304584747,0.8650793650793651,HIGH,True,True
2026-01-07 00:30:00+00:00,73.99600249113584,ADCS,1.0,0.630749945898196,0.8452380952380951,HIGH,True,True
2026-01-07 00:35:00+00:00,74.40822764662195,ADCS,1.0,0.8657171579820505,0.8452380952380951,HIGH,True,True
2026-01-07 00:40:00+00:00,74.17418898065543,ADCS,1.0,0.7218698745877635,0.8253968253968254,HIGH,True,True
2026-01-07 00:45:00+00:00,74.40506991322742,ADCS,1.0,0.8185102262410909,0.8452380952380951,HIGH,True,True
2026-01-07 00:50:00+00:00,74.43691578023636,ADCS,1.0,0.7724294114840785,0.8452380952380951,HIGH,True,True
2026-01-07 00:55:00+00:00,74.65076219905136,ADCS,1.0,0.8175140810034127,0.8452380952380951,HIGH,True,True
2026-01-07 01:00:00+00:00,74.95661636453409,ADCS,1.0,0.8647703734487852,0.8452380952380951,HIGH,True,True
2026-01-07 01:05:00+00:00,75.39296872233025,ADCS,1.0,0.9437901900040855,0.8253968253968254,HIGH,True,True
2026-01-07 01:10:00+00:00,73.49028464110155,ADCS,0.8571428571428571,0.7471468440620984,0.8253968253968254,HIGH,True,True
2026-01-07 01:15:00+00:00,74.18181159066631,ADCS,1.0,0.9734033865594846,0.8055555555555554,HIGH,True,True
2026-01-07 01:20:00+00:00,74.81762026504232,ADCS,1.0,0.9934681098067917,0.804498389186471,HIGH,True,True
2026-01-07 01:25:00+00:00,74.9121245886686,ADCS,1.0,0.8933847458837296,0.7857142857142856,HIGH,True,True
2026-01-07 01:30:00+00:00,74.64254955205377,ADCS,1.0,0.7880074432009553,0.7857142857142856,HIGH,True,True
2026-01-07 01:35:00+00:00,73.94627445012985,ADCS,1.0,0.6297676876753183,0.8055555555555554,HIGH,True,True
2026-01-07 01:40:00+00:00,74.1727027617979,ADCS,1.0,0.8452442641805208,0.8253968253968254,HIGH,True,True
2026-01-07 01:45:00+00:00,74.45829348827846,ADCS,1.0,0.8423760108319533,0.8452380952380951,HIGH,True,True
2026-01-07 01:50:00+00:00,75.01435354238897,ADCS,1.0,0.9316593982713967,0.8452380952380951,HIGH,True,True
2026-01-07 01:55:00+00:00,75.26931216116935,ADCS,1.0,0.8697259559329998,0.8452380952380951,HIGH,True,True
2026-01-07 02:00:00+00:00,75.31763365480832,ADCS,1.0,0.8497331070418949,0.8293650793650791,HIGH,True,True
2026-01-07 02:05:00+00:00,75.40224242796455,ADCS,1.0,0.8671691019307332,0.8293650793650791,HIGH,True,True
2026-01-07 02:10:00+00:00,75.30250066030968,ADCS,1.0,0.8150731866007226,0.8293650793650791,HIGH,True,True
2026-01-07 02:15:00+00:00,75.51218806853804,ADCS,1.0,0.8985210631772214,0.8293650793650791,HIGH,True,True
2026-01-07 02:20:00+00:00,75.62169111851065,ADCS,1.0,0.8804149940460134,0.8293650793650791,HIGH,True,True
2026-01-07 02:25:00+00:00,75.80310940137497,ADCS,1.0,0.8675586737821521,0.8492063492063491,HIGH,True,True
2026-01-07 02:30:00+00:00,76.05739596002196,ADCS,1.0,0.8792970210408969,0.8650793650793651,HIGH,True,True
2026-01-07 02:35:00+00:00,75.9987677368787,ADCS,1.0,0.7980658156882989,0.8650793650793651,HIGH,True,True
2026-01-07 02:40:00+00:00,75.70866581254164,ADCS,1.0,0.7216489864704352,0.8650793650793651,HIGH,True,True
2026-01-07 02:45:00+00:00,75.90129110478881,ADCS,1.0,0.841723648879839,0.8650793650793651,HIGH,True,True
2026-01-07 02:50:00+00:00,75.9161949447549,ADCS,1.0,0.7614201200682826,0.8849206349206349,HIGH,True,True
2026-01-07 02:55:00+00:00,76.28574376981783,ADCS,1.0,0.8560315451167355,0.8849206349206349,HIGH,True,True
2026-01-07 03:00:00+00:00,76.56135517942069,ADCS,1.0,0.8264670303288345,0.8849206349206349,HIGH,True,True
2026-01-07 03:05:00+00:00,77.13140617056658,ADCS,1.0,0.9518147617290369,0.8690476190476188,HIGH,True,True
2026-01-07 03:10:00+00:00,75.50832992195794,ADCS,0.8571428571428571,0.8404746326354331,0.8690476190476188,HIGH,True,True
2026-01-07 03:15:00+00:00,76.35015648175848,ADCS,1.0,0.9809639175822278,0.8690476190476188,HIGH,True,True
2026-01-07 03:20:00+00:00,77.01047071881982,ADCS,1.0,0.9999490497416523,0.8492063492063491,HIGH,True,True
2026-01-07 03:25:00+00:00,77.24894499538745,ADCS,1.0,0.9345431870240865,0.8293650793650793,HIGH,True,True
2026-01-07 03:30:00+00:00,77.44020414957785,ADCS,1.0,0.9256329751601556,0.8293650793650793,HIGH,True,True
2026-01-07 03:35:00+00:00,77.80849228085256,ADCS,1.0,1.0,0.8293650793650793,HIGH,True,True
2026-01-07 03:40:00+00:00,77.85025467639787,ADCS,1.0,0.9312568743872807,0.8293650793650793,HIGH,True,True
2026-01-07 03:45:00+00:00,78.24248126546597,ADCS,1.0,1.0,0.8492063492063491,HIGH,True,True
2026-01-07 03:50:00+00:00,78.40062697422168,ADCS,1.0,0.9970978419827271,0.8293650793650791,HIGH,True,True
2026-01-07 03:55:00+00:00,78.12550276214479,ADCS,1.0,0.8530928910981089,0.8492063492063491,HIGH,True,True
2026-01-07 04:00:00+00:00,78.12788891044609,ADCS,1.0,0.9322698069984902,0.8492063492063491,HIGH,True,True
2026-01-07 04:05:00+00:00,77.58175260105651,ADCS,1.0,0.7617929416212756,0.8492063492063491,HIGH,True,True
2026-01-07 04:10:00+00:00,77.31761609182169,ADCS,1.0,0.8384576407048469,0.8452380952380951,HIGH,True,True
2026-01-07 04:15:00+00:00,77.18304431433515,ADCS,1.0,0.8620325747676992,0.8452380952380951,HIGH,True,True
2026-01-07 04:20:00+00:00,76.54184727301161,ADCS,1.0,0.7427513753079656,0.8253968253968254,HIGH,True,True
2026-01-07 04:25:00+00:00,76.65053900424438,ADCS,1.0,0.922457994450473,0.8253968253968254,HIGH,True,True
2026-01-07 04:30:00+00:00,76.45498114860796,ADCS,1.0,0.8132655858149755,0.8452380952380951,HIGH,True,True
2026-01-07 04:35:00+00:00,76.65984156026286,ADCS,1.0,0.9548165253587105,0.8293650793650791,HIGH,True,True
2026-01-07 04:40:00+00:00,76.0900009765699,ADCS,1.0,0.7405608736372897,0.8293650793650791,HIGH,True,True
2026-01-07 04:45:00+00:00,76.55777971084815,ADCS,1.0,1.0,0.8293650793650791,HIGH,True,True
2026-01-07 04:50:00+00:00,76.76337113457848,ADCS,1.0,0.936034307466484,0.8293650793650791,HIGH,True,True
2026-01-07 04:55:00+00:00,77.02008456830303,ADCS,1.0,0.9672046526488445,0.8269227287275362,HIGH,True,True
2026-01-07 05:00:00+00:00,77.0799626890176,ADCS,1.0,0.9347549325776989,0.8095238095238093,HIGH,True,True
2026-01-07 05:05:00+00:00,76.64349118290241,ADCS,1.0,0.7842427777763858,0.8095238095238093,HIGH,True,True
2026-01-07 05:10:00+00:00,75.00222490334315,ADCS,0.8571428571428571,0.9223715928587327,0.8095238095238093,HIGH,True,True
2026-01-07 05:15:00+00:00,74.90635741774712,ADCS,1.0,0.8175517683961614,0.8095238095238093,HIGH,True,True
2026-01-07 05:20:00+00:00,75.10659771021852,ADCS,1.0,0.8841489987305403,0.8095238095238093,HIGH,True,True
2026-01-07 05:25:00+00:00,75.3158508002304,ADCS,1.0,0.9175642032802623,0.8095238095238093,HIGH,True,True
2026-01-07 05:30:00+00:00,75.52775020962639,ADCS,1.0,0.8967084060080055,0.8293650793650793,HIGH,True,True
2026-01-07 05:35:00+00:00,76.05318784827621,ADCS,1.0,1.0,0.8293650793650793,HIGH,True,True
2026-01-07 05:40:00+00:00,76.15420145743812,ADCS,1.0,0.9240387843520527,0.8095238095238093,HIGH,True,True
2026-01-07 05:45:00+00:00,76.40484424216065,ADCS,1.0,0.9521025255776168,0.8293650793650793,HIGH,True,True
2026-01-07 05:50:00+00:00,76.73065199079903,ADCS,1.0,0.9713458597265651,0.8293650793650793,HIGH,True,True
2026-01-07 05:55:00+00:00,77.01671820302649,ADCS,1.0,0.9765121836067089,0.8293650793650793,HIGH,True,True
2026-01-07 06:00:00+00:00,77.24180454802111,ADCS,1.0,0.9260448590681079,0.8690476190476188,HIGH,True,True
2026-01-07 06:05:00+00:00,77.69934989612359,ADCS,1.0,1.0,0.8690476190476188,HIGH,True,True
2026-01-07 06:10:00+00:00,77.61487278273447,ADCS,1.0,0.8700320598970283,0.8690476190476188,HIGH,True,True
2026-01-07 06:15:00+00:00,77.33598112490584,ADCS,1.0,0.7757625438159736,0.8888888888888888,HIGH,True,True
2026-01-07 06:20:00+00:00,77.30279149082035,ADCS,1.0,0.8382197484019701,0.8888888888888888,HIGH,True,True
2026-01-07 06:25:00+00:00,77.0014304268132,ADCS,1.0,0.7606411823309748,0.8888888888888888,HIGH,True,True
2026-01-07 06:30:00+00:00,76.74906367225945,ADCS,1.0,0.7559763257030873,0.8888888888888888,HIGH,True,True
2026-01-07 06:35:00+00:00,76.14478259035246,ADCS,1.0,0.6411513027528536,0.8888888888888888,HIGH,True,True
2026-01-07 06:40:00+00:00,75.88969745268686,ADCS,1.0,0.7167013936523191,0.8888888888888888,HIGH,True,True
2026-01-07 06:45:00+00:00,75.48552013455347,ADCS,1.0,0.652513789348649,0.8888888888888888,HIGH,True,True
2026-01-07 06:50:00+00:00,75.50102757730986,ADCS,1.0,0.7914885850024987,0.8690476190476191,HIGH,True,True
2026-01-07 06:55:00+00:00,75.06827234880718,ADCS,1.0,0.6540429997477892,0.8690476190476191,HIGH,True,True
2026-01-07 07:00:00+00:00,74.66668793806528,ADCS,1.0,0.6379043374876412,0.8690476190476191,HIGH,True,True
2026-01-07 07:05:00+00:00,74.27709141945354,ADCS,1.0,0.6281435780328386,0.8690476190476191,HIGH,True,True
2026-01-07 07:10:00+00:00,70.89606591288943,ADCS,0.7142857142857143,0.705982590627425,0.8492063492063491,HIGH,True,True
2026-01-07 07:15:00+00:00,71.64552615829147,ADCS,1.0,0.7879535420757332,0.8690476190476191,HIGH,True,True
2026-01-07 07:20:00+00:00,72.79428431975245,ADCS,1.0,0.9011760744961277,0.8888888888888888,HIGH,True,True
2026-01-07 07:25:00+00:00,73.95111980571068,ADCS,1.0,0.9510350640471122,0.8888888888888888,HIGH,True,True
2026-01-07 07:30:00+00:00,74.84224925131468,ADCS,1.0,0.8675501991091819,0.9285714285714285,HIGH,True,True
2026-01-07 07:35:00+00:00,75.68446572631932,ADCS,1.0,0.9299812132673325,0.9087301587301586,HIGH,True,True
2026-01-07 07:40:00+00:00,76.69825714232687,ADCS,1.0,0.9960119391574759,0.9246031746031745,HIGH,True,True
2026-01-07 07:45:00+00:00,77.38543655921043,ADCS,1.0,0.9452900636512098,0.9246031746031745,HIGH,True,True
2026-01-07 07:50:00+00:00,77.48991006727529,ADCS,1.0,0.8366573292142756,0.9087301587301586,HIGH,True,True
2026-01-07 07:55:00+00:00,77.49445624841341,ADCS,1.0,0.8481699891728888,0.8888888888888888,HIGH,True,True
2026-01-07 08:00:00+00:00,77.52372637847539,ADCS,1.0,0.8483316050395121,0.8888888888888888,HIGH,True,True
2026-01-07 08:05:00+00:00,77.10206198193394,ADCS,1.0,0.7261109246299088,0.8888888888888888,HIGH,True,True
2026-01-07 08:10:00+00:00,76.82804846558027,ADCS,1.0,0.773487134011201,0.8690476190476188,HIGH,True,True
2026-01-07 08:15:00+00:00,76.19287539197047,ADCS,1.0,0.6546249243600256,0.8690476190476188,HIGH,True,True
2026-01-07 08:20:00+00:00,75.90820080865926,ADCS,1.0,0.7142716701028775,0.8690476190476188,HIGH,True,True
2026-01-07 08:25:00+00:00,75.96485708026275,ADCS,1.0,0.8095976130141108,0.8690476190476188,HIGH,True,True
2026-01-07 08:30:00+00:00,76.27662332959457,ADCS,1.0,0.879379358630662,0.8690476190476188,HIGH,True,True
2026-01-07 08:35:00+00:00,75.9836861203051,ADCS,1.0,0.7212949238790658,0.8690476190476188,HIGH,True,True
2026-01-07 08:40:00+00:00,75.92818626023178,ADCS,1.0,0.7714467563808668,0.8690476190476188,HIGH,True,True
2026-01-07 08:45:00+00:00,75.98505646372955,ADCS,1.0,0.8002749904995412,0.8690476190476188,HIGH,True,True
2026-01-07 08:50:00+00:00,76.32234095737914,ADCS,1.0,0.8896022320304543,0.8690476190476188,HIGH,True,True
2026-01-07 08:55:00+00:00,76.53966601532105,ADCS,1.0,0.8639314611529,0.8690476190476188,HIGH,True,True
2026-01-07 09:00:00+00:00,76.47485567591664,ADCS,1.0,0.7877895631880972,0.8690476190476188,HIGH,True,True
2026-01-07 09:05:00+00:00,76.52872462942396,ADCS,1.0,0.7985126950176338,0.8849206349206349,HIGH,True,True
2026-01-07 09:10:00+00:00,75.02206947621859,ADCS,0.8571428571428571,0.8467548350835771,0.8849206349206349,HIGH,True,True
2026-01-07 09:15:00+00:00,74.89878853197808,ADCS,1.0,0.7083410058712272,0.8650793650793651,HIGH,True,True
2026-01-07 09:20:00+00:00,74.81934517086609,ADCS,1.0,0.7164101200638415,0.8650793650793651,HIGH,True,True
2026-01-07 09:25:00+00:00,74.9336446612934,ADCS,1.0,0.7720543078142016,0.8650793650793651,HIGH,True,True
2026-01-07 09:30:00+00:00,74.87679341289282,ADCS,1.0,0.7206575212919476,0.8650793650793651,HIGH,True,True
2026-01-07 09:35:00+00:00,74.62179543868078,ADCS,1.0,0.6678138714449994,0.8650793650793651,HIGH,True,True
2026-01-07 09:40:00+00:00,74.76970472212629,ADCS,1.0,0.7724675051924318,0.8650793650793651,HIGH,True,True
2026-01-07 09:45:00+00:00,75.08092643500281,ADCS,1.0,0.8324174363781112,0.8650793650793651,HIGH,True,True
2026-01-07 09:50:00+00:00,75.56936090230931,ADCS,1.0,0.8671340278337294,0.8849206349206349,HIGH,True,True
2026-01-07 09:55:00+00:00,75.64000923990845,ADCS,1.0,0.7951791965008641,0.8650793650793651,HIGH,True,True
2026-01-07 10:00:00+00:00,75.55035839657023,ADCS,1.0,0.7564748573993617,0.8650793650793651,HIGH,True,True
2026-01-07 10:05:00+00:00,75.82860193433714,ADCS,1.0,0.8621279598474095,0.8650793650793651,HIGH,True,True
2026-01-07 10:10:00+00:00,75.81621188050526,ADCS,1.0,0.7472365738436061,0.8849206349206349,HIGH,True,True
2026-01-07 10:15:00+00:00,75.97512178471365,ADCS,1.0,0.8044413467897447,0.8849206349206349,HIGH,True,True
2026-01-07 10:20:00+00:00,76.53227772103513,ADCS,1.0,0.8994043147695885,0.9047619047619048,HIGH,True,True
2026-01-07 10:25:00+00:00,76.11962924429304,ADCS,1.0,0.6565463587473277,0.8849206349206349,HIGH,True,True
2026-01-07 10:30:00+00:00,76.3304112711289,ADCS,1.0,0.8212025037693562,0.8849206349206349,HIGH,True,True
2026-01-07 10:35:00+00:00,75.92540305617423,ADCS,1.0,0.6830335017887318,0.8650793650793651,HIGH,True,True
2026-01-07 10:40:00+00:00,75.89414579651,ADCS,1.0,0.7776069735625822,0.8650793650793651,HIGH,True,True
2026-01-07 10:45:00+00:00,75.64535191425185,ADCS,1.0,0.7113551031170733,0.8650793650793651,HIGH,True,True
2026-01-07 10:50:00+00:00,75.55716897687923,ADCS,1.0,0.7491805150232966,0.8650793650793651,HIGH,True,True
2026-01-07 10:55:00+00:00,75.28782340290998,ADCS,1.0,0.6931521691061084,0.8650793650793651,HIGH,True,True
2026-01-07 11:00:00+00:00,75.5094545142171,ADCS,1.0,0.8217487618254045,0.8650793650793651,HIGH,True,True
2026-01-07 11:05:00+00:00,75.38644611905794,ADCS,1.0,0.7317701531623737,0.8650793650793651,HIGH,True,True
2026-01-07 11:10:00+00:00,73.65773877948116,ADCS,0.8571428571428571,0.7311678212405214,0.8650793650793651,HIGH,True,True
2026-01-07 11:15:00+00:00,73.89860171741094,ADCS,1.0,0.7530212202741186,0.8650793650793651,HIGH,True,True
2026-01-07 11:20:00+00:00,73.93876491885163,ADCS,1.0,0.7383907044191182,0.8452380952380951,HIGH,True,True
2026-01-07 11:25:00+00:00,73.82929484517099,ADCS,1.0,0.6921957971995495,0.8452380952380951,HIGH,True,True
2026-01-07 11:30:00+00:00,73.93916420656578,ADCS,1.0,0.7861785761994359,0.8253968253968254,HIGH,True,True
2026-01-07 11:35:00+00:00,73.83547903569314,ADCS,1.0,0.7279297047394307,0.8253968253968254,HIGH,True,True
2026-01-07 11:40:00+00:00,74.07619577360119,ADCS,1.0,0.8002757472572961,0.8452380952380951,HIGH,True,True
2026-01-07 11:45:00+00:00,74.09239499635463,ADCS,1.0,0.7479251314851565,0.8452380952380951,HIGH,True,True
2026-01-07 11:50:00+00:00,74.69362615878555,ADCS,1.0,0.9259138875097609,0.8452380952380951,HIGH,True,True
2026-01-07 11:55:00+00:00,74.31847663605922,ADCS,1.0,0.6945133161459154,0.8253968253968254,HIGH,True,True
2026-01-07 12:00:00+00:00,74.71059938318368,ADCS,1.0,0.905794548711945,0.8253968253968254,HIGH,True,True
2026-01-07 12:05:00+00:00,74.98413926640409,ADCS,1.0,0.8864143403107295,0.8253968253968254,HIGH,True,True
2026-01-07 12:10:00+00:00,75.17596823493838,ADCS,1.0,0.8761458822963871,0.8253968253968254,HIGH,True,True
2026-01-07 12:15:00+00:00,75.21050785848212,ADCS,1.0,0.867316922689672,0.8055555555555554,HIGH,True,True
2026-01-07 12:20:00+00:00,75.20409153697685,ADCS,1.0,0.855443785129689,0.8055555555555554,HIGH,True,True
2026-01-07 12:25:00+00:00,75.56977656426028,ADCS,1.0,1.0,0.7857142857142856,HIGH,True,True
2026-01-07 12:30:00+00:00,75.89530601395691,ADCS,1.0,0.9687662602752453,0.8055555555555554,HIGH,True,True
2026-01-07 12:35:00+00:00,75.8303385670173,ADCS,1.0,0.8995006547402633,0.7857142857142856,HIGH,True,True
2026-01-07 12:40:00+00:00,76.13461043304255,ADCS,1.0,0.9838481909296127,0.8055555555555554,HIGH,True,True
2026-01-07 12:45:00+00:00,75.9788963964657,ADCS,1.0,0.856031246991855,0.8055555555555554,HIGH,True,True
2026-01-07 12:50:00+00:00,75.97301265628015,ADCS,1.0,0.8955866728890067,0.8055555555555554,HIGH,True,True
2026-01-07 12:55:00+00:00,75.86675848904315,ADCS,1.0,0.8637659925713381,0.8055555555555554,HIGH,True,True
2026-01-07 13:00:00+00:00,75.67678843292185,ADCS,1.0,0.8294386448844179,0.8055555555555554,HIGH,True,True
2026-01-07 13:05:00+00:00,75.47566755415296,ADCS,1.0,0.7977115607592751,0.8253968253968254,HIGH,True,True
2026-01-07 13:10:00+00:00,73.8432911482285,ADCS,0.8571428571428571,0.8342475346224061,0.8452380952380951,HIGH,True,True
2026-01-07 13:15:00+00:00,74.17704751402619,ADCS,1.0,0.8474813400093831,0.8452380952380951,HIGH,True,True
2026-01-07 13:20:00+00:00,74.12572600793473,ADCS,1.0,0.7455967686977913,0.8452380952380951,HIGH,True,True
2026-01-07 13:25:00+00:00,73.97194157043589,ADCS,1.0,0.7081221762975227,0.8452380952380951,HIGH,True,True
2026-01-07 13:30:00+00:00,73.49595305165897,ADCS,1.0,0.6057029517086727,0.8452380952380951,HIGH,True,True
2026-01-07 13:35:00+00:00,73.89840371182446,ADCS,1.0,0.8455588203358543,0.8452380952380951,HIGH,True,True
2026-01-07 13:40:00+00:00,74.03282458939795,ADCS,1.0,0.7887466142841386,0.8452380952380951,HIGH,True,True
2026-01-07 13:45:00+00:00,74.11627058588867,ADCS,1.0,0.7851288146475536,0.8253968253968254,HIGH,True,True
2026-01-07 13:50:00+00:00,73.93787327668159,ADCS,1.0,0.7266773045909072,0.8253968253968254,HIGH,True,True
2026-01-07 13:55:00+00:00,73.46544481617521,ADCS,1.0,0.659950687017483,0.8055555555555554,HIGH,True,True
2026-01-07 14:00:00+00:00,73.47548109600697,ADCS,1.0,0.7571735870524721,0.8253968253968254,HIGH,True,True
2026-01-07 14:05:00+00:00,73.71074985090674,ADCS,1.0,0.8330317891189537,0.8253968253968254,HIGH,True,True
2026-01-07 14:10:00+00:00,73.64158150095925,ADCS,1.0,0.715837049804736,0.8452380952380951,HIGH,True,True
2026-01-07 14:15:00+00:00,73.950092052456,ADCS,1.0,0.8452361326221517,0.8253968253968254,HIGH,True,True
2026-01-07 14:20:00+00:00,74.15531962232785,ADCS,1.0,0.823266247076237,0.8253968253968254,HIGH,True,True
2026-01-07 14:25:00+00:00,73.85034850337897,ADCS,1.0,0.6885126428990096,0.8253968253968254,HIGH,True,True
2026-01-07 14:30:00+00:00,74.00954191883345,ADCS,1.0,0.8167789056642354,0.8253968253968254,HIGH,True,True
2026-01-07 14:35:00+00:00,74.1601024093156,ADCS,1.0,0.8476937429835428,0.8055555555555554,HIGH,True,True
2026-01-07 14:40:00+00:00,74.17342267554648,ADCS,1.0,0.8158414012361744,0.8055555555555554,HIGH,True,True
2026-01-07 14:45:00+00:00,74.26597756567877,ADCS,1.0,0.8336306130668153,0.8055555555555554,HIGH,True,True
2026-01-07 14:50:00+00:00,74.2971790706911,ADCS,1.0,0.8270655625044468,0.8055555555555554,HIGH,True,True
2026-01-07 14:55:00+00:00,74.59863123401882,ADCS,1.0,0.9033093030919909,0.8055555555555554,HIGH,True,True
2026-01-07 15:00:00+00:00,74.40745754419507,ADCS,1.0,0.7952284960348786,0.7857142857142856,HIGH,True,True
2026-01-07 15:05:00+00:00,74.87382673433336,ADCS,1.0,0.9864225086608881,0.7870707366607119,HIGH,True,True
2026-01-07 15:10:00+00:00,71.3596044744024,ADCS,0.7142857142857143,0.7824338623882188,0.7857142857142856,HIGH,True,True
2026-01-07 15:15:00+00:00,71.52884034126937,ADCS,1.0,0.7378141918029513,0.8055555555555554,HIGH,True,True
2026-01-07 15:20:00+00:00,72.18766933727699,ADCS,1.0,0.8817848003092322,0.8055555555555554,HIGH,True,True
2026-01-07 15:25:00+00:00,72.60456791485302,ADCS,1.0,0.8271176181740869,0.8176184519547152,HIGH,True,True
2026-01-07 15:30:00+00:00,73.50110739396919,ADCS,1.0,0.9766929104522418,0.8253968253968254,HIGH,True,True
2026-01-07 15:35:00+00:00,73.76153506582011,ADCS,1.0,0.7962324494125513,0.8452380952380951,HIGH,True,True
2026-01-07 15:40:00+00:00,74.19619674494126,ADCS,1.0,0.8703504110088258,0.8411247551014053,HIGH,True,True
2026-01-07 15:45:00+00:00,74.20023860089191,ADCS,1.0,0.8142527421318213,0.8055555555555554,HIGH,True,True
2026-01-07 15:50:00+00:00,73.71851245718345,ADCS,1.0,0.6608191920188969,0.8098034409476706,HIGH,True,True
2026-01-07 15:55:00+00:00,73.3207180441145,ADCS,1.0,0.6895942972135801,0.7857142857142856,HIGH,True,True
2026-01-07 16:00:00+00:00,72.80446238313725,ADCS,1.0,0.6222714277778532,0.803312215561669,HIGH,True,True
2026-01-07 16:05:00+00:00,72.86227534791486,ADCS,1.0,0.7682951780305107,0.8036201574005393,HIGH,True,True
2026-01-07 16:10:00+00:00,72.9375540343068,ADCS,1.0,0.7678055016547215,0.8055555555555554,HIGH,True,True
2026-01-07 16:15:00+00:00,73.00252187068271,ADCS,1.0,0.776193823206166,0.8055555555555554,HIGH,True,True
2026-01-07 16:20:00+00:00,73.07469052915374,ADCS,1.0,0.7463406619920139,0.8253968253968254,HIGH,True,True
2026-01-07 16:25:00+00:00,73.61274386667075,ADCS,1.0,0.8826433989915781,0.8253968253968254,HIGH,True,True
2026-01-07 16:30:00+00:00,73.77569930115725,ADCS,1.0,0.8305300276751397,0.8055555555555554,HIGH,True,True
2026-01-07 16:35:00+00:00,74.03207767057692,ADCS,1.0,0.8334594538981897,0.8253968253968254,HIGH,True,True
2026-01-07 16:40:00+00:00,73.96051294028828,ADCS,1.0,0.7235802281546427,0.8452380952380951,HIGH,True,True
2026-01-07 16:45:00+00:00,74.08095267755051,ADCS,1.0,0.7496298721825068,0.8650793650793651,HIGH,True,True
2026-01-07 16:50:00+00:00,74.33377906834541,ADCS,1.0,0.7894539925323097,0.8650793650793651,HIGH,True,True
2026-01-07 16:55:00+00:00,74.95961542117763,ADCS,1.0,0.9166800270231542,0.8650793650793651,HIGH,True,True
2026-01-07 17:00:00+00:00,74.91460205433116,ADCS,1.0,0.7704247685612343,0.8452380952380951,HIGH,True,True
2026-01-07 17:05:00+00:00,75.35977398175568,ADCS,1.0,0.8851378004676912,0.8625029590265083,HIGH,True,True
2026-01-07 17:10:00+00:00,73.92778784297157,ADCS,0.8571428571428571,0.8577339452284276,0.8589753418411312,HIGH,True,True
2026-01-07 17:15:00+00:00,74.44225704078029,ADCS,1.0,0.8562686251004025,0.8650793650793651,HIGH,True,True
2026-01-07 17:20:00+00:00,74.75237822674276,ADCS,1.0,0.7913488802027933,0.8849206349206349,HIGH,True,True
2026-01-07 17:25:00+00:00,74.93933106446575,ADCS,1.0,0.8152127260254599,0.8429759181927667,HIGH,True,True
2026-01-07 17:30:00+00:00,74.97426401677835,ADCS,1.0,0.7747033790451987,0.8471114464264102,HIGH,True,True
2026-01-07 17:35:00+00:00,75.54623707682413,ADCS,1.0,0.9275782076258523,0.8457824301617061,HIGH,True,True
2026-01-07 17:40:00+00:00,76.28234347837434,ADCS,1.0,1.0,0.8491042877805626,HIGH,True,True
2026-01-07 17:45:00+00:00,76.08476542073153,ADCS,1.0,0.7575423816139668,0.8520900535981659,HIGH,True,True
2026-01-07 17:50:00+00:00,75.69741535830384,ADCS,1.0,0.7089155852796535,0.8553045861121281,HIGH,True,True
2026-01-07 17:55:00+00:00,75.43705845411561,ADCS,1.0,0.7588676324503945,0.8340399040164899,HIGH,True,True
2026-01-07 18:00:00+00:00,75.09713376345381,ADCS,1.0,0.7150229784462673,0.8468506669555937,HIGH,True,True
2026-01-07 18:05:00+00:00,75.00433902495688,ADCS,1.0,0.8313267228579679,0.8097793077674726,HIGH,True,True
2026-01-07 18:10:00+00:00,74.91903086511796,ADCS,1.0,0.8283047071963798,0.8085709642377927,HIGH,True,True
2026-01-07 18:15:00+00:00,75.0859412842528,ADCS,1.0,0.8722667902321729,0.8253968253968254,HIGH,True,True
2026-01-07 18:20:00+00:00,74.90017545002226,ADCS,1.0,0.7742481422570066,0.8253968253968254,HIGH,True,True
2026-01-07 18:25:00+00:00,75.59631254488019,ADCS,1.0,1.0,0.8452380952380951,HIGH,True,True
2026-01-07 18:30:00+00:00,75.46450040621711,ADCS,1.0,0.7652805686318765,0.8452380952380951,HIGH,True,True
2026-01-07 18:35:00+00:00,75.9973022288124,ADCS,1.0,0.940905543558925,0.8650793650793651,HIGH,True,True
2026-01-07 18:40:00+00:00,75.66632437728606,ADCS,1.0,0.7068485731185173,0.8650793650793651,HIGH,True,True
2026-01-07 18:45:00+00:00,75.97912841090455,ADCS,1.0,0.8798081528367631,0.8650793650793651,HIGH,True,True
2026-01-07 18:50:00+00:00,75.4839273678875,ADCS,1.0,0.6541910241473246,0.8650793650793651,HIGH,True,True
2026-01-07 18:55:00+00:00,75.81915442126059,ADCS,1.0,0.9086451063872562,0.8452380952380951,HIGH,True,True
2026-01-07 19:00:00+00:00,76.08879318892204,ADCS,1.0,0.9021378732106683,0.8452380952380951,HIGH,True,True
2026-01-07 19:05:00+00:00,76.25940045055147,ADCS,1.0,0.8847061428119435,0.8452380952380951,HIGH,True,True
2026-01-07 19:10:00+00:00,74.4980283143142,ADCS,0.8571428571428571,0.8474885456390754,0.8253968253968254,HIGH,True,True
2026-01-07 19:15:00+00:00,74.8653946193361,ADCS,1.0,0.9062277708363233,0.8253968253968254,HIGH,True,True
2026-01-07 19:20:00+00:00,75.32200707628961,ADCS,1.0,0.9458705095663789,0.8253968253968254,HIGH,True,True
2026-01-07 19:25:00+00:00,75.40276246376563,ADCS,1.0,0.8899122422714705,0.8055555555555554,HIGH,True,True
2026-01-07 19:30:00+00:00,75.66785067162417,ADCS,1.0,0.9471287117226329,0.8055555555555554,HIGH,True,True
2026-01-07 19:35:00+00:00,75.72798198553689,ADCS,1.0,0.8730353756865586,0.8253968253968254,HIGH,True,True
2026-01-07 19:40:00+00:00,75.46016260504645,ADCS,1.0,0.7776340449975307,0.8253968253968254,HIGH,True,True
2026-01-07 19:45:00+00:00,75.45386883289183,ADCS,1.0,0.8052205348472362,0.8452380952380951,HIGH,True,True
2026-01-07 19:50:00+00:00,75.57672882353563,ADCS,1.0,0.8768854350623208,0.8253968253968254,HIGH,True,True
2026-01-07 19:55:00+00:00,75.60522743095618,ADCS,1.0,0.823764628701797,0.8452380952380951,HIGH,True,True
2026-01-07 20:00:00+00:00,75.75952297076121,ADCS,1.0,0.887809005887914,0.8253968253968254,HIGH,True,True
2026-01-07 20:05:00+00:00,76.01548169339883,ADCS,1.0,0.9270103435498331,0.8253968253968254,HIGH,True,True
2026-01-07 20:10:00+00:00,76.02104832641518,ADCS,1.0,0.8565544551071765,0.8253968253968254,HIGH,True,True
2026-01-07 20:15:00+00:00,76.08504030883225,ADCS,1.0,0.8469875041802356,0.8452380952380951,HIGH,True,True
2026-01-07 20:20:00+00:00,76.23903369056981,ADCS,1.0,0.8717271709398338,0.8452380952380951,HIGH,True,True
2026-01-07 20:25:00+00:00,76.27237248585459,ADCS,1.0,0.846369312471047,0.8452380952380951,HIGH,True,True
2026-01-07 20:30:00+00:00,76.14475192536702,ADCS,1.0,0.7912271461381704,0.8452380952380951,HIGH,True,True
2026-01-07 20:35:00+00:00,76.0534087110776,ADCS,1.0,0.8379961354455315,0.8253968253968254,HIGH,True,True
2026-01-07 20:40:00+00:00,76.12467448550333,ADCS,1.0,0.887308642216353,0.8253968253968254,HIGH,True,True
2026-01-07 20:45:00+00:00,75.71559886631906,ADCS,1.0,0.7355126189136941,0.8253968253968254,HIGH,True,True
2026-01-07 20:50:00+00:00,75.57597681608054,ADCS,1.0,0.797848091199314,0.8253968253968254,HIGH,True,True
2026-01-07 20:55:00+00:00,75.53970526030992,ADCS,1.0,0.8278870412026611,0.8253968253968254,HIGH,True,True
2026-01-07 21:00:00+00:00,75.74052767151933,ADCS,1.0,0.8628237402890473,0.8452380952380951,HIGH,True,True
2026-01-07 21:05:00+00:00,75.61716956395247,ADCS,1.0,0.7878758357878878,0.8452380952380951,HIGH,True,True
2026-01-07 21:10:00+00:00,73.8641213790206,ADCS,0.8571428571428571,0.7834867789228125,0.8452380952380951,HIGH,True,True
2026-01-07 21:15:00+00:00,74.13042280054228,ADCS,1.0,0.8134358903185926,0.8452380952380951,HIGH,True,True
2026-01-07 21:20:00+00:00,74.49485806473498,ADCS,1.0,0.8497056994018906,0.8452380952380951,HIGH,True,True
2026-01-07 21:25:00+00:00,75.15057955102202,ADCS,1.0,0.9261279450563566,0.8650793650793651,HIGH,True,True
2026-01-07 21:30:00+00:00,75.28918398578882,ADCS,1.0,0.7963608595822614,0.8650793650793651,HIGH,True,True
2026-01-07 21:35:00+00:00,75.2417913218422,ADCS,1.0,0.7523568993163393,0.8650793650793651,HIGH,True,True
2026-01-07 21:40:00+00:00,76.03525437398602,ADCS,1.0,1.0,0.8650793650793651,HIGH,True,True
2026-01-07 21:45:00+00:00,76.64571072360037,ADCS,1.0,0.9814370955032619,0.8650793650793651,HIGH,True,True
2026-01-07 21:50:00+00:00,76.99620754460157,ADCS,1.0,0.9011876610728001,0.8849206349206349,HIGH,True,True
2026-01-07 21:55:00+00:00,77.06375463008861,ADCS,1.0,0.8018537694786534,0.9047619047619048,HIGH,True,True
2026-01-07 22:00:00+00:00,77.4339750089247,ADCS,1.0,0.8935993086305891,0.9047619047619048,HIGH,True,True
2026-01-07 22:05:00+00:00,76.91871544690574,ADCS,1.0,0.6765682406387152,0.8849206349206349,HIGH,True,True
2026-01-07 22:10:00+00:00,77.46148715617883,ADCS,1.0,0.932246446813798,0.9047619047619048,HIGH,True,True
2026-01-07 22:15:00+00:00,77.960113570489,ADCS,1.0,0.9490703744680774,0.9047619047619048,HIGH,True,True
2026-01-07 22:20:00+00:00,78.00098815845378,ADCS,1.0,0.7983157048654358,0.9246031746031745,HIGH,True,True
2026-01-07 22:25:00+00:00,77.96048492365416,ADCS,1.0,0.7762446812553886,0.9246031746031745,HIGH,True,True
2026-01-07 22:30:00+00:00,77.92671148096896,ADCS,1.0,0.7755928528537263,0.9246031746031745,HIGH,True,True
2026-01-07 22:35:00+00:00,78.65114939598058,ADCS,1.0,0.9755691312864635,0.9444444444444444,HIGH,True,True
2026-01-07 22:40:00+00:00,78.12195257910916,ADCS,1.0,0.6636244254322426,0.9246031746031745,HIGH,True,True
2026-01-07 22:45:00+00:00,78.48238876764871,ADCS,1.0,0.9359086429732053,0.9047619047619048,HIGH,True,True
2026-01-07 22:50:00+00:00,78.73737792838392,ADCS,1.0,0.9253761137248204,0.9047619047619048,HIGH,True,True
2026-01-07 22:55:00+00:00,79.15349973984694,ADCS,1.0,0.9806716995028533,0.9047619047619048,HIGH,True,True
2026-01-07 23:00:00+00:00,79.21519155634199,ADCS,1.0,0.8867315592925344,0.9047619047619048,HIGH,True,True
2026-01-07 23:05:00+00:00,79.54399542725402,ADCS,1.0,0.97266531976182,0.9047619047619048,HIGH,True,True
2026-01-07 23:10:00+00:00,75.9880402284855,ADCS,0.7142857142857143,0.8670453633324721,0.9047619047619048,HIGH,True,True
2026-01-07 23:15:00+00:00,76.32548296574258,ADCS,1.0,0.8298796914189557,0.9047619047619048,HIGH,True,True
2026-01-07 23:20:00+00:00,77.07181499573485,ADCS,1.0,0.9859862345337695,0.8849206349206349,HIGH,True,True
2026-01-07 23:25:00+00:00,77.1267464023847,ADCS,1.0,0.8550677027585871,0.8650793650793651,HIGH,True,True
2026-01-07 23:30:00+00:00,77.46219255699944,ADCS,1.0,0.9002534817387616,0.8849206349206349,HIGH,True,True
2026-01-07 23:35:00+00:00,77.84911138343065,ADCS,1.0,0.9094465140353394,0.9047619047619048,HIGH,True,True
2026-01-07 23:40:00+00:00,78.12983508181989,ADCS,1.0,0.9297714129560151,0.8849206349206349,HIGH,True,True
2026-01-07 23:45:00+00:00,78.08158601101287,ADCS,1.0,0.84669310563352,0.8849206349206349,HIGH,True,True
2026-01-07 23:50:00+00:00,78.02236557755323,ADCS,1.0,0.8768709723694305,0.8650793650793651,HIGH,True,True
2026-01-07 23:55:00+00:00,78.16256451233696,ADCS,1.0,0.9359152926432855,0.8650793650793651,HIGH,True,True
2026-01-08 00:00:00+00:00,77.87625468253376,ADCS,1.0,0.8113925538155016,0.8650793650793651,HIGH,True,True
2026-01-08 00:05:00+00:00,77.79904199784175,ADCS,1.0,0.8717868739184111,0.8650793650793651,HIGH,True,True
2026-01-08 00:10:00+00:00,77.56396102359497,ADCS,1.0,0.8124438626172943,0.8650793650793651,HIGH,True,True
2026-01-08 00:15:00+00:00,77.45638042459443,ADCS,1.0,0.8353243706378859,0.8650793650793651,HIGH,True,True
2026-01-08 00:20:00+00:00,77.21679389322124,ADCS,1.0,0.8168210518962594,0.8452380952380951,HIGH,True,True
2026-01-08 00:25:00+00:00,77.09072857706408,ADCS,1.0,0.8583928585499481,0.8253968253968254,HIGH,True,True
2026-01-08 00:30:00+00:00,76.87988933209166,ADCS,1.0,0.8497264945801519,0.8253968253968254,HIGH,True,True
2026-01-08 00:35:00+00:00,76.7416760781099,ADCS,1.0,0.8587572362978154,0.8253968253968254,HIGH,True,True
2026-01-08 00:40:00+00:00,76.68234074773025,ADCS,1.0,0.8769912048580446,0.8253968253968254,HIGH,True,True
2026-01-08 00:45:00+00:00,76.77207148669787,ADCS,1.0,0.9182966195818512,0.8253968253968254,HIGH,True,True
2026-01-08 00:50:00+00:00,76.3747441490047,ADCS,1.0,0.7788190371838226,0.8253968253968254,HIGH,True,True
2026-01-08 00:55:00+00:00,76.01682724118761,ADCS,1.0,0.7673959949926585,0.8253968253968254,HIGH,True,True
2026-01-08 01:00:00+00:00,75.89493794512313,ADCS,1.0,0.8267373927250817,0.8253968253968254,HIGH,True,True
2026-01-08 01:05:00+00:00,75.70609460815346,ADCS,1.0,0.7992672593268716,0.8253968253968254,HIGH,True,True
2026-01-08 01:10:00+00:00,73.94449517350306,ADCS,0.8571428571428571,0.7858395847281362,0.8452380952380951,HIGH,True,True
2026-01-08 01:15:00+00:00,74.18743814490641,ADCS,1.0,0.8135021746086232,0.8452380952380951,HIGH,True,True
2026-01-08 01:20:00+00:00,74.79645810597832,ADCS,1.0,0.9255766865159043,0.8452380952380951,HIGH,True,True
2026-01-08 01:25:00+00:00,75.22108962183705,ADCS,1.0,0.8767869770523471,0.8650793650793651,HIGH,True,True
2026-01-08 01:30:00+00:00,75.75982111241083,ADCS,1.0,0.9326740636736547,0.8650793650793651,HIGH,True,True
2026-01-08 01:35:00+00:00,76.44881229175745,ADCS,1.0,1.0,0.8650793650793651,HIGH,True,True
2026-01-08 01:40:00+00:00,76.71080290046308,ADCS,1.0,0.9093430956565405,0.8650793650793651,HIGH,True,True
2026-01-08 01:45:00+00:00,76.76730353427152,ADCS,1.0,0.8535937582729206,0.8650793650793651,HIGH,True,True
2026-01-08 01:50:00+00:00,77.03350466380951,ADCS,1.0,0.8886600269676511,0.8849206349206349,HIGH,True,True
2026-01-08 01:55:00+00:00,77.2185184500413,ADCS,1.0,0.876200313990478,0.8849206349206349,HIGH,True,True
2026-01-08 02:00:00+00:00,77.22614240437048,ADCS,1.0,0.797041888799854,0.9047619047619048,HIGH,True,True
2026-01-08 02:05:00+00:00,77.47626474954806,ADCS,1.0,0.8648863890934864,0.9047619047619048,HIGH,True,True
2026-01-08 02:10:00+00:00,77.85780145214055,ADCS,1.0,0.9132071202261376,0.9047619047619048,HIGH,True,True
2026-01-08 02:15:00+00:00,78.46965371008555,ADCS,1.0,1.0,0.9047619047619048,HIGH,True,True
2026-01-08 02:20:00+00:00,78.84287668925231,ADCS,1.0,0.9556616510828005,0.9047619047619048,HIGH,True,True
2026-01-08 02:25:00+00:00,79.22380831976791,ADCS,1.0,0.9760280165748962,0.9047619047619048,HIGH,True,True
2026-01-08 02:30:00+00:00,79.76344625972362,ADCS,1.0,1.0,0.9246031746031745,HIGH,True,True
2026-01-08 02:35:00+00:00,80.108787708074,ADCS,1.0,0.9413485736832148,0.9444444444444444,HIGH,True,True
2026-01-08 02:40:00+00:00,80.2871640412777,ADCS,1.0,0.9446805731720798,0.9246031746031745,HIGH,True,True
2026-01-08 02:45:00+00:00,80.63403532581552,ADCS,1.0,1.0,0.9246031746031745,HIGH,True,True
2026-01-08 02:50:00+00:00,80.58573606854773,ADCS,1.0,0.8930059425026017,0.9246031746031745,HIGH,True,True
2026-01-08 02:55:00+00:00,80.89073657405301,ADCS,1.0,1.0,0.9246031746031745,HIGH,True,True
2026-01-08 03:00:00+00:00,81.14742497034334,ADCS,1.0,1.0,0.9246031746031745,HIGH,True,True
2026-01-08 03:05:00+00:00,81.36973348261623,ADCS,1.0,1.0,0.9246031746031745,HIGH,True,True
2026-01-08 03:10:00+00:00,79.7693413165077,ADCS,0.8571428571428571,1.0,0.9246031746031745,HIGH,True,True
2026-01-08 03:15:00+00:00,79.83743211684704,ADCS,1.0,0.8832078984675769,0.9246031746031745,HIGH,True,True
2026-01-08 03:20:00+00:00,80.30709639368312,ADCS,1.0,1.0,0.9246031746031745,HIGH,True,True
2026-01-08 03:25:00+00:00,80.7136132501256,ADCS,1.0,1.0,0.9246031746031745,HIGH,True,True
2026-01-08 03:30:00+00:00,80.74185731419942,ADCS,1.0,0.9073022113276548,0.9246031746031745,HIGH,True,True
2026-01-08 03:35:00+00:00,80.7632656296759,ADCS,1.0,0.8946370375480341,0.9246031746031745,HIGH,True,True
2026-01-08 03:40:00+00:00,80.74255083459549,ADCS,1.0,0.8846474790958608,0.9246031746031745,HIGH,True,True
2026-01-08 03:45:00+00:00,80.44424190826547,ADCS,1.0,0.8051080230296571,0.9246031746031745,HIGH,True,True
2026-01-08 03:50:00+00:00,80.37113141755734,ADCS,1.0,0.8550735606608364,0.9246031746031745,HIGH,True,True
2026-01-08 03:55:00+00:00,80.3913001743825,ADCS,1.0,0.9214358533119311,0.9047619047619048,HIGH,True,True
2026-01-08 04:00:00+00:00,80.28913330840305,ADCS,1.0,0.8834292144062947,0.9047619047619048,HIGH,True,True
2026-01-08 04:05:00+00:00,79.77533728382365,ADCS,1.0,0.7244327417373513,0.9246031746031745,HIGH,True,True
2026-01-08 04:10:00+00:00,79.3805654372776,ADCS,1.0,0.7327305150692239,0.9246031746031745,HIGH,True,True
2026-01-08 04:15:00+00:00,79.45408480366089,ADCS,1.0,0.8493470273142872,0.9246031746031745,HIGH,True,True
2026-01-08 04:20:00+00:00,79.74261030915906,ADCS,1.0,0.9294688340242715,0.9047619047619048,HIGH,True,True
2026-01-08 04:25:00+00:00,79.97735897676385,ADCS,1.0,0.8934683835097622,0.9047619047619048,HIGH,True,True
2026-01-08 04:30:00+00:00,80.17079986127324,ADCS,1.0,0.8639167046633324,0.9047619047619048,HIGH,True,True
2026-01-08 04:35:00+00:00,80.10826645275208,ADCS,1.0,0.7919817743292276,0.9047619047619048,HIGH,True,True
2026-01-08 04:40:00+00:00,80.07645424303935,ADCS,1.0,0.7636844555500245,0.9246031746031745,HIGH,True,True
2026-01-08 04:45:00+00:00,80.32493386454935,ADCS,1.0,0.8137131837674222,0.9444444444444444,HIGH,True,True
2026-01-08 04:50:00+00:00,80.43651431499622,ADCS,1.0,0.7892760098854841,0.9444444444444444,HIGH,True,True
2026-01-08 04:55:00+00:00,80.3333654377522,ADCS,1.0,0.7312419930698578,0.9444444444444444,HIGH,True,True
2026-01-08 05:00:00+00:00,80.91557219687087,ADCS,1.0,0.9526167932518173,0.9246031746031745,HIGH,True,True
2026-01-08 05:05:00+00:00,80.96565164038162,ADCS,1.0,0.8625343694985813,0.9047619047619048,HIGH,True,True
2026-01-08 05:10:00+00:00,79.05242069993385,ADCS,0.8571428571428571,0.8007645573926754,0.9047619047619048,HIGH,True,True
2026-01-08 05:15:00+00:00,78.91569932490242,ADCS,1.0,0.7227787365694711,0.9047619047619048,HIGH,True,True
2026-01-08 05:20:00+00:00,79.32311099902643,ADCS,1.0,0.8292875653984086,0.9246031746031745,HIGH,True,True
2026-01-08 05:25:00+00:00,79.09693199957005,ADCS,1.0,0.6430774906680035,0.9444444444444444,HIGH,True,True
2026-01-08 05:30:00+00:00,79.49062252233719,ADCS,1.0,0.8209088627146885,0.9444444444444444,HIGH,True,True
2026-01-08 05:35:00+00:00,79.64416221946767,ADCS,1.0,0.7601486559182725,0.9444444444444444,HIGH,True,True
2026-01-08 05:40:00+00:00,79.81225425367707,ADCS,1.0,0.7759435124558272,0.9444444444444444,HIGH,True,True
2026-01-08 05:45:00+00:00,80.14196086222364,ADCS,1.0,0.861857395410105,0.9246031746031745,HIGH,True,True
2026-01-08 05:50:00+00:00,80.45620894056404,ADCS,1.0,0.8415049976231035,0.9444444444444444,HIGH,True,True
2026-01-08 05:55:00+00:00,80.20798549247941,ADCS,1.0,0.7419641887913748,0.9246031746031745,HIGH,True,True
2026-01-08 06:00:00+00:00,79.84076863927363,ADCS,1.0,0.7008686692309276,0.9246031746031745,HIGH,True,True
2026-01-08 06:05:00+00:00,79.81971044305877,ADCS,1.0,0.8062226387882919,0.9047619047619048,HIGH,True,True
2026-01-08 06:10:00+00:00,80.00243288321425,ADCS,1.0,0.8479608567391703,0.9047619047619048,HIGH,True,True
2026-01-08 06:15:00+00:00,79.90452341944028,ADCS,1.0,0.7724298038221659,0.9047619047619048,HIGH,True,True
2026-01-08 06:20:00+00:00,80.39572282987835,ADCS,1.0,0.9066542575882234,0.9246031746031745,HIGH,True,True
2026-01-08 06:25:00+00:00,81.15902283990405,ADCS,1.0,0.9848036804144632,0.9444444444444444,HIGH,True,True
2026-01-08 06:30:00+00:00,81.47466680020364,ADCS,1.0,0.8796984373106111,0.9444444444444444,HIGH,True,True
2026-01-08 06:35:00+00:00,81.50040936162314,ADCS,1.0,0.8181190878344642,0.9444444444444444,HIGH,True,True
2026-01-08 06:40:00+00:00,81.57121414846915,ADCS,1.0,0.833758971884232,0.9444444444444444,HIGH,True,True
2026-01-08 06:45:00+00:00,81.64413118274139,ADCS,1.0,0.8363367317286216,0.9444444444444444,HIGH,True,True
2026-01-08 06:50:00+00:00,81.71376626823576,ADCS,1.0,0.841883596932534,0.9444444444444444,HIGH,True,True
2026-01-08 06:55:00+00:00,82.2274867813678,ADCS,1.0,0.9749001094019452,0.9444444444444444,HIGH,True,True
2026-01-08 07:00:00+00:00,82.18425882902716,ADCS,1.0,0.8400019942194042,0.9444444444444444,HIGH,True,True
2026-01-08 07:05:00+00:00,82.05046279396689,ADCS,1.0,0.8047827412993307,0.9444444444444444,HIGH,True,True
2026-01-08 07:10:00+00:00,78.69033122025627,ADCS,0.7142857142857143,0.955564299254236,0.9444444444444444,HIGH,True,True
2026-01-08 07:15:00+00:00,79.29453136060772,ADCS,1.0,0.8908057981791879,0.9444444444444444,HIGH,True,True
2026-01-08 07:20:00+00:00,79.77818537157101,ADCS,1.0,0.9365199370433763,0.9246031746031745,HIGH,True,True
2026-01-08 07:25:00+00:00,79.98303973790426,ADCS,1.0,0.8791225328149286,0.9246031746031745,HIGH,True,True
2026-01-08 07:30:00+00:00,80.25082265891584,ADCS,1.0,0.9228702953560877,0.9047619047619048,HIGH,True,True
2026-01-08 07:35:00+00:00,80.5208362186674,ADCS,1.0,0.9971442284740958,0.8849206349206349,HIGH,True,True
2026-01-08 07:40:00+00:00,80.48230980366517,ADCS,1.0,0.9448736598442159,0.8650793650793651,HIGH,True,True
2026-01-08 07:45:00+00:00,80.19825056786678,ADCS,1.0,0.8812260523776445,0.8650793650793651,HIGH,True,True
2026-01-08 07:50:00+00:00,80.17559830201881,ADCS,1.0,0.9257119972242959,0.8650793650793651,HIGH,True,True
2026-01-08 07:55:00+00:00,79.79624597034127,ADCS,1.0,0.8413293121249581,0.8650793650793651,HIGH,True,True
2026-01-08 08:00:00+00:00,79.71365386819832,ADCS,1.0,0.9331730464995279,0.8452380952380951,HIGH,True,True
2026-01-08 08:05:00+00:00,79.86337666591876,ADCS,1.0,1.0,0.8452380952380951,HIGH,True,True
2026-01-08 08:10:00+00:00,80.00738983403096,ADCS,1.0,1.0,0.8452380952380951,HIGH,True,True
2026-01-08 08:15:00+00:00,80.0834958823639,ADCS,1.0,1.0,0.8452380952380951,HIGH,True,True
2026-01-08 08:20:00+00:00,79.33921709574054,ADCS,1.0,0.8069945754643754,0.8253968253968254,HIGH,True,True
2026-01-08 08:25:00+00:00,79.17969223621996,ADCS,1.0,0.9500458732295868,0.8253968253968254,HIGH,True,True
2026-01-08 08:30:00+00:00,78.88287979365712,ADCS,1.0,0.899674123538715,0.8253968253968254,HIGH,True,True
2026-01-08 08:35:00+00:00,78.46855690030259,ADCS,1.0,0.8674833660578828,0.8253968253968254,HIGH,True,True
2026-01-08 08:40:00+00:00,78.6479803526063,ADCS,1.0,0.9994834512847202,0.8452380952380951,HIGH,True,True
2026-01-08 08:45:00+00:00,78.45289446651049,ADCS,1.0,0.8933310608551008,0.8452380952380951,HIGH,True,True
2026-01-08 08:50:00+00:00,78.63356366144387,ADCS,1.0,1.0,0.8452380952380951,HIGH,True,True
2026-01-08 08:55:00+00:00,78.5671448474793,ADCS,1.0,0.935950760946293,0.8452380952380951,HIGH,True,True
2026-01-08 09:00:00+00:00,78.19777630927636,ADCS,1.0,0.8403754529683041,0.8452380952380951,HIGH,True,True
2026-01-08 09:05:00+00:00,77.8342074484291,ADCS,1.0,0.8292601405644455,0.8452380952380951,HIGH,True,True
2026-01-08 09:10:00+00:00,76.08420601620055,ADCS,0.8571428571428571,0.899411754875812,0.8452380952380951,HIGH,True,True
2026-01-08 09:15:00+00:00,75.99573587445029,ADCS,1.0,0.8132191775375704,0.8452380952380951,HIGH,True,True
2026-01-08 09:20:00+00:00,76.25969262301406,ADCS,1.0,0.9097987138880083,0.8452380952380951,HIGH,True,True
2026-01-08 09:25:00+00:00,76.62211872330506,ADCS,1.0,0.9454559661704328,0.8452380952380951,HIGH,True,True
2026-01-08 09:30:00+00:00,77.00530915312326,ADCS,1.0,0.9698855864643962,0.8452380952380951,HIGH,True,True
2026-01-08 09:35:00+00:00,76.69824983440387,ADCS,1.0,0.7822037158013586,0.8452380952380951,HIGH,True,True
2026-01-08 09:40:00+00:00,76.41114884728071,ADCS,1.0,0.7669239157000504,0.8452380952380951,HIGH,True,True
2026-01-08 09:45:00+00:00,76.11926579547004,ADCS,1.0,0.7606348939948019,0.8452380952380951,HIGH,True,True
2026-01-08 09:50:00+00:00,76.16589048423609,ADCS,1.0,0.8430387633770344,0.8452380952380951,HIGH,True,True
2026-01-08 09:55:00+00:00,75.82472832141126,ADCS,1.0,0.7076389910916,0.8650793650793651,HIGH,True,True
2026-01-08 10:00:00+00:00,75.69233983932781,ADCS,1.0,0.7497909588425389,0.8650793650793651,HIGH,True,True
2026-01-08 10:05:00+00:00,75.46667622537784,ADCS,1.0,0.7112410131469207,0.8650793650793651,HIGH,True,True
2026-01-08 10:10:00+00:00,75.70479841166764,ADCS,1.0,0.8333292617213495,0.8650793650793651,HIGH,True,True
2026-01-08 10:15:00+00:00,75.68840557362492,ADCS,1.0,0.7738064304070411,0.8650793650793651,HIGH,True,True
2026-01-08 10:20:00+00:00,75.68454314907919,ADCS,1.0,0.7480657126277136,0.8849206349206349,HIGH,True,True
2026-01-08 10:25:00+00:00,75.40974625590583,ADCS,1.0,0.666894393044236,0.8849206349206349,HIGH,True,True
2026-01-08 10:30:00+00:00,75.29404136308978,ADCS,1.0,0.7271949445260832,0.8650793650793651,HIGH,True,True
2026-01-08 10:35:00+00:00,75.24200659400368,ADCS,1.0,0.7418239692732543,0.8650793650793651,HIGH,True,True
2026-01-08 10:40:00+00:00,75.45060906322468,ADCS,1.0,0.8061165467222884,0.8650793650793651,HIGH,True,True
2026-01-08 10:45:00+00:00,75.20961830893991,ADCS,1.0,0.686957095514335,0.8650793650793651,HIGH,True,True
2026-01-08 10:50:00+00:00,74.56895177231857,ADCS,1.0,0.5563509246004422,0.8650793650793651,HIGH,True,True
2026-01-08 10:55:00+00:00,74.50063927116746,ADCS,1.0,0.6940706757032693,0.8650793650793651,HIGH,True,True
2026-01-08 11:00:00+00:00,74.83050108527003,ADCS,1.0,0.779406264315966,0.8849206349206349,HIGH,True,True
2026-01-08 11:05:00+00:00,75.32375377708956,ADCS,1.0,0.8093595719815214,0.9047619047619048,HIGH,True,True
2026-01-08 11:10:00+00:00,73.71751372883656,ADCS,0.8571428571428571,0.7037529158934295,0.9047619047619048,HIGH,True,True
2026-01-08 11:15:00+00:00,74.51214038279703,ADCS,1.0,0.8376944160846066,0.9047619047619048,HIGH,True,True
2026-01-08 11:20:00+00:00,75.1722762285206,ADCS,1.0,0.8626795217340238,0.8849206349206349,HIGH,True,True
2026-01-08 11:25:00+00:00,75.53052658211162,ADCS,1.0,0.8068641312477016,0.8849206349206349,HIGH,True,True
2026-01-08 11:30:00+00:00,76.15496127217901,ADCS,1.0,0.8999184470811437,0.8849206349206349,HIGH,True,True
2026-01-08 11:35:00+00:00,76.42342097939964,ADCS,1.0,0.8157994190911527,0.8849206349206349,HIGH,True,True
2026-01-08 11:40:00+00:00,77.22949440733385,ADCS,1.0,1.0,0.8849206349206349,HIGH,True,True
2026-01-08 11:45:00+00:00,77.28869077279933,ADCS,1.0,0.7908409917344397,0.9047619047619048,HIGH,True,True
2026-01-08 11:50:00+00:00,78.055213816982,ADCS,1.0,1.0,0.9047619047619048,HIGH,True,True
2026-01-08 11:55:00+00:00,78.68977337301023,ADCS,1.0,0.9674546936216347,0.9246031746031745,HIGH,True,True
2026-01-08 12:00:00+00:00,79.03029262660431,ADCS,1.0,0.9178993141580944,0.9246031746031745,HIGH,True,True
2026-01-08 12:05:00+00:00,79.60393243771715,ADCS,1.0,0.9611981702093596,0.9444444444444444,HIGH,True,True
2026-01-08 12:10:00+00:00,79.75962625613822,ADCS,1.0,0.8667091344420769,0.9444444444444444,HIGH,True,True
2026-01-08 12:15:00+00:00,80.22078561692798,ADCS,1.0,0.9544879901489565,0.9444444444444444,HIGH,True,True
2026-01-08 12:20:00+00:00,80.62037393493452,ADCS,1.0,0.9602457062269912,0.9444444444444444,HIGH,True,True
2026-01-08 12:25:00+00:00,80.86670853505207,ADCS,1.0,0.9360132109164279,0.9444444444444444,HIGH,True,True
2026-01-08 12:30:00+00:00,80.98352050662702,ADCS,1.0,0.9003203380950187,0.9444444444444444,HIGH,True,True
2026-01-08 12:35:00+00:00,81.15277863947134,ADCS,1.0,0.9256235702082765,0.9444444444444444,HIGH,True,True
2026-01-08 12:40:00+00:00,81.00052744932708,ADCS,1.0,0.8675193984355091,0.9246031746031745,HIGH,True,True
2026-01-08 12:45:00+00:00,80.89525089127612,ADCS,1.0,0.8681012469307756,0.9246031746031745,HIGH,True,True
2026-01-08 12:50:00+00:00,81.15234311383362,ADCS,1.0,0.9800113047336821,0.9246031746031745,HIGH,True,True
2026-01-08 12:55:00+00:00,80.99363522834872,ADCS,1.0,0.8727919765247769,0.9246031746031745,HIGH,True,True
2026-01-08 13:00:00+00:00,80.73639268078067,ADCS,1.0,0.8383700230847965,0.9246031746031745,HIGH,True,True
2026-01-08 13:05:00+00:00,80.84175354537517,ADCS,1.0,0.9301240695723019,0.9246031746031745,HIGH,True,True
2026-01-08 13:10:00+00:00,78.93091562558352,ADCS,0.8571428571428571,0.8627709375909312,0.9246031746031745,HIGH,True,True
2026-01-08 13:15:00+00:00,79.26373692533865,ADCS,1.0,0.9202347910280133,0.9246031746031745,HIGH,True,True
2026-01-08 13:20:00+00:00,79.13272962335678,ADCS,1.0,0.7658959484376971,0.9444444444444444,HIGH,True,True
2026-01-08 13:25:00+00:00,78.86869080391358,ADCS,1.0,0.7202396167531819,0.9444444444444444,HIGH,True,True
2026-01-08 13:30:00+00:00,79.14457178769037,ADCS,1.0,0.8421433951819055,0.9642857142857142,HIGH,True,True
2026-01-08 13:35:00+00:00,79.35925415834994,ADCS,1.0,0.8295957083452291,0.9642857142857142,HIGH,True,True
2026-01-08 13:40:00+00:00,79.47788102184313,ADCS,1.0,0.7778385686498659,0.984126984126984,HIGH,True,True
2026-01-08 13:45:00+00:00,80.19364169830634,ADCS,1.0,0.9563026942052332,0.984126984126984,HIGH,True,True
2026-01-08 13:50:00+00:00,80.29521342195744,ADCS,1.0,0.8145369746996862,0.984126984126984,HIGH,True,True
2026-01-08 13:55:00+00:00,80.39206176375514,ADCS,1.0,0.8199878663563561,0.984126984126984,HIGH,True,True
2026-01-08 14:00:00+00:00,79.77258276137583,ADCS,1.0,0.5812087500884344,1.0,HIGH,True,True
2026-01-08 14:05:00+00:00,79.67251209090816,ADCS,1.0,0.7090354781065106,1.0,HIGH,True,True
2026-01-08 14:10:00+00:00,79.92726852885373,ADCS,1.0,0.8138502242758269,1.0,HIGH,True,True
2026-01-08 14:15:00+00:00,80.26218752975305,ADCS,1.0,0.834315278654722,1.0,HIGH,True,True
2026-01-08 14:20:00+00:00,80.25066388049358,ADCS,1.0,0.7501878586295069,1.0,HIGH,True,True
2026-01-08 14:25:00+00:00,80.48266562451481,ADCS,1.0,0.8182811327048116,1.0,HIGH,True,True
2026-01-08 14:30:00+00:00,80.15507602300205,ADCS,1.0,0.6788617078827114,0.984126984126984,HIGH,True,True
2026-01-08 14:35:00+00:00,80.16506587995866,ADCS,1.0,0.7735843247349103,0.984126984126984,HIGH,True,True
2026-01-08 14:40:00+00:00,80.01422624208904,ADCS,1.0,0.7230559643328588,0.984126984126984,HIGH,True,True
2026-01-08 14:45:00+00:00,80.35158150440094,ADCS,1.0,0.8669225574658423,0.984126984126984,HIGH,True,True
2026-01-08 14:50:00+00:00,80.4910131773817,ADCS,1.0,0.8327193705531487,0.984126984126984,HIGH,True,True
2026-01-08 14:55:00+00:00,80.50634817775317,ADCS,1.0,0.8366284429590345,0.9642857142857142,HIGH,True,True
2026-01-08 15:00:00+00:00,80.62152077964302,ADCS,1.0,0.8647033077092,0.9642857142857142,HIGH,True,True
2026-01-08 15:05:00+00:00,80.55821245999965,ADCS,1.0,0.8374453251589777,0.9444444444444444,HIGH,True,True
2026-01-08 15:10:00+00:00,76.83804243110934,ADCS,0.7142857142857143,0.7781848277363971,0.9444444444444444,HIGH,True,True
2026-01-08 15:15:00+00:00,77.53842851732782,ADCS,1.0,0.8889497499949089,0.9444444444444444,HIGH,True,True
2026-01-08 15:20:00+00:00,78.07708346574768,ADCS,1.0,0.9121409077402698,0.9246031746031745,HIGH,True,True
2026-01-08 15:25:00+00:00,78.53415106487346,ADCS,1.0,0.9143525923330962,0.9246031746031745,HIGH,True,True
2026-01-08 15:30:00+00:00,78.23748847669822,ADCS,1.0,0.7436548197078611,0.9047619047619048,HIGH,True,True
2026-01-08 15:35:00+00:00,77.92544992511938,ADCS,1.0,0.7062919123500749,0.9246031746031745,HIGH,True,True
2026-01-08 15:40:00+00:00,77.81715886227651,ADCS,1.0,0.7446661876536372,0.9246031746031745,HIGH,True,True
2026-01-08 15:45:00+00:00,78.07693120680702,ADCS,1.0,0.8549313195511792,0.9246031746031745,HIGH,True,True
2026-01-08 15:50:00+00:00,78.53377065537734,ADCS,1.0,0.9270528414976233,0.9246031746031745,HIGH,True,True
2026-01-08 15:55:00+00:00,78.50772549723297,ADCS,1.0,0.8025987400577317,0.9246031746031745,HIGH,True,True
2026-01-08 16:00:00+00:00,79.12461350047906,ADCS,1.0,1.0,0.9246031746031745,HIGH,True,True
2026-01-08 16:05:00+00:00,79.46650276009636,ADCS,1.0,0.9366608736229782,0.9246031746031745,HIGH,True,True
2026-01-08 16:10:00+00:00,79.34635274835539,ADCS,1.0,0.8234882386118751,0.9246031746031745,HIGH,True,True
2026-01-08 16:15:00+00:00,79.29989176375175,ADCS,1.0,0.8627714733996917,0.9047619047619048,HIGH,True,True
2026-01-08 16:20:00+00:00,79.10363451945007,ADCS,1.0,0.8311869426513865,0.9047619047619048,HIGH,True,True
2026-01-08 16:25:00+00:00,79.50232911572378,ADCS,1.0,1.0,0.9047619047619048,HIGH,True,True
2026-01-08 16:30:00+00:00,79.68351115845118,ADCS,1.0,0.9402209681202945,0.9047619047619048,HIGH,True,True
2026-01-08 16:35:00+00:00,79.5551928908158,ADCS,1.0,0.8564722947534288,0.9047619047619048,HIGH,True,True
2026-01-08 16:40:00+00:00,79.2947639481746,ADCS,1.0,0.8408003894163564,0.8849206349206349,HIGH,True,True
2026-01-08 16:45:00+00:00,79.0917053810888,ADCS,1.0,0.8483685923467535,0.8849206349206349,HIGH,True,True
2026-01-08 16:50:00+00:00,79.42958347246186,ADCS,1.0,1.0,0.8849206349206349,HIGH,True,True
2026-01-08 16:55:00+00:00,79.5183844914912,ADCS,1.0,0.944466329715503,0.8849206349206349,HIGH,True,True
2026-01-08 17:00:00+00:00,79.45937779907577,ADCS,1.0,0.911740486486202,0.8849206349206349,HIGH,True,True
2026-01-08 17:05:00+00:00,79.70184150090994,ADCS,1.0,0.9960737424696418,0.8849206349206349,HIGH,True,True
2026-01-08 17:10:00+00:00,77.82984852503759,ADCS,0.8571428571428571,0.9333770048095301,0.8650793650793651,HIGH,True,True
2026-01-08 17:15:00+00:00,78.03119833374248,ADCS,1.0,0.9506366948464636,0.8650793650793651,HIGH,True,True
2026-01-08 17:20:00+00:00,78.36388098195935,ADCS,1.0,0.9781889365199539,0.8849206349206349,HIGH,True,True
2026-01-08 17:25:00+00:00,78.68524392681127,ADCS,1.0,0.989931933154174,0.8849206349206349,HIGH,True,True
2026-01-08 17:30:00+00:00,78.47305274834996,ADCS,1.0,0.8384534943400331,0.8849206349206349,HIGH,True,True
2026-01-08 17:35:00+00:00,78.41207000850262,ADCS,1.0,0.8612197949289636,0.8849206349206349,HIGH,True,True
2026-01-08 17:40:00+00:00,77.82144655981725,ADCS,1.0,0.66801562833084,0.9047619047619048,HIGH,True,True
2026-01-08 17:45:00+00:00,77.57885933862812,ADCS,1.0,0.7538855285168845,0.9047619047619048,HIGH,True,True
2026-01-08 17:50:00+00:00,77.26328213266437,ADCS,1.0,0.7212017688616446,0.9047619047619048,HIGH,True,True
2026-01-08 17:55:00+00:00,77.91292954884779,ADCS,1.0,1.0,0.9047619047619048,HIGH,True,True
2026-01-08 18:00:00+00:00,78.18537290571857,ADCS,1.0,0.9473436334741848,0.8849206349206349,HIGH,True,True
2026-01-08 18:05:00+00:00,78.57847507829656,ADCS,1.0,1.0,0.8849206349206349,HIGH,True,True
2026-01-08 18:10:00+00:00,78.73701643836914,ADCS,1.0,0.9457569557000826,0.8849206349206349,HIGH,True,True
2026-01-08 18:15:00+00:00,78.87043044770392,ADCS,1.0,0.9677497940020555,0.8650793650793651,HIGH,True,True
2026-01-08 18:20:00+00:00,78.93650797520061,ADCS,1.0,0.9613353362641083,0.8650793650793651,HIGH,True,True
2026-01-08 18:25:00+00:00,78.62055364228823,ADCS,1.0,0.8433359194807438,0.8650793650793651,HIGH,True,True
2026-01-08 18:30:00+00:00,77.7178330333882,ADCS,1.0,0.6934317439851484,0.8452380952380951,HIGH,True,True
2026-01-08 18:35:00+00:00,77.18703829884547,ADCS,1.0,0.7522235490294239,0.8452380952380951,HIGH,True,True
2026-01-08 18:40:00+00:00,76.76026812343831,ADCS,1.0,0.7340754655779126,0.8650793650793651,HIGH,True,True
2026-01-08 18:45:00+00:00,76.35983448893332,ADCS,1.0,0.7177863345303097,0.8650793650793651,HIGH,True,True
2026-01-08 18:50:00+00:00,76.12803707050502,ADCS,1.0,0.773151281193212,0.8452380952380951,HIGH,True,True
2026-01-08 18:55:00+00:00,76.01113772931586,ADCS,1.0,0.7623949787985194,0.8650793650793651,HIGH,True,True
2026-01-08 19:00:00+00:00,76.41024629081267,ADCS,1.0,0.927202540027594,0.8650793650793651,HIGH,True,True
2026-01-08 19:05:00+00:00,76.30958863371566,ADCS,1.0,0.7911519368552868,0.8650793650793651,HIGH,True,True
2026-01-08 19:10:00+00:00,74.5171205270874,ADCS,0.8571428571428571,0.7772345491816982,0.8650793650793651,HIGH,True,True
2026-01-08 19:15:00+00:00,74.99878594741324,ADCS,1.0,0.8724297958485308,0.8650793650793651,HIGH,True,True
2026-01-08 19:20:00+00:00,75.2630428441395,ADCS,1.0,0.8266712851686685,0.8650793650793651,HIGH,True,True
2026-01-08 19:25:00+00:00,75.62845784229533,ADCS,1.0,0.8641563309422724,0.8650793650793651,HIGH,True,True
2026-01-08 19:30:00+00:00,76.06240098214774,ADCS,1.0,0.9020124888698363,0.8650793650793651,HIGH,True,True
2026-01-08 19:35:00+00:00,76.42469354732411,ADCS,1.0,0.8583690694043724,0.8849206349206349,HIGH,True,True
2026-01-08 19:40:00+00:00,76.44229322105573,ADCS,1.0,0.7766018835342633,0.8849206349206349,HIGH,True,True
2026-01-08 19:45:00+00:00,76.21914417154171,ADCS,1.0,0.7057340130599393,0.8849206349206349,HIGH,True,True
2026-01-08 19:50:00+00:00,76.39840495030104,ADCS,1.0,0.8150936380957426,0.8849206349206349,HIGH,True,True
2026-01-08 19:55:00+00:00,76.69517286258869,ADCS,1.0,0.8570371645618383,0.8849206349206349,HIGH,True,True
2026-01-08 20:00:00+00:00,76.63823775025708,ADCS,1.0,0.7680918737140136,0.8849206349206349,HIGH,True,True
2026-01-08 20:05:00+00:00,76.50794556573908,ADCS,1.0,0.7760105676907018,0.8650793650793651,HIGH,True,True
2026-01-08 20:10:00+00:00,76.83169519215063,ADCS,1.0,0.8681133018398995,0.8849206349206349,HIGH,True,True
2026-01-08 20:15:00+00:00,77.21313019118882,ADCS,1.0,0.9009833234543309,0.8849206349206349,HIGH,True,True
2026-01-08 20:20:00+00:00,77.33789936676986,ADCS,1.0,0.8366577163450133,0.8849206349206349,HIGH,True,True
2026-01-08 20:25:00+00:00,77.57146367556672,ADCS,1.0,0.8781840168713387,0.8849206349206349,HIGH,True,True
2026-01-08 20:30:00+00:00,78.1578674528331,ADCS,1.0,0.9537353490651036,0.9047619047619048,HIGH,True,True
2026-01-08 20:35:00+00:00,78.75977262710299,ADCS,1.0,1.0,0.9047619047619048,HIGH,True,True
2026-01-08 20:40:00+00:00,79.19463890465785,ADCS,1.0,0.9817148516879312,0.9047619047619048,HIGH,True,True
2026-01-08 20:45:00+00:00,79.41365410093263,ADCS,1.0,0.9192362421646907,0.9047619047619048,HIGH,True,True
2026-01-08 20:50:00+00:00,79.87552457384433,ADCS,1.0,1.0,0.9047619047619048,HIGH,True,True
2026-01-08 20:55:00+00:00,80.2798562471367,ADCS,1.0,0.9816968719297166,0.9246031746031745,HIGH,True,True
2026-01-08 21:00:00+00:00,80.68723626346521,ADCS,1.0,1.0,0.9246031746031745,HIGH,True,True
2026-01-08 21:05:00+00:00,80.92981372467118,ADCS,1.0,0.9483372109004117,0.9444444444444444,HIGH,True,True
2026-01-08 21:10:00+00:00,79.31380882688305,ADCS,0.8571428571428571,0.9338846304608914,0.9444444444444444,HIGH,True,True
2026-01-08 21:15:00+00:00,79.85633384565749,ADCS,1.0,0.9683835087916847,0.9444444444444444,HIGH,True,True
2026-01-08 21:20:00+00:00,80.47210571281516,ADCS,1.0,0.9802106516333032,0.9642857142857142,HIGH,True,True
2026-01-08 21:25:00+00:00,80.94610899530527,ADCS,1.0,0.9659065016930927,0.9642857142857142,HIGH,True,True
2026-01-08 21:30:00+00:00,81.18183475819991,ADCS,1.0,0.9196547733421235,0.9642857142857142,HIGH,True,True
2026-01-08 21:35:00+00:00,81.05083825146299,ADCS,1.0,0.8193955302831029,0.9642857142857142,HIGH,True,True
2026-01-08 21:40:00+00:00,81.10490537517697,ADCS,1.0,0.8569168404826725,0.9642857142857142,HIGH,True,True
2026-01-08 21:45:00+00:00,81.24735484448883,ADCS,1.0,0.8802140114803311,0.9642857142857142,HIGH,True,True
2026-01-08 21:50:00+00:00,81.29580850626743,ADCS,1.0,0.8534591252684721,0.9642857142857142,HIGH,True,True
2026-01-08 21:55:00+00:00,81.25896254130275,ADCS,1.0,0.8721974688152632,0.9444444444444444,HIGH,True,True
2026-01-08 22:00:00+00:00,81.18364974700394,ADCS,1.0,0.8539464729182055,0.9444444444444444,HIGH,True,True
2026-01-08 22:05:00+00:00,80.80884280611245,ADCS,1.0,0.7697146170615979,0.9444444444444444,HIGH,True,True
2026-01-08 22:10:00+00:00,80.61970388740384,ADCS,1.0,0.8029978929835879,0.9444444444444444,HIGH,True,True
2026-01-08 22:15:00+00:00,80.65658518287884,ADCS,1.0,0.8630981112503339,0.9444444444444444,HIGH,True,True
2026-01-08 22:20:00+00:00,80.15761742504237,ADCS,1.0,0.7367849535800097,0.9246031746031745,HIGH,True,True
2026-01-08 22:25:00+00:00,79.98965440688579,ADCS,1.0,0.8063128583667436,0.9246031746031745,HIGH,True,True
2026-01-08 22:30:00+00:00,80.12917162976811,ADCS,1.0,0.8510890509960584,0.9444444444444444,HIGH,True,True
2026-01-08 22:35:00+00:00,80.04345182878075,ADCS,1.0,0.7885872611003393,0.9444444444444444,HIGH,True,True
2026-01-08 22:40:00+00:00,79.82972413577663,ADCS,1.0,0.7224452527925699,0.9642857142857142,HIGH,True,True
2026-01-08 22:45:00+00:00,79.77790436646234,ADCS,1.0,0.7704873231477578,0.9642857142857142,HIGH,True,True
2026-01-08 22:50:00+00:00,79.67354170186772,ADCS,1.0,0.7561140674875397,0.9642857142857142,HIGH,True,True
2026-01-08 22:55:00+00:00,79.58260410009007,ADCS,1.0,0.7594901320825406,0.9642857142857142,HIGH,True,True
2026-01-08 23:00:00+00:00,79.30090978698091,ADCS,1.0,0.6905090147135321,0.9642857142857142,HIGH,True,True
2026-01-08 23:05:00+00:00,79.14205599255392,ADCS,1.0,0.7211920146516897,0.9642857142857142,HIGH,True,True
2026-01-08 23:10:00+00:00,76.06935639823584,ADCS,0.7142857142857143,0.9344266039123534,0.9642857142857142,HIGH,True,True
2026-01-08 23:15:00+00:00,76.976551514447,ADCS,1.0,0.8952355858651245,0.9642857142857142,HIGH,True,True
2026-01-08 23:20:00+00:00,77.74507541060494,ADCS,1.0,0.898957177317461,0.9642857142857142,HIGH,True,True
2026-01-08 23:25:00+00:00,78.41420350252999,ADCS,1.0,0.906539139282401,0.9642857142857142,HIGH,True,True
2026-01-08 23:30:00+00:00,79.1199685298599,ADCS,1.0,0.9326517800398945,0.9642857142857142,HIGH,True,True
2026-01-08 23:35:00+00:00,79.63833568897846,ADCS,1.0,0.9115383377798119,0.9642857142857142,HIGH,True,True
2026-01-08 23:40:00+00:00,79.60015854311307,ADCS,1.0,0.7721440052961965,0.9642857142857142,HIGH,True,True
2026-01-08 23:45:00+00:00,79.83986435990178,ADCS,1.0,0.8809127540716284,0.9444444444444444,HIGH,True,True
2026-01-08 23:50:00+00:00,80.0434139135871,ADCS,1.0,0.8787167019013279,0.9444444444444444,HIGH,True,True
2026-01-08 23:55:00+00:00,79.99004760075384,ADCS,1.0,0.814137223985013,0.9444444444444444,HIGH,True,True
2026-01-09 00:00:00+00:00,80.1668560256856,ADCS,1.0,0.8578550573381699,0.9642857142857142,HIGH,True,True
2026-01-09 00:05:00+00:00,80.57177622852423,ADCS,1.0,0.9051635250974198,0.984126984126984,HIGH,True,True
2026-01-09 00:10:00+00:00,80.64816865837616,ADCS,1.0,0.8190634830412189,0.984126984126984,HIGH,True,True
2026-01-09 00:15:00+00:00,80.38567078312879,ADCS,1.0,0.7634144246197369,0.9642857142857142,HIGH,True,True
2026-01-09 00:20:00+00:00,80.63251886157576,ADCS,1.0,0.9342802414958845,0.9444444444444444,HIGH,True,True
2026-01-09 00:25:00+00:00,81.16452328985247,ADCS,1.0,1.0,0.9642857142857142,HIGH,True,True
2026-01-09 00:30:00+00:00,81.19967718617912,ADCS,1.0,0.8997672896274339,0.9444444444444444,HIGH,True,True
2026-01-09 00:35:00+00:00,81.28792160069514,ADCS,1.0,0.9244799895297349,0.9444444444444444,HIGH,True,True
2026-01-09 00:40:00+00:00,81.49659102216054,ADCS,1.0,0.9637832998439422,0.9444444444444444,HIGH,True,True
2026-01-09 00:45:00+00:00,81.31757766777778,ADCS,1.0,0.8621581381284112,0.9444444444444444,HIGH,True,True
2026-01-09 00:50:00+00:00,81.0998286169918,ADCS,1.0,0.8071198914852645,0.9642857142857142,HIGH,True,True
2026-01-09 00:55:00+00:00,81.2751795022372,ADCS,1.0,0.9378281268778761,0.9444444444444444,HIGH,True,True
2026-01-09 01:00:00+00:00,81.60718880262627,ADCS,1.0,1.0,0.9444444444444444,HIGH,True,True
2026-01-09 01:05:00+00:00,81.63694231927607,ADCS,1.0,0.9159772325504411,0.9444444444444444,HIGH,True,True
2026-01-09 01:10:00+00:00,79.77610204854201,ADCS,0.8571428571428571,0.8971890536026589,0.9444444444444444,HIGH,True,True
2026-01-09 01:15:00+00:00,80.34480338743276,ADCS,1.0,0.9942918250969133,0.9444444444444444,HIGH,True,True
2026-01-09 01:20:00+00:00,80.52925738129802,ADCS,1.0,0.8974186162159132,0.9444444444444444,HIGH,True,True
2026-01-09 01:25:00+00:00,80.15444178295327,ADCS,1.0,0.7318160093121385,0.9444444444444444,HIGH,True,True
2026-01-09 01:30:00+00:00,79.92778552525088,ADCS,1.0,0.754228060941107,0.9444444444444444,HIGH,True,True
2026-01-09 01:35:00+00:00,80.00494985442248,ADCS,1.0,0.8371890211977321,0.9444444444444444,HIGH,True,True
2026-01-09 01:40:00+00:00,80.12782111645352,ADCS,1.0,0.8484626663076065,0.9444444444444444,HIGH,True,True
2026-01-09 01:45:00+00:00,80.26102227817887,ADCS,1.0,0.8661568145763657,0.9444444444444444,HIGH,True,True
2026-01-09 01:50:00+00:00,80.06103076646812,ADCS,1.0,0.780999224303288,0.9444444444444444,HIGH,True,True
2026-01-09 01:55:00+00:00,79.52061741008517,ADCS,1.0,0.6806952323186565,0.9444444444444444,HIGH,True,True
2026-01-09 02:00:00+00:00,79.761285045147,ADCS,1.0,0.8873520069620685,0.9444444444444444,HIGH,True,True
2026-01-09 02:05:00+00:00,80.06071915211167,ADCS,1.0,0.9063373936399143,0.9444444444444444,HIGH,True,True
2026-01-09 02:10:00+00:00,79.72513258812491,ADCS,1.0,0.7289823123810554,0.9444444444444444,HIGH,True,True
2026-01-09 02:15:00+00:00,79.84243818820319,ADCS,1.0,0.8521489857970495,0.9444444444444444,HIGH,True,True
2026-01-09 02:20:00+00:00,79.98570120444742,ADCS,1.0,0.8636933994614935,0.9444444444444444,HIGH,True,True
2026-01-09 02:25:00+00:00,79.96307235075503,ADCS,1.0,0.8226011983479613,0.9444444444444444,HIGH,True,True
2026-01-09 02:30:00+00:00,80.04237779112265,ADCS,1.0,0.8620010845602456,0.9444444444444444,HIGH,True,True
2026-01-09 02:35:00+00:00,80.21850376364797,ADCS,1.0,0.8939279256956072,0.9444444444444444,HIGH,True,True
2026-01-09 02:40:00+00:00,80.34199843538607,ADCS,1.0,0.9002797472030288,0.9444444444444444,HIGH,True,True
2026-01-09 02:45:00+00:00,79.80065206621933,ADCS,1.0,0.703832119893479,0.9444444444444444,HIGH,True,True
2026-01-09 02:50:00+00:00,79.28635883945304,ADCS,1.0,0.6891970729358574,0.9444444444444444,HIGH,True,True
2026-01-09 02:55:00+00:00,79.16966448903995,ADCS,1.0,0.7827385045853683,0.9444444444444444,HIGH,True,True
2026-01-09 03:00:00+00:00,78.74609724146912,ADCS,1.0,0.6801097823580659,0.9444444444444444,HIGH,True,True
2026-01-09 03:05:00+00:00,78.84745711234311,ADCS,1.0,0.819969328983719,0.9444444444444444,HIGH,True,True
2026-01-09 03:10:00+00:00,77.36602679593885,ADCS,0.8571428571428571,0.8828417599921945,0.9444444444444444,HIGH,True,True
2026-01-09 03:15:00+00:00,77.54340738992143,ADCS,1.0,0.782518252063184,0.9444444444444444,HIGH,True,True
2026-01-09 03:20:00+00:00,77.79157334566432,ADCS,1.0,0.8097786383301195,0.9444444444444444,HIGH,True,True
2026-01-09 03:25:00+00:00,78.14047600163492,ADCS,1.0,0.856718497769368,0.9444444444444444,HIGH,True,True
2026-01-09 03:30:00+00:00,78.96999927095004,ADCS,1.0,0.9776192592312438,0.9642857142857142,HIGH,True,True
2026-01-09 03:35:00+00:00,79.69970432478974,ADCS,1.0,0.9899718148959658,0.9642857142857142,HIGH,True,True
2026-01-09 03:40:00+00:00,79.81350103505541,ADCS,1.0,0.8374710271059027,0.9642857142857142,HIGH,True,True
2026-01-09 03:45:00+00:00,80.14847799096087,ADCS,1.0,0.9028395769727962,0.9642857142857142,HIGH,True,True
2026-01-09 03:50:00+00:00,80.33947988153727,ADCS,1.0,0.8777157815158216,0.9642857142857142,HIGH,True,True
2026-01-09 03:55:00+00:00,80.12698349707458,ADCS,1.0,0.7339786549633848,0.984126984126984,HIGH,True,True
2026-01-09 04:00:00+00:00,79.95033422471228,ADCS,1.0,0.7264609813023962,0.984126984126984,HIGH,True,True
2026-01-09 04:05:00+00:00,80.02834784773246,ADCS,1.0,0.7705952274158578,0.984126984126984,HIGH,True,True
2026-01-09 04:10:00+00:00,80.21753776578832,ADCS,1.0,0.8148458812029711,0.9642857142857142,HIGH,True,True
2026-01-09 04:15:00+00:00,80.51847847268795,ADCS,1.0,0.925473812120351,0.9444444444444444,HIGH,True,True
2026-01-09 04:20:00+00:00,80.65046297114085,ADCS,1.0,0.8726104440743393,0.9642857142857142,HIGH,True,True
2026-01-09 04:25:00+00:00,80.68035373849746,ADCS,1.0,0.8305872281854043,0.9642857142857142,HIGH,True,True
2026-01-09 04:30:00+00:00,80.58870336016037,ADCS,1.0,0.8061064064500527,0.9642857142857142,HIGH,True,True
2026-01-09 04:35:00+00:00,80.56431928391655,ADCS,1.0,0.810439937668122,0.9444444444444444,HIGH,True,True
2026-01-09 04:40:00+00:00,80.39389203462979,ADCS,1.0,0.7591514179139701,0.9444444444444444,HIGH,True,True
2026-01-09 04:45:00+00:00,80.77330639847037,ADCS,1.0,0.9544414854604591,0.9444444444444444,HIGH,True,True
2026-01-09 04:50:00+00:00,80.65701458872392,ADCS,1.0,0.8265024691517563,0.9444444444444444,HIGH,True,True
2026-01-09 04:55:00+00:00,80.9336515903578,ADCS,1.0,0.891789544403271,0.9444444444444444,HIGH,True,True
2026-01-09 05:00:00+00:00,81.09049933211242,ADCS,1.0,0.9038053847382646,0.9444444444444444,HIGH,True,True
2026-01-09 05:05:00+00:00,81.39539679128018,ADCS,1.0,0.9459274590791877,0.9444444444444444,HIGH,True,True
2026-01-09 05:10:00+00:00,79.3865666989534,ADCS,0.8571428571428571,0.7858484429808739,0.9642857142857142,HIGH,True,True
2026-01-09 05:15:00+00:00,79.44668835157177,ADCS,1.0,0.7887236929212932,0.9642857142857142,HIGH,True,True
2026-01-09 05:20:00+00:00,80.04347359301862,ADCS,1.0,0.9397656549656977,0.9642857142857142,HIGH,True,True
2026-01-09 05:25:00+00:00,80.01047622910141,ADCS,1.0,0.7972432822690528,0.9642857142857142,HIGH,True,True
2026-01-09 05:30:00+00:00,80.32640797553456,ADCS,1.0,0.8974646215447553,0.9642857142857142,HIGH,True,True
2026-01-09 05:35:00+00:00,80.67108747499786,ADCS,1.0,0.9272833019851306,0.9642857142857142,HIGH,True,True
2026-01-09 05:40:00+00:00,81.0518163886504,ADCS,1.0,0.9469127838684066,0.9642857142857142,HIGH,True,True
2026-01-09 05:45:00+00:00,81.2832009076123,ADCS,1.0,0.8986128410737578,0.984126984126984,HIGH,True,True
2026-01-09 05:50:00+00:00,81.82952313986927,ADCS,1.0,1.0,0.984126984126984,HIGH,True,True
2026-01-09 05:55:00+00:00,81.81330610394431,ADCS,1.0,0.8611966279053304,0.984126984126984,HIGH,True,True
2026-01-09 06:00:00+00:00,82.22105816810102,ADCS,1.0,0.9798538916602066,0.984126984126984,HIGH,True,True
2026-01-09 06:05:00+00:00,82.47500158526492,ADCS,1.0,0.9512027218039516,0.984126984126984,HIGH,True,True
2026-01-09 06:10:00+00:00,82.20470655131369,ADCS,1.0,0.8032343451333102,0.984126984126984,HIGH,True,True
2026-01-09 06:15:00+00:00,82.61499126848139,ADCS,1.0,0.9509340632856303,1.0,HIGH,True,True
2026-01-09 06:20:00+00:00,82.34355114927025,ADCS,1.0,0.7562873433440933,1.0,HIGH,True,True
2026-01-09 06:25:00+00:00,82.18174151626823,ADCS,1.0,0.7738493356806929,1.0,HIGH,True,True
2026-01-09 06:30:00+00:00,82.48535974051586,ADCS,1.0,0.8892733174125853,1.0,HIGH,True,True
2026-01-09 06:35:00+00:00,83.04924288749883,ADCS,1.0,0.9522521458084788,1.0,HIGH,True,True
2026-01-09 06:40:00+00:00,83.57719529361523,ADCS,1.0,0.9727228250262722,1.0,HIGH,True,True
2026-01-09 06:45:00+00:00,83.7236093184337,ADCS,1.0,0.8726908555504733,1.0,HIGH,True,True
2026-01-09 06:50:00+00:00,83.5231903439665,ADCS,1.0,0.778094555386569,1.0,HIGH,True,True
2026-01-09 06:55:00+00:00,84.04201352043955,ADCS,1.0,0.9728903297564441,1.0,HIGH,True,True
2026-01-09 07:00:00+00:00,84.0291470926095,ADCS,1.0,0.8517938378242093,1.0,HIGH,True,True
2026-01-09 07:05:00+00:00,84.53178418083392,ADCS,1.0,0.9877831144757754,1.0,HIGH,True,True
2026-01-09 07:10:00+00:00,81.0974618758406,ADCS,0.7142857142857143,0.976544548013201,1.0,HIGH,True,True
2026-01-09 07:15:00+00:00,81.31653013086205,ADCS,1.0,0.8019690707033731,1.0,HIGH,True,True
2026-01-09 07:20:00+00:00,81.800071178621,ADCS,1.0,0.887243633259401,1.0,HIGH,True,True
2026-01-09 07:25:00+00:00,82.14131158413903,ADCS,1.0,0.8779888126918665,0.984126984126984,HIGH,True,True
2026-01-09 07:30:00+00:00,82.3125945300991,ADCS,1.0,0.8254786345666244,0.984126984126984,HIGH,True,True
2026-01-09 07:35:00+00:00,82.41161138044494,ADCS,1.0,0.8149106827748231,0.984126984126984,HIGH,True,True
2026-01-09 07:40:00+00:00,82.59827652547708,ADCS,1.0,0.8448039494353029,0.984126984126984,HIGH,True,True
2026-01-09 07:45:00+00:00,82.58746586651365,ADCS,1.0,0.7905167323926825,0.984126984126984,HIGH,True,True
2026-01-09 07:50:00+00:00,82.5984604351673,ADCS,1.0,0.7943529913289581,0.984126984126984,HIGH,True,True
2026-01-09 07:55:00+00:00,82.20299666720588,ADCS,1.0,0.7094354279593204,0.9642857142857142,HIGH,True,True
2026-01-09 08:00:00+00:00,82.08550170918652,ADCS,1.0,0.7743779261993285,0.9642857142857142,HIGH,True,True
2026-01-09 08:05:00+00:00,82.31878074442456,ADCS,1.0,0.8446728553694176,0.984126984126984,HIGH,True,True
2026-01-09 08:10:00+00:00,82.0191980077989,ADCS,1.0,0.7293166289962295,0.9642857142857142,HIGH,True,True
2026-01-09 08:15:00+00:00,82.08778538987892,ADCS,1.0,0.8263908745806395,0.9642857142857142,HIGH,True,True
2026-01-09 08:20:00+00:00,82.12210884077932,ADCS,1.0,0.816695633177335,0.9642857142857142,HIGH,True,True
2026-01-09 08:25:00+00:00,81.546848189708,ADCS,1.0,0.661587852763066,0.9444444444444444,HIGH,True,True
2026-01-09 08:30:00+00:00,81.28502091627513,ADCS,1.0,0.7346841300129242,0.9444444444444444,HIGH,True,True
2026-01-09 08:35:00+00:00,81.0513991939361,ADCS,1.0,0.7304468409703814,0.9444444444444444,HIGH,True,True
2026-01-09 08:40:00+00:00,81.1230546290622,ADCS,1.0,0.8107744997724944,0.9444444444444444,HIGH,True,True
2026-01-09 08:45:00+00:00,81.09697869578454,ADCS,1.0,0.7837755952571539,0.9444444444444444,HIGH,True,True
2026-01-09 08:50:00+00:00,81.45166851082094,ADCS,1.0,0.8945561853904103,0.9444444444444444,HIGH,True,True
2026-01-09 08:55:00+00:00,82.09433544821617,ADCS,1.0,0.9931464041184007,0.9444444444444444,HIGH,True,True
2026-01-09 09:00:00+00:00,82.06615814388785,ADCS,1.0,0.8194389696799276,0.9444444444444444,HIGH,True,True
2026-01-09 09:05:00+00:00,82.30675423153343,ADCS,1.0,0.9304550479839044,0.9246031746031745,HIGH,True,True
2026-01-09 09:10:00+00:00,80.44780731435901,ADCS,0.8571428571428571,0.8552269483498322,0.9246031746031745,HIGH,True,True
2026-01-09 09:15:00+00:00,80.25050127590481,ADCS,1.0,0.7260587709407585,0.9246031746031745,HIGH,True,True
2026-01-09 09:20:00+00:00,80.54192099775908,ADCS,1.0,0.869528560679084,0.9246031746031745,HIGH,True,True
2026-01-09 09:25:00+00:00,80.66360751694756,ADCS,1.0,0.8546936102332655,0.9087301587301586,HIGH,True,True
2026-01-09 09:30:00+00:00,80.56656929126176,ADCS,1.0,0.8002686219993748,0.9087301587301586,HIGH,True,True
2026-01-09 09:35:00+00:00,80.40796833022814,ADCS,1.0,0.7474989911274649,0.9285714285714285,HIGH,True,True
2026-01-09 09:40:00+00:00,80.46987002387478,ADCS,1.0,0.7638764412077869,0.9484126984126983,HIGH,True,True
2026-01-09 09:45:00+00:00,80.21831480048273,ADCS,1.0,0.7105949503376277,0.9285714285714285,HIGH,True,True
2026-01-09 09:50:00+00:00,80.30931927659154,ADCS,1.0,0.8558448195746543,0.8888888888888888,HIGH,True,True
2026-01-09 09:55:00+00:00,80.06214141647355,ADCS,1.0,0.7675960087378079,0.8888888888888888,HIGH,True,True
2026-01-09 10:00:00+00:00,80.2235830454006,ADCS,1.0,0.8753163201550463,0.8888888888888888,HIGH,True,True
2026-01-09 10:05:00+00:00,80.37592362864751,ADCS,1.0,0.8813545956311094,0.8888888888888888,HIGH,True,True
2026-01-09 10:10:00+00:00,80.3770029185715,ADCS,1.0,0.831795549470131,0.8888888888888888,HIGH,True,True
2026-01-09 10:15:00+00:00,80.29925641691655,ADCS,1.0,0.8044432374776197,0.8888888888888888,HIGH,True,True
2026-01-09 10:20:00+00:00,79.8036954922202,ADCS,1.0,0.6925464111938101,0.8888888888888888,HIGH,True,True
2026-01-09 10:25:00+00:00,79.37857646253103,ADCS,1.0,0.6864666318932203,0.8888888888888888,HIGH,True,True
2026-01-09 10:30:00+00:00,79.55861254424146,ADCS,1.0,0.8410791519022797,0.8888888888888888,HIGH,True,True
2026-01-09 10:35:00+00:00,80.09643481219061,ADCS,1.0,0.9586964425163886,0.9087301587301587,HIGH,True,True
2026-01-09 10:40:00+00:00,79.50389173009619,ADCS,1.0,0.671405552523108,0.9087301587301587,HIGH,True,True
2026-01-09 10:45:00+00:00,79.80749592367148,ADCS,1.0,0.9223160705438097,0.8888888888888888,HIGH,True,True
2026-01-09 10:50:00+00:00,79.75607844138534,ADCS,1.0,0.8614839064257863,0.8690476190476191,HIGH,True,True
2026-01-09 10:55:00+00:00,80.04354088017203,ADCS,1.0,1.0,0.8690476190476191,HIGH,True,True
2026-01-09 11:00:00+00:00,79.99329389047676,ADCS,1.0,0.9083233182041228,0.8690476190476191,HIGH,True,True
2026-01-09 11:05:00+00:00,80.25746941365142,ADCS,1.0,0.986493182069716,0.8690476190476191,HIGH,True,True
2026-01-09 11:10:00+00:00,78.64794128459796,ADCS,0.8571428571428571,1.0,0.8492063492063491,HIGH,True,True
2026-01-09 11:15:00+00:00,78.51245974945762,ADCS,1.0,0.813815443247871,0.8690476190476191,HIGH,True,True
2026-01-09 11:20:00+00:00,78.62484620805749,ADCS,1.0,0.8850741598886942,0.8690476190476191,HIGH,True,True
2026-01-09 11:25:00+00:00,78.55076049866875,ADCS,1.0,0.8362650279210517,0.8690476190476188,HIGH,True,True
2026-01-09 11:30:00+00:00,78.69246949410262,ADCS,1.0,0.9242486957993788,0.8492063492063491,HIGH,True,True
2026-01-09 11:35:00+00:00,78.75769375080425,ADCS,1.0,0.912446391532337,0.8650793650793651,HIGH,True,True
2026-01-09 11:40:00+00:00,78.46313036277611,ADCS,1.0,0.842548444320695,0.8452380952380951,HIGH,True,True
2026-01-09 11:45:00+00:00,78.5471995524368,ADCS,1.0,0.9652509277882975,0.8452380952380951,HIGH,True,True
2026-01-09 11:50:00+00:00,78.68667638214339,ADCS,1.0,0.9871108670728685,0.8452380952380951,HIGH,True,True
2026-01-09 11:55:00+00:00,78.12765923028039,ADCS,1.0,0.7906877650628559,0.8452380952380951,HIGH,True,True
2026-01-09 12:00:00+00:00,78.14181429968775,ADCS,1.0,0.9259139466927452,0.8452380952380951,HIGH,True,True
2026-01-09 12:05:00+00:00,77.48030478526401,ADCS,1.0,0.7282864535795198,0.8452380952380951,HIGH,True,True
2026-01-09 12:10:00+00:00,77.08874170690548,ADCS,1.0,0.7735060717433708,0.8452380952380951,HIGH,True,True
2026-01-09 12:15:00+00:00,76.54437958310042,ADCS,1.0,0.6983797211797463,0.8452380952380951,HIGH,True,True
2026-01-09 12:20:00+00:00,76.12578351790748,ADCS,1.0,0.702782973816591,0.8452380952380951,HIGH,True,True
2026-01-09 12:25:00+00:00,75.9528000564772,ADCS,1.0,0.7653307119800273,0.8452380952380951,HIGH,True,True
2026-01-09 12:30:00+00:00,75.9114512801855,ADCS,1.0,0.767856826385227,0.8650793650793651,HIGH,True,True
2026-01-09 12:35:00+00:00,75.81920128167353,ADCS,1.0,0.7416916499655306,0.8650793650793651,HIGH,True,True
2026-01-09 12:40:00+00:00,76.29896656179005,ADCS,1.0,0.9016358201290309,0.8650793650793651,HIGH,True,True
2026-01-09 12:45:00+00:00,76.32788363041591,ADCS,1.0,0.8117735635101698,0.8452380952380951,HIGH,True,True
2026-01-09 12:50:00+00:00,76.28668020291138,ADCS,1.0,0.7895589041475369,0.8452380952380951,HIGH,True,True
2026-01-09 12:55:00+00:00,76.96704879241845,ADCS,1.0,0.9968192136390477,0.8452380952380951,HIGH,True,True
2026-01-09 13:00:00+00:00,77.20532772328755,ADCS,1.0,0.9340874914466879,0.8253968253968254,HIGH,True,True
2026-01-09 13:05:00+00:00,77.34743872874724,ADCS,1.0,0.9271832181418151,0.8253968253968254,HIGH,True,True
2026-01-09 13:10:00+00:00,75.63621196483331,ADCS,0.8571428571428571,0.8536258065637008,0.8452380952380951,HIGH,True,True
2026-01-09 13:15:00+00:00,76.07298706753845,ADCS,1.0,0.9013431188446457,0.8452380952380951,HIGH,True,True
2026-01-09 13:20:00+00:00,76.57380558029959,ADCS,1.0,0.9499949280333625,0.8452380952380951,HIGH,True,True
2026-01-09 13:25:00+00:00,76.65711117083691,ADCS,1.0,0.8210490262848417,0.8650793650793651,HIGH,True,True
2026-01-09 13:30:00+00:00,77.07776512274987,ADCS,1.0,0.9240352758523425,0.8650793650793651,HIGH,True,True
2026-01-09 13:35:00+00:00,77.2464158672876,ADCS,1.0,0.877002350844583,0.8650793650793651,HIGH,True,True
2026-01-09 13:40:00+00:00,77.39131942967182,ADCS,1.0,0.8683770589847699,0.8650793650793651,HIGH,True,True
2026-01-09 13:45:00+00:00,77.82757660866945,ADCS,1.0,0.9550715694323031,0.8650793650793651,HIGH,True,True
2026-01-09 13:50:00+00:00,78.06058984018534,ADCS,1.0,0.9119031982401951,0.8650793650793651,HIGH,True,True
2026-01-09 13:55:00+00:00,78.36296701754512,ADCS,1.0,0.909587865828198,0.8849206349206349,HIGH,True,True
2026-01-09 14:00:00+00:00,78.87866442862091,ADCS,1.0,1.0,0.8849206349206349,HIGH,True,True
2026-01-09 14:05:00+00:00,79.32959151260127,ADCS,1.0,1.0,0.8849206349206349,HIGH,True,True
2026-01-09 14:10:00+00:00,79.58447782136788,ADCS,1.0,0.9391258231416822,0.9047619047619048,HIGH,True,True
2026-01-09 14:15:00+00:00,79.99819652767339,ADCS,1.0,1.0,0.9047619047619048,HIGH,True,True
2026-01-09 14:20:00+00:00,79.88399402718214,ADCS,1.0,0.8884250603969233,0.8849206349206349,HIGH,True,True
2026-01-09 14:25:00+00:00,80.16806375655534,ADCS,1.0,1.0,0.8849206349206349,HIGH,True,True
2026-01-09 14:30:00+00:00,80.0073678051571,ADCS,1.0,0.8862071143390944,0.8849206349206349,HIGH,True,True
2026-01-09 14:35:00+00:00,80.19841210560669,ADCS,1.0,0.9782402328452637,0.8849206349206349,HIGH,True,True
2026-01-09 14:40:00+00:00,80.42341533079274,ADCS,1.0,1.0,0.8849206349206349,HIGH,True,True
2026-01-09 14:45:00+00:00,80.62055612521401,ADCS,1.0,1.0,0.8849206349206349,HIGH,True,True
2026-01-09 14:50:00+00:00,80.54099985312682,ADCS,1.0,0.9242402435478032,0.8849206349206349,HIGH,True,True
2026-01-09 14:55:00+00:00,80.3882642311425,ADCS,1.0,0.8971606388509789,0.8849206349206349,HIGH,True,True
2026-01-09 15:00:00+00:00,80.60665685820423,ADCS,1.0,1.0,0.8849206349206349,HIGH,True,True
2026-01-09 15:05:00+00:00,80.90453691600277,ADCS,1.0,1.0,0.9047619047619048,HIGH,True,True
2026-01-09 15:10:00+00:00,77.32586076270773,ADCS,0.7142857142857143,0.9167248246089301,0.9047619047619048,HIGH,True,True
2026-01-09 15:15:00+00:00,77.68946632972816,ADCS,1.0,0.8735140811926886,0.9047619047619048,HIGH,True,True
2026-01-09 15:20:00+00:00,77.7633712987726,ADCS,1.0,0.800927520453579,0.9047619047619048,HIGH,True,True
2026-01-09 15:25:00+00:00,78.14241534348294,ADCS,1.0,0.9047274170085087,0.9047619047619048,HIGH,True,True
2026-01-09 15:30:00+00:00,78.410730315234,ADCS,1.0,0.8845115150056617,0.9047619047619048,HIGH,True,True
2026-01-09 15:35:00+00:00,78.82656394564316,ADCS,1.0,0.9345788942990891,0.9047619047619048,HIGH,True,True
2026-01-09 15:40:00+00:00,79.20758006756823,ADCS,1.0,0.9409046778723178,0.9047619047619048,HIGH,True,True
2026-01-09 15:45:00+00:00,79.72668677567508,ADCS,1.0,1.0,0.9047619047619048,HIGH,True,True
2026-01-09 15:50:00+00:00,80.24324719604346,ADCS,1.0,1.0,0.9246031746031745,HIGH,True,True
2026-01-09 15:55:00+00:00,80.08876308015111,ADCS,1.0,0.845532568956797,0.9047619047619048,HIGH,True,True
2026-01-09 16:00:00+00:00,80.00790387992419,ADCS,1.0,0.8565994574023144,0.9047619047619048,HIGH,True,True
2026-01-09 16:05:00+00:00,80.37178206475598,ADCS,1.0,0.9541152458926528,0.9246031746031745,HIGH,True,True
2026-01-09 16:10:00+00:00,80.59254051515141,ADCS,1.0,0.9143441532261343,0.9246031746031745,HIGH,True,True
2026-01-09 16:15:00+00:00,81.31303636701831,ADCS,1.0,1.0,0.9246031746031745,HIGH,True,True
2026-01-09 16:20:00+00:00,81.71311528813862,ADCS,1.0,1.0,0.9047619047619048,HIGH,True,True
2026-01-09 16:25:00+00:00,81.72205412076815,ADCS,1.0,0.9270531602781348,0.9047619047619048,HIGH,True,True
2026-01-09 16:30:00+00:00,81.86001258741831,ADCS,1.0,0.9981594115232705,0.9047619047619048,HIGH,True,True
2026-01-09 16:35:00+00:00,80.90532857363252,ADCS,1.0,0.7082759560390011,0.8849206349206349,HIGH,True,True
2026-01-09 16:40:00+00:00,80.32735675239599,ADCS,1.0,0.7816232495734772,0.8849206349206349,HIGH,True,True
2026-01-09 16:45:00+00:00,80.18869380771189,ADCS,1.0,0.8626219926726967,0.9047619047619048,HIGH,True,True
2026-01-09 16:50:00+00:00,79.7777279548167,ADCS,1.0,0.7750722147117612,0.9047619047619048,HIGH,True,True
2026-01-09 16:55:00+00:00,79.41865050165289,ADCS,1.0,0.7675369345142138,0.9047619047619048,HIGH,True,True
2026-01-09 17:00:00+00:00,79.27572439229559,ADCS,1.0,0.8041722876518387,0.9047619047619048,HIGH,True,True
2026-01-09 17:05:00+00:00,79.54912108011457,ADCS,1.0,0.9277946602373409,0.9047619047619048,HIGH,True,True
2026-01-09 17:10:00+00:00,78.03739216239944,ADCS,0.8571428571428571,0.8866985771241599,0.9246031746031745,HIGH,True,True
2026-01-09 17:15:00+00:00,78.03439135265103,ADCS,1.0,0.7083940991834993,0.9246031746031745,HIGH,True,True
2026-01-09 17:20:00+00:00,78.46314554021775,ADCS,1.0,0.7675564321618391,0.9444444444444444,HIGH,True,True
2026-01-09 17:25:00+00:00,79.0464392881917,ADCS,1.0,0.8418647214070574,0.9444444444444444,HIGH,True,True
2026-01-09 17:30:00+00:00,78.9805214917615,ADCS,1.0,0.6787895492865926,0.9444444444444444,HIGH,True,True
2026-01-09 17:35:00+00:00,79.72609605407249,ADCS,1.0,0.8823187247715623,0.9642857142857142,HIGH,True,True
2026-01-09 17:40:00+00:00,80.48290802459003,ADCS,1.0,0.9184321830401507,0.9642857142857142,HIGH,True,True
2026-01-09 17:45:00+00:00,80.8136892734121,ADCS,1.0,0.8331027302324747,0.9642857142857142,HIGH,True,True
2026-01-09 17:50:00+00:00,81.14612914950128,ADCS,1.0,0.8754766270543478,0.9444444444444444,HIGH,True,True
2026-01-09 17:55:00+00:00,81.27590672647277,ADCS,1.0,0.8275528717201144,0.9444444444444444,HIGH,True,True
2026-01-09 18:00:00+00:00,81.14815718982877,ADCS,1.0,0.8201196710358063,0.9246031746031745,HIGH,True,True
2026-01-09 18:05:00+00:00,81.18554213334393,ADCS,1.0,0.8661434190357572,0.9246031746031745,HIGH,True,True
2026-01-09 18:10:00+00:00,80.94327880393399,ADCS,1.0,0.8223349305208545,0.9246031746031745,HIGH,True,True
2026-01-09 18:15:00+00:00,80.94692593100285,ADCS,1.0,0.8959544782787805,0.9246031746031745,HIGH,True,True
2026-01-09 18:20:00+00:00,80.94691934144147,ADCS,1.0,0.9104538660395249,0.9246031746031745,HIGH,True,True
2026-01-09 18:25:00+00:00,80.68262017265012,ADCS,1.0,0.8296137292835576,0.9246031746031745,HIGH,True,True
2026-01-09 18:30:00+00:00,80.6522918686539,ADCS,1.0,0.8520683534851664,0.9444444444444444,HIGH,True,True
2026-01-09 18:35:00+00:00,80.81128397778818,ADCS,1.0,0.8729880426391226,0.9642857142857142,HIGH,True,True
2026-01-09 18:40:00+00:00,80.93846825077279,ADCS,1.0,0.8685551491650181,0.9642857142857142,HIGH,True,True
2026-01-09 18:45:00+00:00,81.58496216268504,ADCS,1.0,0.9842582974304233,0.984126984126984,HIGH,True,True
2026-01-09 18:50:00+00:00,81.8309111704123,ADCS,1.0,0.902827749451354,0.984126984126984,HIGH,True,True
2026-01-09 18:55:00+00:00,81.89486936225516,ADCS,1.0,0.8501796815694895,0.984126984126984,HIGH,True,True
2026-01-09 19:00:00+00:00,82.00430139217853,ADCS,1.0,0.8811047883683351,0.984126984126984,HIGH,True,True
2026-01-09 19:05:00+00:00,82.23654036915728,ADCS,1.0,0.9050550134938626,0.984126984126984,HIGH,True,True
2026-01-09 19:10:00+00:00,80.38534759959832,ADCS,0.8571428571428571,0.8406274509831005,0.984126984126984,HIGH,True,True
2026-01-09 19:15:00+00:00,80.81839872076316,ADCS,1.0,0.9108686772219826,0.984126984126984,HIGH,True,True
2026-01-09 19:20:00+00:00,81.16754863054996,ADCS,1.0,0.9047560779900066,0.984126984126984,HIGH,True,True
2026-01-09 19:25:00+00:00,81.38250296310775,ADCS,1.0,0.8851915535215504,0.984126984126984,HIGH,True,True
2026-01-09 19:30:00+00:00,81.72098179696059,ADCS,1.0,0.9595620739003473,0.9642857142857142,HIGH,True,True
2026-01-09 19:35:00+00:00,81.43461306776167,ADCS,1.0,0.7790677774137981,0.9642857142857142,HIGH,True,True
2026-01-09 19:40:00+00:00,81.23063906355561,ADCS,1.0,0.7995646543598156,0.9642857142857142,HIGH,True,True
2026-01-09 19:45:00+00:00,81.12596386582396,ADCS,1.0,0.8161087448021884,0.9642857142857142,HIGH,True,True
2026-01-09 19:50:00+00:00,80.87974551532169,ADCS,1.0,0.797959168298668,0.9444444444444444,HIGH,True,True
2026-01-09 19:55:00+00:00,80.79711606719725,ADCS,1.0,0.8378801274320222,0.9444444444444444,HIGH,True,True
2026-01-09 20:00:00+00:00,81.05703482994701,ADCS,1.0,0.9383236389534789,0.9444444444444444,HIGH,True,True
2026-01-09 20:05:00+00:00,81.46711971648757,ADCS,1.0,1.0,0.9444444444444444,HIGH,True,True
2026-01-09 20:10:00+00:00,81.74179551839345,ADCS,1.0,0.9872389153442144,0.9246031746031745,HIGH,True,True
2026-01-09 20:15:00+00:00,81.56694887170455,ADCS,1.0,0.8818810046421636,0.9246031746031745,HIGH,True,True
2026-01-09 20:20:00+00:00,81.82797211873313,ADCS,1.0,0.9621072661595508,0.9444444444444444,HIGH,True,True
2026-01-09 20:25:00+00:00,82.15761292567909,ADCS,1.0,1.0,0.9444444444444444,HIGH,True,True
2026-01-09 20:30:00+00:00,82.37109904493826,ADCS,1.0,0.9859674155794694,0.9444444444444444,HIGH,True,True
2026-01-09 20:35:00+00:00,82.61867783739267,ADCS,1.0,1.0,0.9444444444444444,HIGH,True,True
2026-01-09 20:40:00+00:00,82.80169289977333,ADCS,1.0,1.0,0.9444444444444444,HIGH,True,True
2026-01-09 20:45:00+00:00,83.0074402374341,ADCS,1.0,1.0,0.9444444444444444,HIGH,True,True
2026-01-09 20:50:00+00:00,83.18107316448281,ADCS,1.0,1.0,0.9444444444444444,HIGH,True,True
2026-01-09 20:55:00+00:00,83.23299082258184,ADCS,1.0,1.0,0.9246031746031745,HIGH,True,True
2026-01-09 21:00:00+00:00,83.2646244059804,ADCS,1.0,1.0,0.9246031746031745,HIGH,True,True
2026-01-09 21:05:00+00:00,83.2608559755171,ADCS,1.0,1.0,0.9246031746031745,HIGH,True,True
2026-01-09 21:10:00+00:00,81.42265004982669,ADCS,0.8571428571428571,1.0,0.9246031746031745,HIGH,True,True
2026-01-09 21:15:00+00:00,81.67244252724925,ADCS,1.0,0.9845083377025795,0.9246031746031745,HIGH,True,True
2026-01-09 21:20:00+00:00,81.87802259762076,ADCS,1.0,1.0,0.9246031746031745,HIGH,True,True
2026-01-09 21:25:00+00:00,82.05754337641271,ADCS,1.0,1.0,0.9246031746031745,HIGH,True,True
2026-01-09 21:30:00+00:00,81.78725031895529,ADCS,1.0,0.8846739397774346,0.9246031746031745,HIGH,True,True
2026-01-09 21:35:00+00:00,82.00408394251969,ADCS,1.0,1.0,0.9246031746031745,HIGH,True,True
2026-01-09 21:40:00+00:00,82.07409433201934,ADCS,1.0,0.9729048258596835,0.9246031746031745,HIGH,True,True
2026-01-09 21:45:00+00:00,82.17732544597878,ADCS,1.0,0.9880419259729363,0.9246031746031745,HIGH,True,True
2026-01-09 21:50:00+00:00,81.8234101162347,ADCS,1.0,0.8560908397546886,0.9246031746031745,HIGH,True,True
2026-01-09 21:55:00+00:00,81.91340234816994,ADCS,1.0,0.9388835024296529,0.9444444444444444,HIGH,True,True
2026-01-09 22:00:00+00:00,81.57678476478095,ADCS,1.0,0.812602861596597,0.9444444444444444,HIGH,True,True
2026-01-09 22:05:00+00:00,81.41577727652998,ADCS,1.0,0.8516041149421049,0.9444444444444444,HIGH,True,True
2026-01-09 22:10:00+00:00,81.25991621849096,ADCS,1.0,0.8455050588929987,0.9444444444444444,HIGH,True,True
2026-01-09 22:15:00+00:00,80.47942723148749,ADCS,1.0,0.6513919229528509,0.9444444444444444,HIGH,True,True
2026-01-09 22:20:00+00:00,79.91774966117724,ADCS,1.0,0.686180214235387,0.9444444444444444,HIGH,True,True
2026-01-09 22:25:00+00:00,80.2787177290379,ADCS,1.0,0.9348344569877259,0.9444444444444444,HIGH,True,True
2026-01-09 22:30:00+00:00,80.22465623833,ADCS,1.0,0.8242655090977916,0.9444444444444444,HIGH,True,True
2026-01-09 22:35:00+00:00,80.36153725283206,ADCS,1.0,0.8496878049458358,0.9642857142857142,HIGH,True,True
2026-01-09 22:40:00+00:00,80.35080101243146,ADCS,1.0,0.8159587615515218,0.9642857142857142,HIGH,True,True
2026-01-09 22:45:00+00:00,80.5402574000701,ADCS,1.0,0.8676212596144072,0.9642857142857142,HIGH,True,True
2026-01-09 22:50:00+00:00,80.75009687420417,ADCS,1.0,0.8454127079797062,0.984126984126984,HIGH,True,True
2026-01-09 22:55:00+00:00,80.6513281248704,ADCS,1.0,0.7594290389109161,0.984126984126984,HIGH,True,True
2026-01-09 23:00:00+00:00,80.8272776765212,ADCS,1.0,0.8515676632446263,0.984126984126984,HIGH,True,True
2026-01-09 23:05:00+00:00,80.81276449074569,ADCS,1.0,0.8015474115100272,0.984126984126984,HIGH,True,True
2026-01-09 23:10:00+00:00,77.13962315760921,ADCS,0.7142857142857143,0.784748757066367,0.9642857142857142,HIGH,True,True
2026-01-09 23:15:00+00:00,77.40106387374931,ADCS,1.0,0.7434265373079483,0.9642857142857142,HIGH,True,True
2026-01-09 23:20:00+00:00,77.88815608652446,ADCS,1.0,0.8343204907026383,0.9642857142857142,HIGH,True,True
2026-01-09 23:25:00+00:00,78.55327466491906,ADCS,1.0,0.9072217928427281,0.9642857142857142,HIGH,True,True
2026-01-09 23:30:00+00:00,78.82095766705689,ADCS,1.0,0.822814404039801,0.9642857142857142,HIGH,True,True
2026-01-09 23:35:00+00:00,78.75520281636508,ADCS,1.0,0.7333807995222523,0.9642857142857142,HIGH,True,True
2026-01-09 23:40:00+00:00,79.14087942015937,ADCS,1.0,0.8617833557564064,0.9642857142857142,HIGH,True,True
2026-01-09 23:45:00+00:00,79.20840443998462,ADCS,1.0,0.7868939744874235,0.9642857142857142,HIGH,True,True
2026-01-09 23:50:00+00:00,79.29207058633415,ADCS,1.0,0.7586037952554784,0.984126984126984,HIGH,True,True
2026-01-09 23:55:00+00:00,79.15183416126509,ADCS,1.0,0.6944225688086499,0.984126984126984,HIGH,True,True
2026-01-10 00:00:00+00:00,79.6913137169667,ADCS,1.0,0.8690765440739757,1.0,HIGH,True,True
2026-01-10 00:05:00+00:00,79.94958461114456,ADCS,1.0,0.835762914592322,0.984126984126984,HIGH,True,True
2026-01-10 00:10:00+00:00,80.22136316561938,ADCS,1.0,0.8488819203840773,0.984126984126984,HIGH,True,True
2026-01-10 00:15:00+00:00,80.2349214764578,ADCS,1.0,0.7860432849925332,0.984126984126984,HIGH,True,True
2026-01-10 00:20:00+00:00,80.22711711736089,ADCS,1.0,0.7754906233736211,0.984126984126984,HIGH,True,True
2026-01-10 00:25:00+00:00,80.3500899702943,ADCS,1.0,0.8160490415318516,0.984126984126984,HIGH,True,True
2026-01-10 00:30:00+00:00,80.78799538631202,ADCS,1.0,0.9164547752035773,0.984126984126984,HIGH,True,True
2026-01-10 00:35:00+00:00,81.30289803856735,ADCS,1.0,0.9547740116864241,0.984126984126984,HIGH,True,True
2026-01-10 00:40:00+00:00,81.3391941962566,ADCS,1.0,0.8641723854279579,0.9642857142857142,HIGH,True,True
2026-01-10 00:45:00+00:00,81.33416464548361,ADCS,1.0,0.8449676712535709,0.9642857142857142,HIGH,True,True
2026-01-10 00:50:00+00:00,81.37225773351737,ADCS,1.0,0.8716719483040908,0.9642857142857142,HIGH,True,True
2026-01-10 00:55:00+00:00,81.0080941577597,ADCS,1.0,0.7547946413964586,0.9642857142857142,HIGH,True,True
2026-01-10 01:00:00+00:00,81.15789343713355,ADCS,1.0,0.8935282817050686,0.9642857142857142,HIGH,True,True
2026-01-10 01:05:00+00:00,81.33519718246104,ADCS,1.0,0.9093801491694211,0.9642857142857142,HIGH,True,True
2026-01-10 01:10:00+00:00,79.41727659153928,ADCS,0.8571428571428571,0.8136170622247114,0.9642857142857142,HIGH,True,True
2026-01-10 01:15:00+00:00,79.61557670200254,ADCS,1.0,0.8357368788769052,0.9642857142857142,HIGH,True,True
2026-01-10 01:20:00+00:00,79.88750331876321,ADCS,1.0,0.8476014298204839,0.9642857142857142,HIGH,True,True
2026-01-10 01:25:00+00:00,80.32136856851382,ADCS,1.0,0.8359929148619477,0.9642857142857142,HIGH,True,True
2026-01-10 01:30:00+00:00,80.56256403712706,ADCS,1.0,0.753417431355336,0.984126984126984,HIGH,True,True
2026-01-10 01:35:00+00:00,81.35654064836912,ADCS,1.0,0.935077754066125,0.984126984126984,HIGH,True,True
2026-01-10 01:40:00+00:00,81.8952680709817,ADCS,1.0,0.8961305418363902,0.984126984126984,HIGH,True,True
2026-01-10 01:45:00+00:00,82.30485759478066,ADCS,1.0,0.8880522041584225,0.984126984126984,HIGH,True,True
2026-01-10 01:50:00+00:00,82.19286327107248,ADCS,1.0,0.7489843251867402,0.984126984126984,HIGH,True,True
2026-01-10 01:55:00+00:00,82.83467075586205,ADCS,1.0,0.9683177854065848,0.984126984126984,HIGH,True,True
2026-01-10 02:00:00+00:00,83.16706778793241,ADCS,1.0,0.9037359831844683,0.984126984126984,HIGH,True,True
2026-01-10 02:05:00+00:00,83.28016525620772,ADCS,1.0,0.8571312966034478,0.984126984126984,HIGH,True,True
2026-01-10 02:10:00+00:00,83.56248379430717,ADCS,1.0,0.8898522001468645,1.0,HIGH,True,True
2026-01-10 02:15:00+00:00,83.85013100535384,ADCS,1.0,0.9048334272154893,1.0,HIGH,True,True
2026-01-10 02:20:00+00:00,83.92726419881956,ADCS,1.0,0.8695072384686257,0.984126984126984,HIGH,True,True
2026-01-10 02:25:00+00:00,84.36613979305092,ADCS,1.0,0.966077804385547,1.0,HIGH,True,True
2026-01-10 02:30:00+00:00,84.23452973646566,ADCS,1.0,0.8137399249319912,1.0,HIGH,True,True
2026-01-10 02:35:00+00:00,84.31468055681712,ADCS,1.0,0.8706142870154245,1.0,HIGH,True,True
2026-01-10 02:40:00+00:00,84.62753624023829,ADCS,1.0,0.9402275756620371,1.0,HIGH,True,True
2026-01-10 02:45:00+00:00,85.08206633323695,ADCS,1.0,1.0,1.0,CRITICAL,True,True
2026-01-10 02:50:00+00:00,85.31849507307568,ADCS,1.0,0.9827650978894252,0.984126984126984,CRITICAL,True,True
2026-01-10 02:55:00+00:00,85.26611579672709,ADCS,1.0,0.881471205590651,1.0,CRITICAL,True,True
2026-01-10 03:00:00+00:00,85.4915428397158,ADCS,1.0,0.9618918572122975,1.0,CRITICAL,True,True
2026-01-10 03:05:00+00:00,85.31925453526739,ADCS,1.0,0.8569905764937629,1.0,CRITICAL,True,True
2026-01-10 03:10:00+00:00,83.3011544864292,ADCS,0.8571428571428571,0.8455854670256574,1.0,HIGH,True,True
2026-01-10 03:15:00+00:00,83.61519185705228,ADCS,1.0,0.8992735434185787,1.0,HIGH,True,True
2026-01-10 03:20:00+00:00,83.4799259132823,ADCS,1.0,0.7813290142157389,1.0,HIGH,True,True
2026-01-10 03:25:00+00:00,83.54686502886776,ADCS,1.0,0.8361156646668761,1.0,HIGH,True,True
2026-01-10 03:30:00+00:00,83.62615989608756,ADCS,1.0,0.842847161864969,1.0,HIGH,True,True
2026-01-10 03:35:00+00:00,83.73084871345219,ADCS,1.0,0.854017621848018,1.0,HIGH,True,True
2026-01-10 03:40:00+00:00,84.31071814215184,ADCS,1.0,1.0,1.0,HIGH,True,True
2026-01-10 03:45:00+00:00,84.4992648390556,ADCS,1.0,0.9080295173539883,1.0,HIGH,True,True
2026-01-10 03:50:00+00:00,84.4259465694195,ADCS,1.0,0.8644028501376111,0.984126984126984,HIGH,True,True
2026-01-10 03:55:00+00:00,84.23181122316097,ADCS,1.0,0.8245555487547586,0.984126984126984,HIGH,True,True
2026-01-10 04:00:00+00:00,84.33005480880131,ADCS,1.0,0.9031475701097275,0.984126984126984,HIGH,True,True
2026-01-10 04:05:00+00:00,84.10286055984443,ADCS,1.0,0.810910631366942,0.984126984126984,HIGH,True,True
2026-01-10 04:10:00+00:00,84.02697795009792,ADCS,1.0,0.847551046950747,0.984126984126984,HIGH,True,True
2026-01-10 04:15:00+00:00,83.93884266245772,ADCS,1.0,0.8404413319310713,0.984126984126984,HIGH,True,True
2026-01-10 04:20:00+00:00,83.86386688732078,ADCS,1.0,0.8149257199573797,1.0,HIGH,True,True
2026-01-10 04:25:00+00:00,83.88139340621751,ADCS,1.0,0.8346696716811527,1.0,HIGH,True,True
2026-01-10 04:30:00+00:00,83.56089517774474,ADCS,1.0,0.7393442249666003,1.0,HIGH,True,True
2026-01-10 04:35:00+00:00,82.95837626966262,ADCS,1.0,0.6601577941095436,0.984126984126984,HIGH,True,True
2026-01-10 04:40:00+00:00,82.74654071532419,ADCS,1.0,0.753878364725407,0.984126984126984,HIGH,True,True
2026-01-10 04:45:00+00:00,82.58511052549603,ADCS,1.0,0.7578522381175967,0.984126984126984,HIGH,True,True
2026-01-10 04:50:00+00:00,82.68810471360624,ADCS,1.0,0.8255087230314498,0.984126984126984,HIGH,True,True
2026-01-10 04:55:00+00:00,82.41058183163143,ADCS,1.0,0.7198567730883259,0.984126984126984,HIGH,True,True
2026-01-10 05:00:00+00:00,82.40824566368724,ADCS,1.0,0.7910565908912058,0.984126984126984,HIGH,True,True
2026-01-10 05:05:00+00:00,82.45176416119959,ADCS,1.0,0.8016624178219651,0.984126984126984,HIGH,True,True
2026-01-10 05:10:00+00:00,81.07064051029951,ADCS,0.8571428571428571,0.9161544094616135,1.0,HIGH,True,True
2026-01-10 05:15:00+00:00,81.45399853588755,ADCS,1.0,0.8439815853510855,0.984126984126984,HIGH,True,True
2026-01-10 05:20:00+00:00,81.60577108206652,ADCS,1.0,0.7909666169476293,0.984126984126984,HIGH,True,True
2026-01-10 05:25:00+00:00,82.16666962837743,ADCS,1.0,0.9211677529382765,0.984126984126984,HIGH,True,True
2026-01-10 05:30:00+00:00,81.95589693070865,ADCS,1.0,0.784951153198127,0.9642857142857142,HIGH,True,True
2026-01-10 05:35:00+00:00,81.66605304558817,ADCS,1.0,0.7976298801332237,0.9642857142857142,HIGH,True,True
2026-01-10 05:40:00+00:00,81.38723290562658,ADCS,1.0,0.7891786656768748,0.9642857142857142,HIGH,True,True
2026-01-10 05:45:00+00:00,81.30686854348961,ADCS,1.0,0.8318584258596667,0.9642857142857142,HIGH,True,True
2026-01-10 05:50:00+00:00,81.0205877944175,ADCS,1.0,0.751759142504424,0.9642857142857142,HIGH,True,True
2026-01-10 05:55:00+00:00,80.89607863462834,ADCS,1.0,0.7944416703842774,0.9642857142857142,HIGH,True,True
2026-01-10 06:00:00+00:00,81.09305809434461,ADCS,1.0,0.8828453583387457,0.9642857142857142,HIGH,True,True
2026-01-10 06:05:00+00:00,81.55452133703538,ADCS,1.0,0.9412640498610324,0.984126984126984,HIGH,True,True
2026-01-10 06:10:00+00:00,81.68617009172814,ADCS,1.0,0.893847970042288,0.9642857142857142,HIGH,True,True
2026-01-10 06:15:00+00:00,81.93984413794779,ADCS,1.0,0.938712218224396,0.9642857142857142,HIGH,True,True
2026-01-10 06:20:00+00:00,82.2734589166149,ADCS,1.0,0.9532174173471741,0.9642857142857142,HIGH,True,True
2026-01-10 06:25:00+00:00,82.77628911476077,ADCS,1.0,0.9630171827628385,0.9642857142857142,HIGH,True,True
2026-01-10 06:30:00+00:00,83.33365059518377,ADCS,1.0,1.0,0.9642857142857142,HIGH,True,True
2026-01-10 06:35:00+00:00,83.6370571648006,ADCS,1.0,0.9493473450309632,0.9642857142857142,HIGH,True,True
2026-01-10 06:40:00+00:00,83.9734891301055,ADCS,1.0,0.9700070798710111,0.984126984126984,HIGH,True,True
2026-01-10 06:45:00+00:00,84.20733773916356,ADCS,1.0,1.0,0.9642857142857142,HIGH,True,True
2026-01-10 06:50:00+00:00,84.37032600397583,ADCS,1.0,1.0,0.9642857142857142,HIGH,True,True
2026-01-10 06:55:00+00:00,84.02642478410239,ADCS,1.0,0.8787036195355055,0.9444444444444444,HIGH,True,True
2026-01-10 07:00:00+00:00,83.8739985490382,ADCS,1.0,0.9276400450800585,0.9444444444444444,HIGH,True,True
2026-01-10 07:05:00+00:00,83.69892226607523,ADCS,1.0,0.9213028582271962,0.9444444444444444,HIGH,True,True
2026-01-10 07:10:00+00:00,79.86240823980228,ADCS,0.7142857142857143,0.9048870355439717,0.9444444444444444,HIGH,True,True
2026-01-10 07:15:00+00:00,79.89437088023011,ADCS,1.0,0.807730486455754,0.9444444444444444,HIGH,True,True
2026-01-10 07:20:00+00:00,79.93766109614093,ADCS,1.0,0.8117322115777006,0.9444444444444444,HIGH,True,True
2026-01-10 07:25:00+00:00,80.1842669931306,ADCS,1.0,0.8682611301745605,0.9444444444444444,HIGH,True,True
2026-01-10 07:30:00+00:00,79.91998423458418,ADCS,1.0,0.7376667955131532,0.9444444444444444,HIGH,True,True
2026-01-10 07:35:00+00:00,79.81412924845895,ADCS,1.0,0.760319011415183,0.9444444444444444,HIGH,True,True
2026-01-10 07:40:00+00:00,79.41998432220397,ADCS,1.0,0.7073993834621578,0.9246031746031745,HIGH,True,True
2026-01-10 07:45:00+00:00,79.72000565302679,ADCS,1.0,0.8941165642582729,0.9246031746031745,HIGH,True,True
2026-01-10 07:50:00+00:00,79.5852701914571,ADCS,1.0,0.7472301726430343,0.9444444444444444,HIGH,True,True
2026-01-10 07:55:00+00:00,79.74776644133122,ADCS,1.0,0.8337483799253586,0.9444444444444444,HIGH,True,True
2026-01-10 08:00:00+00:00,80.13185863264223,ADCS,1.0,0.8988322998104058,0.9444444444444444,HIGH,True,True
2026-01-10 08:05:00+00:00,80.49229218040325,ADCS,1.0,0.9070639100112592,0.9444444444444444,HIGH,True,True
2026-01-10 08:10:00+00:00,80.90459862819152,ADCS,1.0,0.9364828118532726,0.9444444444444444,HIGH,True,True
2026-01-10 08:15:00+00:00,81.149576658771,ADCS,1.0,0.9358854551047625,0.9246031746031745,HIGH,True,True
2026-01-10 08:20:00+00:00,81.09423408845971,ADCS,1.0,0.8305094668330493,0.9444444444444444,HIGH,True,True
2026-01-10 08:25:00+00:00,80.98098984358406,ADCS,1.0,0.837592837647351,0.9246031746031745,HIGH,True,True
2026-01-10 08:30:00+00:00,81.04108792515711,ADCS,1.0,0.8840609531424823,0.9246031746031745,HIGH,True,True
2026-01-10 08:35:00+00:00,81.13279109912826,ADCS,1.0,0.9011442259170005,0.9246031746031745,HIGH,True,True
2026-01-10 08:40:00+00:00,81.09981903903598,ADCS,1.0,0.8747790649942854,0.9246031746031745,HIGH,True,True
2026-01-10 08:45:00+00:00,80.96394908060032,ADCS,1.0,0.8802481669884562,0.9047619047619048,HIGH,True,True
2026-01-10 08:50:00+00:00,81.27297993762154,ADCS,1.0,0.9689326751012326,0.9246031746031745,HIGH,True,True
2026-01-10 08:55:00+00:00,80.83021095228958,ADCS,1.0,0.7652656419109424,0.9246031746031745,HIGH,True,True
2026-01-10 09:00:00+00:00,80.95191093055581,ADCS,1.0,0.9175731564815349,0.9246031746031745,HIGH,True,True
2026-01-10 09:05:00+00:00,80.42427174066594,ADCS,1.0,0.754370250215425,0.9047619047619048,HIGH,True,True
2026-01-10 09:10:00+00:00,78.38476131758107,ADCS,0.8571428571428571,0.8144228752970012,0.8849206349206349,HIGH,True,True
2026-01-10 09:15:00+00:00,78.8262289115869,ADCS,1.0,0.8914073385731944,0.8849206349206349,HIGH,True,True
2026-01-10 09:20:00+00:00,78.38745774192084,ADCS,1.0,0.7291005700220425,0.8849206349206349,HIGH,True,True
2026-01-10 09:25:00+00:00,78.82936327925384,ADCS,1.0,0.9667526113183722,0.8849206349206349,HIGH,True,True
2026-01-10 09:30:00+00:00,78.88905467314595,ADCS,1.0,0.8713517767839852,0.8849206349206349,HIGH,True,True
2026-01-10 09:35:00+00:00,79.05433360857664,ADCS,1.0,0.9191342718270965,0.8849206349206349,HIGH,True,True
2026-01-10 09:40:00+00:00,78.98575018535898,ADCS,1.0,0.8559622001911344,0.8849206349206349,HIGH,True,True
2026-01-10 09:45:00+00:00,78.68809484874271,ADCS,1.0,0.7874763896496106,0.8849206349206349,HIGH,True,True
2026-01-10 09:50:00+00:00,78.60161832086666,ADCS,1.0,0.8083344728264468,0.9047619047619048,HIGH,True,True
2026-01-10 09:55:00+00:00,78.1977470127811,ADCS,1.0,0.7041251498697874,0.9047619047619048,HIGH,True,True
2026-01-10 10:00:00+00:00,78.07281657205485,ADCS,1.0,0.796430979236802,0.8849206349206349,HIGH,True,True
2026-01-10 10:05:00+00:00,78.02119011120682,ADCS,1.0,0.81164900313804,0.8849206349206349,HIGH,True,True
2026-01-10 10:10:00+00:00,78.14984639097263,ADCS,1.0,0.8654435756372835,0.8849206349206349,HIGH,True,True
2026-01-10 10:15:00+00:00,78.423556889267,ADCS,1.0,0.9120874233710873,0.8849206349206349,HIGH,True,True
2026-01-10 10:20:00+00:00,78.2153965557103,ADCS,1.0,0.8188570414147717,0.8650793650793651,HIGH,True,True
2026-01-10 10:25:00+00:00,77.8181811697118,ADCS,1.0,0.7522133487288475,0.8650793650793651,HIGH,True,True
2026-01-10 10:30:00+00:00,77.6610077263866,ADCS,1.0,0.8050792230412059,0.8650793650793651,HIGH,True,True
2026-01-10 10:35:00+00:00,77.2645004426228,ADCS,1.0,0.6915303371360858,0.8849206349206349,HIGH,True,True
2026-01-10 10:40:00+00:00,77.21366396439981,ADCS,1.0,0.7807828337050218,0.8849206349206349,HIGH,True,True
2026-01-10 10:45:00+00:00,76.80175594146417,ADCS,1.0,0.671245158432696,0.8849206349206349,HIGH,True,True
2026-01-10 10:50:00+00:00,77.01987677686853,ADCS,1.0,0.8100120963595597,0.9047619047619048,HIGH,True,True
2026-01-10 10:55:00+00:00,77.09025184196243,ADCS,1.0,0.760129310753196,0.9047619047619048,HIGH,True,True
2026-01-10 11:00:00+00:00,77.0721034135652,ADCS,1.0,0.7830745129230516,0.8849206349206349,HIGH,True,True
2026-01-10 11:05:00+00:00,77.12158513844736,ADCS,1.0,0.8032519744919521,0.8849206349206349,HIGH,True,True
2026-01-10 11:10:00+00:00,75.25313977953729,ADCS,0.8571428571428571,0.7334847598937863,0.8849206349206349,HIGH,True,True
2026-01-10 11:15:00+00:00,75.38557295024911,ADCS,1.0,0.7766244466687626,0.8650793650793651,HIGH,True,True
2026-01-10 11:20:00+00:00,75.67464366893644,ADCS,1.0,0.8275426122870201,0.8650793650793651,HIGH,True,True
2026-01-10 11:25:00+00:00,75.95564868305321,ADCS,1.0,0.7975216823523806,0.8849206349206349,HIGH,True,True
2026-01-10 11:30:00+00:00,76.35267174368467,ADCS,1.0,0.8239265303972575,0.9047619047619048,HIGH,True,True
2026-01-10 11:35:00+00:00,76.76116294677642,ADCS,1.0,0.8445644051342661,0.9047619047619048,HIGH,True,True
2026-01-10 11:40:00+00:00,76.69600717386265,ADCS,1.0,0.7516145270514948,0.8849206349206349,HIGH,True,True
2026-01-10 11:45:00+00:00,76.97406977179688,ADCS,1.0,0.8526080516293101,0.8849206349206349,HIGH,True,True
2026-01-10 11:50:00+00:00,76.9198287218284,ADCS,1.0,0.7678448054875389,0.8849206349206349,HIGH,True,True
2026-01-10 11:55:00+00:00,76.68652116790084,ADCS,1.0,0.7149228885446112,0.8849206349206349,HIGH,True,True
2026-01-10 12:00:00+00:00,76.83187666077266,ADCS,1.0,0.8018303455197718,0.8849206349206349,HIGH,True,True
2026-01-10 12:05:00+00:00,76.65187593860594,ADCS,1.0,0.72248328100176,0.8849206349206349,HIGH,True,True
2026-01-10 12:10:00+00:00,76.79705090684399,ADCS,1.0,0.8118176421369158,0.8849206349206349,HIGH,True,True
2026-01-10 12:15:00+00:00,76.77190378417507,ADCS,1.0,0.7342967396305667,0.9047619047619048,HIGH,True,True
2026-01-10 12:20:00+00:00,76.83612279526459,ADCS,1.0,0.7281807719767439,0.9246031746031745,HIGH,True,True
2026-01-10 12:25:00+00:00,76.7764125774236,ADCS,1.0,0.6915841609879518,0.9246031746031745,HIGH,True,True
2026-01-10 12:30:00+00:00,76.89500864519376,ADCS,1.0,0.7494989592761171,0.9246031746031745,HIGH,True,True
2026-01-10 12:35:00+00:00,77.22939378333795,ADCS,1.0,0.8144121336542224,0.9246031746031745,HIGH,True,True
2026-01-10 12:40:00+00:00,77.09130908352168,ADCS,1.0,0.6947412620527588,0.9246031746031745,HIGH,True,True
2026-01-10 12:45:00+00:00,77.52819544327423,ADCS,1.0,0.8275037972974245,0.9444444444444444,HIGH,True,True
2026-01-10 12:50:00+00:00,77.83070562985826,ADCS,1.0,0.8048544525700393,0.9444444444444444,HIGH,True,True
2026-01-10 12:55:00+00:00,78.31854717824345,ADCS,1.0,0.8623026577906067,0.9444444444444444,HIGH,True,True
2026-01-10 13:00:00+00:00,78.78225236312842,ADCS,1.0,0.8799110261752462,0.9444444444444444,HIGH,True,True
2026-01-10 13:05:00+00:00,79.0456304530049,ADCS,1.0,0.8378914989594707,0.9444444444444444,HIGH,True,True
2026-01-10 13:10:00+00:00,77.64642272547698,ADCS,0.8571428571428571,0.8986768620590734,0.9444444444444444,HIGH,True,True
2026-01-10 13:15:00+00:00,78.23278173152164,ADCS,1.0,0.8619416694329218,0.9444444444444444,HIGH,True,True
2026-01-10 13:20:00+00:00,78.7807576376888,ADCS,1.0,0.8544467106986353,0.9246031746031745,HIGH,True,True
2026-01-10 13:25:00+00:00,79.47812202433387,ADCS,1.0,0.9199473560275012,0.9246031746031745,HIGH,True,True
2026-01-10 13:30:00+00:00,79.68341645952114,ADCS,1.0,0.9126755452766987,0.9047619047619048,HIGH,True,True
2026-01-10 13:35:00+00:00,79.87228939954495,ADCS,1.0,0.849420899785725,0.9047619047619048,HIGH,True,True
2026-01-10 13:40:00+00:00,80.10562068345413,ADCS,1.0,0.8712683395076521,0.9047619047619048,HIGH,True,True
2026-01-10 13:45:00+00:00,80.42363161183981,ADCS,1.0,0.8992537269535378,0.9047619047619048,HIGH,True,True
2026-01-10 13:50:00+00:00,80.3017910490567,ADCS,1.0,0.7833656524751834,0.9047619047619048,HIGH,True,True
2026-01-10 13:55:00+00:00,80.63259508362559,ADCS,1.0,0.9062026505194188,0.9047619047619048,HIGH,True,True
2026-01-10 14:00:00+00:00,80.82992526334023,ADCS,1.0,0.8899008009518202,0.9047619047619048,HIGH,True,True
2026-01-10 14:05:00+00:00,80.76324112011235,ADCS,1.0,0.8193288548468949,0.9047619047619048,HIGH,True,True
2026-01-10 14:10:00+00:00,80.80616036616264,ADCS,1.0,0.8862490259720316,0.9047619047619048,HIGH,True,True
2026-01-10 14:15:00+00:00,80.5977270933708,ADCS,1.0,0.8453578750581917,0.8849206349206349,HIGH,True,True
2026-01-10 14:20:00+00:00,80.22656421035809,ADCS,1.0,0.825353673952961,0.8650793650793651,HIGH,True,True
2026-01-10 14:25:00+00:00,79.72754460780968,ADCS,1.0,0.7332430757256355,0.8849206349206349,HIGH,True,True
2026-01-10 14:30:00+00:00,79.48838481761737,ADCS,1.0,0.7967362942313371,0.8849206349206349,HIGH,True,True
2026-01-10 14:35:00+00:00,79.37029332036408,ADCS,1.0,0.8522715241436328,0.8650793650793651,HIGH,True,True
2026-01-10 14:40:00+00:00,79.47265553673812,ADCS,1.0,0.9152568396132725,0.8650793650793651,HIGH,True,True
2026-01-10 14:45:00+00:00,79.70869253408313,ADCS,1.0,0.9617677325764388,0.8650793650793651,HIGH,True,True
2026-01-10 14:50:00+00:00,79.79296939331495,ADCS,1.0,0.9246608070281827,0.8650793650793651,HIGH,True,True
2026-01-10 14:55:00+00:00,79.94360537930925,ADCS,1.0,0.9822324833506512,0.8452380952380951,HIGH,True,True
2026-01-10 15:00:00+00:00,80.13432422817048,ADCS,1.0,1.0,0.8452380952380951,HIGH,True,True
2026-01-10 15:05:00+00:00,80.28008099646405,ADCS,1.0,1.0,0.8452380952380951,HIGH,True,True
2026-01-10 15:10:00+00:00,76.53517147542317,ADCS,0.7142857142857143,0.8458599295106431,0.8650793650793651,HIGH,True,True
2026-01-10 15:15:00+00:00,77.19201121067519,ADCS,1.0,0.9251814976035827,0.8849206349206349,HIGH,True,True
2026-01-10 15:20:00+00:00,76.8035669212157,ADCS,1.0,0.6522452225152398,0.8849206349206349,HIGH,True,True
2026-01-10 15:25:00+00:00,77.04951494904519,ADCS,1.0,0.7950596589285925,0.8849206349206349,HIGH,True,True
2026-01-10 15:30:00+00:00,77.87973378179123,ADCS,1.0,0.9930033232725975,0.8849206349206349,HIGH,True,True
2026-01-10 15:35:00+00:00,78.46733670962948,ADCS,1.0,0.9384938064207196,0.9047619047619048,HIGH,True,True
2026-01-10 15:40:00+00:00,78.7061954133166,ADCS,1.0,0.8376972319582763,0.9246031746031745,HIGH,True,True
2026-01-10 15:45:00+00:00,78.87694865348486,ADCS,1.0,0.8520361745327523,0.9047619047619048,HIGH,True,True
2026-01-10 15:50:00+00:00,78.82038027314131,ADCS,1.0,0.795291385679925,0.9047619047619048,HIGH,True,True
2026-01-10 15:55:00+00:00,78.96980193626976,ADCS,1.0,0.8555321585516401,0.9047619047619048,HIGH,True,True
2026-01-10 16:00:00+00:00,79.00609661529937,ADCS,1.0,0.8275796773315339,0.9047619047619048,HIGH,True,True
2026-01-10 16:05:00+00:00,78.91219905873318,ADCS,1.0,0.8208077900190329,0.8849206349206349,HIGH,True,True
2026-01-10 16:10:00+00:00,78.89694933540387,ADCS,1.0,0.8429430973439586,0.8849206349206349,HIGH,True,True
2026-01-10 16:15:00+00:00,79.13928649200255,ADCS,1.0,0.8973746596213702,0.8849206349206349,HIGH,True,True
2026-01-10 16:20:00+00:00,79.60400553662325,ADCS,1.0,0.991288857329234,0.8650793650793651,HIGH,True,True
2026-01-10 16:25:00+00:00,79.7641440824558,ADCS,1.0,0.905462745355176,0.8650793650793651,HIGH,True,True
2026-01-10 16:30:00+00:00,79.46463005531994,ADCS,1.0,0.8369951522376988,0.8650793650793651,HIGH,True,True
2026-01-10 16:35:00+00:00,79.18501711569994,ADCS,1.0,0.8215444325396092,0.8650793650793651,HIGH,True,True
2026-01-10 16:40:00+00:00,79.1457461458069,ADCS,1.0,0.8616804938896284,0.8849206349206349,HIGH,True,True
2026-01-10 16:45:00+00:00,78.81960309091055,ADCS,1.0,0.7776977078886542,0.8849206349206349,HIGH,True,True
2026-01-10 16:50:00+00:00,78.59131472196489,ADCS,1.0,0.7933073803165245,0.8849206349206349,HIGH,True,True
2026-01-10 16:55:00+00:00,78.58521802187555,ADCS,1.0,0.8407091254612499,0.8849206349206349,HIGH,True,True
2026-01-10 17:00:00+00:00,78.08453417418828,ADCS,1.0,0.7046299261902779,0.8849206349206349,HIGH,True,True
2026-01-10 17:05:00+00:00,78.06969058816776,ADCS,1.0,0.8613737369371524,0.8650793650793651,HIGH,True,True
2026-01-10 17:10:00+00:00,76.35157817451628,ADCS,0.8571428571428571,0.8238224703294941,0.8849206349206349,HIGH,True,True
2026-01-10 17:15:00+00:00,76.97026357214853,ADCS,1.0,0.9212327365663758,0.8849206349206349,HIGH,True,True
2026-01-10 17:20:00+00:00,77.72723373255008,ADCS,1.0,0.9554607579113633,0.9047619047619048,HIGH,True,True
2026-01-10 17:25:00+00:00,77.75036815973448,ADCS,1.0,0.8124910282545541,0.8849206349206349,HIGH,True,True
2026-01-10 17:30:00+00:00,77.82568962806191,ADCS,1.0,0.8435459408995077,0.8650793650793651,HIGH,True,True
2026-01-10 17:35:00+00:00,78.29485713853083,ADCS,1.0,0.9741064791902668,0.8650793650793651,HIGH,True,True
2026-01-10 17:40:00+00:00,78.17961577523278,ADCS,1.0,0.8306392726568461,0.8650793650793651,HIGH,True,True
2026-01-10 17:45:00+00:00,77.78338945417386,ADCS,1.0,0.7406610208232755,0.8650793650793651,HIGH,True,True
2026-01-10 17:50:00+00:00,78.0709205764151,ADCS,1.0,0.9303831642347005,0.8650793650793651,HIGH,True,True
2026-01-10 17:55:00+00:00,78.30632265495242,ADCS,1.0,0.9259798015534646,0.8650793650793651,HIGH,True,True
2026-01-10 18:00:00+00:00,78.2264880846053,ADCS,1.0,0.8405676242000198,0.8650793650793651,HIGH,True,True
2026-01-10 18:05:00+00:00,78.39088989025768,ADCS,1.0,0.9392113277173441,0.8452380952380951,HIGH,True,True
2026-01-10 18:10:00+00:00,78.37981174672302,ADCS,1.0,0.8909628836070765,0.8452380952380951,HIGH,True,True
2026-01-10 18:15:00+00:00,78.7434775694494,ADCS,1.0,1.0,0.8452380952380951,HIGH,True,True
2026-01-10 18:20:00+00:00,79.05540795652907,ADCS,1.0,0.9959847280411714,0.8452380952380951,HIGH,True,True
2026-01-10 18:25:00+00:00,79.008232611178,ADCS,1.0,0.8642097353631297,0.8452380952380951,HIGH,True,True
2026-01-10 18:30:00+00:00,79.38593452885797,ADCS,1.0,0.9627096515877345,0.8452380952380951,HIGH,True,True
2026-01-10 18:35:00+00:00,79.38327611789035,ADCS,1.0,0.896633696873527,0.8452380952380951,HIGH,True,True
2026-01-10 18:40:00+00:00,79.10710895318468,ADCS,1.0,0.8691442647978063,0.8253968253968254,HIGH,True,True
2026-01-10 18:45:00+00:00,79.21436904797355,ADCS,1.0,0.9564026043264005,0.8253968253968254,HIGH,True,True
2026-01-10 18:50:00+00:00,78.87759219195212,ADCS,1.0,0.8165551115919126,0.8452380952380951,HIGH,True,True
2026-01-10 18:55:00+00:00,78.78048901705598,ADCS,1.0,0.8426544900978504,0.8650793650793651,HIGH,True,True
2026-01-10 19:00:00+00:00,79.12243479287373,ADCS,1.0,0.9577784715982122,0.8650793650793651,HIGH,True,True
2026-01-10 19:05:00+00:00,79.2273666071955,ADCS,1.0,0.8798261990785878,0.8849206349206349,HIGH,True,True
2026-01-10 19:10:00+00:00,77.65820166472288,ADCS,0.8571428571428571,0.8878426527026894,0.9047619047619048,HIGH,True,True
2026-01-10 19:15:00+00:00,78.18924749484447,ADCS,1.0,0.8858101488857094,0.9246031746031745,HIGH,True,True
2026-01-10 19:20:00+00:00,78.4223709389973,ADCS,1.0,0.8624372203854692,0.9047619047619048,HIGH,True,True
2026-01-10 19:25:00+00:00,78.82216285998429,ADCS,1.0,0.8713251407356937,0.9246031746031745,HIGH,True,True
2026-01-10 19:30:00+00:00,79.27223409767244,ADCS,1.0,0.9165080205152458,0.9246031746031745,HIGH,True,True
2026-01-10 19:35:00+00:00,79.45028579427412,ADCS,1.0,0.8320704918933962,0.9444444444444444,HIGH,True,True
2026-01-10 19:40:00+00:00,79.57511601908482,ADCS,1.0,0.8570039671980985,0.9246031746031745,HIGH,True,True
2026-01-10 19:45:00+00:00,79.53753804574502,ADCS,1.0,0.8178511496107883,0.9246031746031745,HIGH,True,True
2026-01-10 19:50:00+00:00,79.3468360279463,ADCS,1.0,0.7676031119458468,0.9246031746031745,HIGH,True,True
2026-01-10 19:55:00+00:00,79.34781567412297,ADCS,1.0,0.8197657076827591,0.9246031746031745,HIGH,True,True
2026-01-10 20:00:00+00:00,79.51108910839282,ADCS,1.0,0.8663173198420926,0.9246031746031745,HIGH,True,True
2026-01-10 20:05:00+00:00,79.52933928736334,ADCS,1.0,0.8341458005479027,0.9246031746031745,HIGH,True,True
2026-01-10 20:10:00+00:00,79.56766226356986,ADCS,1.0,0.83458085812536,0.9246031746031745,HIGH,True,True
2026-01-10 20:15:00+00:00,80.09540941562774,ADCS,1.0,0.9816798855166453,0.9246031746031745,HIGH,True,True
2026-01-10 20:20:00+00:00,79.91902035533715,ADCS,1.0,0.7875343571518189,0.9246031746031745,HIGH,True,True
2026-01-10 20:25:00+00:00,79.96549493663457,ADCS,1.0,0.849414570512901,0.9246031746031745,HIGH,True,True
2026-01-10 20:30:00+00:00,80.21111054407704,ADCS,1.0,0.9122258017570813,0.9246031746031745,HIGH,True,True
2026-01-10 20:35:00+00:00,80.71916927684991,ADCS,1.0,1.0,0.9246031746031745,HIGH,True,True
2026-01-10 20:40:00+00:00,81.05483696635578,ADCS,1.0,0.9629904132792484,0.9246031746031745,HIGH,True,True
2026-01-10 20:45:00+00:00,81.47018386659,ADCS,1.0,1.0,0.9246031746031745,HIGH,True,True
2026-01-10 20:50:00+00:00,81.9403946325659,ADCS,1.0,1.0,0.9444444444444444,HIGH,True,True
2026-01-10 20:55:00+00:00,82.34254578380173,ADCS,1.0,1.0,0.9444444444444444,HIGH,True,True
2026-01-10 21:00:00+00:00,82.68026284024005,ADCS,1.0,1.0,0.9444444444444444,HIGH,True,True
2026-01-10 21:05:00+00:00,82.95398430599911,ADCS,1.0,1.0,0.9444444444444444,HIGH,True,True
2026-01-10 21:10:00+00:00,81.3205767622311,ADCS,0.8571428571428571,1.0,0.9444444444444444,HIGH,True,True
2026-01-10 21:15:00+00:00,81.7855396458842,ADCS,1.0,1.0,0.9444444444444444,HIGH,True,True
2026-01-10 21:20:00+00:00,81.82149340918835,ADCS,1.0,0.8846366421638501,0.9444444444444444,HIGH,True,True
2026-01-10 21:25:00+00:00,82.21625680989584,ADCS,1.0,1.0,0.9444444444444444,HIGH,True,True
2026-01-10 21:30:00+00:00,82.57334555088234,ADCS,1.0,1.0,0.9444444444444444,HIGH,True,True
2026-01-10 21:35:00+00:00,82.59461938942322,ADCS,1.0,0.9277809690426168,0.9444444444444444,HIGH,True,True
2026-01-10 21:40:00+00:00,82.42948879774507,ADCS,1.0,0.8724770123321857,0.9444444444444444,HIGH,True,True
2026-01-10 21:45:00+00:00,82.2080619784134,ADCS,1.0,0.8425794673485308,0.9444444444444444,HIGH,True,True
2026-01-10 21:50:00+00:00,82.4491267855478,ADCS,1.0,0.9753638446026053,0.9444444444444444,HIGH,True,True
2026-01-10 21:55:00+00:00,82.71850715790347,ADCS,1.0,1.0,0.9444444444444444,HIGH,True,True
2026-01-10 22:00:00+00:00,82.95126298257787,ADCS,1.0,0.9372161318341725,0.9444444444444444,HIGH,True,True
2026-01-10 22:05:00+00:00,83.26689616079203,ADCS,1.0,1.0,0.9444444444444444,HIGH,True,True
2026-01-10 22:10:00+00:00,83.72094505120702,ADCS,1.0,1.0,0.9642857142857142,HIGH,True,True
2026-01-10 22:15:00+00:00,84.00774734843714,ADCS,1.0,0.9696073135178397,0.9642857142857142,HIGH,True,True
2026-01-10 22:20:00+00:00,83.98093510293229,ADCS,1.0,0.8880052471668565,0.9642857142857142,HIGH,True,True
2026-01-10 22:25:00+00:00,84.2741547373624,ADCS,1.0,0.9784893362927141,0.9642857142857142,HIGH,True,True
2026-01-10 22:30:00+00:00,84.09710272876802,ADCS,1.0,0.8570659054399443,0.9642857142857142,HIGH,True,True
2026-01-10 22:35:00+00:00,83.77967253286756,ADCS,1.0,0.8062108528305476,0.9642857142857142,HIGH,True,True
2026-01-10 22:40:00+00:00,83.55776354585683,ADCS,1.0,0.8203960549522873,0.9642857142857142,HIGH,True,True
2026-01-10 22:45:00+00:00,83.54698953258219,ADCS,1.0,0.8728528105430645,0.9642857142857142,HIGH,True,True
2026-01-10 22:50:00+00:00,83.82594462272267,ADCS,1.0,0.987644071078369,0.9444444444444444,HIGH,True,True
2026-01-10 22:55:00+00:00,83.90531439217972,ADCS,1.0,0.9370675816508723,0.9444444444444444,HIGH,True,True
2026-01-10 23:00:00+00:00,83.93961631500166,ADCS,1.0,0.9238128876949155,0.9444444444444444,HIGH,True,True
2026-01-10 23:05:00+00:00,83.99850557782742,ADCS,1.0,0.9375147735765993,0.9444444444444444,HIGH,True,True
2026-01-10 23:10:00+00:00,79.91173311926836,ADCS,0.7142857142857143,0.7595809946506932,0.9444444444444444,HIGH,True,True
2026-01-10 23:15:00+00:00,80.03473259362951,ADCS,1.0,0.7996330666642285,0.9246031746031745,HIGH,True,True
2026-01-10 23:20:00+00:00,80.54268186524641,ADCS,1.0,0.9224662142480659,0.9246031746031745,HIGH,True,True
2026-01-10 23:25:00+00:00,80.87046013899062,ADCS,1.0,0.8604506195322966,0.9444444444444444,HIGH,True,True
2026-01-10 23:30:00+00:00,81.14660601247597,ADCS,1.0,0.8308731183885447,0.9642857142857142,HIGH,True,True
2026-01-10 23:35:00+00:00,81.58547768155354,ADCS,1.0,0.889620342117443,0.9642857142857142,HIGH,True,True
2026-01-10 23:40:00+00:00,81.58242011071337,ADCS,1.0,0.7809935136940235,0.9642857142857142,HIGH,True,True
2026-01-10 23:45:00+00:00,81.61017487383467,ADCS,1.0,0.7915608810504452,0.9642857142857142,HIGH,True,True
2026-01-10 23:50:00+00:00,81.64842337770756,ADCS,1.0,0.7895363959587819,0.9642857142857142,HIGH,True,True
2026-01-10 23:55:00+00:00,81.88899297185996,ADCS,1.0,0.8559497731836115,0.9642857142857142,HIGH,True,True
