BATTERY,POWER,THERMAL,ADCS,COMMUNICATIONS,PROPULSION
0.0,0.0,0.0,0.0,0.0,0.0
0.0,0.0,0.0,0.0,0.0,0.0
0.0,0.0,0.0,0.0,0.0,0.0
0.0,0.0,0.0,0.0,0.0,0.0
0.0,0.0,0.0,0.0,0.0,0.0
0.0,0.0,0.0,0.0,0.0,0.0
0.0,0.0,0.0,0.0,0.0,0.0
0.0,0.0,0.0,0.0,0.0,0.0
0.0,0.0,0.0,0.0,0.0,0.0
0.0,0.0,0.0,0.0,0.0,0.0
0.0,0.0,0.0,0.0,0.0,0.0
0.0,0.0,0.0,0.0,0.0,0.0
0.0,0.0,0.0,0.0,0.0,0.0
0.0,0.0,0.0,0.0,0.0,0.0
0.0,0.0,0.0,0.0,0.0,0.0
0.0,0.0,0.0,0.0,0.0,0.0
0.0,0.0,0.0,0.0,0.0,0.0
0.0,0.0,0.0,0.0,0.0,0.0
0.0,0.0,0.0,0.0,0.0,0.0
0.0,0.0,0.0,0.0,0.0,0.0
0.0,0.0,0.0,0.0,0.0,0.0
0.0,0.0,0.0,0.0,0.0,0.0
0.0,0.0,0.0,0.0,0.0,0.0
0.0,0.0,0.0,0.0,0.0,0.0
0.0,0.0,0.0,0.0,0.0,0.0
0.0,0.0,0.0,0.0,0.0,0.0
0.0,0.0,0.0,0.0,0.0,0.0
0.0,0.0,0.0,0.0,0.0,0.0
0.0,0.0,0.0,0.0,0.0,0.0
0.0,0.0,0.0,0.0,0.0,0.0
0.0,0.0,0.0,0.0,0.0,0.0
0.0,0.0,0.0,0.0,0.0,0.0
0.0,0.0,0.0,0.0,0.0,0.0
0.0,0.0,0.0,0.0,0.0,0.0
0.0,0.0,0.0,0.0,0.0,0.0
0.0,0.0,0.0,0.0,0.0,0.0
0.0,0.0,0.0,0.0,0.0,0.0
0.0,0.0,0.0,0.0,0.0,0.0
0.0,0.0,0.0,0.0,0.0,0.0
0.0,0.0,0.0,0.0,0.0,0.0
0.0,0.0,0.0,0.0,0.0,0.0
0.0,0.0,0.0,0.0,0.0,0.0
0.0,0.0,0.0,0.0,0.0,0.0
0.0,0.0,0.0,0.0,0.0,0.0
0.0,0.0,0.0,0.0,0.0,0.0
0.0,0.0,0.0,0.0,0.0,0.0
0.0,0.0,0.0,0.0,0.0,0.0
0.0,0.0,0.0,0.0,0.0,0.0
0.0,0.0,0.0,0.0,0.0,0.0
0.0,0.0,0.0,0.0,0.0,0.0
0.0,0.0,0.0,0.0,0.0,0.0
0.0,0.0,0.0,0.0,0.0,0.0
0.0,0.0,0.0,0.0,0.0,0.0
0.0,0.0,0.0,0.0,0.0,0.0
0.0,0.0,0.0,0.0,0.0,0.0
0.0,0.0,0.0,0.0,0.0,0.0
0.0,0.0,0.0,0.0,0.0,0.0
0.0,0.0,0.0,0.0,0.0,0.0
0.0,0.0,0.0,0.0,0.0,0.0
0.0,0.0,0.0,0.0,0.0,0.0
0.0,0.0,0.0,0.0,0.0,0.0
0.0,0.0,0.0,0.0,0.0,0.0
0.0,0.0,0.0,0.0,0.0,0.0
0.0,0.0,0.0,0.0,0.0,0.0
0.0,0.0,0.0,0.0,0.0,0.0
0.0,0.0,0.0,0.0,0.0,0.0
0.0,0.0,0.0,0.0,0.0,0.0
0.0,0.0,0.0,0.0,0.0,0.0
0.0,0.0,0.0,0.0,0.0,0.0
0.0,0.0,0.0,0.0,0.0,0.0
0.0,0.0,0.0,0.0,0.0,0.0
0.0,0.0,0.0,0.0,0.0,0.0
1.1998355212453486,0.007639196869866146,0.4981926025823831,0.2775756577793506,0.10751191865189177,0.31788168462835753
1.0152454410537566,0.006463935812963662,0.42154758680047805,0.5270177393654156,0.18038109203408603,0.2689768100701487
1.4754858498153898,0.005469484149430791,0.478310524339812,1.3734688641765402,0.2525289452291753,0.22759576236704887
1.398915490953499,0.004628025049518362,0.43458259173838265,1.240467708686632,0.6306025140022461,0.1925810296951952
1.1836977231144992,0.00401700231026819,0.36782490784536703,1.2800488054039267,1.0512342427227697,0.16295317897285747
1.2914140232296811,0.003577318283779687,0.5238235748778909,1.3469478735134344,1.940965654419924,0.1378834591308794
1.093195732950012,0.10958758645100843,0.7905279412828738,1.2530132494123531,2.712965919623454,0.11667061926459027
0.9250117740346255,0.09289309912975235,1.312816467685917,1.0609569893495112,2.8445717172869722,0.09872129322388408
0.7831856345781514,0.07860185310979047,1.1113368028699897,0.8979157413265626,3.5508310560308063,0.08353340195867115
0.6630233883276159,0.06650926032366884,1.641925943466398,0.7599720769208068,4.645852699929596,0.07068210934964482
1.1848356508780364,0.05627980153048165,1.8230020338282782,1.2512866922141688,5.1658360359978115,0.05980793868046869
1.0027111751468647,0.16322873977861374,1.9389289715041813,1.0587810472581427,4.71491432338108,0.05060671734501197
0.8493533522606813,0.5239489075115185,1.6406322066573844,0.8958916553722746,4.338988629368373,0.04282106852270244
0.7231811194014929,0.44334138327897715,1.3882272517870173,0.7580621699303862,3.8461627913967034,0.03623321182690206
0.6124920070611426,0.375135016620673,1.1746538284351689,0.6414372207103267,3.3584279231569187,0.030658871545840207
0.5185533371221038,0.41246677173162927,0.993937854829758,0.5427545713702765,3.096626454943281,0.025942122077249406
0.46160799248143136,0.34901034531137864,0.8410243387021029,0.45925386808254165,2.885681710579035,0.02195102637305719
0.39190793603219565,0.295316446032705,0.7116359789017793,0.3885994268390737,2.5012390227500654,0.018573945392586853
0.6496051855304851,0.24988314664305808,0.6021535206091979,0.3288148996330624,2.1164330192500556,0.015716415332188875
0.8080523334993445,0.21143958562104914,0.509514517438552,0.4883370475899079,1.7908279393654316,0.4328543176203836
1.2315514591719627,0.1789104186024262,0.43112766860185175,0.4132082710376144,1.8679117049443577,0.36626134567878615
2.448577665039045,0.15138573881743755,0.3889517752695259,0.3496377678010583,1.5805406734144567,0.7976217707272096
3.3029782474001963,0.12809562515321637,0.32911304061267577,0.29584734198551094,1.3744620044806517,0.6749107290768697
3.5904616947956005,0.1083886058988754,0.27848026513380253,0.2503323662954323,1.1630063114836282,0.5710783092188897
3.5812216877155625,0.09171343576058688,0.23563714742090985,0.2118196945576735,0.9840822635630702,0.483220107800599
3.0724886195017613,0.07760367641280427,0.19938527858692376,0.17923204924110833,0.8326849922456747,0.408878552754353
2.6000967721914097,0.06566464927237285,0.16871062034278164,0.15579000302580398,0.7045796088232632,0.34597416002291403
2.200148227841244,0.05556239553816165,0.14275514029004602,0.13182231025260335,0.5961827459273765,0.3069241454018199
1.9471961289125936,0.04701433468613678,0.1207928110146543,0.11154195482912592,0.504462323477011,0.45406036502440955
1.6506445945228638,0.03978136011903881,0.11584222207983595,0.09438165408618347,0.4531148685656129,0.6189942641921227
1.6339849478729584,0.033661150869955914,0.09802034175986117,0.07986139961138601,0.3834048887862878,0.9201253193480743
1.387758527932571,0.23687291895566023,0.08294028918142099,0.06766824937272253,0.32441952128070506,0.778567577909909
1.1764536459275663,0.33496981090580225,0.07018024469197162,0.057295528747676176,0.27450882569905816,0.6587879505391538
1.657106926633596,0.28343599384337115,0.059383283970129826,0.048551219101115935,0.5774228191965832,0.5574359581485148
1.4042775525606115,0.23983045632900635,0.0502473941285714,0.041081800777867335,0.6474612874618693,0.47167657997182016
1.4587942957074977,0.20293346304762075,0.042517025801098875,0.03476152373511851,0.5478518586215817,0.39911095228384785
1.6832175322666092,0.17171293027106369,0.035975944908622125,0.09326318291790608,0.4635669572951845,0.33770926731710205
2.0908368627724587,0.14529555638320774,0.03044118415344949,0.07891500093053594,0.3922489638651561,0.2857539954221633
2.4228804506403754,0.43936721759482644,0.27049793997742133,0.06677423155660732,0.3319029694243629,0.3421336944863221
2.2169339951788314,0.37177226104177624,0.3232095576767117,0.056501272855590805,0.28084097412830705,0.6952386438710881
2.621498773970933,0.3145765285738107,0.28412546267164285,0.04780876933934606,0.23763467041625982,0.6334500983098343
2.6452223971553734,0.2661801395624552,0.8939397112151461,0.04045357405636974,0.21320998374678374,1.3797168486374405
2.6954931529052018,0.29482314590858677,1.3072378358901255,0.034229947278466705,0.20060131487502755,1.6590619166263911
2.3583760151153825,0.501029453288655,1.1542555798940413,0.028963801543317978,0.1697395741250233,1.8060655711715143
2.2316992364554396,0.6719918136400598,1.2133799181973464,0.024507832075115213,0.20537458047837637,1.8372844620186324
2.738614292651644,0.5938538292690919,1.178435596717976,0.02073739637125133,0.26711518346592095,1.6962239791168718
3.484118760670338,0.5024917016892315,1.8123077710431932,0.017547027698751126,0.2984510652001986,2.4200320524852232
3.121956269844093,0.8046603024784914,2.1187441423695823,0.014847484975866338,0.4008970097696809,2.3222151473738526
3.17839429655379,1.140615330006468,2.714683925142024,0.01267248685762903,0.5559496901805072,3.2961014642393334
3.26357222217025,1.5127545118944776,2.8762633937620548,0.010722873494916872,0.7704486158502117,3.1507494366468
3.465569330783043,1.8179784026662609,2.748176043111054,0.009073200649545045,0.6519180595655639,3.1024892341593064
2.93305400583984,1.7135255993969165,3.275993603089033,0.0076773236265381154,0.5848728236298645,3.2426739772248383
3.0465963549680946,1.471943405661349,3.4291164131626886,0.00649619691476302,0.49489238922526985,3.3534911943848145
3.337676913529749,1.2454905740211413,2.90156004190689,0.005496782004799478,0.41875509857522836,3.0549279787373345
2.860642394690204,1.0538766395563501,2.4551661893058303,0.004651123234830328,0.35433123725596244,2.609913831194106
2.8501083393141946,0.8917417719322963,2.0774483140280102,0.003935565814087201,0.2998187392165836,2.6210709514363635
3.020521405372936,0.8200434303345915,2.3296451966078604,0.0033300941503814773,0.3383903554944941,3.0230100011422145
3.034145359609791,1.028102945005651,2.054588771287648,0.17205841884678943,0.5176301749709441,3.077627777065084
2.5674692602791227,1.0908872181843257,1.738498191089548,0.14558789287036028,0.4379947634369527,2.9558644009294652
2.172645790530532,1.1718386322618533,3.4450008056746846,0.12318975550568947,0.6282602457954415,4.223068120976664
1.8389191478306077,0.9915557657600297,3.5905097788096976,0.6487253136719078,0.6697787739268806,4.657337896386662
1.556126692712944,0.9460887322855833,3.7863924356797884,1.2746654826493191,0.5667358856304375,4.934771318855579
1.382692656104125,0.8005366196262629,3.8084974963133345,1.8097465580337078,0.656131321297388,5.114986126684856
1.4851725748305102,0.6773771396837609,3.5202703992461992,2.2329689749346056,0.6392584901875478,4.939010352459641
1.2566844863950473,0.5731652720401054,3.059963503491753,2.0062932333740187,0.9688015561947296,4.546110617727544
1.06334841156504,0.4849859994185506,2.589199887569945,1.7934849892130738,0.9948334299905428,3.846708984230999
1.0155763692242092,0.4103727687387736,2.190861443328415,1.5175642216418317,0.9529115600955236,3.2549076020416146
0.8593338508820232,0.34723849662511613,1.8538058366625048,1.2844404869633472,0.8744977095202254,2.7541525863429044
0.8648961147850237,0.2938171894520213,1.5686479598150929,1.0869381850075173,0.7732789510252839,2.8480193646409355
0.7318351740488662,0.2486145449209411,1.327582436762914,0.9197169257755915,0.8689922306582287,2.4098625393115607
0.6192738142691305,0.21036615339464246,1.1234824351777422,0.7782220141178083,0.9062733350183089,2.039114456340551
0.5240009197661875,0.1780021297954667,0.9506389836119358,0.6584955504073763,1.0818104818210048,1.7254045399804665
0.7218278787864875,0.15061718675001026,0.8044493603216797,0.5571885426523951,1.2551866518366228,1.4599576876757794
0.6107774358962585,0.1274453118653933,0.6809385639495205,0.47146722839818056,1.062582300447187,1.2353488126487364
0.9523361577544096,0.10783834080917894,0.5763039376177221,0.3989338086446143,0.899358405853106,1.0452951491643154
1.567934912454627,0.09124782683853604,0.4876559198756014,0.3375593765454429,0.7610238271969165,1.0475743360495873
1.3267141566923768,0.0772096996326074,0.412631932202432,0.28562716476922084,0.9755577746545224,0.88640905358042
1.122604286432011,0.06533128430451396,0.3491500964789809,0.2416845240354946,0.8254719631692112,0.750038429952663
0.9498959346732401,0.05528031748843488,0.2954346970206761,0.20450228956849542,0.6984762765277941,0.6346479022676379
0.8037580985696646,0.06367586255527032,0.24998320517134134,0.6405984487803668,0.5910183878312103,0.5370097634572321
0.6801030064820239,0.05387957600830565,0.2115242505295965,0.5420448412756949,0.5000924820110242,0.45439287677150403
0.5754717747155587,0.04559041046856632,0.9880662757540047,0.4586533272332803,1.9736254644604432,0.38454201793546544
0.4869376555285497,0.04664641270382765,0.8564885655114393,0.39341093691527207,2.06869670051583,0.4825076399713134
0.41202417006261893,0.5069835802712676,0.8607818734426625,0.6458784388758638,1.892361449296593,0.4082756953603421
0.3486358362068314,0.4289861063833802,0.9432689188846867,0.546512525202654,1.6868531152500637,0.3454640499202895
0.2949995537134727,0.5423520507002333,0.7998987784652304,1.176252525080739,1.4798209275129575,0.4157621302635203
0.24961500698832306,0.5973277323461131,0.895562413582088,1.4775251673646133,1.2521561694340408,0.5640468223593051
0.21121269822088876,0.5054311581390188,1.0561438767025193,1.3932673012509402,1.0595167587518808,0.8226165722692161
0.17871843695613665,0.42767251842532367,0.9932855553071291,1.448538207484145,0.8965141804823606,0.6960601765354906
0.1512232928090387,0.3618767463598892,0.9251038465003767,1.253335177474726,0.7585889219466128,0.9806592838790371
0.12795817083841735,0.3062034007660601,1.350133689118447,1.060514380940153,0.6418829339548262,1.28614266968984
0.10827229840173777,0.2791496790387676,2.127388537750127,0.8973583223339754,1.0402371469457021,1.5480491207264948
0.3205274686761585,0.35981444834552717,2.106041728767419,0.9170215301911016,0.8802006628002095,1.5080644645424426
0.47897856738357386,0.5717760432070248,2.149353525570348,0.775941294777086,0.744785176215562,1.5048784988634198
0.8846697542124831,0.4838104980982517,3.2938336326532864,0.6565657109652265,1.173477966869087,2.145708837332964
1.5379705477132646,0.6590684685410768,3.6155346808889637,0.555555601585961,0.9929428950430735,2.68641264251986
2.036236136005886,1.0095304022912945,3.6990025545352863,0.4700855090342746,0.9042002285079865,3.0561386885083452
2.0203911261226692,1.088297745070952,3.294639271770212,0.3977646614905401,0.7650925010452193,3.192896159153124
2.3777518491825353,1.143173795049083,3.182443002357277,0.3365700981843031,0.6473859624228778,3.5596518817644522
2.1966655667479977,1.5479869096000278,3.565019089580206,0.2847900830790257,0.6360634052382835,4.3124061933303075
1.8587170180175365,1.7420081096483446,3.518172426413971,0.240976224143791,0.5383490671435534,4.661785613999484
1.8542219540489344,2.7094626047753567,2.9769151300425905,0.20390295889090004,0.5024077534315186,4.203429443268547
1.569200560665843,2.9393095341428706,2.518928186959115,0.17253327290768466,0.42511425290359267,4.047096444461667
1.4364600669045844,2.955668124853968,2.13140077358079,0.14598969246034857,0.3597120601491938,3.5469799879056856
1.7474496259674392,2.931381642950281,1.920702638391136,0.12352973977414108,0.433924119438026,3.15709894319812
1.5399454209215928,2.775770232702554,1.6255003273406397,0.10452516442427322,1.1065531150030143,2.8354652330587005
1.305728552913075,2.4879923479548434,1.5843486479139357,0.08844436989746195,1.9187851696372202,2.8394470850888873
1.2599877887081914,2.487313340423809,1.6738516655690694,0.07483754375939088,2.093267991321365,2.996568647796683
1.0662125695476121,2.323680501973855,1.4164699875371312,0.06332407548871535,2.150773326311287,2.535558086597193
1.6131880489101271,2.4649381050610657,1.1986865176378916,0.24412619553546241,2.0233908468677546,2.3668245400514576
1.365005272154723,2.0857168581285945,1.014273207232062,0.20656831929923744,1.9956457879462397,2.0374651698887134
1.1550044610539962,2.250963128385014,0.8583743130087531,0.23958067767157912,2.7298660655050804,1.7240089899058342
1.4260336373792328,2.0743054900504156,0.7266556118760732,0.20272211187595157,2.777358443635176,1.458776837612629
1.206643847013197,1.7551815685041978,0.6150059004975746,0.1715340946642667,2.729212746523313,1.2765903929350675
1.0210063320880898,1.4851536348881673,0.521102447126792,0.16606374691263437,2.7986133830641466,1.1463290060593618
0.8639284348437682,1.583490865227704,0.44102753947837,0.14051547815684448,2.7419310690210716,1.1555164022681528
0.731016367944727,1.3867223249737919,0.37317714878939,0.707580922492358,2.82129615174175,1.030942217285504
0.6185523113378459,1.1733804288239778,0.3157652797448685,0.7235942979561443,3.2605381754125755,0.8723357223185033
0.5233904172858695,0.992860362851058,0.26718600593796565,1.381068460693069,2.7589169176567943,0.9184526612288629
0.442868814626505,0.9406305965621248,0.22608046656289402,1.3163892674410982,2.3344681610942106,0.8300990925099313
0.37473515083781195,1.588305691298127,0.19129885632244875,1.8351002420332725,1.975319213233563,0.960611152947242
0.31708358917045626,1.8058903109821398,0.16186826304207202,1.9185761847945646,1.6714239496591685,1.0959281079589196
0.2683014985288476,2.242023769175406,0.13696545334329172,2.049817676075518,1.414281803557758,0.9273237836575473
0.2270243449090249,2.1720754661190314,0.11589384513663144,2.211740942532522,1.1966999876257953,1.2677419858522199
0.4777298339493345,1.9506537736070975,0.0980640228079189,2.4201019601315865,1.055436558496815,1.0727047572595707
0.4042329364186676,1.8120414424578677,0.08297725006823908,2.767832817385381,0.8930617033434589,0.9076732561427138
0.3420432538927187,1.8867963215558758,0.07021151928851,3.166971950661828,0.755667595136773,0.7680312167361424
0.28942121483230043,1.5965199643934331,0.5757189749862648,2.991569009085294,0.6394110420388079,1.1520621162960054
0.2448948740888696,1.350901508332905,0.48714682498837786,2.532757897703202,0.5410401124943759,0.9748217907120048
0.20721873961365891,1.1430705070509195,0.4122011596055504,2.185304028643673,0.45780317211062577,0.8819076456784724
0.17533893351924984,0.9672135059661627,0.3487855965893119,2.436007540266576,0.3873719148628372,0.7462295463433227
0.14836371297782677,0.8184114281252146,0.2951262740371101,2.0619557298814715,0.3277762356531699,0.6459081478204565
0.12553852636585344,0.6925019776444125,0.2497222318775547,2.3034874017843614,0.2773491224757591,1.0818800586426094
0.1062249069249529,0.5859632118529643,0.2113034269733155,2.7199497642716732,0.2346800267102577,1.1982420902238202
0.08988261355188323,0.7186517039560597,0.17879520743895927,2.772069470976065,0.1985754072163719,1.4920233902835351
0.0760545191592858,1.4802048192674255,0.15128825244835015,2.34672006792716,0.16802534456769927,1.7971602574107164
0.06435382390401106,1.2524810009185907,0.12801313668706552,2.537650510066914,0.142175291557284,1.9350503774194763
0.05445323561108628,1.0597916161618846,0.1348709680391464,2.3344150532986743,0.12030216977924031,1.9344812426023168
0.04607581474784223,1.089122424887158,0.11412158834081615,2.7945953444585356,0.10179414365935718,2.4210311024949265
0.038987227863558814,1.0895539911462548,0.09656442090376752,3.2677043631054836,0.08613350617330222,2.41588650981142
0.03298919280762668,0.9219303002006772,0.08170835614934174,3.112217295549156,0.07288219753125573,2.0442116621481246
0.8373931430082776,0.864581129384325,0.06913783981867379,2.9892338217837806,0.2927538877300564,1.7297175602791823
0.7087190738808181,0.8115560928169985,0.058501249077339355,3.906098990031626,0.2815141981346306,1.4636071663900774
0.5996853702068461,0.8367130082993434,0.049501056911594836,3.6476433654076197,0.35776124995130143,1.2384368330992963
0.5074260824827159,0.9922116984615805,0.0418855096944264,3.0864674630372164,0.3235807354943586,1.0479080895455584
0.42947893301691675,1.0829049032380504,0.03544158512605311,2.794542878097531,0.33070093740636225,0.8866914603847031
0.3634052510143142,0.9163041488937349,0.029989033568198785,2.3661501473788835,0.29696551619272604,0.7502773895562872
0.3074967508582659,1.1860174470947753,0.025375336096168204,2.0021933684624167,0.9086551905051758,0.63485009885532
0.2601895584185326,1.0035532244648098,0.12281777866749678,1.6943031098259655,0.7688620842736105,0.8173840197970368
0.22016039558491224,0.849160420700993,0.10392273579557419,1.4336410929296632,0.6505756097699781,1.0857765728006414
0.18628956549492573,0.7185203559777632,0.0879346225962551,1.213080924786638,0.5504870544207506,1.288804513411105
0.15762963234186023,0.7855764273390771,0.07440621911990815,1.0264530902040783,0.4657967383560197,1.1143899559301769
0.13337891967388174,0.6647185154407576,0.06295910848607612,0.8685372301726817,0.3941357016858628,0.9429453473255344
0.11285908587789993,1.1652772664028452,0.8484151901708993,0.7349161178384229,0.5003034952976281,1.532305535675293
0.09552954062174886,0.9946927395796756,0.8741694492169488,0.6218520997094349,0.5225007830537165,1.2965662224944787
0.0809001377481656,2.667829916822244,1.0271491735501477,0.5261825459079833,0.4421160471992986,1.0970944959568665
0.06852229565985805,2.6140388492580975,1.0713060895672826,0.44523138499906284,0.437926940841905,0.9283107273481178
0.058161992577818455,2.244919634769045,0.9357321074788258,0.3767342488453609,0.5097149743811598,0.7854936923714843
0.04955087545851267,1.8995473832661154,1.01494844413402,0.3187751336383822,0.9749479234604514,0.7621951348674144
0.64957279852529,1.6073093243020975,1.911233944496825,0.26973280538632344,0.9682350371628539,0.6449343448878122
0.7244957538557096,1.360046863642222,2.4024817186303284,0.22823545071150447,1.1589910161291104,0.5457136764435333
0.7268766255684196,1.9456048102935826,3.12670068253248,0.19312230444819609,1.1692110014427055,0.9190128749629842
0.6184360264197674,1.646397543152563,3.6935929891654893,0.16341118068693516,1.0719410200203807,0.7776262788148328
0.914405801994561,1.7871884686241968,3.455971847428111,0.13827099904279128,0.9070270169403223,0.657991466689474
1.5214785121781769,2.3264331414231307,4.048135424173955,0.11699853765159263,1.06568949777358,0.5567620102757087
1.290317441552704,2.7238546695677983,4.5834831579189474,0.09899876262827069,1.2188777809277869,0.4711063163871382
1.2082567481221609,2.527231728620395,4.312235884510981,0.08376818376238289,1.0359485492229579,0.39862842155834766
1.0238356479773072,2.213097967489551,4.356609516658077,0.2734940324939562,0.8765718493425029,0.3373009720878326
0.8680616265311197,2.485816473005312,4.48631809129191,0.7813810858924096,0.8010096813377764,0.2854085148435507
0.7351102379140652,2.114522780315393,5.195834755280011,0.6611686111397311,0.6777774226704263,0.2414995125599275
0.622485650169586,1.792947461645582,5.292818097429718,0.5594503632720802,1.0966272281332665,0.20434574139686168
0.7160222044306234,1.5343214818742699,5.326329928386822,0.5981801568317081,1.7343070204325752,0.17290793502811375
0.6058680081436051,1.3808617387177746,4.938755568350529,0.6614272096373581,1.5469969239225065,0.14630671425455777
0.5126725344939604,2.0728802230155803,4.643296175414737,0.6394610172044228,1.3089973971651978,0.12379798898462581
0.43379983687950496,2.128051903374158,4.391393088353413,1.4252397657675098,1.1076131822167057,0.1047521445254526
0.3670614004365042,1.8688665834267524,4.82298320999572,1.5573547414502207,1.8362046861178918,0.3171008032575119
0.31059041575396507,1.5813486475149445,4.317346535936696,2.2564782847254934,1.7417591223934261,0.3686924956263429
0.26280727486873967,1.338064240204953,4.987927579992478,3.4859322329960487,1.8702752217284488,1.1651970455479954
0.22237538642739513,1.1322082032503449,4.226939433407535,4.156289070927321,1.807028023099851,1.2835744032477403
0.18816378851548818,0.9580223258272148,3.576641059037146,5.19323986393018,2.040503842430671,1.4673260758145985
0.1592155133592592,0.810634275699951,3.6965931996716317,5.273116081377373,2.3295409451808022,1.8585210841770339
0.13513081971142582,0.9147239524139813,4.189531000300326,5.274650845896068,2.2606460256951624,2.123018596750951
0.11576014957198104,0.7739971905041378,4.605030574226128,5.662713679429842,2.7687860922445724,2.4808317911715827
0.09795089579167626,0.9379377044629104,3.949706667998685,6.912887173213985,2.759340215842216,2.49506876871568
0.3131804508259931,0.7936395960840011,4.334641938121829,7.5721985241994,2.8712911506591072,2.558862952148211
0.26715020712256654,0.6715411966864625,4.16461534023108,8.47545900679894,3.228820795931276,2.6883217546908047
0.43486627378971565,0.5682271664270067,3.7858229143325377,8.194990108006378,3.2347730167359967,2.6926699786320594
0.36796377012975934,0.4808076023613133,4.244565848110288,7.725662478182284,3.322734439008934,2.9449801053344253
0.4546213500465861,0.40683720199803436,4.081042037854173,7.098609741015717,3.5213454647382116,3.3680769109563338
0.38467960388557293,0.34424686322910597,4.420281366177594,6.007883357518449,3.4000616510708044,4.27362644665386
0.3254981263647155,0.29128580734770504,3.8462070123172056,5.329666534494343,3.4948208696419387,4.542334894828947
0.2754214915393746,0.2464726062172889,3.874406420379049,4.509837275119322,3.3407855792096575,4.974339499590712
0.24064581530752957,0.20855374372232138,4.287416796058964,3.816191881440008,3.1886145560859185,5.499273451464112
0.20362338218329426,0.4350439883677343,3.7429651225256824,3.388860019935858,3.149252959635968,5.355368024586872
0.22359846249856286,0.3681141440034675,3.729880478554453,3.2573665878595492,2.7628349586689422,4.942550574418333
0.6402363563470109,0.7158921757257299,3.1560527126229987,2.756259283117155,2.3377834265660273,4.6569504288213786
1.2978713617398745,0.8504145484143815,2.67050614145023,2.3330657174097946,1.978124437863562,4.064447852584424
2.0393557962903803,0.7658858041816453,2.40440852689456,1.975561873369864,1.673797601269168,4.538177854371144
1.9019556163635585,0.6480572189229307,2.0344995227569354,1.6717168315440485,1.416290277996988,4.000016500314194
2.5486166835207826,0.5483561083194028,1.7214995961789452,1.5566677071081747,1.3262971562391945,3.384719525788985
2.7491560556110413,0.7772454880804094,1.5653152043384924,1.4147060539625549,1.122251439894703,2.8641315588472094
3.101193910092468,1.1235159163186639,1.7679653575869467,1.5225444787190459,1.5904196609277628,2.7175932294815945
2.624099678412111,1.2021061442664047,1.5654550227216844,1.2900832849575568,1.3457397130927224,2.299554911880369
2.7236627324419174,1.0171667374561886,1.3802647642695842,1.0946739976975959,1.1387028341553802,1.9458488160545098
2.741063799300846,1.0011450303786744,1.8113135052583835,0.9291254493501724,0.9635177827468602,2.030717484528117
2.5905477390513876,0.8471227180127243,1.5326498890647862,0.7892989095946373,0.8152842777088817,2.1514540858206974
2.1920019330434815,0.7167961460107667,1.2968575984394344,0.853397151569915,0.6898559272921306,1.8346466659333185
1.8547708664214073,0.6065198158552642,1.0973410448333676,0.7253628184310418,0.5837242461702644,1.6093632528441235
1.5694215023565756,0.5132090749544543,1.319481686785616,0.7067263216518874,0.9001003871245006,1.5344211276377915
1.327972040455564,0.434253832653769,1.1164845042032137,0.598706526660538,0.761623404489962,1.298356338770439
1.1236686496162465,0.6192400728011869,0.9447176574027192,0.507639813704592,0.6444505730299679,1.098609209728833
1.242428545834837,0.523972369293312,0.7993764793407624,0.4304003681568538,0.5453043310253575,0.9295924082320896
1.0512856926294774,0.44336123555587936,0.6763954825191066,0.6107295289711789,0.46141135702145636,0.7865781915809987
1.5353923154159517,0.37515181470112874,0.5723346390546287,0.7084761413644639,0.39042499440277073,0.6655661621069989
1.9192366856272673,0.4430882024740309,0.4842831561231474,0.7840785486714005,0.35931888992331795,0.5631713679366914
1.6239695032230723,0.3749207867087954,0.4097780551811247,1.210495967178345,0.30403906070434594,0.4765296190233543
1.6166653917163456,0.317240665676673,0.46815209549934067,1.2318967297549566,0.25726382059598507,0.4032173699428382
2.8501372697288825,0.5952905658020078,0.4163750616961771,1.605298286036004,0.21768477127352584,0.34118392841317075
3.2275381115885713,0.803898751907593,0.3523173598967652,1.3585781486262898,0.3818698698760961,0.288694093272683
3.2301913377032325,0.6805370391622574,0.3996070730192132,1.1504064053287195,0.32312065912592747,0.24427961738457787
3.650883543696743,0.6745159913769673,0.3496659821829941,1.321795575174579,0.2734097884911694,0.2066981377869505
4.476730096869083,0.7852569520419522,0.5200113704426503,1.3262061112832941,0.2313467441079126,0.17489842428126579
4.8561887957689835,0.9559939408779369,0.440009621143781,1.4655419698216243,0.19575493732207988,0.14799097439184028
4.897503916310798,0.9091479077658662,0.37231583327550694,1.2406502673089994,0.165638793118683,0.12522313217771103
4.144041775339907,0.7696507192774797,0.3150364743100444,1.2203723467756495,0.14015590186965485,0.1598897365965154
3.792881019738889,0.6512429163117137,0.26656932441619136,1.1807939768115352,0.11859345542816947,0.13529131558166688
3.2093608628559833,0.6132096551532602,0.2255586591213927,1.0365942508650428,0.10034830843922034,0.1144772670306412
2.715613037801216,0.5188697082066048,0.19085732694887073,1.0582786523365653,0.08491010714087874,0.09686537979515794
2.297826416601029,0.4390435992517425,0.16149466126442907,0.8954665519770936,0.07184701373458971,0.23808321138859598
1.9443146602008707,0.37149843013608985,0.13664932876220923,1.107786995961307,0.060793627006191286,0.20145502502111964
2.5468715791371674,0.44059096199290954,0.13814896250529773,0.9373582273518751,0.051440761312931085,0.17046194424863972
2.43826964016164,0.5858985883056583,0.3897804476663711,0.7931492692977404,0.04352679803401861,0.14423702974884897
2.5677744893312715,0.5901678579258702,0.4848306295799237,0.9247163665835703,0.036830367567246516,0.12204671747979529
2.5787737174548844,0.4993728028603518,0.7690523958591687,0.7824523101860978,0.18351553638950868,0.27762969948265176
3.1600398375657566,0.4225462178049131,0.7338235754474856,0.8464333541308158,0.29886596972021623,0.23491743802378226
2.751250046566788,0.40636443680730905,0.8818033219690918,0.9458890346656019,0.4603840859731224,0.19877629371243116
2.327980808633436,0.3438468311446461,0.8617624811992418,0.9783850492887489,0.41715713650084046,0.1681953254489802
1.9698299149975222,1.4411502867023847,1.5665822018525524,0.8278642724750952,0.7930792677917933,0.14231912153375248
1.6667791588440575,1.2194705011010047,1.8368777142144508,0.7930589596169031,0.671067072746902,0.22257836826275385
1.4104644835263533,1.4323418929790916,1.9284382549103694,1.0722484578573794,0.567825984631994,0.5130164340891978
1.3746504451050912,1.4647321206007842,1.998254312939928,0.907287156648552,0.4804681408424564,0.6798903497898259
1.1646719586860392,1.5128197237233822,1.9573582829581606,1.0310330246388772,0.4065499653282324,1.4288197079677818
0.9873207197639549,1.5922910685304261,1.8946651457822299,0.8729431559146508,0.550254913877019,1.5968150596347972
1.1019725616597809,1.6629322878666062,1.8232802339339271,0.7682497571304262,0.7692185927979346,1.8862974525794487
1.25664687305211,1.8828918093395717,2.00989253233683,0.6500574868026683,0.8831057284763287,1.6175533132297981
1.152740593120605,1.6294514819131505,1.7006782965927023,0.550048642679181,1.0344034792506056,1.6478586929517225
1.2412260166925946,1.3788019382189831,1.8383398794005958,0.46542577457469153,1.137835953175055,1.7542537582132331
1.2137518999860684,1.16667856310837,2.1149101061310613,0.39382180925550825,1.0124375843638498,2.4626787473097815
1.0286953574428959,0.9871895533993902,1.7897106010658783,0.3332994292254072,0.8566779560001806,2.283941715720047
0.9308332389400644,0.8353142374917917,1.8069600971305417,0.2820225939599599,0.7248813473847682,2.8734410306569993
0.788919779001589,0.7068114300315462,1.5290863079335226,0.2387429463948392,0.6133611400948038,2.6825713389451575
0.66827955292272,0.598071210026693,1.2943320265575384,0.20201326233409472,0.5189978877725263,2.6017557535953744
0.7026567211894006,0.506060254637971,1.095204022471763,0.17104882190365955,0.43915205888444536,2.619036547293288
1.350465696848986,0.4282048308475139,0.9267110959376458,0.14473361853386577,0.37159020367145373,2.3085288376270077
1.1431668494824125,0.362327164563281,0.7841401581010848,0.28208836097496603,0.6856156829996933,1.9533705549151599
2.0497381092254785,0.3065845238612377,1.080552176699736,0.238690151594202,0.5801363471535866,1.7193789160523234
2.158105598089734,0.25941767403643196,1.1944702447900581,0.502230146192568,0.49088460143765017,1.803225072436571
2.5522201547021823,0.2195843147276349,1.130559975277357,1.6017709269305846,0.41536389352416553,1.5258058305232525
2.355627810254504,0.3765726823472229,1.355638265834931,2.685110705284835,0.3514617560589093,1.2910664719812135
2.5176606624979825,0.9998960970467844,1.147078532629557,3.7541972305336446,0.2973907166652309,1.0924408609071807
2.6061164564836243,1.0034301991868537,1.8344780507265008,3.961707115358061,0.2516382987167339,0.9243730361522299
2.60098036635103,1.1586023078589838,1.749643325328891,4.485780014312327,0.21292471429877483,0.7821617998211174
2.6400653266221323,1.05912390744923,1.9759513265643596,4.382274673785187,0.18016706594511714,0.6618292152332532
3.0134723046300085,0.8961817678416563,1.7891219188409433,4.185753451437068,0.8303812644227211,0.5600093359665989
3.247097293538789,1.7428798705268769,1.5138723928654136,4.641659307850771,0.7026303006653795,0.47385405351019905
3.034235167634962,1.5197797212277053,1.2809689478091961,4.893723890245472,0.594533331332244,0.40095342989324534
2.9525300820495732,1.9919300319008324,1.083896801992397,5.13624140197414,0.5030666649734372,0.33926828683274607
2.6717645522625135,1.6854792577622426,0.9171434478397202,5.042454565557575,1.0124263998048855,0.28707316578155434
2.2608194542029647,2.0849242528490546,0.7760444558643786,4.795413206249699,0.9378491507054085,0.24290806335362292
1.9131784813196764,1.7641666754876617,0.9045374069631779,4.592754418873599,1.5715986162623468,0.20553759206845015
1.6190256276745798,1.4927564177203292,0.7653778058919197,4.735997563196759,1.7524380418984498,0.17391642405791938
1.370134796242391,1.715738314967663,0.6476273742162398,4.763020423279969,2.2327476514772555,0.14716005112593175
1.5250899942901734,1.5150182134991699,0.6576389327922779,5.074912288366785,2.4878429844117056,0.1245200432604038
1.2905340345026697,1.655045422466399,0.5564637123626966,4.92901279837372,2.5285441029849482,0.10536311352803399
1.0921104671265314,1.8302617891280388,0.8602804368708588,4.6569512968778435,3.1902198222402416,0.0891534037544903
0.9244272951752233,2.1067415563154936,1.0903339064008488,5.145739314567089,3.440811535201665,0.20883972795505118
0.782207711302112,1.923565634443758,1.371838426799444,5.2874225859148085,3.4989027820950866,0.24484453092910363
0.6618680634094793,1.8018600308611412,1.1953569001681457,5.856419937032604,3.5558834490526996,0.2071761415553954
0.5600422075003286,1.5246507953440425,1.0114558386038155,5.299298669946614,3.3739247114691238,0.17530288900841148
0.4738818678848934,1.2900891345218823,0.8558472480493825,5.343641974044622,3.3551152082170637,0.14833321377634817
0.5138460775364336,1.0917736812881225,0.9113455245244665,5.6545992801365275,2.970394199863201,0.12551271934921768
0.43479283483852077,0.9244652354112526,0.7711385207514717,6.447262628750028,2.7499172113235844,0.1062030702185688
0.36790162947874827,0.7824073309917448,0.6525018252512452,6.681986629011223,2.917785667781991,0.089864136338789
0.3113013787897101,0.6620844819695378,0.6237401950914351,6.125000196239753,3.786563395613429,0.07603888459435991
0.2634088589759085,0.5845735534706712,0.6944446496971516,5.7403147925577604,4.597912286047199,0.06434059465676607
0.22288441913346105,0.6782303184940967,0.7976149216190869,5.098713920545028,5.146390307847263,0.054442041632648215
0.7181895347335796,0.5738871925719279,0.6749049336776889,4.606685196024998,5.259276458078096,0.046066342919933105
1.1971773311021972,0.9581039773219828,0.5710734054195828,4.120121699417689,4.9937182393671335,0.0389792132399434
1.3045705023384946,0.8107033654262933,0.4832159584319548,3.634069384979568,4.867622817724498,0.03298241120302902
1.1605632972176325,0.7165786218431244,0.4088750417501156,3.334668723576293,4.6806934942634975,0.027908194094870716
0.9820150976456891,1.071566623016215,0.3459711891731747,2.9303801183687197,4.501702259679419,0.023614625772582915
1.1959144464256923,1.5552823265773779,0.8938479684612993,2.7327849454769524,4.511855838726053,0.01998160642295477
1.0119276085140472,1.3160081224885503,0.7563328963903302,2.6495009859997403,4.077324815320801,0.016907513127115574
1.1987823343770267,1.5021235483057511,0.6808037763010275,2.7698729901428467,3.450044074502216,0.6870010516830993
1.014354282934407,1.4770193843346557,0.5928254073129585,2.48402003408384,3.186708102251576,1.108996397939273
0.8582997778675753,1.5149868672209927,0.5016214984955802,2.927390993056883,2.696445317289795,0.9383815674870769
0.7262536581956406,1.5496749868045598,0.424448960265491,3.542259485462459,2.7224106193613546,0.8213323517572559
0.614522326165542,1.3112634503730891,0.4298210878164228,3.305865442405843,2.511449507598232,1.0220944756132115
0.6055019344111126,1.4586862991882867,0.3636947666138962,3.873645607758568,2.125072660275427,1.0597713567382199
0.6419911117748981,1.234273022390089,0.30774172559637375,3.8383169894006044,1.7981384048484386,1.0168920726005481
0.7603786343767562,1.0443848650993062,0.4617907017556533,3.247806683338973,1.521501727179448,1.204100440973192
1.0702216121484105,0.8837102704686436,0.7756037231209912,2.7481441166714387,1.4047394258736934,1.0188542192850085
1.2211429735973283,0.7477548442426983,0.8832296978934595,2.4271727161002374,1.1886256680469713,0.8621074163180842
1.763107257531328,0.6327156374361294,0.7473482059098503,2.5665194732602026,1.0057601806551295,0.729475506115302
1.8654357349251756,0.5353747701382634,0.6323715588467964,2.5774576826281077,0.9302314760614615,0.6172485051744864
2.22476594339563,0.4530094208862228,0.53508362671652,2.1809257314545527,0.8608953033670318,0.5222871966861038
2.8204202594202337,0.5272917900216826,0.45276306876013234,1.84539869584616,0.7284498720797962,0.44193532027285704
3.2963340523771483,0.7189088608552916,0.38310721202780423,1.5617540966451158,0.6163806609905967,0.3739452710001098
3.0417559626410804,0.6541935321557145,0.3241676409466036,1.3217474859720604,0.5215528669920434,0.3164152293077852
2.746757227850638,0.5535483733625277,0.27429569618558763,1.119186182697693,0.4413139643778829,0.2677359632604336
2.3241791927966933,0.468387085152908,0.6034592192010563,0.947003693051894,0.7356326671253631,0.22654581506652077
1.9666131631356636,0.6877727776696606,0.563743765746115,0.8013108171977565,0.622458410644538,0.19169261274859448
1.664201320522964,0.5819615811050973,0.4770139556313281,0.7742563658263995,0.526695578237686,0.162201441556503
1.408234431581005,0.4924290301658517,0.4036271932265084,0.6551400018531072,0.445665489278042,0.13724737362473333
1.1916011753924918,0.41667071783264376,0.341544209069075,0.5543492323372446,0.3771015678506509,0.11613239306708205
1.5834698888017413,0.3525675304737754,0.4830750310782473,0.46906473505459156,0.31908594202747387,0.09826587105676172
1.3399109602603596,0.34425506387758315,0.40875579552774766,0.3969009296615775,0.5369458263137777,0.08314804474033685
1.1337812771963491,0.3129602272947394,0.3458702885234788,0.3358392481751809,0.7676117077084217,0.0703560378572081
1.0522203581780343,0.2648125000186256,0.34938955932582655,0.401076413438693,0.649517598830203,0.059532032033022236
0.8903568518714262,0.2240721154003755,0.2956373194295456,0.3394456729694117,0.5495918143947871,0.050373257874095745
0.7533788746604376,0.18959948226185622,0.2501546549019231,0.46011348675964564,0.46503922756481986,0.04262352589346562
0.6374856780576938,0.16043033114464758,0.21166932337855035,0.3893267964889309,0.39349473101638605,0.03606606037139399
0.5395072343657145,0.1357487417377787,0.1791048120895426,0.3294303662598646,0.33295708009078817,0.030517435698871838
0.45651944742097167,0.1148643199319666,0.15155022561422835,0.27882346441685096,0.2817329139229746,0.02582244559135309
0.3863725273769503,0.09719288609627942,0.12823480628896244,0.2362228303370822,0.23838938870405543,0.021849761654221846
0.7351071991105678,0.1475157640333715,0.10850637455219901,0.2003764926908335,0.20171409813420074,0.018488259861264643
0.6803962327348195,0.1248210311051605,0.09181308615955301,0.1700807438477251,0.44427045723697,0.015643912190300847
0.5757326766559244,0.28376115544129626,0.2623530019037051,0.14413492800686692,0.37592115612359,0.013237156468716102
0.48717952167666434,0.24010559306571225,0.2219910016108274,0.12199057697761194,0.3180871321045762,0.011200670858144393
0.6367545023164779,0.20316627105560267,0.18783853982454624,0.10322279590413318,0.2691506502423337,0.3968773851983319
0.7959951295055682,0.17190992166243302,0.15894030292846223,0.08734236576503578,0.2277428578973593,0.33581932593705005
1.2301073678429812,0.14546224140667408,0.1344879486317757,0.07390507872426104,0.291172728240264,0.28415481425442696
1.900033168552653,0.12308343503641653,0.11379749499611791,0.06253506661283627,0.24637692389560803,0.6346851064400252
2.8718096999842784,0.5304128195117381,0.09629018807363823,0.05291428713393838,0.5573708731720249,0.5370412439107906
4.061975613909332,0.9830782414191958,0.0814763129853862,0.21330050627166094,0.4716215080686365,0.4544195140783612
4.832716263243717,1.2421418748599014,0.0689414956030191,0.6083553225946783,0.39906435298115395,0.3845088196047672
5.377377873961763,1.432420855571281,0.05833511166409308,0.7366115352192767,0.3376698371378995,0.32535361658864914
5.103577871385218,1.5596447085565233,0.049360479100386455,0.9701758429324611,0.2857206314243765,0.27529921403654933
5.5415174668855895,1.6429307490525729,0.04176655923878853,1.0025535377169643,0.24176361120524165,0.23294548880015709
5.142572443359611,2.2149946536799434,0.49972836967877465,0.9260188338289261,0.20456920948135832,0.7676196251164151
5.006281099102485,2.1638946023254237,0.4229292622300608,1.166084861657774,0.523363138113747,0.9894067714591271
5.46870652911795,2.2056967821518665,0.3578632218869745,1.361258616736749,0.4428457322500936,0.901678739577788
5.492852337138848,2.4833678760121174,0.3028073415966707,1.151914155574629,0.37471561959623306,1.1552549378174315
5.656379454610029,3.3687129507225313,0.25622159673564443,0.9747127978561377,0.31706706273527413,0.977523408922442
5.4940851467421306,3.0980655142614184,0.2168028895455453,0.8247569828013473,0.2768965447424892,1.1053390850813687
5.556747006693721,2.799225898306072,0.1834485988462306,0.6978712931396015,0.2342970763205678,0.9352869181457736
5.6214037647016735,3.134356629648993,0.900445263977574,0.5905064788104321,1.654637290265044,1.4174513657750556
5.8407919348218735,2.7171901676191488,0.7670124673616731,0.4998439844984403,1.6861023498824692,1.364461082612915
5.87370020055162,2.4447198425163696,0.7842324783620925,0.42302621715637007,2.2133502233856217,1.7900154734494371
5.7580803973022885,2.4605135741232007,0.9099914182051793,0.3919596149195092,2.4240979254512225,1.5146284775341392
5.628940707896352,2.624115013698575,1.2640282110014451,0.5131338661677312,3.3412230924159947,1.2816087117596564
4.762949829758452,2.9289291050438684,1.4672146242831392,0.43474134177486057,3.6682263936691304,1.084438140719709
4.038760729242889,3.4497909725146485,1.2414892974703484,0.3686740825092875,3.746396143513202,0.9176015036859078
3.4174129247439837,3.4661345954755927,1.0504909440133718,0.31236757406328125,4.1578928557030554,0.7764320415803835
2.8916570901679863,3.849215113027585,1.3039081879398084,0.2644645596410473,4.713514186770153,0.6569809582603244
2.446786768603681,3.4341082039267192,1.1419913839420381,0.22424489565957298,4.6963503664730215,0.5559069646818129
2.0703580349723456,2.90578386486107,0.9663004017971093,0.19049331383405943,4.704113031109675,0.4703828162692263
1.751841414207369,2.4587401933439823,0.8873299680077008,0.1617730214134493,5.553906770412797,0.3980162291508838
1.4823273504831584,2.108848602657502,0.7508176652372853,0.1369223533593425,5.5783870586791116,0.3367829631276709
1.2542769888703649,1.8762773592572686,0.8710726791651898,0.11585737591944364,5.84560866829762,0.28497019956956765
1.0613112982749242,1.6561004035714662,0.9568704396018671,0.09803316423952925,6.152076447270742,0.2411286304050188
0.898032637001859,1.6906966839374014,0.8096596027400413,0.08295113897190937,6.211785205154947,0.20403191803501589
0.7598737697708038,2.1221291838249985,0.6850965869338811,0.0701956200289597,6.376320475112437,0.172642392183475
0.6429701128829878,2.7326823253039585,0.5796971120209763,0.05939800381470469,6.429778673621037,0.14608202415524807
0.5440516339779127,2.663468657431784,0.9705449966549148,0.0502598493816732,6.71637087832276,0.12360786659290221
0.4603630110944092,2.804859651488751,0.8212303817849279,0.042722918387766484,6.721718461301904,0.10459127173245572
0.8119532645154224,2.9621510655481895,0.7210957052042253,0.14869067358721408,6.815883131683477,0.08850030685053945
0.6871283735810345,2.727661308419756,1.4495780422482194,0.15531615972647517,7.074307029342219,0.07488487502737952
0.5814163161070292,2.4524547414049236,1.2265660357484933,0.2952358701806502,6.770416859033223,0.06336412502316728
0.49196765209056315,2.0751540119580123,1.0378635687102635,0.6131085616583972,6.542539790032005,0.05361579809652616
0.41628032099970724,1.8752173713555265,0.8781922504471459,0.5189801439558801,5.9560726403546065,0.04536721377398367
0.3522713847304153,1.9593818272474044,0.7430857503783542,0.4391390286985608,5.558776977676037,0.03838764242414003
0.6184604107472472,1.8284551239333933,0.6805669407650744,0.847470745446364,5.08933180184654,0.03248185128196464
0.8158242299271259,1.7975939042379243,1.3377092635627923,0.964141586939955,4.840594930638363,0.37185512167147045
0.749231367231371,1.6585876336187333,2.201299718026423,0.8158121120261157,4.095888018232461,0.9843907655599613
0.6339650030419293,2.198096488350259,1.862638222945435,0.6903141521272571,3.4657514000428518,0.8329460323968904
0.5364319256508632,2.367668312440414,1.576078496338445,0.5841119748769099,2.932558876959336,1.0191994685740222
0.6122761161092228,2.797251119731009,1.3336048815171457,0.4942485941266161,2.5079974598696704,1.0331999847827615
1.3841877669684488,2.9247301798683383,1.2866884552644398,0.4182103488763674,2.196326579762996,1.1363676415341764
1.3964586507990207,2.845782207033316,1.3472923074757657,0.3538702952030801,1.8584301828763812,1.3171982887302651
1.6406120847803216,2.6892467925695644,1.1400165678641097,0.29942871132568316,1.5725178470492456,1.371235443852412
2.014017396141551,2.2760987745425054,1.2624549962726417,0.25336275573711653,1.6754247835079283,1.7987775011442955
3.4873555288536457,1.925929732305197,1.0682311506922355,0.25636624223610105,1.4176671245067085,1.767995608963264
3.7752135000322165,1.712334486210553,1.411136136016729,0.21692528189208551,1.1995644899672149,1.8280518717301464
4.033190095452898,1.4488984114089294,1.1940382689372322,0.1835521616009954,1.0150161068953356,1.765279451594256
4.060167923167393,1.2259909634998631,1.415665780280875,0.15531336750853458,0.8588597827575917,2.454962781609143
3.8876512606011997,1.037376969115269,2.329483873208479,0.13141900327645234,1.9204249965228113,2.735197548703683
3.6543276067758548,0.8777805123283043,2.5033544257990727,0.11120069508007506,1.6249749970577634,2.7986495597790726
3.3468703659143935,0.8814852965504347,2.99624218171184,0.09409289583698657,1.3749788436642614,2.7531229756930036
2.8319708312072787,0.9490100066884436,2.779836674718379,0.157671890387455,1.1634436369466827,2.6358059753869645
2.396314531638422,1.464810655172322,2.8633099800874686,0.13341467648169267,1.0374899684542,2.702498756029187
2.02766309863879,1.2892176867162584,2.4228007523817046,0.11288934163835534,1.0998905948263427,2.3451777484017624
2.2290196459488576,1.090876504144526,2.4237224090548324,0.0955217506170699,1.6088477851416407,2.062218241554741
2.0557174351358865,1.137837090265238,2.3554395028218065,0.08157297940126494,1.4748148329571944,2.12424487506435
2.5081551091815704,0.962785230224432,1.9930641946953747,0.06902831855225043,1.343562406522194,1.7974379712082966
2.267046553160074,1.534585908086815,2.835482809666398,0.0584085772365196,1.3956466353686157,1.5209090525608662
2.2229512263049327,1.568715801889674,3.3104170784177738,0.5622772273970826,1.502466438778799,1.286923044474579
2.7760299325256543,1.6702479929420433,3.053557084098257,0.7949679972851557,1.6859760163303394,1.088934883786182
2.6629840659223083,1.413286763258652,2.888570152592448,0.6726652284720548,2.1634522242238363,0.9214064401267696
3.1336776656711356,1.534236700948539,3.4165162710944825,0.5691782702455848,2.9603009112524354,0.7796516031841897
3.082587828838468,1.2982002854179944,3.6617457222613607,0.7022820843221608,3.2411644320073654,0.6597052026943143
2.926119153837657,1.1244793924575216,3.822743091310727,0.594238686734136,3.4265834220563924,0.5582120945874968
2.859914410275454,0.9514825628486719,3.5124509322834143,0.5028173503134997,3.4316011984145525,0.47233331080480495
3.4287864100440633,1.2223307965511747,3.375794023079992,0.4254608348806536,3.945573091104541,0.39966664760406573
3.6179767555823124,1.0342799047740707,2.856441096452301,0.36000532182209155,3.986610252465753,0.33817947104959406
3.513440052268641,1.5403538676578779,3.0402570600654197,0.30461988769561593,3.712109483365616,0.3570921109971635
3.156993269362903,1.303376349556666,2.5955025223926107,0.25775528958859806,3.464048696375364,0.302154863151446
3.6965728996678866,1.1028569111633326,2.5643462856248647,0.21810062965189067,3.48074892306495,0.30123025608007087
3.714967861928653,0.9331866171382045,2.588521970736419,0.18454668662852286,3.502495541122456,0.42120243559429493
3.7912314485404055,1.469172855343108,2.4418927132961215,0.15615488868567318,3.656222634769776,1.0320434011697088
3.920735222196403,1.2885128772774248,2.0662169112505646,0.13213105965710806,3.093726844805195,1.3830392557352893
3.866176628923011,1.0902801269270515,1.748396185186836,0.11180320432524529,2.6177688686813188,1.4252823371265848
3.6294875584026527,0.9225447227844282,1.779659565403789,0.09460271135213064,2.2150351965765003,2.001058622017376
3.6421490740067237,0.7806147654329777,1.505976301783349,0.08004844806718746,1.8742605509493464,2.1149977228323316
3.483674578887809,0.6605201861355965,1.980858018119575,0.15876541075703343,2.039381297317251,1.7896134577812035
3.23073669361117,0.5589016959608893,1.6770764158647467,0.49524912605416405,1.7256303284992123,2.2820110338772386
3.5598741004173515,0.47291681965921406,1.419935163052346,0.7673598682857616,1.4601487394993335,1.9309324132807402
3.7834852227071343,0.40016038586548885,1.5387189448964491,1.0432350710466207,1.2355104718840515,1.7707854381987946
3.9318224257071543,0.3385972495784905,1.784608439293111,1.151218821441638,1.0454319377480437,1.8062802148503174
3.9507909625946414,0.2865053650279536,1.686421347451341,0.9819587571089494,1.1253585773755903,1.7804760068255974
4.335906184295605,0.24242761656211456,1.6410615480686441,0.9359877278767118,1.1564154978251682,1.6555091609737613
4.514324470725235,0.20513106016794308,1.9131381710269824,1.3490520018700343,1.2454332130682597,2.442219806632304
4.864994109498938,0.17357243552672105,1.6202265057901284,1.1415055400438752,1.053850640025353,2.5799143804373763
4.999282000784185,0.1468689839072255,1.4760844338355357,1.0945278647609005,0.8917265997632351,2.7279099243249654
4.8174292413439295,0.12427375561380621,1.2492678047851673,1.4757999559450004,0.9415073724546623,2.9584416025851223
4.4102339580879875,0.34697622118736343,1.0615711257064917,1.2521574141769447,0.9703612662078118,3.1702701462456178
3.910786562225029,0.2935952640816152,0.8983333705612795,1.0635217495219929,0.938897488360253,2.9296015819843495
3.6035874425036543,0.24842676191521285,1.3852103625735084,0.9007211008660474,1.1546134207418712,2.63597119201263
3.5214148024908223,0.2102072600821032,2.038080624941009,1.0235152716323739,1.2867543574046143,2.7904323802040194
2.9796586790306954,0.17786768160793345,1.9753515434459372,0.867499175210341,1.1483221724430774,2.771871847335896
2.5212496514875116,0.32335554137421263,2.2117919153967764,0.8847010310658835,1.0034793159886768,2.57351791128572
2.1731898294395724,0.43539833468650607,2.2719359275126942,0.8755875740440168,0.8490978827596496,2.520948697037947
1.838936826249018,1.0876050275662825,3.0870173387583186,0.7523242017893927,0.718467439258165,2.8670021420477303
1.7162115738991222,0.9204364594258551,2.8345453511897025,0.7960954721060641,0.7408547165122427,2.4259248894250027
1.5561501674043943,0.7795352382310745,3.099210987634301,0.7080748146864985,0.6268770678180514,2.526954028069229
1.583177294539441,0.6636238526239936,2.948088135240913,0.5991402278116524,0.5304344419998896,2.386647648506289
1.3410896710467288,0.564357223753817,2.49736546289121,0.5069648081483213,0.44882914323067585,2.0592810427245296
1.1367057872200952,0.47764984375184844,2.4205628238194152,0.4289702222793488,0.3797785058105719,1.983862122572487
0.9627675960367419,0.4041807593331534,2.270051572338951,0.3629748034671412,0.8048163278573147,2.135462856783837
0.8151956192642494,0.3419991040511298,1.9208128689021893,0.307132526010658,0.9844092629739777,1.8394896446469238
0.689809551584977,0.2893841564357782,1.6253034966372297,0.2599569479850435,0.9826966539992804,1.604890735932444
0.584130829963249,0.2453544376077605,1.463758565027204,0.21997521808570064,0.8315125533840065,1.392169023219471
0.4943586594646966,0.20769718435700857,1.2386541801599351,0.1868071265658466,0.7344670338958089,1.1779891734933985
0.4183315909449498,0.46529373451376904,1.5384792472194977,0.15817091602225558,1.1864918232455204,0.9967600698790294
0.3539728846457268,0.636397409562039,1.302798022860641,0.13383692894190857,1.0039546196692866,0.8434123668207172
0.29951551777715346,0.5388112922370621,1.1371170178465009,0.11327611870635591,1.3191830382791865,0.7136566180790683
0.253436207349899,0.45616374230084206,0.962421866056281,0.09584902352076269,1.196259371783538,0.6038632922207501
0.21444602160376075,0.44278616766512746,0.8157205885946744,0.08110301990218381,1.1379922361689714,0.5109612472637116
0.18145432597241293,0.9985381473968631,0.6931354258652845,0.3425774733032667,1.7413504367302075,0.43235182460775595
0.15353827582281093,0.8461293308564907,0.5877116434066932,0.28987324664122566,1.9262414586393033,0.3658361592834858
0.12991700261930156,0.7177564970185094,0.7969581667055611,0.24527736254257557,3.0867886730871215,0.3095536732398726
0.10992977144710131,0.6079780153174777,0.8595621565865054,0.20754238368987163,3.905799414877661,0.2619300312029691
0.09301749891677803,0.657420654673443,0.7274722909753506,0.17561278619912213,4.405875130306623,0.22163310332558922
0.07870711446804296,0.5563620204771669,0.8021677884127028,0.14859543447618026,5.06363799777701,0.18753570281396012
0.17770192770965249,0.6611693483645713,0.8673131750194567,0.12573459840292175,5.380872365761653,0.2778558255117608
0.1503631696004752,0.6890441397077786,1.0325435295200232,0.10639081403324148,5.6653889518242675,0.23510877543302836
0.12723037427732517,0.5830467270202307,1.442463782052477,0.09002299648966587,5.792084290156805,0.19893819459717785
0.2148796103366722,0.49336189654354007,1.9495967442588962,0.2706420739727591,5.972427762935769,0.16833231850530433
0.18182120874641494,0.41746006630607235,1.8145511115862394,0.23830544271604928,6.001819960784048,0.1424350387352575
0.30004507371021377,0.46139456698380843,1.7014978993859802,0.20164306691358014,5.9458999667757295,0.1205219558529102
0.25388429313941163,0.3904107874478379,1.4397289917881373,0.1706210566191832,5.949558352479257,0.10198011649092402
0.21482517111796368,0.33376703212759495,1.7686512785937927,0.7421816869174122,5.914156710763487,0.2723544423618308
0.3303211490064197,0.2824182579541188,2.4568311548739774,0.6279998889301178,6.344612892565408,0.23045375892154915
0.33244823391921463,0.23896929519194668,2.1963496727215928,0.7535694925126033,5.988037529909369,0.19499933447208004
0.6982085116254126,0.2022047882393395,1.8584497230721169,0.6376357244337414,5.457560167825792,0.36165046177761595
0.843251774875959,0.17109635927944106,1.572534381061022,0.5396562081891287,4.944712206579735,0.30601192919644427
0.8174098510182359,0.4371606645927355,1.5056614510539577,1.0747546900029106,4.354013388205773,0.25893317085852974
0.6919040449320327,0.7031074870250102,1.2742707834237974,0.9094078146178476,3.90231854154024,0.21909729841875594
0.5855419964468077,0.8996203574098381,1.0783138520936855,0.8898346477578315,3.548475790052704,0.18539002173894734
0.4955203248191953,1.295890134661861,0.9124811257511687,1.6481463268221346,3.0025564377369034,0.15686847993295544
0.4193906422702219,1.6212461070869326,0.7722036276741995,1.6939571917579825,2.5406246780850723,0.1887044698484312
0.3549377739520065,2.1005915403916213,0.653471838524603,1.7677853231667404,2.149759342995061,0.15967301294867256
0.4348863797403285,2.289870191774212,0.5530354901717776,1.7462144727826119,1.8190271363804362,0.13510793403349217
0.6314668428393516,2.259906289083518,0.46801768298008106,1.5115456673365557,1.5391768077065229,0.11432209802833952
0.5343180977871436,2.9599742541261067,0.39601496252160706,1.4755477932813068,1.3023803757516734,0.09673408294705652
0.7409434271168783,3.44361529477469,0.3350895836721291,1.4986256888824314,1.1020141640975698,0.08185191633981705
0.6269521306373586,3.6865405899628088,0.2835373400302631,1.2680678905928267,0.9324735234671743,0.06925931382599904
0.5304979566931495,3.801253619454985,0.23991621079483796,1.5801924458600458,0.7890160583183782,0.05860403477584534
0.448882886432665,3.6150275206447304,0.20300602451870906,1.8403420014127922,0.667628972423243,0.04958802942571529
0.3798239808276396,3.179260237635164,0.1717743284389077,1.8078637856242425,0.5649168228196673,0.04195910182175909
0.321389522238772,2.9555571277762165,0.14534750867907573,1.8409216467351106,0.5263310457727222,0.03550385538764231
0.271944980355884,2.5008560311952603,0.12298635349767946,1.7289912481749805,0.445357038730765,0.030041723789543492
0.23010729107036335,2.6393848233578665,0.104065376036498,1.8603566998277195,0.37684057123372416,0.025419920129613725
0.19470616936723054,2.324518173717796,0.10929108196037825,1.974965421702938,0.31886509873622815,0.02150916318659623
0.1647513740799643,1.9668999931458275,0.09247706935108929,1.6711245875947935,0.26980892969988535,0.01820006115788912
0.5010056428170684,1.6642999942003156,0.07824982791246017,1.4140284971955945,0.2282998635922107,0.015400051748983101
0.5169936248024568,1.4082538412464207,0.06621139284900476,1.1964856514731954,0.1931768076549475,0.013030813018370316
0.43745614406361727,1.1915994041315867,0.05602502471838864,1.0124109358619344,0.16345729878495557,0.011026072554005652
0.3701551988230608,1.0082764188805735,0.04740579014632885,0.8566554072677908,0.13831002204880855,0.009329753699543244
0.3132082451579745,0.8531569698220236,0.040112591662278256,0.7248622676881307,0.11703155711822262,0.6807546553760405
0.4621502562563179,0.7219020513878662,0.033941423714235454,0.6133449957361105,0.0990267021769576,1.14605816066416
0.907518129029373,0.6108401973281944,0.02871966621973769,0.5189842271613242,0.08379182491896411,1.2052051900160996
0.9515691836086588,0.516864782354626,0.02430125603208574,0.4391404999057359,0.07090077493143117,1.0417693357211315
1.0231343791008989,0.4373471235308374,0.04052068706174921,0.37158042299716115,0.2139501420856331,0.8814971302255729
0.9628933798775403,0.3700629506799393,0.039606289030257126,0.31441420407452103,0.186856475716586,0.7458821871139463
0.9043396151014953,0.31313018903687173,0.03351301379483295,0.2660427880630562,0.2169058312545384,0.6311310814041083
1.3064731311974893,0.2649563138004299,0.4927934532916774,0.22511312836104758,0.5109014597018079,1.4955410795239885
1.5363071080871427,0.22419380398497912,0.47303062652125477,0.19048033938242487,0.8132981501658954,1.2654578365202978
1.889926587399739,0.18970244952575155,0.4002892758439071,0.16117567178512876,0.6881753578326807,1.1005997402262235
2.004125128586722,0.16051745729102054,0.33908900576810314,0.13637941458741662,0.5823022258584221,1.3664284412741983
2.2911784458589355,0.13583307929395164,0.2872564085700794,0.11539796618935252,0.49271726803404947,1.302487658304152
2.617639098444916,0.11493568247949754,0.24307437532104811,0.5329136587966267,0.41691461141342645,1.1021162020191095
3.371210383465349,0.09725326979034407,0.20567831757934843,0.45106351131754147,0.4373772818007553,0.932559863246939
3.607568157718766,0.08231860395934888,0.17403549949021788,0.3824028259047414,0.3700884692160237,0.7890891150551022
4.119722557448818,0.06965420335021828,0.14726080726095359,0.3247412555295354,0.6405164244015965,0.6676907896620096
4.520875821914429,0.05893817206556931,0.1246052984515761,0.27528308737746104,0.8168329282114446,0.5649691297140079
4.485615118473389,0.04987076097855866,0.10543525253594901,0.232931843165544,0.9963887798377264,0.5519675597171375
4.200239936633626,0.04219833621262655,0.08921444445349533,0.19709617498622953,1.4014351803268577,0.46704947360680865
4.288093833505525,0.035706284487607085,0.07548914530680374,0.16684051171319378,1.5555455995905911,0.3951957084365304
4.19674393023855,0.030213009951052146,0.06387543064421855,0.14117274068039473,1.7956238724616076,0.33439636867706424
3.9891035320178103,0.025564854573967198,0.05404844131433877,0.12004569334845358,1.9133689383145842,0.2829507734959774
3.5913508441647495,0.021631800024126093,0.0457332964967482,0.10264021879451977,2.1208169271142356,0.23941988526582703
3.0388988467294675,0.01830383078964516,0.038697404728017706,0.08797606252441818,2.1871523110107893,0.2025860567633921
2.571375947232626,0.015487856822007439,0.03274395784678421,0.07444128367450768,2.1771066187817123,0.1714189711074856
2.1757796476583757,0.01310510961862168,0.25587926426175,0.24463130051423562,2.2551615060743857,0.14504682170633398
1.8410443172493949,0.011088938908064498,0.35270867812896817,0.20699571581973783,2.274157572262063,0.12273192605920567
1.5578067299802572,0.009382948306823805,0.29844580457066544,0.37323998241045464,2.433458083121836,0.10385009128086634
2.0128031292564983,0.007939417798081681,0.4231129103464567,0.4977097463232903,2.4725364647843087,0.08787315416073305
1.72268085289032,0.006717968906069115,0.6684250330083471,0.42113901611970717,2.788753260320314,0.07435420736677413
1.4576530293687322,0.005684435228212329,0.7922668432539336,0.35634839825513687,2.359714297194112,0.5103468812781606
1.2869031592966305,0.21994729241087782,0.9869407535532032,0.5974459799200682,2.3216962692652277,0.4318319764661359
1.225730473973127,0.8315919987582677,1.0857114552120724,0.5055312137785193,2.045243321325814,0.36542699943819446
1.2108055882243298,2.5085633006453247,1.5772064922534457,0.42775718088951636,1.8446536832871712,0.3093948292932289
1.0245278054205866,4.179639047975733,2.0017968956635817,0.575126119594184,1.6428817136467957,0.26182141304393886
0.8669081430481885,6.042931333275304,1.864925049496974,0.48664517811815566,1.6593640322592191,0.2215411956525636
0.7335376595023133,6.821180226968966,2.3233150708468564,0.8831218500959801,1.547140752701136,0.18745793478293846
0.6206857118865728,8.07102137222818,2.4362174305447097,1.668293524250178,1.40119406872297,0.15861825250864026
0.7529070414208191,8.936414287381545,2.2380891576286306,1.4668025519814498,1.2954938583181221,0.2756321557608489
0.6370751888945393,9.446590446465422,2.1252153649367425,2.0299750329935855,1.138090941759059,0.23323142948909584
0.5631165988025302,9.858393591404166,2.701908590048318,2.2346737054300436,1.4452039588463277,0.8973637700001245
0.7296653784775443,10.073411353687725,2.2862303454255,2.092268052770693,1.3727379640582031,0.7593078053847208
0.9221607711502956,10.105830967543183,1.934502599975423,1.9313070206607985,1.1615475080492488,0.6424912199409175
0.8388574866757204,10.403021464220835,1.6368868153638194,1.8693161045006397,1.3489155360600138,0.5436464168730841
0.9643251003154059,10.390935287461938,1.3850580745386165,2.0856198625294415,1.1440430631606198,0.4600085065849173
0.8582993007745349,9.848343460618253,1.1719722169172906,2.302252437141307,1.1287686266375965,0.3892379671103146
0.7262532545015294,9.302602550556157,0.9916687989300151,2.7676616449387006,1.0560902206275882,0.32935520293949694
0.6145219845782173,8.310407569749177,1.4351687071105892,2.3418675457173617,0.8936148020694975,0.2786851717180359
0.5199801407969531,7.5563081736323126,1.2143735214012679,3.1182233654205165,0.7561356017511133,0.23581052991526114
0.7421201342465144,7.1061284421484965,1.1235758247396728,2.821121184824115,0.6604083669608329,0.1995319868513748
0.6279478059008968,6.012877912587189,1.0338388097733762,3.2153392640968677,0.8254460924714772,0.16883475810500945
0.5313404511469126,5.74445801096372,0.8747866851928567,3.2234561277984506,0.6984543859374037,0.142860179935008
0.44959576635508,5.3074657354836186,0.7402041182401096,3.1948542209466755,0.5909998650239571,0.1309913918908199
0.38042718691583693,4.7244792882936055,0.626326561587785,3.7025416508234104,0.7662221814105553,0.11083887006146301
0.3218999273903235,4.109227024446642,0.5299686290358181,3.9708970363238585,1.0457265762850994,0.09378673620585332
0.2723768616379661,3.6091932322380202,0.44843499379953833,4.261979964907377,0.8848455645489302,0.07935800755879896
0.23047272907827898,3.0539327349706324,0.4617946411764572,4.637196907391097,0.7487154776952486,0.06714908331898374
0.26840295419996313,2.5840969295905354,0.3907493117646946,4.580886298827335,0.6335284811267488,0.056818455116063156
0.2888462071558989,2.186543555807376,0.3647409685747269,4.991235563013472,0.5360625609534028,0.04807715432897652
0.24440832913191443,2.0977117358899657,0.3086269734093843,5.6473057009945276,0.4535913977298023,0.040680669047595513
0.6362448586382378,1.7749868534453561,0.2611459005771713,6.2020678457798395,0.38380810577137114,0.03442210457873466
0.538361034232355,1.5019119529153013,0.22096960818068342,5.631999631590093,0.3914268231265834,0.029126396182006253
0.45553625973506967,1.2708485755437164,0.2688700692739213,5.485234825966471,0.33120731187633984,0.5261313269948982
0.38545375823736666,1.0753334100754521,0.22750544323177957,5.933678245073761,0.2972863044337219,0.5656235798524663
0.6630830160432076,0.909897500833075,0.19250460581150577,5.557396595643112,0.9382048532196183,0.4786045675674714
0.5682839655950814,0.7699810035965141,0.16288851260973566,5.6854722032126315,0.868981959011508,0.4049730956340142
0.4808556631958381,0.6515223876585888,0.1378287414390071,6.097622343406818,0.7352924268558914,0.3426695424595505
1.1338601579337642,0.551288174172652,0.11662431967915986,6.00370477007664,0.7315210784573958,0.5019699099524194
2.128219946401198,0.9329009841579536,0.0986821166515968,6.274133313053362,0.6189793740793349,0.42474376995973945
2.865458432101747,0.7893777558259607,0.08350025255135114,6.538328882959183,0.757045985589961,0.35939857458131796
3.2041027475275867,0.6679350241604283,0.07065405985114327,7.060103484531932,0.9259505684424337,0.3041064861841921
3.341845035028662,0.5651757896742085,0.05978420448942893,7.277171399804083,0.7834966348359055,0.2949963047058525
3.092967025778539,0.47822566818586876,0.05058663456797832,7.78836351231266,0.6629586910149969,0.24961225782802904
2.904137985890379,0.4046524884649659,0.4793351188801681,8.30867354702282,1.5387898118582746,0.7997362419139146
2.868455155287346,0.34239825947035574,0.4055912544370653,8.244699111477502,1.583305955940047,1.307876596362748
2.5128841268610884,0.2897216041672241,0.34319259990828604,8.264970354169822,1.6006131423213017,1.5334108435710672
2.5972465697010425,0.24514904967995882,0.29039373838393434,8.60668007299814,1.4380058766179542,1.8744459020223678
2.1976995825113663,0.20748811088988198,0.24582263193675077,9.201114101594708,1.3761157322275488,2.240379602317297
1.8595919544326944,0.17561818527436596,0.7778134456681921,9.06210831470135,1.473735477350125,2.7645404698981793
1.6041901148273328,0.14861535687497668,0.9988759362522837,9.249704917370439,1.757349645527063,3.6546342576092306
1.7532747015473602,0.12575145581728794,2.262831314109243,9.358950661435165,2.483529977586076,4.208787614857533
1.4835401320785355,0.10640507799924365,2.4853050885736048,9.706802284603297,3.1069163247865714,4.895929604218198
1.4048529536145045,0.0900489298152428,3.2895846296109257,10.241063993713366,3.259619651960825,4.759514619119441
1.2377628625299357,0.24190390878823184,3.573073375494644,10.455027360417178,3.690536735423301,4.746616958429381
1.0548521330288552,0.20477545493884597,3.5444685711960466,10.526400521375168,3.7728299585249423,4.529161045714795
0.8925671894859544,0.3639425714952578,3.129275203273066,10.198235331458905,3.4844597292864035,4.117301049547473
0.755249160334269,0.7577773816500131,3.295214474514223,9.628348336328107,3.583616263557828,3.9701042587467676
0.6390569818213045,1.5894404798621171,3.025578774921753,10.614415566397025,3.1447214905809386,3.8844336379814894
0.5408100354233646,1.5532230324821104,2.5601051172414833,11.231467720600424,2.9546244826021995,4.240042687760425
0.45760913728529534,1.7951378612318853,2.408562030395087,12.324538305541918,2.5000668698941686,3.8055477365807246
0.3872233886823164,1.5190050576029825,2.0380140257189194,12.911899246637432,2.156952329821256,3.220078854029844
0.3277313179787872,1.8415544307014966,1.7244734063775475,13.43090324032829,1.8251135098487548,2.7246821072560223
0.2773818351283197,2.4441171871498137,1.4591698053963862,13.092780912232477,1.5443268160258694,2.3055002446012494
0.23470770664703977,2.3547741135634515,1.2346821430277113,13.60104413073569,1.3067380750988125,1.95080789927798
0.39792294794316624,2.9999596674742044,1.075210678631708,13.604153395278818,1.1057014481605336,1.650683607081368
0.6610972721721189,2.9448040832858706,1.3565643453090792,13.436095791312031,0.935593533058913,1.3967322829150035
0.5595812064303788,3.0689317253891635,1.1478621383384515,12.960918363010702,0.7916560664344648,1.181850393235772
0.6852558181836057,2.998280335742478,0.971267963209459,13.195496352334173,0.8362624759560505,1.000027255814884
0.5798318461553587,3.3534508285186138,0.821842122715696,13.095328348989156,0.7076067104243504,0.8461769087664405
0.49062694674684193,3.385718549548259,1.1777785441261908,14.22532055937488,0.8105640649026036,0.7159958458792958
0.4151458780165586,3.403822575154561,1.2122955522213295,14.361147190463095,0.6858619010714339,0.6058426388209425
0.3512772813986265,3.041996584875211,1.0257885441872787,13.85197909877938,0.6785148447970476,0.512636079002336
0.29723462272191475,2.5739971102790253,1.1047206765864461,13.867070522286017,0.5741279455975019,0.9104238169021375
0.25150621922623556,3.1870057639984166,0.9347636494193006,14.357014920672794,0.4858005693517324,0.7703586143018087
0.21281295472989162,2.6966971849217374,0.7909538572009466,14.174338733017938,0.4110620202206966,0.8730694557023404
0.18007250015606213,2.281820694933778,0.669268648400801,14.748650647736474,0.3478217094175125,1.1207767415426384
0.15236903859359105,1.930771357251658,0.5663042409545239,14.987672183642484,0.7559121828708844,1.3836788248352747
0.1289276480407309,1.6337296099821723,0.47918051157690483,15.40689464798625,0.6396180008907483,1.5802431775320096
0.10909262526523383,1.3823865930618382,0.4054604328727656,15.071401811118184,0.8048759177595285,1.5412717667875522
0.09230914445519786,1.169711732590786,0.343081904738494,15.648657970095508,0.7099865475409265,1.5313577599732038
0.6331997581130259,0.9897560814229728,0.29030007324026413,15.595681500772793,0.6007578479192456,1.7462387809571203
0.6608708711048363,0.8374859150502078,0.5137436441414887,16.052464692427623,0.653686171052038,1.6681593655174103
0.5591984293964,0.7086419281194065,1.2982223967856446,16.49466786078604,0.5531190678132628,2.5425628994479763
0.5113138969635773,0.5996200930241132,1.627509796760866,16.997486762856308,0.4680238266112224,2.3608902601007666
0.4327970529442263,0.5073708479434804,1.4067475897189428,16.86520629396711,0.3960201609787266,1.9977834468908218
0.5027211313800812,0.4293137944137142,1.1903248836083362,16.581412356889224,0.3350939823666148,1.6904321473691568
0.5696789486700773,0.3632655183500658,1.4148768262889102,16.737787906923522,0.2835410620025202,2.0104082647141097
0.4820360334900654,0.30737851552697876,1.1972034683983086,17.210004266783436,0.23991936015597862,2.2313322539973
0.5486172737176732,0.2600895131382128,1.0130183194139533,17.4487674447999,0.20300868936275115,2.099515335578596
0.9683372090634508,0.22007574188618007,0.857169347196422,17.831536160423806,0.17177658330694326,1.9320932425858734
1.1049637418012863,0.18621793544215237,0.725297139935434,18.156451176921877,0.14534941664433662,1.771476905083148
1.0816585830194039,0.15756902229720585,0.6137129645607519,18.19143572413257,0.12298796792982329,1.790864481892583
1.155904125496633,0.13332763425148186,0.5192955853975593,18.63054051982901,0.2149229438507903,1.7042244331366037
1.5361391803726676,0.11281569052048465,0.43940395687485784,18.312233933322805,0.18185787556605332,1.7077088675452938
1.2998100756999493,0.09545943044041008,0.4694144624096999,18.829693377194364,0.15387974086358358,1.4828759269376084
1.100195816655139,0.08077336421880854,0.39719685280820766,18.88730990528554,0.1302059345768784,1.2547411689472072
0.9312790939774572,0.0683466928005303,0.336089644683868,19.194596897661324,0.11017425233428174,1.1921509965762953
0.7881415057280545,0.13424011827309598,0.28438354550173445,19.820243771830715,0.09322436735977686,1.1370366653883022
1.2029560494528098,0.11358779238492736,0.2406322308091599,20.967472746175343,0.07888215699673426,0.9621079476362556
1.0212244752394675,0.09611274740263084,0.20361188760775067,21.233160925711584,0.06674644053569823,0.814091340307601
0.8689051454464216,0.08132617087914916,0.1722869818219429,21.86006151761087,0.05647775737636004,0.6888465187218162
0.7384671899021121,0.06881445228235698,0.14578129231087475,23.063233585279967,0.0477888716261508,0.5828701312261522
0.7117774717512934,0.05822761346968668,0.12335340118612478,23.871431457026627,0.12157936334875986,0.4931978033452057
0.8487512807263566,0.2932729333190365,0.10437595484979789,25.566692811494,0.13075170430146327,0.8203667041604144
0.9493365229646982,0.24815402050072316,0.08831811564213668,26.213201535694665,0.217490834916337,0.731392938756185
0.8056216518072915,0.2099764788852273,0.28480238326177393,27.566345966308656,0.8731977234593824,0.7964599490775994
0.7121470579273769,0.39370864391515453,0.27212596470092193,28.517606850706226,0.7388596121579389,1.0714095692776981
0.6040218803177483,0.6554166807481787,0.4091702670041267,29.603760526932604,0.6251889025951791,1.1703772196619657
0.5112774159345848,0.766313801652723,0.34622099515733795,31.112286322538903,0.5290059945036131,1.1647410436159236
0.4327297058386837,0.8131792759142262,0.3525026368646389,32.42853818704323,0.6517578067113706,1.2839917162869776
0.36615590494042466,0.6880747719274223,0.29827146196238674,33.44660416173259,0.5514873749096214,1.218953606505825
0.30999492164632353,0.7547341770411561,0.4202840679039565,34.29598616682713,0.46664316338506423,1.0314222824280057
0.2625230879547248,0.6386212267271321,0.355624980534117,35.124214275777,0.39485190747966975,0.8727419312852357
0.22224665692454745,0.5403718072306503,0.5363336598722961,36.32530022367239,0.3341054601751052,0.7384739418567379
0.4627308358707772,0.45723768304131934,0.6113388126207977,37.055558910394524,0.3851606064393273,0.9772332971577802
0.3915414765060422,0.4268782556017972,0.5172866876022135,37.525954146959855,0.32590512852558456,0.8268897129796602
0.3313043262743434,0.36120467781690535,1.4778557815760334,38.75823361098613,0.28976193826188673,0.6996759109827894
0.5272607521416124,0.3056347273835353,1.926513356242375,40.65032374952274,0.2475408027524844,0.6235927789338722
0.44623241218301546,0.2586140000937606,2.4261270064594136,41.88680758507424,0.20945760232902527,1.157850830076637
0.37798550079345933,0.21882723084856667,2.3487795294900864,41.750736967133456,0.17723335581686753,0.9797199331417697
0.6112052431162646,0.18516150302571024,2.733954711551603,42.89025766734231,0.36145612364244417,1.0954564760676013
0.9589738627518398,0.1947050833870295,2.6722705081383107,44.16715204897313,0.30584748923591426,1.1147105847689684
0.8131003624954389,0.4794088104851637,2.78532721774962,44.47083525515484,0.3265035186310235,0.9432166486506657
0.6884779813528207,0.8311582527726513,2.4735145194260713,44.76094287993041,0.5753208333793913,0.9427853265889085
0.5833895421248763,1.097901970229516,2.69049263581416,45.22884500345071,0.777545494586777,1.1846130572456923
0.4953329154460256,1.9607722220297807,2.462144936676348,45.44282608737356,0.7786559479782714,1.1184750867632907
0.48355859067472695,2.7899936786729485,2.0833534079569094,46.49741246271597,1.0965428093348348,1.1211881664231538
0.4272571189468913,2.910305339925913,1.7628374990404618,46.832579093309164,1.032130456068121,1.1318650733945488
0.3617476821818494,3.060824489334383,2.2629865581947026,46.96586505233002,1.5364240786542895,1.560129563249087
0.30609419261541104,2.7993094311488895,2.1155747658178687,46.90171241296811,1.3000511434767066,1.548509924284781
0.3918706215213124,2.9790651563293404,2.0030130482751916,46.57292518380899,1.2175050099786442,1.795318236253985
0.3330099493442955,4.315758669516889,2.657358150634511,46.89688957431334,1.3086793243268602,1.5191154306764487
0.5815835702504826,4.924213168596633,2.364657980102638,46.96022841250693,1.1073440436611892,1.6205636475325556
0.5882290524206978,5.535690320596383,2.725765686029967,46.98427367098479,0.9369834215594679,1.3877247075754657
0.4979387220830685,5.681168769066103,2.32794163070416,47.997283325088716,0.7928321259349345,1.3142136471561012
0.42214761222732766,5.269829313933187,1.9903021191332264,48.33042057298327,0.6708579527141754,1.133490727507303
0.6063590091946744,5.006350708618266,2.1831122413589585,48.34275561320361,0.9411695355125858,1.0610365870613827
0.6637948738625428,4.677707702887864,1.8472488196114265,48.7482196869233,0.7963742223568033,0.8979885749915028
0.5644727509994053,4.494631653064923,1.6341872791654357,49.03943079012731,1.1236105544201591,0.759890173329455
0.5235054299843553,4.1992321862508275,1.3827738516015227,49.765548542814564,0.9507473922016731,0.6431506447245617
0.44413072940544446,4.015225629265064,1.1700394128935958,49.81975820725769,0.804478562632185,0.5446676912998285
0.37580292488152994,4.140962476833816,0.9900333493715042,50.45808149420189,0.6807126299195411,0.8103300967830848
0.3179870902843715,4.342565966564973,0.8377205263912727,50.84637702766431,0.5759876099319193,1.4695844768334656
0.26906599947139126,4.038864114977917,0.7088404454080001,49.98827786694449,0.4873741314808549,1.8219766500161865
0.7396301869530107,3.7876146501856973,0.5997880691913847,50.595025318812816,0.41239349586841567,1.6676543619850657
0.6258409274217783,3.6351189068468313,0.5075129816234794,50.975542214663854,0.3489483426578901,1.6866929345492394
0.5295577078184278,3.3957039214818034,0.42943406137371326,51.229245159601895,0.295263982248984,1.8755503072936235
0.44808729123097735,2.9955151793152055,0.3633672827008343,51.622253923809495,0.7468079453079716,1.950836296158333
0.37915078488775,2.958273045963878,0.30746462382378287,51.980869710266504,0.6319144152605913,2.2075289080719322
0.32087567724172955,3.898902937402883,0.2601623740047393,52.11816510333511,0.6484300761980678,2.1530784263356026
0.27151018843530966,4.203495321524736,0.22013739338862556,52.12004948152592,0.5486716029368266,2.2765902506525535
0.22973939021449274,5.025025652777097,0.1862701020980678,51.9260127598484,0.46426058710039175,2.435282904831477
0.2949934759217314,4.952503037079493,0.36422384274160546,51.58429613941779,0.681634856090143,2.368558755572941
0.2976720773195441,4.674474574252068,0.30821196353646535,51.361259704317405,0.5767679551531979,2.7511791781279875
0.2518763731165374,4.5175008473267875,0.31407443217761033,51.12203057427481,1.5286142330412442,3.0365783420409094
0.2131261618678393,4.484575844207029,0.26575528876567034,51.15506689126306,1.371381257784576,3.030269262353658
0.18101225766014814,4.789381851554478,0.22486985972479798,50.95405333429549,1.3309612528034247,2.968361546054367
0.15316421802012534,4.803432088971738,0.19043146151380894,50.81093707499914,1.372718122268466,2.926289030349401
0.22240896183588044,5.379532828844306,0.29449380987322893,51.03795406552241,1.3958563268154727,3.134303815119946
0.18908902328823599,5.738576057702264,0.24918706989273218,51.559256167539445,1.2347646115123019,3.1165455526889705
0.16049232584284695,5.508969613991763,0.21883426401870976,52.06981211030021,1.1975620970088505,3.3818351147938324
0.1376537978871301,5.116911233767944,0.18521851549799706,52.04414706551645,1.0133217743921044,3.283192357424013
0.11805657422881917,5.211703878167223,0.9808771739354702,52.36507884435161,1.3215354158143386,3.3083202060320205
0.10246201471100012,4.432834194264467,0.8300266169803128,53.08856950981993,1.2972749439440958,3.0587477509351855
0.09032902830495568,3.9397964861979857,0.702330214367957,53.21691605867916,1.218198732509081,2.895716756066807
0.07956460923015957,4.415016172502757,0.5942794121575021,53.528002519082165,1.0514078888099263,2.813255231771527
0.068722961532834,4.210489565364322,0.5028518102871172,53.724044733661174,1.110136476044567,2.4034675759413044
0.33357520158763565,4.327216661486852,0.42548999331986836,51.34571719571697,0.9393462489607874,2.2112667244784134
0.2825682512345341,3.963360280183757,0.36002999434758093,51.66586277337221,0.7948314414283586,2.050708151106164
0.5420587096606554,4.0096336783671225,0.30464076444795307,51.65431863462436,0.7325018469362858,1.7352145893975237
0.45866506202055457,3.5330402729287487,0.7083739596275125,51.979066637043836,2.0682879521846766,1.7542206233004671
1.3594810349688953,3.182650531583687,0.599393350454049,52.537166688799104,1.9519517989049304,1.746586418279264
1.170581621924972,3.2090142887253976,0.5071789888457338,53.34745261352488,1.725707781737632,1.6759924255831
1.1245914552183323,2.7453936396091523,0.42915145210023625,53.950293206606844,1.5538092183784928,1.72081887776511
1.7480559840468195,2.9615197243517652,0.6658808401899626,54.185138673520896,1.7929035712638859,2.151413023771552
2.4715207228331053,2.6505267151152436,1.1106626894086153,54.286403563860134,2.031515211405207,2.532428465660392
2.7414585342768913,2.242753374328283,0.9397915064226744,54.33454110139272,1.8530067612009116,2.707642381971282
3.0736760592825525,3.1453046643941436,1.4096249483717487,54.845370957578396,1.8127013062829989,3.088419187580077
3.3237159915342427,3.2927468865527105,1.192759571699172,55.27865031718472,1.5338241822394605,2.7894225294746753
3.708405751112902,3.0184460714183405,1.0092580991300686,55.16718256412848,1.3252122967845175,2.8758349066217193
3.609101451759354,3.0563183000229124,0.8539876223408274,55.27784484760598,1.5129835555485671,2.433398767141455
3.848231172875009,2.7834521313608978,0.7226049112114692,55.51991155680839,1.2802168546949415,2.298233118477065
3.256195607817315,2.953667003006061,0.6114349248712432,54.92157013445778,1.0832604155111043,1.944658792557516
3.0130085422973454,2.881412896841587,0.5173680133525904,55.124321254409445,0.9166049669709343,1.6711126568673293
2.549468766559292,2.4381186050198043,0.43777293437526876,55.27672031329995,0.7755888182061752,1.414018401964663
2.157242802473247,2.063023435016757,0.370423252163689,55.21947065730496,0.6562674615590713,1.196477109354715
1.9112343300613082,2.1269445974659806,0.31343505952312145,55.28316023465063,0.5553032367038296,1.0124037079155281
1.7177093103382683,2.332068233166952,0.26521428113494894,55.871172587825185,0.46987196951862503,0.8566492913131392
1.4534463395169963,2.124040135236979,0.22441208403726445,56.37450196630907,0.42988391398405756,1.159933385805387
1.2298392103605353,1.7974131570173937,0.18988714803153142,56.991633240775485,0.3637479272172795,0.9814820956814814
1.040633177997376,1.8748596214017874,0.16067374064206502,57.263204553661886,0.30778670764539034,0.8496266948223995
0.8805357659977796,2.184915755288291,0.1359547036202089,55.000205946018376,0.26043490646917644,0.7356414211354022
0.7450687250750443,2.309794446659897,0.11503859537094598,55.56671807751743,0.2203679977816108,1.3328023429484517
0.6500087040093663,2.469965338950061,0.09734034992926198,55.77374814450198,0.18646522889213224,1.1498485855347944
0.5500073649310022,2.6550580461244975,0.08236491147860629,55.7691146497644,1.3028535630788092,0.972948803144826
0.46539084724930957,2.36710143733093,0.06969338663574379,55.994233625339334,1.3255685311605894,0.8232643718917759
0.39379225536480045,2.764628526778161,0.058971327153321665,56.52842168715986,1.430233397298175,0.8753268057917559
0.3332088314625234,2.629335602487761,0.04989881528357987,56.63094829619874,1.6682935333143416,1.7257352785224198
0.2819459343144429,2.9072857188675045,0.042222074470721425,56.653309657321195,1.832633007487138,2.0014997660111287
0.2385696367276055,2.9486586890474036,0.035726370705995054,56.56249648182421,1.850624924951041,2.42218859400989
0.20186661569258926,2.891172389536993,0.030230005981995815,57.20753944017023,1.6299476733613423,2.41896500533299
0.17081021327834478,2.8302676919354868,0.025579235830919533,57.57848126646593,1.3791864928442126,2.471190521525546
0.14453171892783018,2.44004687220655,0.021643968780008835,57.4782868738713,1.177340029545884,2.657147521033813
0.14012252116858653,3.029599125294588,0.018314127429238245,57.837429505115274,0.9962107942311326,2.6137907409892893
0.8150710324921114,2.8156863399110494,0.015496569363201594,58.04759647968943,0.8429475951186506,3.0798965302768373
0.9600315891621404,2.682106819071509,0.013112481768862889,58.27322623552021,0.7132633497157812,2.7381083371634944
0.8123344215987343,2.88673335069684,0.01109517688134552,58.56081158885414,0.6035305266825841,3.249408593422885
0.6873598951989289,2.9111536770072592,0.009388226591907748,58.800842580710245,0.510679676423725,3.29852708142142
0.5816122190144785,2.873801353137995,0.007951433733619586,59.137506964104126,0.43211357235853654,3.4104456421552776
0.492133416089174,2.9697357821982004,0.006728136236139648,59.73633750588663,0.365634561226454,3.760471753788383
0.4164205828446857,2.548480897505267,0.005696669403291028,60.42917270273119,0.4351532181624819,3.628629906449006
0.38439332607004056,2.538735091107616,0.00487051122246847,60.987142690628374,0.4665084079769822,3.633601730738118
0.3252558912900343,2.9662349913625263,0.31541873082105465,60.82598705293783,0.5430616151010899,3.645022794579972
0.2752165233992598,3.045948480559085,0.38823921170432185,60.91450316148168,0.6439231644911854,3.3383047016829783
0.23287551979937368,3.0607013393085594,0.4570386757368231,61.44860835855597,0.7018437321108141,2.906751364018672
0.1970485167533162,3.350923026253593,0.4089126766727235,60.419376500531385,1.0231835583361695,2.5079940788918997
0.1667333603297291,3.234213493584945,1.518158426546179,60.87086406371022,1.093461159471855,2.8374524841651962
0.1410820741251554,3.277258976032575,2.8662050345532264,61.05839676140821,2.489696115012983,2.955639729414855
0.12092721304397909,3.1116277012881945,3.133256962075448,61.17314079681903,3.113571411040416,3.054983173873731
0.10232302642182846,3.2334850316424104,3.187092891361959,61.59330549396021,3.2341166989545003,2.983759200958725
0.08658102235693178,2.9532879580167903,3.353032917126045,61.64919873037635,3.4923009615549705,3.1720809310173435
0.07326086507124997,2.788161324791286,3.892629761189969,61.31493616853617,4.0405537941746,3.3722509368722475
0.22219787408306552,2.554416908118014,4.0282987445383975,61.465705949720174,3.8308103487367027,3.920676114350031
0.18801358576259392,3.3467656764850835,3.9590174140213623,61.91985722496199,3.3526712030127626,4.314826547519493
0.37255765155077664,3.876713254322591,4.5963477095249985,62.25270793723881,3.691142079032087,4.469202113713659
0.3152410897737341,4.606263490940528,4.895388740115225,62.34881576327175,3.512451097583655,4.61749722038396
0.26674246057777506,4.8049804040083375,4.495517983148008,62.859320235428974,3.573369564572073,4.990178997151863
0.22570515895042503,4.958784386765963,4.956668517469517,62.99795317467231,4.1688371393119965,5.047203704617689
0.3747607951785697,5.249720566627459,5.317093758598898,62.998252679099245,4.326872209914852,4.8744627445940045
0.31710528822802053,5.248813709075342,4.707088301142348,62.987375428645535,4.643664131397768,4.124545399271851
0.2683198592698635,5.48501052959961,4.0516765839876765,62.61309920245207,4.767095701772311,3.489999953230027
0.22703988092065375,5.6155636461013865,3.8420505055551817,62.570262463518695,4.884539752994117,2.9530812067874863
0.19211066847132238,5.753541179640942,3.94486618916335,62.535988480794686,4.8780380115789255,2.6206125308526262
0.16255518101419583,5.740082163274566,3.406450085249603,62.48172723005259,4.932792954137759,2.550370077298423
0.1375466916273965,6.184167330324784,3.688422438136167,62.2374872501293,5.635438840098822,2.429304290238447
0.11638566214625856,6.781335925307028,4.203897915893398,62.4491143624361,6.425777137531428,2.6355733232941367
0.09848017566221877,6.371756213102366,4.10567411391759,62.199224329567386,6.6826232996560675,2.2767122223156906
0.0833293794064928,5.967036591721395,3.7328800495921226,62.49817921138651,6.898781314909141,1.937679683678246
0.07050947488241699,7.034331570684028,3.5949249186774,62.39763641226819,7.149062401385692,1.639575116958516
0.059661863362045146,6.544841904296601,3.5474073996466284,61.160505332574765,7.1023989887882,1.3953123449682852
0.05048311515249974,6.623092030745573,3.1910397697428925,61.3803340219968,7.612042835005192,1.2616711720340956
0.04271648205211516,6.62556224923391,3.6199145565034905,61.44503125056022,8.258987729625167,1.5391683094770994
0.03614471558255898,5.756660661681383,3.7279373852518423,61.24717889075941,8.399046719739577,3.2027104678698155
0.03058399010831914,5.687026682392131,3.3797104314430095,61.33625304794954,8.50189995721785,3.579454505292888
0.025878760860885426,5.0489166805850845,3.504954754447255,61.4067083559214,8.306773583311864,4.490074179283223
0.021897413036133823,4.994640088315613,3.4119547090440303,61.68198498422304,8.05520308804241,5.425613046898687
0.018528580261344005,4.458773567572628,3.780103620838319,62.191428950770366,7.796559365945717,6.1369155055090125
0.015678029451906463,3.772808403330685,3.8500802430691583,62.27813032580795,7.599463056972847,7.2535054276633275
0.5005633339091344,3.19237634127981,4.821634827335734,62.74328661947488,6.868761038051076,8.331350985812668
0.423553590230806,3.19975430776216,4.953387323046421,62.915002911692966,6.15033896231754,8.845691118605082
0.3583914994260666,2.707484414260289,4.8491104505525735,63.30857883623054,5.419487352337687,9.687527949013258
0.3032543456682102,2.2909483505279367,4.476906909808467,64.30722798071609,4.585720067362658,10.431175951068504
0.25659983095002403,2.2553413622119334,4.573966419319152,64.9605718339942,4.103339531067931,10.945660935949586
0.21712293388078954,1.9083657680254822,4.2845816996754635,65.89447243474211,3.526392726056111,11.21436951086394
0.9458599625158798,1.8591660528218872,4.404073257463575,66.81145934663827,2.9838707682013252,10.892178270925664
0.8152095565512186,1.7896267047809777,4.1080957690919,67.13997454176676,2.5248137269395823,10.906017781756137
0.689792701697185,1.7537615140889986,4.7024156681937574,67.58149380329094,2.136380845871954,10.728141802511583
0.5836707475899259,1.4839520503829988,5.628975309239603,67.84855967417502,1.912508064071476,10.973471508499935
0.4938752479607064,1.3706636452370455,5.313809654321759,68.07242171233828,1.618276054214326,10.928297346112057
0.4178944405821362,1.1597923152005771,5.213164392965118,68.82475801587843,1.369310507412122,10.958204991003315
0.3536244309114334,1.0093452818180708,5.069650498140064,69.07311454509689,1.1586473524256415,10.503353120748908
0.299326585344661,0.8540613923075984,4.964089871039925,68.84529621745789,0.9803939135909274,10.454521518220906
0.5524632148386903,1.2105313305262624,5.001651999523626,69.58025488580827,0.8295640807307848,10.367859620427339
0.49830294142719966,1.1446196393959738,5.075017687794751,66.40464094730062,0.8261398403364445,9.982893914456426
0.4216409504383997,0.9685243102581316,4.681369140387829,66.89809839155727,0.7671900626104499,10.052562140999441
0.35677311190941513,0.994964389489282,4.267358636560359,66.91848013866269,0.6491608222088422,9.503083093724154
0.3018849408464282,0.8418929449524694,3.688417808809929,66.68555443260398,0.5492899264844049,8.567987428227335
0.2554411037931315,0.7123709534213202,3.375553077278908,66.449117604716,0.4647837839483426,7.534829072605982
0.21614247244034207,0.6027754221257324,2.8562372192359997,66.94157167610047,0.3932785864178283,6.636321004754452
0.4393293608645634,0.5100407417986966,2.8016189348316756,66.6303254288185,0.3327741885073932,6.2074253840123905
0.37174022842386134,0.43157293536812796,2.6627851013208055,66.19176094403693,0.2917937780895115,5.54402510775305
0.3145494240509596,0.36517709915764673,3.3177389000466397,65.7793352632076,0.7798524768436857,5.055588202350107
0.9067552456643379,0.3089960069795472,2.807317530808695,65.83326308444046,0.6598751727138881,4.7052352655906065
0.8197317311082966,0.26145815975192455,2.375422526068896,65.88395332130494,0.5583559153732898,4.498737464898914
0.6936191570916356,0.28335576660203254,2.1370130100074007,65.76459740407923,0.6863345048211356,4.334838921618946
0.5869085175390762,0.23976257174018142,1.80824177769857,65.47967285541561,0.5807445810024993,4.379753944197716
0.49661489945614146,0.202876022241692,2.13924473002964,65.05407428124657,0.4913992608482686,4.584476624328282
0.42021260723211973,0.9732067086441232,2.3186177388666835,65.25878028196563,0.4157993745639196,4.833474439948643
0.5858869434833971,1.1880435496954675,2.3416322338417044,65.02016747451526,0.35183024001562424,4.454848252635174
0.49575049063979765,1.908214247197584,1.9813811209429804,64.7854665062955,0.29770251078245125,3.856962566532556
0.4194811843875211,1.6829359166572198,1.6765532561825218,65.11675177452028,0.25190212450822796,3.744399038122736
0.3549456175586716,1.7885248456868454,1.4186219860005953,64.77830277230342,0.2131479515069621,3.1683376476423146
0.3003385994727222,1.7532758904484365,1.5833087855958692,65.0390957763491,0.18035595896742948,3.457352611350005
0.25413266109230337,1.7573016530838972,1.33981393738547,65.29612005279519,0.15260888835705574,3.4097260007933485
0.21503532861656438,1.7996149738969354,1.133688716249244,65.03870302437306,0.12913059784058561,3.448660512287883
0.2858802530411945,2.292288577641244,1.2916729571515333,65.09031456294325,0.10926435201895704,3.5734265379370953
0.5653564848870515,3.1406338842455264,1.092954040666682,65.39962016333574,0.09245445170834825,3.5873599225186537
0.7135398224946633,4.262255563646457,1.4098538696807572,64.40809839441312,0.0782306899070639,3.7044476030086737
0.7647667076428121,5.172147357959378,1.7152660716914618,65.50332692273776,0.06619519915213098,3.6299382971838794
0.6586739802226036,6.01604896268231,1.8168503442315593,66.79168419323815,0.3611851748183299,3.8777833870486837
0.5573395217268184,6.011139840872074,1.669227857748447,67.47097506645946,0.3056182248462791,3.9028503453116876
0.47159497992269256,5.97579383905556,1.549970859327758,67.77748586359894,0.3269970812187996,3.9569555739828517
0.5968430415655084,6.408961064503475,1.3115138040465644,68.88710750176509,0.2766898379543689,4.135533392698556
0.5050210351708148,7.299268714657074,1.6762298344321687,69.820471472896,0.3426116733766714,4.682468087174828
0.7376078013482684,7.609942951534001,2.7629181732576957,70.7278163505187,0.8601897010162358,5.5383273709115866
0.6241296780639194,7.8251984249575814,2.6071302607292157,71.40225119137601,0.7278528239368148,6.238666739238671
1.0485225893850296,7.862078635232158,2.6927290204087906,72.17885980845999,0.6158754664080741,6.604599155646439
0.8872114217873328,8.098799035515873,2.575852770435907,72.94416058395092,0.5211253946529859,7.0435724718562
0.7507173568969739,7.954116017442215,2.2831022023691148,73.71196053001965,0.440952257014065,7.406144157580778
0.6915003821893766,7.96831495634723,1.9318557096969433,74.14846669179806,0.37311344824267034,7.426535663730613
0.5851157080063956,7.485975751793659,1.6346471389743367,74.43541307808005,0.31571137928225956,7.174306545480983
0.49509790677464244,7.2732851380524375,1.3831629637475158,74.09903653037921,0.26714039785421956,6.760358983897744
0.4189289980400821,6.682156355618237,1.1703686616325133,74.13553379209462,0.22604187510741655,6.330430772758722
0.3544783829569925,6.069440796376598,0.9903119444582805,74.1067919346435,0.19126620201396782,5.944339900670932
0.3004821164209276,5.690354723371416,0.8379562606954681,74.12745275362145,0.1618406324733574,5.705290912799239
0.25609635158680677,4.829843524559777,1.062664369453224,74.30815315939935,0.13694207363130242,5.096878295812173
0.21731046761197176,4.102478999298683,0.8991775433834974,73.81545579938863,0.11587406230340974,4.716053774644581
0.4117180540614168,3.475486834544595,1.1267231674584508,73.73278294296705,0.09804728348750055,3.990507040083876
0.34837681497504497,2.940796552306965,1.501514161428628,73.62091533480277,0.08296308602788507,3.8140405491175344
0.2947803819019611,3.013165169724434,1.4687338655877502,73.02871416094189,0.07019953433128738,3.2272650800225287
0.4657970741313174,2.5496012974591364,1.498172962466582,72.5798981568468,0.059399605972627785,2.9141352857613523
0.39413598580342235,2.157354944003884,1.589269021226431,70.19667973226736,0.05026120505376197,2.5762205237559503
0.7587698933660061,1.9290559360810808,2.167797447968559,69.99927310409028,0.04252871196856782,3.0586098626322604
1.728449654960095,1.6322780997609145,2.9672754014107574,70.07282018885007,0.06797087168690696,2.5880544991503744
2.5149393883678446,1.3811583921053892,3.5285509424963744,70.5086724155509,0.05751381450430588,2.434507686421701
2.88052242658104,1.168672485627637,4.396301349227897,70.58704355583147,0.048665535349797284,2.377669427938861
3.4565816347777716,1.1687347953814358,4.799203342751636,70.80988033439988,0.04117852991136693,2.011874131332882
3.3919098412645634,1.194574070485967,4.9367754735085105,70.73719423133906,0.03484337146346433,1.7023550342047462
3.3795921192432083,1.458162753446883,5.234847119557669,71.07089783226431,0.1714823576606485,1.530812283842473
3.3787967730344266,1.8174886789279776,5.2316044088221645,71.01758738703107,0.1451004564820872,1.4961231454966153
2.9411823433114357,1.5658044204117654,5.646189633925219,71.31905332369865,0.12277730933099687,1.5430613508197457
2.8550314268365113,1.3249114326561091,6.330978195760287,71.8457018038941,0.1038884925108435,2.7874965687565156
2.835228836564287,1.1210789045551692,6.782996677947773,72.28530608135299,0.0974653831946861,2.8939783441074893
2.982966325911098,0.948605226931297,7.157966406677087,72.30202162354492,0.08247070885704207,3.2089244543872133
2.5243848457245512,1.1855855148687782,7.133986826921021,72.58356009869328,0.06978290749442022,3.186493818590108
2.1361438117720484,1.7577234867716094,7.05908140736817,72.6167882160255,0.08619889082274114,3.160992765874892
1.8075576037049883,1.5831520148572007,6.423563573520458,73.04856998620443,0.25125964695675473,3.2178259642917344
1.5894668426841885,1.3395901664176315,6.1151462105696295,73.31880142717237,0.4548949720126486,3.4341657670673693
1.3449334822712364,1.3318984947993575,5.882143485037754,73.51263305980802,0.593266992268199,3.0960763885129925
1.183748518968894,1.1269910340609948,5.339388614928844,73.17026435971044,0.7149892935706624,2.8300907314267536
1.0016333622044489,1.1734781271567643,5.5540865719529275,73.09606825511545,0.7409872459311921,2.8592930791231566
0.8475359218653028,0.992943030671108,5.251561927071163,73.23793626171928,0.655037122980319,3.011437216515226
0.7171457800398716,0.8401825644140145,4.7836859823356415,73.19892744330474,0.627743935041329,3.1586541828863988
0.6068156600337375,0.7109604554365083,4.812385334022176,73.4120060850155,0.5783132080806236,3.855493280969816
0.5134594046439317,0.9861810880281313,4.237981119305782,73.34686853178565,0.5876761488760154,4.2747989426921436
0.4344656500833268,0.8344609206391881,4.3150084195274285,72.26313466249347,0.8048844675082919,4.934494525699215
0.3676247808397381,0.790858637465864,4.057259697713304,72.59515457189636,0.7379780038444892,5.29533867776889
0.3110671222490091,0.6691880778557311,4.242410752739639,72.91369589185739,0.8093857356855908,5.9205080070754725
0.26321064190300775,0.5662360658779264,3.589732175395079,73.19582361250528,1.1218189852015374,5.8447854357529225
0.22285729853816652,0.47912282497363,3.037465686872759,73.33215056999401,1.3283777855023726,5.484701711448813
0.1888459456959363,0.4054116211315331,2.570163273507719,73.49393245698424,1.7949362511375708,5.062218746730134
0.16141746763999973,0.34439304818664085,2.301344729221543,73.90303227502926,1.805543839446525,4.842925712401784
0.1389998001597182,0.29141082994343026,2.2696375042138324,73.7472360973599,1.9775949942751498,4.970880865802575
0.11838572453569443,0.44738118034084373,2.51877770645692,73.79896810453589,2.1861756776929866,4.554118461891178
0.10150071435663875,1.0594327346526364,2.140365649035175,72.91197014774855,2.1186678931420557,4.2105614952587604
0.08766341535417654,1.46461524389498,1.811197963628828,72.8284663117221,2.0839717175013264,3.56278280368049
0.074347849119495,2.6441297448095296,1.9006645522820995,72.6960768908362,2.7628248490998057,3.01466237234503
0.06333621318321486,2.6957586378769847,1.6083303403441718,72.71458200012991,2.33777487231522,2.7879093947852827
0.05371763982891576,3.3353415820228904,1.832946821683611,72.88712443599516,1.97811719965134,2.359000257126008
0.27548630884273734,3.3782276402416613,1.5509550029630554,73.41825492285895,1.673791476628057,1.996077140645084
0.3132624527893293,3.1477418240640036,1.3123465409687392,73.742338537473,1.416285095608356,1.6889883497766094
0.434613985906608,2.787360755043997,1.1104470731273945,74.09661033410804,1.2595916579321946,1.4291439882725157
0.9115424608723124,2.360030712747601,0.9396090618770263,74.1433534734123,1.0658083259426263,1.2092756823844362
1.264416883116365,1.998037487101827,0.7950538215882529,73.83967146720568,0.9018378142591452,1.0232332697099076
1.507713115071383,1.6922632908774153,0.672737849036214,73.5980600370413,0.7630935351423537,0.8658127666776142
1.6203134670471204,1.4328157546114648,0.569239718415258,73.65027820883356,0.6456945297358376,1.3578347387578864
1.3710344721167942,1.212890325923835,0.4816645207408808,73.54881125273012,0.546356909776478,1.1489372302615661
1.1601060917911337,1.0727180253327369,0.4075622867807453,73.1619097374124,0.46230200058009674,0.9721776563751714
0.9816282315155744,0.9077791404662001,0.3448825783651365,72.68932063301651,0.3911786158754665,0.9267794262606313
0.8306085035901015,1.0631650909407437,0.38903576117767524,68.92932440546971,0.33099729035616393,1.1311214046461782
0.7522790657499012,0.8997243918044842,0.32918410561187905,69.51188218915668,0.2800746303013695,1.2319045081641815
0.6365438248653009,0.7613052546037943,0.30889683222595343,69.33945136210019,0.23698622563962035,1.3279845500310055
1.0433609400119122,0.6441813692801336,0.479676528606459,69.37282990926158,0.20052680631044795,1.8792607112505324
0.8828731240919964,0.5450765432370361,0.4058801395900807,69.83597876794813,0.16967652841653288,1.5958232265891723
0.8574707696099566,0.4612186135082613,0.34343704119160673,70.11122005079386,0.14357244712168168,1.402197354238433
0.7255521896699634,0.3902619037377595,0.29060057331597494,69.74535355642311,0.17085342211061524,1.1864746843555973
0.6139587117101588,0.33022161085502727,0.24589279280582496,69.67242682321286,0.14456828024744364,1.0039401175316591
0.5195035252932113,0.2794182861081,0.2080631323741596,69.4099803084887,0.12232700636322154,1.077798236996966
0.4395799060173326,0.23643085747608458,0.17605341970121197,69.06089093020734,0.10350746692272592,1.410302589697048
0.37195222816851214,0.2000568794028408,0.1489682782087178,68.98857344341789,0.08758324124230656,1.601027648675989
0.31472880845027956,0.1692788979562499,0.12605008156122277,69.05286771348072,0.07410889643579784,2.0382031955068225
0.2663089917656211,0.14323599057836528,0.10665776132103465,69.29326352494405,0.06270752775336741,2.094082964486795
0.22533837764783327,0.12119968433553986,0.0902488749639524,69.6067741882434,0.0861587052703853,2.858757505224132
0.19067093493278198,0.10255357905314912,0.12693952571076733,70.61262889911714,0.07290351984417218,3.2425052620538866
0.1613369449431232,0.08677610535266463,0.10741036790911082,70.84500199280164,0.06168759371429953,3.3246777571922146
0.13651587649033503,0.07342593529840853,0.09088569592309378,71.09624901680192,0.39242640627034503,3.6062993307851516
0.1155134339533604,0.06212963756019184,0.15078189208292658,71.34647238343437,0.6014939480861383,3.1377272338466815
0.09774213642207417,0.052571231781700783,0.12758467791632253,71.74862046895821,0.9187744928606041,2.655066624235425
0.082704884664832,0.044483349969131426,0.31570708141143583,71.6543295006645,1.422656288548069,2.5018329609790952
0.06998105625485786,0.037639757666188135,0.26713676119429186,71.68125108279557,1.7554523133801379,2.5458682764300415
0.05921473990795664,0.031849025717543805,0.22603879793363157,72.04587274628365,2.020809462120718,2.5813211044330813
0.050104779922117156,0.02694917560715245,0.23032863557753855,72.5697958444777,2.3400935915264567,2.570564797243484
0.5863046289858768,0.022803148590667458,0.19489346087330184,72.98068073103403,2.5493187087080167,2.873067888723585
0.4961039168342034,0.019294971884410924,0.6377052114030545,71.39266433772414,2.5928356123566565,2.860675447391349
0.41978023732124903,0.016326514671424628,0.5395967173410461,71.90390613112659,2.7708652565186047,3.0687578217424645
0.3551986623487492,0.013814743183513147,0.5246952156568727,72.18127331769614,2.3995343350301175,2.9634903217389463
0.30055271429509545,0.011689398078357277,0.44397287478658454,72.32902754215793,2.0303752065639458,2.5075687337791086
0.2543138351727731,0.009891029143225389,0.3756693555886485,72.35413330335398,1.8806884508622241,2.1217889285823226
0.2151886297615772,0.008369332351959942,0.3408954254315869,72.30718047289498,1.5913517661141894,1.7953598626465808
0.18208268672133454,0.007081742759350721,0.8318056871753731,71.84070195429385,1.8980179993613242,1.5191506530086452
0.42370819145425237,0.005992243873296763,1.1400502790129008,72.0189085580161,1.6060152302288129,1.4446779878779632
0.5342221485773891,0.37816493662924155,1.0617326792368484,71.5373046098743,1.3589359640397647,1.222419835896738
0.4520341257193293,0.49179231507907695,1.0519405583479071,71.85136761293927,1.1546524460108674,1.4880678169772779
0.6515777995328322,0.4161319589130651,0.9196790816260936,72.0722129220576,0.9770136081630416,1.2591343066730813
0.8833558334793074,0.3521116575418244,0.7781899921451562,72.07714353406313,0.8290466964139176,1.0654213364156842
0.8339557359933211,0.2979406333046206,0.6584684548920552,72.22100710452042,0.7194845416860873,0.901510361582502
1.2571055276831193,0.2521036127962174,0.5571656156778928,72.41362858113501,0.60879461219592,0.9328948291822047
1.3440615137181888,0.21331844159679933,0.4714478286505247,72.86542998605047,0.5276340010399644,1.0747157882941691
1.6394415489624994,0.18050021981267636,0.39891739347352084,72.6836529850645,0.47845617573889293,1.0128944402271387
2.3887067625258362,0.15273095522611077,0.3375454867852869,72.77348143074228,0.5226799400649575,0.8570645263460406
3.1325930821473875,0.12923388519132448,0.28561541189524275,72.34502161542838,0.44226764159342563,0.7332568683795793
3.2956853021122616,0.1093517490080438,0.24167457929597463,71.99384943295104,0.3742264659636678,0.8108252271115411
3.4708505837752397,0.17624713083903257,0.2044938747889016,72.36108136584822,0.31665316350771894,1.2821106162727456
3.509684554315128,0.14913218763302755,0.17303327866753213,72.29544584344973,0.5607883239811214,1.4898770096144374
3.722061408198302,0.12618877415102328,0.14641277425714258,72.48006113054711,0.47451319721479507,1.9983157780743726
3.330764130717071,0.1067751165893274,0.12388773206373602,72.32553798416284,0.5131520459684167,2.6198957318153937
3.379188852952585,0.09390224655078869,0.10482808097700741,72.66201236369538,0.446980551336439,3.7847969403368618
3.277110558122511,0.07945574708143657,0.08870068390362164,70.968700767371,0.3782143126692945,4.215144577883458
3.7490492662608053,0.0672317859919848,0.075054424841526,71.41858978167063,0.3200274953355569,4.453080532279105
4.52531645022598,0.056888434300910215,0.063507590250522,72.09136985422832,0.2707924960531635,5.033809963867521
5.130037538701131,0.4094075410137809,0.05373719175044169,72.33669798903613,0.22913211204498452,4.84044570774749
5.579936921027278,0.6320168045640149,0.045469931481142964,72.53163210785176,0.3845310700780594,4.3577255793799194
5.342219840585851,0.6752727672220931,0.22307076889886296,72.98860891265811,0.7915087200155592,4.0518323425961515
5.3013867046373315,0.8382495905688861,0.18875218906826866,73.29243529528176,0.7816527070448211,3.7312638433318175
5.04816275988468,1.3579864172083504,0.1597133907500735,73.76833990326384,0.7870034783036238,3.1572232520499997
4.500151504036266,1.1491816162266677,0.6368221687425623,73.72245185705219,0.9662629405755925,2.671496597888461
4.403638655256244,1.4270221758172985,1.3505773300935044,73.90177601373546,1.1844452860092904,2.5651998996505414
4.218871900366589,1.2074803026146372,1.4908664133161176,73.9072988195551,1.0022229343155535,2.7206166963383063
3.5806201020826633,1.0217141022123852,1.9441462863338417,73.74670097777431,1.8459193527583286,2.747802230417518
3.0297554709930226,0.8645273172566338,1.8988602706712776,73.66459530759973,2.217034916200666,2.3755180909037947
2.563639244686404,0.731523114601767,1.8722516038400887,73.71319261618288,2.9105202577242015,2.0100537692262876
2.1692332070423417,0.6189810969707259,1.5842128955569978,73.50217625961092,3.2214075720073017,1.7008147278068586
1.8355050213435198,0.5237532358983065,1.3404878347020752,73.39713543024541,3.549474113484572,1.4391509235288802
1.5531196334445168,0.4431758149908747,1.134258937055602,73.4043532854938,3.0034011729484837,1.2177430891398218
1.3141781513761297,0.37499492037689397,0.959757562123971,73.3922859758112,2.5413394540333325,1.030397998502926
1.1511151495066485,0.31730339416506415,0.8121025525664369,73.34130275078292,2.15036415341282,0.8718752295024759
0.9740205111210104,0.2684874873704388,0.6871636983254465,73.72443853518084,1.8195388990416168,0.7377405788097873
0.8241712017177779,0.22718172008267903,0.5814462062753778,73.16456157310856,1.539609837650599,0.6242420282236661
0.6973756322227351,0.19223068622380535,0.49199294377147357,73.79995550760877,1.3027467857043529,0.5282047931123328
0.5900870734192375,0.16267228026659308,0.41630172165278534,73.70514017433943,1.1023242032882985,0.6440407923496745
0.49930444673935476,0.13764577561019417,0.3522553029369722,73.27966566535588,0.932735864320868,0.5449575935266476
0.6183395371072012,0.11646950243939505,0.29806217940820723,71.36193953457935,0.7892380390407344,0.46111796375331726
0.7290680058788925,0.0985511174487189,0.2522064594992523,70.88596995350667,0.6678168022652368,0.39017673856049917
0.9997789294570176,0.08338940707199291,0.2593774640353419,70.38034717073606,0.5650757557628926,0.5341646990504705
1.1530313074168665,0.07056026752245555,0.9620205777591991,70.23884081316247,0.5278364468680383,0.45198551458116737
0.9778274245996447,0.05970484174977007,1.222826593797082,70.32278505006563,1.5238951059093604,0.4637442164933992
0.8280336113869323,0.050519481480574675,1.5404846972731188,70.94690002625138,1.289449705000228,0.7228175066690188
0.7832855647147613,0.04274725356048626,1.7615700719245098,71.02721604961746,1.0910728273078854,0.6116148133353236
0.6627800932201825,0.036170753012719145,2.0202353650573426,71.35181919905929,1.1812265559168091,0.5292107976603205
0.5608139250324622,0.03060602177999312,1.7094299242792899,70.78525808501324,0.9994993934680693,0.4770712380736786
0.9147120718473546,0.025897403044609565,1.446440705159399,70.49483273240527,0.8457302560114432,0.4036756629854204
0.7739871377169922,0.021913187191592708,1.2239113659041068,70.17128402111197,0.7156179089327597,0.34157171483381726
0.7987267293291368,0.018541927623655367,1.0614501898585893,69.46104919818696,0.6055228460200274,0.28902222024399926
0.6759327647415525,0.015689323373862234,1.0168945283828932,69.2304713477754,0.5123654850938693,0.24455726328338398
0.5720243040857974,0.013275581316344967,0.8604492163239865,68.83959208877353,0.4335400258486586,0.22809643512659553
0.48403257921001214,0.824218377169953,1.404070216710869,69.12379483963119,0.6203373253861151,0.19300467587635006
0.40956602856231794,0.6974971555094304,1.6869527724495665,68.98391968425584,0.6730607134666269,0.16331164881845003
1.100951809820162,0.5907175453627399,1.5364245147785054,68.85261916666522,0.6865100679658324,0.15806623355665156
0.9322414938432747,0.49983792299924146,1.5103507877655735,69.26040411990495,0.6458953343855385,0.13374835147101288
1.214665198617481,0.42309198257480585,1.2779891281093314,69.21360556542916,0.6737676681714772,0.11317168201393395
1.5271936483443735,0.358000908332528,1.0813754160925113,69.10004591652833,0.822483765360638,0.09576065401179026
1.3409850504884793,0.3029238455121391,0.9150099674628941,68.77514702589889,0.7638946886890581,0.08102824570228408
1.4059171025840318,0.25632017697181,0.7742392032378335,68.4278434518287,0.6601587868963537,0.2240748133786367
1.1896221637249498,0.2168863035915315,0.8450462226738111,68.0362884728533,1.269809025383882,0.3497915467709382
1.0066033693057266,0.1835191799620651,0.7150391114932249,67.51922138889347,1.459972029800135,0.43831398376850883
0.9300881890452194,0.16062032675999977,0.6050330943404211,64.20277139530765,1.4264375779000749,0.5115312314603965
1.102548878361498,0.1359095072584613,0.5361020419466558,64.79209321099268,1.6977997061847425,0.4328341189280278
0.9329259739981907,0.11500035229562111,0.4536248047240934,65.1993557721005,1.8242272178354486,0.3662442544775619
0.9276869264356399,0.09730799040398709,1.1484056784972345,65.7517663466082,2.004388775074383,0.309898984557937
1.0245383943105173,0.08233753034183525,0.9717278818053523,66.25496041755102,1.6960212712167855,0.44231447472232127
0.8875396338239786,0.06967021798155289,0.8222312846045288,66.63791126160923,1.4350949217988185,0.3742660939958103
1.0900691746334676,0.05897813036473313,0.6957341638961397,67.15082341169378,1.2143110876759233,0.9514090696091401
1.1942808149056654,0.04990457184708188,0.588698138681349,68.04294241114603,1.0274939972642427,0.8050384435154262
1.1003795893250234,0.04222694540906928,0.4981291942688338,68.52083875296681,0.8694179976851285,0.6811863752822837
0.9310904217365584,0.03573049226921247,0.4214939336120901,69.00494689837312,0.7356613826566472,0.5763884713927014
1.0527097151149039,0.0302334934585644,0.356648713056384,69.49172693155846,0.6224827084017783,0.4877133219476705
1.85392434809737,0.02558218677263141,0.30177968027847873,69.95495818912728,0.5267161378784279,0.4126805031864904
2.167378251785317,0.021646465730688118,0.2553520371587128,69.89547838253529,0.4456828858971313,0.34919119500395346
2.6783301936833173,0.018316240233659173,0.21606710836506468,70.2685387618277,0.3771162880668034,0.5498350730547135
2.777698557713784,0.015498357120788533,0.18282601477043933,70.49885365494548,0.3190983975949875,0.46524506181552683
2.839185109123577,0.013113994486821065,0.27285057756384146,70.62745224829409,0.43632939126556,0.3936688984592919
2.9889522393414643,0.45585772460875623,0.23087356563094275,70.76426670683774,0.36920179260931996,0.3331044525424777
2.696034763267524,0.3857257669766399,0.19542820281593914,71.07574231034607,0.3124015168232707,0.28185761368978884
2.647857775017421,0.32638334128792607,0.16572100212479648,70.91534108458727,0.264339745004306,0.2384949038913598
2.2406598043255346,0.27617051955132205,0.14269617361510759,70.575957096819,0.22367209192672047,0.201803380215766
1.896396832753338,0.23368274731265712,0.12191584001186641,70.54403923393656,0.18926100086107117,0.17075670633641735
1.6050166484089934,0.6914211027755844,1.2844333224019382,70.70985555923653,0.16014392380552175,0.6886307734155722
1.358321176516212,0.5850486254254945,1.4629846197262164,70.47015383862693,0.1355063970662107,0.7047398949083433
1.14934868782141,0.49504114459080306,1.8476263168885982,71.00922284657906,0.11465925905602443,1.0023247994631876
0.9725258127719624,0.4188809684999103,2.3068292269755344,69.61096134725831,0.2790702352989593,1.0912977509101065
0.8229064569608913,0.3544377425768472,2.7461355660910858,69.9914215383218,0.5431283223582497,1.5832128682923055
0.6963054635822925,0.2999088591034861,2.7625153900212243,70.48100003517995,0.5849056239777325,2.258917475769239
0.5891815461080937,0.2537690346260267,3.2459864788778354,71.0142976007478,0.7032560018564481,2.8163458746701084
0.49853823132223307,0.45926698130064736,3.1472367512424864,71.5015442373462,0.6889740530344772,2.738479280360639
0.42184004188804336,1.0988022949898846,3.1467535186871722,71.71354430150315,0.5830523771736125,2.7251561557393504
0.3569415739052675,0.9421956266825497,3.206767424840776,71.97221100438462,0.7817140022888704,2.6830569987225594
0.3020274856121494,0.9434841850104072,3.6194690829036493,72.08986667683249,0.9677065857813135,3.0457212986818445
0.2555617185948956,0.9576644775307591,3.7548486514114106,72.36212968527195,0.8670331010365625,3.3927665717059345
0.21624453111875788,0.8103314809875655,3.4350924402911334,73.0220376875056,0.7351765989597994,3.665908128013422
0.1829814093995419,0.6856650992971707,3.1538368327361823,73.21910101320586,1.080734497119532,3.736746995118149
0.15488334563692763,0.9365059699016567,3.9443466815711905,74.09770158718847,1.3624367643654673,4.05314150986419
0.13105513861586185,1.6281675369554578,4.519079763665106,74.28594414994642,1.1528311083092415,3.8848842704964315
0.11089280959803695,2.3919827849504807,5.027456146483617,74.76724830892661,0.9759853209131817,4.211871389624405
0.09383237735218511,2.406769777571609,5.862659931353215,74.83399224155576,0.9684807432773771,4.447453542315009
0.11699005920716421,2.210186421156309,6.007312760572942,75.06017372609114,0.9280414043281515,4.05498165795585
0.14980037356971265,2.3402841806454466,6.608607760319542,75.29985918547241,0.8883158020898919,3.7921911852049255
0.12675416225129535,1.9802404605461472,7.065663129035139,75.63055177544557,0.7613401045455366,4.236607659934234
0.10744980561388058,1.675588082000586,7.222979640564711,75.2815795959128,0.7577181394929939,3.7980851547871195
0.10740064588631058,1.417805300154342,7.562832911067896,75.17715462601828,0.8237097885094057,3.368256699854362
0.2319725851675743,1.1996814078229046,8.12806151997118,75.17405002572573,0.6969852056618048,2.993119154720882
0.790429281755521,1.0151150373886115,7.438340628296194,75.98545353150429,0.6568021329465469,2.5326392847638233
1.1924915150217101,0.858943493174979,7.065531219812073,75.95065172954537,0.8984287294972313,2.1430024717232348
1.4343440709668727,1.0955954028322834,7.072353349546674,76.73227408794087,0.9316350340381517,1.8328158517189772
1.4865988461136632,0.9270422639350089,6.4815404265830185,75.53517937811944,0.7883065672630515,1.9428529845579268
1.593212440367308,0.7844203771757766,6.0520442256423435,76.48364087369681,0.772396097470048,2.1373468298935534
1.4623144653003644,1.1887826000775465,5.4318508469385085,77.08362879434799,0.7460908824020325,1.998491260718941
1.2411838060869458,1.8657114243668276,4.70106295005522,77.9252477617205,0.6500255939613957,1.6910310667621806
1.2750639653233855,1.9653322876635828,4.119051728462612,78.44933246487815,0.6073937624041756,1.6063299927668844
1.0802215996466151,1.6629734741768778,4.131331152939262,78.38193774298269,0.5139485681881486,1.6654251060982352
1.1368708579832394,1.407131401226589,3.6554025742530283,78.8286404329543,0.43487955769766423,1.5004842822124278
1.4776238789809037,1.370075598817863,3.8522242453225033,79.05512576211679,0.36797501035956204,2.3131247427799835
1.2862755489226785,1.3663446387975808,4.119954394974987,80.3608936814117,0.31136347030424477,2.9090546495322975
1.0883870029345741,1.1561843052516783,4.317265696880159,81.2898811981465,0.2634613979497456,3.1781550698028793
0.9209428486369473,1.1403370340068806,4.677309284319972,81.53732392864066,0.23680697953925944,3.3693905214395463
0.7792593334620324,0.9649005672365913,5.19844191905006,81.90199926404934,0.516659682838048,3.423686897884521
0.9831995342481675,0.8164575804424244,5.45740572121895,81.98916020762137,0.7097998837179673,3.5727916271120512
0.8319380674407572,0.6908487219128207,4.9004541246434705,82.14033575187813,1.137750055410506,3.1307121217597964
1.123193604379612,0.5845643031570021,4.624757963191741,83.08351207502733,1.4075262158194832,2.64906410302752
0.9503945883212102,0.4946313334405403,3.915713314232783,83.90011695072715,1.5844566432198026,2.3945633159102937
0.8041800362717931,0.41853420521891865,3.3256272324048406,84.61598451481093,1.432544295930569,2.0261689596164025
0.6804600306915173,0.3541443274929312,2.817736709726884,85.10647548371799,1.2197250157714787,1.7144506581369559
0.5757738721235914,0.299660584801711,2.56637134522629,85.52672778947156,1.0578939829631127,1.4506890184235781
0.8476295743418446,0.2535589563706785,2.359069855549761,86.08993566957828,1.0773806130642913,1.2275060925122585
0.7172250244430992,0.21454988615980486,2.4287967630316607,86.56839319542564,1.2400999834500468,1.0386590013565264
0.8294467334794945,0.44837583443850354,2.057103290193046,86.97145356779839,1.1734666162146787,0.8788653088401376
0.7018395437134185,0.3793949368325799,1.7425045417355616,87.20302235688835,1.3453927568527515,0.7436552613262704
0.5938642292959695,0.7696530120937467,1.6392078906618937,87.35524786520568,1.1384092557984822,0.6292467595837672
0.5025005017119741,1.1831648485217834,1.3893878233720336,84.93601039363695,0.9681853013425507,0.5324395658016492
0.4251927322178243,1.4003907355335943,1.1769864552637759,84.71869160629338,0.8192337165206198,0.45052578644754926
0.8925226809571244,1.8918876125759134,1.4063037512194063,84.30342727883894,0.6931977601328322,0.5099468794388471
0.9125235740634249,1.606484896842534,1.1899493279548823,84.02022090079764,0.5865519508816273,0.4314935133713321
0.8925777283631945,1.359333374251375,1.0068802005772082,84.05106041230115,0.4963131892075307,0.7160436657282976
0.7552580778457799,1.1502051628280865,0.8519755543345607,83.40105613268015,0.4199573139448337,0.605883101770098
0.6390645274079676,0.9732505223929963,1.106340092830616,83.34748708345064,0.5607178847189989,0.5126703168823905
0.8258280962187936,0.8235196727940738,0.9361339247028289,83.29548156124471,0.4744535947622299,0.4337979604389458
1.59383910921276,0.6968243385180624,0.7921133209023936,82.7805401019947,0.4014607340295791,0.367059812679108
1.891336127003491,0.5896205941306681,0.670249733071256,82.52930304262536,0.3396975441788746,0.31058907226693755
2.5948383461092646,0.6221069286152869,0.7506675284228276,82.12961224578962,0.28743638353597084,0.3594289645987977
2.806263175208381,0.7035898822337613,0.6351802163577771,81.39481737172181,0.24321540145351378,0.3041322008143673
2.6127203582540766,1.1979483847218726,0.5374601830719653,81.51408214865097,0.20579764738374243,0.2796013015582387
2.489876113507293,1.4823452814157716,0.4654242083617491,81.32886616469298,0.1911572299342607,0.3763934314133671
2.177997343805134,1.805376571265877,0.687020411091736,81.3255157310339,0.16174842532898984,0.5762870268511426
2.521933407848023,1.5926511117861777,0.7588266830224734,81.09728800469264,0.1542968804386393,0.5915615237156414
2.410049048606758,1.3721443267738915,0.9023396072747579,79.98830131068783,1.0302947406135217,0.9361462489918022
2.772308298202873,1.161045199577908,0.7635181292324874,79.43439541125429,0.8717878574422105,0.9547148535835788
3.5047214292457265,1.0595114162096502,0.6460538016582585,79.20712019382621,0.7376666486049475,0.876017463897768
3.57621823767848,1.1327455610120705,0.5466609090954495,78.85673343175571,0.624179471896494,0.7426447014515267
3.9276430783523484,1.2265540691893866,0.4625592307730727,78.59262039243288,0.5281518608354949,0.6283916704589841
3.9606212097580578,1.037917497361771,0.3913962721926,78.2338059951565,0.7204708786481855,0.5317160288499096
4.030868117812444,1.015122610510741,0.3311814610860461,78.31220608712418,0.6496798361623004,0.44991356287300044
4.1751962515168906,0.908463409850159,0.2802304670728083,78.01240227253399,0.7026958508705275,0.3806960916617696
3.9703815785049335,0.76869980833475,0.23711808752314545,74.51060327448812,0.5945887968904464,0.32212746217534355
4.44836873191307,0.6504382993601731,0.20063838175035384,74.98830895066756,0.5031135973688392,0.2725693910714445
4.078674665835391,0.5503708686893772,0.16977093840414553,75.10794786891125,0.42571150546594083,0.37919972163463567
3.4511862557068693,0.6248015682090843,0.3232731866513803,75.54127998906164,0.3882650615890195,0.32086130292161474
3.173193224084741,0.5286782500230713,0.27353885024347563,75.1575246341138,0.32853197519070887,0.27149802554905866
2.685009651148627,0.696373087534074,0.30546602662451244,74.83158322125851,0.5725479173521262,0.22972909854151116
2.2719312432796075,0.5892387663749856,0.2584712532976644,74.71545486407379,0.484463622374876,0.1943861603043556
2.4328560524090066,0.6184558740623295,0.21870644509802373,75.1845660751383,0.4099307573941259,0.7844090802342824
2.2405479950764056,0.7610167499125553,0.18505929969832777,75.66149732715891,0.3468644870257988,0.8596977850829445
1.895848303526189,0.7411831466190222,0.15658863820627733,75.83281447332118,0.29350071979106057,1.6685008922279334
1.6041793337529293,0.6271549702160957,0.1324980784822347,75.95370723282315,0.34007662505509484,1.5638640079767516
1.3573825131755555,0.5306695901828502,0.31751983633933023,76.15496616459237,0.28775714427738797,1.6520051204487336
1.14855443422547,0.449028114770104,0.268670630748664,76.3659759187937,0.24348681438855901,1.3978504865335437
0.9718537520369362,0.3799468663439342,0.22733668755656186,76.53941681360662,0.20602730448262688,1.7974956568231624
0.8223377901850998,0.3214935022910212,0.7803563315254497,76.59926217718342,0.30101859647514023,2.034735310619934
0.6958242840027767,0.27203296347701794,0.6603015112907651,76.59355378977853,0.2547080431712725,1.8209364241197283
0.5887743941561958,0.2301817383267075,0.678461754353783,76.77805448671275,0.24187029057116985,1.9731707504747167
0.4981937181321657,0.19476916319952173,0.5740830229147396,76.40353129042025,0.2046594766371437,1.6696060196324525
0.4215485307272171,0.16480467655344147,0.4857625578509334,76.08559673679386,0.17317340330835237,1.4127435550736136
0.35669491061533753,0.13945011092983506,0.4110298566430975,75.95996006910742,0.14653134126091355,1.741833653157428
0.30181877052067024,0.11799624770986045,0.615248564027988,75.59495595606386,0.12398805799000377,1.984725925573517
0.2553851135174902,0.19409986492659959,0.5205949387929129,75.49673599883936,0.1049129721453878,2.4653192392414653
0.2160950960532609,0.16423834724558423,0.44050340974784935,75.4267095060218,0.08877251489225121,2.4272211317842514
0.32855215090918005,0.3013108211079975,0.8199137675760246,75.33486427272216,0.07511520490882796,2.3929813963315736
0.5170409271585482,0.2549553101683056,0.6937731879489439,73.80096706048171,0.06355901953823903,2.444919756308806
0.8425326874303098,0.21573141629625858,0.6861961116621107,74.05938060654769,0.05378070884004841,2.06877825533822
0.712912273979493,0.25602096048294437,0.5806274790987092,73.80567801057016,0.04550675363388711,1.7505046775938786
0.6032334625980325,0.21663312040864524,0.4913001746219846,74.20265220971429,0.40899143171686553,1.7123319122679028
0.5104283145060274,0.18330494803808442,0.4157155323724485,74.55631003586426,0.3480448787397637,1.7173175728650216
0.43190088150510014,0.15510418680145607,0.5182121061754733,74.90513380394434,0.9784185387990496,1.6862712971915257
0.3654545920427771,0.13124200421661666,0.6589781708829583,75.16292374527045,1.0038872738888547,1.91936030360641
0.3092308086515806,0.11105092664482948,0.6447404628787534,75.75964429851757,0.8658302594767595,1.8081351463451611
0.26165683808979895,0.0939661686994711,0.9282964736706882,76.397910741395,1.0076398983523838,2.081788387775463
0.2487053255535074,0.07950983505339862,1.0798513921084518,76.67864127081224,0.9309898947653624,2.2423728278747754
0.21044296777604474,0.06727755273749114,0.9137204087071515,77.13338987184324,0.7877606801860759,2.0036398465707275
0.17806712657973015,0.05692716000864636,0.7731582921120966,77.49446851464901,0.666566729388218,1.848246366080461
0.15067218402900243,0.04816913539193153,0.6542108625563895,77.94715411266694,0.5640180017900306,1.7087952564760673
0.12749184802454053,0.04075849917778822,0.5535630375477141,78.09322587078165,0.4772460015146413,1.4459036785566726
0.2869630224938085,0.03448796084274387,0.4683994933096043,78.02037166524626,0.40382353974315804,1.2234569587787227
0.9231340908844705,0.02918212071309097,0.39633803280043445,78.030716158006,0.34169684132113376,1.0352328112743039
1.5349257324152306,0.02925587100144347,0.3353629508311368,77.76544914667159,0.2891280965024978,0.875966224924411
1.5741718127035196,0.02475496777045217,0.2837686507032696,77.92225680389706,0.2446468508867289,0.7412021903206555
1.496218681975087,0.020946511190382607,0.24011193521045893,78.17670691215213,0.20700887382723213,0.6628737961125208
1.2660311924404581,0.01772397100724682,0.20317163748577294,78.62387424361455,0.2425088002741155,0.5608932120952099
1.0712571628342338,0.061110489416424996,0.1719144624879617,78.80199479369543,0.20519975407809773,0.49095824859018294
1.4195862272611168,0.051708875660051924,0.1454660836436599,78.74738411710123,0.17363056114300576,0.4154262103455394
1.2011883461440218,0.043753664020043936,0.12308668616001991,78.58579493637758,0.1469181671210049,0.3515144856769949
1.0163901390449417,0.12805611245739765,0.23090090374053823,78.72488022470226,0.12431537217931181,0.29743533403438027
0.8707536068287962,0.24712417925964422,0.9313016918888336,76.7148724790902,0.10518993030557154,0.2516760518752449
0.7367915134705197,0.2091050747581605,1.1972104186088977,76.84481903456026,0.08900686410471437,0.21295665927905338
0.6234389729365937,0.17693506325690506,1.371627853800805,77.2995369118859,0.07531350039629678,0.19222427270234194
0.5275252847925023,0.14971428429430425,1.7501729141981561,78.1218841787576,0.06372680802763574,0.1626513076712124
0.4710151807221306,0.1266813174797959,1.6889877249377105,78.96317098690905,0.23989637192818705,0.622264914192024
0.4878641000467467,0.10719188402136577,1.5889903509322418,78.84014993325545,0.2240694049566773,0.526531850470174
0.4128080846549395,0.09070082494115565,1.344530296942666,79.03037244007058,0.3354776720411468,0.4455269503978396
0.8560962728044919,0.07674685187328555,1.1962444013086044,79.29469848175133,0.6726198835602887,0.37698434264432584
0.8044380148726885,0.06493964389278008,1.5410401792792308,79.54180650889919,1.0042739975661004,0.3189867514682757
1.491802145721519,0.054948929447736994,1.8823028970833564,80.1737293157601,1.0715588491834924,0.2699118666270025
1.6976156271168477,0.046495247994238986,2.21788324326548,80.42973128502835,1.2753898384256515,0.2283869640690021
2.215398881560024,0.03934213291820222,2.640154974176932,80.52916444504143,1.382529778878041,0.1932505080583864
2.2911444468605247,0.03328949708463265,3.3225652339931346,80.40885515833405,1.897314768924672,0.16351966066478849
2.1951927059817917,0.028168035994689165,3.788755005276774,80.55235477189274,2.0449477044759163,0.3954361902289383
1.857470751215362,0.023834491995506215,4.26015535606833,80.57953671104248,2.1668048378534,0.3345998532706401
1.5717060202591526,0.020167647073120645,4.252046839862796,80.6308765534383,2.081020118314117,0.28312295276746474
1.3299050940654367,0.017064932138794387,4.311269580409907,81.21546072139802,2.441772595465569,0.3799709132353208
1.125304310363062,0.014439557963595254,4.052099086993421,81.3441942885587,2.3958957587053957,0.321513849660656
0.9521805703072063,0.012218087507657521,3.8698769567122846,81.49057225894575,2.5723009624387343,0.2720501804820935
0.8056912517984053,0.01033838173724867,3.723199603493161,81.42012788387143,2.6697823216212764,0.4181079112083922
0.6817387515217276,0.008747861469979645,4.172786864522694,81.27652459727548,2.824047550391963,0.8835780717150054
0.5772112131542342,0.007402036628444315,3.693666584735385,81.2124497760823,2.6865864184274035,1.0816142390177985
0.4889422439911834,0.006263261762529805,3.1254101870837876,81.18096819024667,2.568935503601015,1.1027203993755803
0.581893975865124,0.005299683029832912,2.9937204316770214,80.79556217252419,2.4959570066176693,1.5145859213267048
0.49736560456608103,0.004484347179089387,2.557086937696847,79.1146476004868,2.4358203710149984,1.7284681190891034
0.4233799464572606,0.0037944476130756352,2.163688947281947,79.15318065634509,2.36121054151478,2.1646977172526616
0.5050945517444014,0.00321068644183323,1.8346173363015439,79.11086199864914,2.2691311137259356,2.5263509329855607
0.4311311154721202,0.002716734681551195,2.0714137458465185,79.17263601764571,2.3608773158799816,2.756191620074487
0.3712610066282171,0.0022987754997740874,1.8431120353262314,79.50940343486776,2.409153196642258,2.7549505298132124
0.3270672774575802,0.001945117730578074,1.6211972216619235,79.44091298592298,2.8570563752539986,3.0323014037289835
0.32216958023164577,0.001645868848950678,1.3717822644831659,79.37103521309493,2.9071515099357534,2.9116562298179924
0.37466544577579813,0.00139265825680442,2.4216611899581015,79.06791794557661,2.634847555269533,2.9488875055745303
0.322665540827103,0.0011784031403729708,2.049097929964547,78.80723853343872,2.2294863929203745,2.55819855575154
0.3372190644559374,0.0009971103495463598,1.7338520945853861,78.95072642107282,1.8864884863172398,2.1646295471743797
0.3024205744758544,0.019888849960950906,1.4671056184953268,79.27796614759613,1.5962594884222798,2.0147458780740113
0.5831318769106361,0.01682902689003538,1.2413970618037382,79.48930302803893,1.3506811055880827,1.7047849737549325
0.9599151964587543,0.014239945830029938,1.0504128984493168,79.93688003057457,1.1428840124206854,1.4425103624080198
1.2796085059036728,0.012049184933102256,0.8888109140724988,79.60683481598221,0.9670557028175032,1.3142103348650027
1.8972544896214982,0.2766139812966188,1.2526100616020994,79.42881311947951,0.8182779023840412,1.3075212814013726
1.901390117475342,0.23405798417406204,1.0599008213556225,78.98376665190817,0.6923889943249579,1.1063641611857766
1.8844015891248669,0.19844981525877617,1.2374376447384727,78.885739886521,0.5858676105826567,1.7789301588045967
1.8382350189573458,0.6682126364688685,1.0470626224710156,78.90104446861298,0.5045925645276286,1.5052485959115816
1.965460436765117,0.5654106923967348,1.2663278214548692,78.58451999521941,0.4269629392156857,2.075691259221157
1.8301915245156248,0.703840532487679,1.0715081566156586,78.73104755812318,0.3612763331825033,2.0001045709441145
1.650421846882072,0.6042004574643443,1.0272929616232398,78.87487569070036,0.30569535884673354,1.8865842508836037
1.5032448050759744,0.6473199054960745,0.8692478906042799,79.1178325193353,0.2586653036395437,2.149796937855654
1.2722461903503142,0.677262839264636,0.735517445895929,79.20899856248204,0.2188706415411524,2.166622595715008
1.2145233156699728,0.5730685563008459,0.6223609157580939,79.11905961765503,0.1851982351502059,1.8332960425280838
1.2313466143606877,0.48490416302379263,0.5266130825645411,75.47900965574927,0.1567061989732511,1.6975260324147234
1.0420322474736654,0.4103035225585938,0.9963263186638052,75.76712093624985,0.13259755297736633,1.6246113857356512
0.9349681725923176,0.3471799037034255,0.8430453465616813,75.76014611114354,0.1121979294423869,1.6044365874292217
1.342256288484589,0.29376761082597547,0.9406587276509675,76.0309336284023,0.33915924045614165,1.8817733043830713
1.13707613462201,0.24857259377582538,1.2385521295406332,76.30533819089165,0.28698089577058133,2.7711577301543167
2.007086767243077,0.21033065627185224,1.2997148413383823,77.09714272398055,0.6266392472717245,3.126332662951227
1.9065826389396234,0.17797209376849035,1.3427898874263524,77.5401263462157,1.1387705607501704,3.131675120454008
1.6132657679223554,0.1505917716502611,1.1362839987475957,77.86247458142405,1.0158683863996674,2.9750805050599705
1.3650710343958392,0.12742380678099013,1.2899876501691792,77.79753711352367,0.9644464010342134,2.887930475098001
1.1550601060272487,0.10782014419929935,1.3912584584875554,78.15484687711377,0.9312513637562053,2.671250373077341
0.9773585512538259,0.09123242970709945,1.879803324446367,78.14708594589284,1.0796346178671354,2.6417093415361816
0.8269956972147757,0.07719667129062262,2.1174093257520075,78.10916682441169,1.1726580987199975,2.6844138350492868
0.699765589950964,0.0653202603228345,2.3614868760005265,78.32121208646277,1.3522523306806746,2.8823352448974626
0.7730448508031871,0.40278947745508453,2.2605497198087416,78.3769519929523,1.7293778654115766,2.4388990533747763
0.6541148737565429,0.3408218655389177,2.767041886821679,78.60236615101338,2.995985900665272,2.0636838143940417
0.5534818162555363,0.2883877323790842,3.2853348166025915,78.69982352887854,3.0567795343412705,1.7462216399043076
0.5889154850181344,0.2440203889361482,3.5399544424629106,78.63557605520415,3.2619056697491047,1.4779865999639628
0.6518300442329622,0.34276740206814776,4.017297983743006,78.64970045778793,3.740381530293147,1.3457405702262033
0.7838831614511181,0.47064703769966854,3.7187014506365297,78.54495156565635,4.001808111140963,1.3362320958959928
0.6632857519971,0.6820366379329665,3.5560180355488233,79.19486074161689,3.7278027218340584,1.4777528369744029
0.681422384811884,0.577107924404818,3.800888085026074,78.98888809115365,3.5405664831096986,1.4530068414713326
0.5765881717639018,0.6415450072123878,3.670224422885945,79.59678026849737,3.1139586084561457,1.6289529687848752
0.48788229918484,0.5428457753335589,4.311384584517189,79.62379164369965,2.899324570833317,2.035212466276552
0.5189418857636815,0.8977764508682294,6.108123900269102,80.11957699887347,3.3374450393864117,2.3470244970816823
1.2512124052513767,0.859222960150381,6.063167381127788,78.47920880954824,3.5020502965692577,2.5309491364139416
1.393968822681011,0.7270348124349378,6.173979359652361,78.66237217209428,3.7660762348109955,2.946296058757508
1.2948792833045502,0.627551076408252,5.902297252561187,78.74604988045986,3.7799535342591972,2.9035868005660794
1.3257191264427644,0.5310047569608287,5.961866088715129,79.06747010934272,4.163093342256241,3.0275969652306935
1.4392031092406843,0.4493117174283935,5.970444510878239,79.85144725962073,4.276802227942008,2.853601884062505
1.2181872852363134,1.1254629431831285,5.578486044640968,79.99884221611778,3.8682868699260036,2.712375466141013
1.030773856738419,2.0995501925184206,5.652231741417747,80.89485967966318,3.2731658130143106,2.661750883476771
1.0052396372907888,3.0666542959554053,5.528988757592952,80.22972572895866,3.1600880459188705,2.6682873339005724
1.1499480864882323,3.263949888503725,5.981732621735489,80.8478517637407,3.644895822109853,3.0950441313200865
1.107092119717563,3.532715314951124,5.5942085805427455,80.73097452653111,3.4682013764766264,2.61912175716919
1.4360370150759445,3.870785323894825,5.840978713351456,80.53540105323886,3.8795803591336573,2.2164346738136693
1.5430535515237283,3.7452713219702924,6.004811961615053,80.29744358736686,4.436472056957411,1.9267461691658452
1.879036390941472,4.102245081062343,6.460569007712086,80.35024546337858,4.947364073015122,1.6305242615570334
1.6788822248336985,4.464904307189134,6.611359674329612,80.43740418990998,5.195082624900906,1.3801783423405014
1.4225961518239938,4.497594241631965,5.948300846414375,80.02739078167559,4.9268791611627325,1.190259673910994
1.6778834705769399,5.275735443294631,5.375134807414293,80.64145348600927,4.606800710348631,1.051408423428552
1.7833300047263854,5.2869339757880995,4.784348033936436,81.19840793170029,4.310130348984172,0.8896645925584995
1.6870402907875872,4.908244494575637,4.459185507408708,81.55386046835885,4.616022712436588,0.7527931167802688
1.4278042788741978,4.973445650273247,4.302998291683217,81.18453136275977,4.105679416786015,0.6506326108796516
1.2081420821243214,4.2083001656158245,3.6409985545011834,81.47433999829583,3.7577199481618995,0.5505352861289361
1.93542241754077,4.015658650306024,3.80614000592051,81.6824875923922,3.6096014779432273,0.46583754980140746
1.6376651225344976,3.397865011797406,3.220580005009662,81.44756087552793,3.3324092988619136,0.3941702344473448
1.6139642914494425,2.8751165484439585,3.140186910732013,81.48153040844473,3.1017521625064806,0.333528659916984
1.365662092764913,2.453044406517203,3.3400079735515895,81.48437356222026,3.69956625793623,0.28221655839129417
1.239487016274714,2.07565295936071,3.0321826833284113,79.59376553808531,3.823877934667937,0.23879862633109508
1.048796706078604,1.7563217348436775,2.5656930397394246,79.6048618727414,3.5676374346202584,0.2020603761263112
0.8874433666818958,2.01252085024536,2.170971033625667,80.28083022825896,3.458518355999512,0.17097416441457103
0.8494161485157256,1.70290225789992,1.836975489990949,80.85768237327136,3.0256039774947983,0.14467044681232932
0.7187367410517678,1.4925398404809767,1.5543638761461875,80.8902011400578,2.893063006641174,0.362775060552837
0.6081618578130343,2.1539086515288215,1.3152309721236972,81.64002464549476,2.4479763902348393,0.30696351277547745
0.5145984950725674,2.111590969299943,1.1128877456431285,81.68529313420149,2.132924792497743,0.25973835696386555
0.435429495830634,2.1781974826998307,0.9416742463134165,81.60932187477117,1.8047825167288596,0.21977860973865543
0.36844034262592107,2.672905935853914,0.7968012853421215,81.57430573154448,1.527123668001343,0.5616739401097122
0.4300560536049607,3.3325049103630437,1.2212089194649012,81.36312229778453,1.2921815652319053,1.598772813733265
0.3644735615344209,3.346631905898384,1.408378050782361,80.88279520390837,1.0933844013500738,1.679578952915723
0.3088813702546803,3.2368914697644047,1.6258882392718632,80.99127980191778,0.9251714165269854,1.8858803980205927
0.2632338278486211,3.9127932152814195,1.4440439313180726,81.32728011441019,0.7828373524459108,2.2737585620237546
0.2232154872546258,4.166867715841126,1.5983584197982512,81.39639650754124,0.6624008366850013,2.221707890653925
0.1890044814070443,4.550593172521301,2.1287311965545275,81.68228902568096,0.5786939730674127,2.372332110987612
0.15992686888288363,4.582440604464561,2.0192620205180845,82.12186216078919,0.8020363305417108,2.117916959097822
0.13532273520859384,4.443418507550683,1.898310628216842,81.9408945103047,0.7346739042667425,1.7920835807750803
0.11450385286881017,4.868531236263235,1.6980839300939778,81.98569790927326,0.6216471497641667,1.516378414501991
0.09688787550437784,4.436382530843034,1.4368402485410583,82.42188772205552,0.5260091267235256,1.6350510235513047
0.08198204850370432,4.140496240066887,1.2157879026116645,82.65088075338404,0.4450846456891371,1.6198003392102804
0.06936942565698057,4.163200666298004,1.0287436099021776,82.83575476429989,0.37661008481388525,1.8712914644140022
0.058697206325137405,4.192714936036183,0.9754030058832193,83.08951395551996,0.31867007176559514,2.183168841437225
0.04966686689050088,3.572178021458699,0.8253410049781086,83.30365436448712,0.26964390687858053,2.318029917709491
0.04202581044580843,3.791134259052508,0.6983669143910826,82.81919907520802,0.22816022889726043,2.3024097894267266
0.03556030114645329,4.224303352362681,0.5909258506386084,81.12909710710163,0.3371154103195278,2.247910596584519
0.030089485585460474,3.753240704742017,0.5000141813095916,81.11695411779255,0.3055311678804025,2.3014427283764523
0.025460333956928097,3.7833940830705384,0.42308892264657755,81.0460242047991,0.25852637282187907,3.1469273947712963
0.41323810917165155,3.533746278777372,0.35799831916248864,81.28507326152109,0.2187530846954361,2.6876492427161076
0.6514823256019188,3.349740700337575,0.30292165467595195,81.33035179561615,0.18509876397306135,2.2741647438367063
1.034418884887735,3.0048369302025484,0.25631832318734393,81.04272766721884,0.15662203105412884,1.9242932447849055
0.8752775179819295,2.7071526522140714,0.21688473500467564,81.18366761008755,0.13252633396887822,1.6282481302026124
0.7406194382924018,2.3538617784391427,0.183517852696264,81.4665902453927,0.18239618448756117,1.377748417863749
0.6266930209584107,2.0726527290749233,0.15530668674717585,81.85300401706976,0.1543799327286105,1.1657871228077876
0.5303791029517949,1.7537830784480122,0.43380451429442013,82.13198148821323,0.13105092793384115,0.9864352577604355
0.4489860763636256,1.8931800764591433,0.36722175854942224,82.77189864470003,0.11120204731384525,0.8346759873357531
1.3009334104337333,1.6019216031577368,0.4077506273340969,83.50805498412969,0.1389068662857688,0.7062642969764065
1.2341729994439796,1.5842541855709118,0.3450844377546007,83.77047637567719,0.23775736857304738,0.5976082512877285
1.3725214530037853,1.493560314689042,0.896046529751816,84.28913157099649,0.5820532683590819,0.5056685203203857
1.1632077361101878,1.4154279832296595,0.9557099501464459,84.75529531170083,0.6589853217511055,0.4278733633480186
1.2210353586353846,1.908556762519995,0.8086776501239158,84.78738802549043,0.6392711759760944,0.3620466920637081
2.1399317679642063,1.907088198341439,0.6842657039510056,85.05313338428886,0.7630412113748011,0.30634720097698376
2.935121089409471,2.0401839509103463,0.5789940571893125,85.04708158604745,0.6456502557786779,0.2592168623651401
3.234434024340239,2.573628648287778,0.4899180483909567,85.07076060296534,0.5463194471973428,0.21933734507819544
3.1272624689113253,2.7880732431977484,0.4145460409461942,85.11981006254773,0.4622703014746747,0.18559313814308845
4.0837819779881475,2.778488803353368,0.3508283938638445,85.00593281468939,0.3911517935554939,0.1570403476595364
4.714938730844558,2.366001573973691,0.2968790177554554,84.94243233030984,0.33097459454695644,0.13288029417345387
5.19707814617411,2.34803209741971,0.3406320639162666,84.47084693460644,0.30534484266440726,0.11243717199292251
5.9194013937749235,2.449502482376475,0.2882271310060717,83.79764499070734,0.2583687130237292,0.0951391455324729
6.493181393942724,2.668368402451704,0.2438844954666761,79.91564327552786,0.24726019587910458,0.08050235391209244
6.870857363744377,2.482354849882849,0.20636380385641823,80.41665140564156,0.21683409170177018,0.09561583424433406
7.750120458568349,2.714712516204832,0.1746155263400462,80.49519556545012,0.3724757302108989,0.0809057058990519
8.012290931434167,2.2970644367887036,0.14775159921080833,80.50639995648926,0.31517177171691446,0.06845867422227468
8.178064398552495,1.94366990805198,0.12502058394760704,80.37302646853026,0.2666838068373891,0.05792657049577088
8.430012070040945,1.6446437683516753,0.10578664795566749,80.67499018779549,0.22565552886240617,0.049014790419498445
8.199907310310415,1.4434016502842069,0.08951177903941095,80.59501413237149,0.19093929365280524,0.04147405343188329
8.33739340668814,1.5262970793506423,0.0757407361102708,80.94735224934371,0.1615640177062198,0.03509342982697817
8.337210873384727,1.6048698272207087,0.06408831517022913,81.23486737732995,0.45847564224330695,0.029694440622827677
8.490812950359338,1.357966776879061,0.05920243923681181,81.6344169566402,0.3879409280520289,0.6782655437911648
8.465713242015163,1.3305817357665448,0.050094371661917686,82.5169975701054,0.32825770835171675,0.573916998592524
8.866538398679976,1.1757612232185453,0.042387545252391884,82.68157577967635,0.27775652245145266,0.48562207573213567
8.90350113913993,1.4877151289011463,0.03586638444433159,82.68433050192564,0.27522062804957625,0.410910987157961
9.372154574063071,1.661351957575374,0.030348479145203656,82.5036746280439,0.390027622150379,0.3476939122105824
9.706348727482563,1.405759348717624,0.025679482353633865,82.60261566020652,0.3300233725887823,0.294202541101262
9.665135078464006,1.570639837812433,0.021728792760767116,82.63048432291009,0.27925054603666194,0.3590063225249212
8.550809200388136,1.3290029396874434,0.10301669663234114,82.81722709135637,0.33703952962456457,0.5325576568683699
7.237638084516639,1.3418168913069346,0.08716797407351944,83.3239474975083,0.2851872942977085,0.45062570965785137
6.208102696190012,1.4480014194316657,0.07375751652374721,83.08406548214774,0.24131232594421487,0.38129867740279727
5.602233061213321,1.4746254252592081,0.06241020628932456,82.4505987121798,0.3698774163849608,0.32263734241775155
4.741067896864124,1.2481050312961284,0.052808636090966934,82.47546036346596,0.3129731984795822,0.2730008281996359
4.241196365394971,1.0561519509716157,0.044684230538510485,82.04965381478115,0.26482347563656955,0.23100070078430732
3.5887046168726675,0.9285272993730556,0.11625107934767959,82.68726797607886,0.4151103119703621,0.19546213143287544
3.3591487364473527,0.7856769456233547,0.09836629790957505,82.90214308949909,0.7343837059030247,0.16539103428935611
2.84235662314776,0.6648035693736078,0.08323302130810195,81.13575409699432,0.8610069258930465,0.13994625978330133
3.0260502762627377,0.5625260971622834,0.07042794110685549,81.13400560708567,1.2213874738179913,0.11841606597048575
2.560504079914624,0.4759836206757784,0.05959287324426234,81.26031610817995,1.1810514331248938,0.1001982096673341
2.1665803753123742,0.4027553713410433,0.050424738898991205,81.40172856093518,1.1925046178836622,0.08478310048774425
2.010299268175117,0.3407930065193443,0.04266708676068486,81.36472845882197,1.0090423689784835,0.0717395465665528
1.7680170467026162,0.2883633132086759,0.03610291956673334,81.30634536943376,0.8856326260817279,0.060702693248621604
1.4962385357684922,0.24399972656118732,0.15184082651722228,81.15166578274079,0.7493814528383852,0.38564840653390303
1.266106101049703,0.2064613070902354,0.1285387865938716,80.92266625360972,0.778002986379649,0.3263178824517641
1.244129463378732,0.17469802907635304,0.1087635886563529,80.6508478878316,1.0276523070340302,0.3694488854759456
1.0769550247655215,0.14782140921845258,0.25978507059280975,80.57643511127206,0.8695519521057179,0.506580820033858
0.9112696363400568,0.12507965395407525,0.7155775896319478,80.67225089481155,0.7357747287048382,0.4286453092594182
0.807172407791983,0.10587908646582543,0.6616864872476975,80.8290114608123,0.6371047701250435,0.36269987706566154
0.6829920373624472,0.46508829559445797,0.5598885661326671,81.139900587167,0.7593981213632675,0.3068998959786367
0.5866455569348203,0.3935362501183875,0.4737518636507183,81.20814694256724,0.8048018534119581,0.25968452736653874
0.4963923943294633,0.33299221163863557,0.4008669615506078,81.5407016566961,0.8566122962846145,0.21973306161784048
0.5214643131268087,0.281762640617307,0.33919512131205276,81.38177002229266,0.7390266785392182,0.18592797521509577
0.922839489226362,0.3187127872044145,0.2870112564948139,81.1418864366083,0.6253302664562614,0.15732367133585026
0.9184482025994601,0.26980190408080124,0.2651452857955368,81.0805923024131,0.8144175378473186,0.1331200295918733
1.185574942740384,0.22844673830438172,0.5060072348850964,81.1489759296938,1.1385359996501154,0.1126400250392774
1.0037315216986817,0.19380903576136693,0.42823808758133497,81.2944500551113,0.9633766150885591,0.09531079041785011
1.5173775907730886,0.16399226102884895,1.062354789315546,81.34376817747874,0.8151648281518578,0.12291245581936557
1.6872322600196543,0.138762682409026,0.9000585357080997,81.15800197746407,0.6897548545900335,0.10400284723177086
1.8890225695887986,0.11741457742302203,0.7619582881056806,81.3423412588219,0.5836387231146438,0.0880024091961138
1.832773638884714,0.09935079628101863,0.983264069983341,81.03019192045868,0.49384815032777546,0.12143455142334483
1.9208104066031386,0.08406605839163116,1.2350654197451512,79.49940550298034,0.41787151181581006,0.10275231274283025
1.6284142245877833,0.07113281863907253,1.1018889394072626,80.03601101634285,0.35358358692107006,0.08694426462854868
1.4022372980305515,0.06018930807921521,1.4896447240997923,80.57062955442144,0.2991861120101362,0.07356822391646425
1.6225437836177201,0.5587251495443822,1.7834564409240887,81.07243931684636,0.2531574793931921,0.06225003562162361
2.184394565676818,0.4727674342298619,1.676907889623471,81.02386968524006,0.2142101748711626,0.05267310706445074
2.179087062680286,0.6758276520422704,1.7384299184798566,81.33391857112954,0.1812547633525222,0.044569552131458315
1.8510730397778643,0.915846929756335,1.533954633911704,81.45322375909522,0.15336941514444186,0.037712697957387804
1.9028801643244355,0.7749474021015142,1.431618704943316,81.55279105509753,0.1297741205068354,0.03191074442548198
1.8882954398291028,0.9594940155827079,1.6552656590022439,81.98747737935456,0.1098088711980915,0.02700139912925399
1.9446983958578719,1.6592227388358516,2.186987384271966,82.05006723551526,0.09291519870607742,0.02284733772475337
1.8472655312151949,1.8357259873825538,2.0305258198176905,82.2133182621246,0.07862055275129629,0.01933236269017593
2.267381608712236,1.90609952876892,1.8559201412811939,82.34190989616911,0.06652508309725069,0.10270863874442086
2.0987329110292055,1.6128534474198553,1.570986045689016,82.41243108531351,0.13471694129607112,0.18463836001294373
2.0735689467966667,1.6013162435022539,2.0680338639586693,82.14501562872354,0.42431212559337744,0.605587642136299
2.418576214267439,1.4354142043181815,1.8919025856870024,81.58621508176242,0.3590333370405502,0.8813376338897019
2.409442706416531,1.41291679664417,1.9483663265111184,81.4390482656254,0.30379743903431167,1.2838748224685894
2.8750995081624593,1.1955449817758361,1.6623136186845215,81.30611674945933,0.2570593714905714,1.1935931802066726
2.940478876204071,1.0116149845795537,1.8946423846793816,81.46151361781641,0.40117714684197703,1.0099634601748768
3.16093079083324,0.855981910028853,2.375168627100256,82.12750524009172,0.681190249717287,0.8545844663018187
3.084230897508485,0.7242923854090294,2.0099155869894125,82.33712394719156,0.7236339693369832,0.8387845754888374
3.0007310701994117,0.6128627876537941,1.7009033137884955,82.80325712083214,0.6123056663620626,0.9420677249434884
3.4761173552657443,0.5185762049378257,1.445645094770267,83.29331513899625,0.5436783747783045,1.176224611518222
3.962455360590524,0.43879525033200645,1.8039308834325052,83.32903374943074,0.5289028572050136,1.8792869628672788
4.302632023607883,0.37128828874246705,1.572269189265642,83.69745777563934,0.48712197357882075,2.333712686737025
4.479674748737661,0.31416701355131826,1.5593615647188115,82.3327725766703,0.503809936507339,2.6156920087054942
4.558096619611754,0.2658336268511155,1.319459785531302,82.24447282533633,0.7436104541729789,2.843531594614392
4.828133253068952,0.2249361457970977,1.11646597237264,82.69648988899701,0.6292088458386744,2.574985143340938
5.3922456621472135,0.7312870057177423,0.9447019766230031,83.08972360994915,0.5324074849404168,2.292977119591297
5.8324370976503195,0.6187813125303974,0.799363210988695,83.590626332391,0.46973245248753037,1.9402114088849438
5.865455403369701,0.5235841875257209,0.6763842554519727,83.95484613784241,0.5646492279908037,1.6417173459795678
5.5041332332487745,0.665326875220627,0.5723251392285923,83.66802449704544,0.7639184787119884,1.389145446598096
5.584481869891096,0.5630376744396968,0.7697209811781831,83.46911634087411,0.7386899438393375,1.1754307625060811
5.11082317322812,0.6991823075427824,0.659284718800125,83.88673666433253,1.2764946677122477,1.0982056834549316
4.324569996509648,0.5916157986900465,0.5578563005231826,83.7856897308626,1.3846409410867218,0.9292509629234037
3.6592917152284956,0.5005979835069625,0.8653136849678584,83.65024760583103,1.1716192578426108,1.2779764960034226
3.0963237590394965,0.4235829091212759,0.732188502665111,83.8792608900161,0.99137014125144,1.0813647273875113
2.6199662576488048,0.35841630771800265,1.0291262155436116,84.39821656818596,1.1667191712885738,1.160153824801533
2.216999018938563,0.3032753372998484,0.870799105459979,84.60179198129812,0.9872239141672547,0.9816686209859126
1.911305381702314,0.41516925211040673,0.7843625587450308,84.2107262645569,0.835344740583914,0.8306426792957722
1.743615920260472,0.35129705947803647,0.66369139586118,83.84030129295682,0.7068301651094656,0.7028514978656534
1.4753673171434762,0.297251358019877,0.5615850272671523,83.69132300649184,0.5980870627849325,0.5947204981940143
1.5320112524292444,0.9407325243134297,0.7781686317801945,83.52348868863386,0.5060736685103274,0.7338492944640483
1.296317213593976,0.8480052939756165,0.6585878354534433,83.28918023024,0.45593530313591013,0.6209494030080408
1.0968837961179796,0.8166323856930758,1.1596441985896044,83.60698337115727,0.38579141034577014,0.5528019679289617
0.9281324428690596,0.9223557713453572,1.532571047956088,83.68495577388651,0.32643888567719015,0.8586791649891087
0.7853428362738197,1.2334952511246702,1.8500161863115845,83.96755460284642,0.27629197148607587,0.8170669802475817
0.6645208614624629,1.126413424829919,2.1468113360111407,84.13321763852274,0.27916834420100795,0.8222845495678486
0.5622868827759302,1.2436344971493958,1.8165326689325039,83.80166025792175,0.23621936817008368,0.9590698118185343
0.4757812085027101,1.0523061129725657,1.5370661044813494,80.1945108326031,0.1998779269131477,0.9731518313014962
0.4026221572340481,0.8904128648229402,1.3006018263689458,80.79441031448044,0.1691274766188173,1.0197418542805468
0.3406802868903484,0.7534262702347957,1.1005092376968004,81.682538380021,0.14310786483130694,1.3461482012434538
0.28826867802647826,0.6375145363525193,0.9312001242049849,81.93736626084949,0.1210912702418751,1.3224659474527545
0.24393884886613462,0.5394353769136702,1.0399795623898953,81.87258338223296,0.11382451973069775,1.6637306524344433
0.44032807383429035,0.4564453189269517,0.8799827066376038,81.57170025370567,0.09631305515674425,2.1070861813152595
0.8875227090300489,0.3862229621689592,1.033819263568127,81.58579305347484,0.08149566205570667,2.8896147101857714
0.7509807537946568,0.32680404491219617,0.8748484736020317,81.81546386288672,0.06895786789329027,3.3754757403814146
0.7164736940282771,0.2765264995410891,0.7405982265736419,82.39142368042056,0.058348965140476376,3.5925690183293093
1.6245631319707496,0.2339839611501523,0.6272894157565383,81.85045671963046,0.04937220127271078,3.9026769252857685
2.3235695214262857,0.2373347602811433,0.5314206924348234,81.54664700356307,0.041776477999986045,3.961291430191794
3.0830227632422846,0.2008217202378905,0.44998421122725973,80.97201219838531,0.03534932753844973,4.238066189700565
3.5376730393163207,0.1699260709705227,0.38189570322998084,80.52960289935254,0.02991096945561131,3.9609580778508944
3.8083844810213643,0.1437835985135192,0.323903497852549,81.1668392093325,0.025309281847055727,3.6918382277530783
4.054648250452651,0.12166304489605471,0.27412448451862875,81.6276899649643,0.02141554617827792,3.4824393012508925
3.430856211921474,0.10294565337358476,0.2319965114275292,81.85266398373665,0.018120846766235165,3.769020511703427
2.92597745922171,0.08710786054687941,0.19630474043867857,82.14686210722928,0.01533302418681437,3.841501758667337
2.4758270808799088,0.0737066512319749,0.1661040111404203,82.29055158004442,0.012974097388842927,3.8379030600542077
2.094930606898384,0.062367166427055684,0.14054954788804794,82.95930776304114,0.010978082405944015,3.815110464487138
1.7726335904524788,0.05277221774597019,0.11892654052065597,83.37230717726257,0.009289146651183399,3.766828023655978
2.431646308116672,0.04465341501582094,0.10063014967132428,83.15044247477886,0.00786004716638595,3.691369228102169
2.0575468760987223,0.03778365885954079,0.08514858818342823,83.38960397826787,0.006650809140788113,3.3503218918809945
1.741001202852765,0.031970788265765285,0.07204880538597773,84.0895638418918,0.005627607734513019,3.13351040734851
1.4731548639523397,0.027052205455647547,0.6578440627117723,84.69021589486209,0.004761821929203323,3.148125945658626
1.3711402540708066,0.02289032769324023,0.5566372838330381,82.81327912237562,0.00402923394009512,3.295983231702408
1.2378492541390682,0.01936873881735712,0.4710007786279553,83.39389102465029,0.0034093517954651015,3.046389254934185
1.0474109073484423,0.016388932845456023,0.3985391203775006,83.28415308364404,0.0028848361346243165,2.828377591906295
0.9062343713681966,0.013867558561539713,0.33722540955019276,83.31904731588044,0.0024410151908359603,2.5398097069841796
0.7668136988500125,0.011734088013610526,0.28534457731170154,83.96836559372032,0.0020654743922458125,2.4512395009685672
0.6488423605653951,0.37201953948225763,0.2414454115714398,84.34060630558412,0.001747709101131072,2.0741257315887878
0.549025760155617,0.314785764177295,0.20429996363737213,84.36705876340625,0.001478830777880138,1.7550294651905125
0.46456025859321437,0.26635718507309575,0.17286920000085335,84.4401121882942,0.0012513183505139627,1.4850249320842797
0.3930921621533274,0.2253791566003118,0.2789595945543684,84.0985118926604,0.001058807835050276,1.372048671390924
0.33261644489896924,0.2777624330125773,1.2591828565426695,83.35155033933474,0.0008959143219656183,1.242264373659688
0.28154829801673803,0.28316256819895375,1.1543336577681567,83.15664955786504,0.0007580813493555231,1.0511467777120436
0.23823317524493215,0.5103410346197809,1.1522729094764839,82.81641810931083,0.0006414534494546734,0.8894318888332676
0.48435679035364637,1.3860463068625068,1.3572239164122302,82.74071356994637,0.0005427683033847236,0.7525962136281495
0.40984036106846994,2.362678572559093,1.1484202369641947,82.73760570829573,0.0004592654874793815,0.6368121807622804
0.3467879978271669,2.544431319162111,0.9717402005081648,82.48968959727912,0.00038860925863639967,0.5388410760296217
0.2934359981614489,2.152980346983324,1.0216664694425936,83.07396989978494,0.0003288232188461844,0.4559424489481415
0.2482919984443029,1.8800295783100602,0.8644870126052716,83.05883196666699,0.0002782350313313868,0.3857974568022735
0.21009322945287168,1.5907942585700512,1.6414415523494057,83.4768957965989,0.4575801853700839,0.3264440019096161
0.1777711941524299,1.3460566803285048,1.6057294609202468,83.32219706478891,0.38718323377468633,0.27622184776967507
0.15042177966744066,1.1389710372010424,1.515735280317485,82.99647661806603,0.32761658242473457,0.23372617888203276
0.1912889837087614,0.9637447237854975,1.282545237191718,82.51840481737203,0.27721403128246774,0.1977683052078739
0.1618599092920289,0.9773535942640207,1.0852305853160693,81.62802271997658,0.23456571877747268,0.16734241209897022
0.1369583847855629,0.8269915028387869,0.9182720337289816,81.48911793916223,0.29515264405684843,0.14159742562220556
0.11588786404932246,0.6997620408635888,0.7769994131552921,81.3728884482559,0.24974454497117946,0.1198132062957124
0.09805896188788822,0.5921063422691906,0.6574610419006318,79.82866571888654,0.2113223072833057,0.10138040532714125
0.08297296775129004,0.5010130588431612,0.5563131893005345,79.96067951989457,0.17881118308587404,0.08582347952130152
0.4601712782350088,0.42393412671344405,0.47072654479275994,80.27912037263793,0.1513017703034319,0.07262851085954514
0.4022513372616264,0.35871349183445267,0.3983070763631046,80.82178460989094,0.1280245748721347,0.3084627088798482
0.3403665161444531,0.3035268007829984,0.33702906461493465,80.83294963619959,0.1083284864302678,0.26102480264175976
0.7067098440516812,0.25683036989330627,0.2851784392895601,80.90322859688295,0.09166256544099582,0.22106989154766152
0.5979852526591148,0.2173180052943361,0.7597965209038771,80.8788154330617,0.07756063229622724,0.6833024658628679
0.5760995653419744,0.19026038263750694,0.6429047484571268,80.44613449082671,0.0656282273275769,0.9651196047363464
0.4874688629816706,0.1621342597345753,0.5439963256175688,80.46356472589038,0.05553157696948814,0.8168437592009802
0.41247365329218283,0.1382874615160009,0.4603045832148659,80.6019946031364,0.04698825743572073,0.6916518661153884
0.5869834238166589,0.1176485019825829,0.3894884934895019,80.33422263212178,0.03975929475330216,0.585253195914831
0.49667828169101913,0.10034852604792481,0.32956718679880925,80.17142978844136,0.033642480175871056,1.128311193520077
0.4202662383539393,0.08620491134311357,0.6535229479811424,80.3270322805031,0.028466713994967818,0.9563639833056201
1.148388480158676,0.22865023522503977,0.5529809559840436,80.62472119925556,0.02408721953420354,0.8114538975468846
0.9717133293650334,0.23745597639294208,0.9328950343774468,80.63636135416267,0.2609149607312389,1.2552968282528079
0.8222189710011821,0.38978623393999884,0.7893727213963011,81.17705921262115,0.22077419754181749,1.0635336606240993
0.6957237446933079,0.386541677359376,0.6679307642584086,81.73642188463445,0.27630041226657703,1.2472929794651535
1.4755169593005772,0.3270737269963951,0.5651721851417304,82.00651524417027,0.45119359556972743,1.3831419893843415
1.3753081385105352,0.27675469207387277,0.4782226181968488,82.46759490106415,0.4741649798915659,1.1716935010209866
1.515591236425026,0.2341770471394308,0.6616129823115896,82.528480253821,0.40121652144670966,1.4898136645662052
1.4455643969576792,0.19814980911797989,0.5598263696482682,82.1046754328898,0.3394909027626005,2.1761396528958006
1.2231698743488055,0.16766522309982915,0.47369923585622686,82.22034318606464,0.2872615331068158,2.480063645584484
1.0349898936797586,0.1418705733921631,0.4008224303398843,82.11430385747585,0.2430674510903826,2.7495867473815196
0.8757606792674879,0.7837133116006914,0.33915744105682516,82.26817386106123,0.20567245861493916,3.0225585231855834
0.7410282670724898,0.7226754475371133,0.286979373201929,80.6763926362753,0.1740305419049485,3.18788550853793
0.6270239182921067,0.8203772813522815,0.2428287004016322,81.06804737817954,0.14725661238111026,3.5978126446066043
0.5305587000933211,1.225652167544168,0.20547043880138108,81.31926374756168,0.12460174893786252,3.580911683728964
0.7790203064796103,1.4518340780206382,0.4902996601127316,81.54703297414834,0.10543224910126829,3.6888509149078454
0.6591710285596701,1.260504000555559,0.4148689431723113,82.09134253335428,0.08921190308568855,3.926369189306942
0.5577601010889517,1.1172306936571592,0.35104295191503265,82.86402129795339,0.07548699491865954,3.4226963485137567
0.8474029575971015,0.9453490484791346,0.2970363439281045,83.4019602396989,0.06387361108501961,3.1192621449149738
0.7170332718129321,0.7999107333284986,0.2513384448622423,83.27979865283721,0.05404690168732428,2.6393756610819
0.6067204607647887,0.6770827141713489,0.2126709918065127,83.92494368173416,0.045731993735428245,2.2333178670693004
0.5133788514163596,0.573021197489383,0.17995237768243383,84.4585769494364,0.03869630239151621,1.8897305029047926
0.8601585894418332,0.48493542740988027,0.15229327833539205,84.74593832197027,0.03274302510051371,1.5990027332271322
0.7549444716556022,0.4103299770391295,0.128868544736274,84.661317222275,0.6585897522047951,1.6823627790931
0.6387991683239711,0.46273344644284037,0.10904261477684721,84.5773947858982,0.5572682518655959,1.4235377361557
0.5405223731972063,0.3915436854516342,0.09226682788810148,83.94788816214864,0.4715346746555042,1.2045319305932845
0.4573650850130207,0.5962828761110638,0.07807460073198759,83.82561442361094,0.3989908785546574,1.0192193258866256
0.38700122578024826,0.5046778923991979,0.06606312369629719,83.32994595109746,0.4225055761027968,1.2245581063063171
0.3274625756602101,0.4271021077623935,0.055908793709167584,82.8820307392179,0.7294957154672512,1.0361645514899607
0.27708371786633157,0.3614084344369602,0.26923437794191357,82.80837916929406,0.7071510131006502,0.8767546204915052
0.23447818161977435,0.3059261166334035,0.3539003685456623,82.25696835607707,0.9647364252318719,0.7418692942620428
0.19840461521673217,0.2589394026853267,0.29958637108088493,81.99605774874571,0.8666327992850242,0.6277355566832671
0.5130802442050248,0.21910257150296877,0.25351911937637894,81.62185160353422,0.7333046763180974,0.5311608556550721
0.4341640012072689,0.1853944835794351,0.21452968262928176,81.37013241735352,0.8720121943123585,0.4494438009389072
0.3673695394830737,0.1568722553364451,0.181594451700972,80.76247332928153,0.737856472110457,0.38029860079445993
0.31085114879337006,0.13273806220776121,0.1536568437469763,80.81375704516121,0.6243400917857714,0.3217911237491584
0.26303225302154004,0.3019598561436225,0.16006784500358956,77.11519220811202,0.5282877699725758,0.27228479701851865
0.22256575255668776,0.25550449365998823,0.19495975352751818,77.52813370580728,0.4470127284383334,0.23039482824643884
0.18832486754796657,0.21619611001999006,0.4282349417808877,78.07158775439974,0.3782415394478206,0.19494947005467902
0.15935181100212556,0.23367074201188598,1.5409815704353733,78.63623899466747,0.3200505333789251,1.5011144680559754
0.15462669580871166,0.4165398311413588,1.9111954406127842,79.81717739359566,0.2708119897821674,1.7409294314920079
0.1308379733766022,0.35245678019653437,2.246847957038314,79.76543806155634,0.22914860673875703,2.543851116510049
0.11070905439558647,0.2983634319315253,2.4346691436045527,79.97267813272872,0.19389497493279442,3.172485114593535
0.09367689218088086,0.2620234925636844,2.13623114063549,80.00413244962611,0.16406497878928758,3.2615362346533
0.07926506261459149,0.24785472108649195,2.091764784742719,80.05448500383679,0.13882421282170487,3.9798492593836623
0.06707043759696203,0.21041581267747103,1.7948601957083807,80.44473973314739,0.14082230666442205,4.193892122861215
0.8002607435959078,0.17804414918862935,1.5187278579070913,80.7717498087861,0.11915733640835713,4.81315325826138
1.177286814020329,0.6704538117693272,1.32303760713111,81.32952219277323,0.10082543849937912,5.488273775098212
0.9961657657095091,0.6467970721162392,1.1194933598801702,81.86106293865812,0.08531383257639771,6.007467309729358
0.8429094940618923,0.5472898302522025,0.9472636122062977,82.56197000670679,0.07218862756464421,6.117123053640859
0.7233968245794414,0.8147100665342842,0.8015307487899442,83.40688609756636,0.06108268486239126,6.343117983296686
0.6121050054133734,0.6893700562982406,0.6782183258991836,83.67350329673947,0.051685348729715676,5.973637810979669
0.5179350045805468,0.8167001303309986,0.573877044991617,83.79942691517682,0.04373375661745173,5.685413686388138
0.4386379234767546,1.1111136845913863,0.4855882688390604,83.88815632895223,0.037005486368613,5.483785523044867
0.3714552530672041,1.05869168678461,0.4108823813253588,84.12236219941758,0.21767478433656884,5.626175974332063
0.3155444900498866,1.0742274622880241,0.3476697072753036,84.06299253779682,0.20934781979893863,5.317226227053464
0.35638697182566764,0.9089616988590974,0.3828547125381746,84.3547121331838,0.17714046290679422,5.106518644337122
0.3019770915238529,0.7691214374961594,0.3239539875323016,84.79421739319184,0.14988808399805661,5.030648064871076
0.25578224696030855,0.6507950624967502,0.2741149125273321,84.94658510396106,0.1268283787675864,4.256702208737064
0.21701324993086493,0.5506727451895579,0.23194338752312715,84.67189092497408,0.10731632049565001,3.6018249458544385
0.18365973741205238,1.4224127066901888,0.19625978944264605,82.47635455854223,0.09080611734247308,3.063527598122641
0.15541695374562467,1.203579982584006,0.16606597568223894,82.87942248007363,0.07683594544363107,2.784547983603485
0.13151345338879147,1.0184138314172357,0.14051736403881757,83.24247035230326,0.3025508735799117,2.4674689125244633
0.1298796043797821,0.8617347804299686,0.11891123055138217,83.73260659442786,0.35711129021619975,2.0878583105976225
0.11254921019331451,0.7291749107103374,0.18972181971658497,84.48480868781179,0.30217109172139983,1.9237706448153598
0.3130053529699874,0.6169941552164393,0.16053384745249497,84.53580847418739,0.25568323145656907,1.6278059302283812
1.006040798798822,0.5220719774908333,0.13583633245980342,84.79723568857446,0.21634734969401997,1.377374248654784
0.851265291291311,0.4418607600225919,0.11493843515829522,84.82656096301167,0.18306314204878615,2.7567430499872896
0.7203014003234169,0.37398223720668705,0.09725559898009593,85.3032501852895,0.36510973627587323,3.40667660679313
0.6608907492245603,0.31644826936034487,0.4510259125322522,85.3345793064251,0.5202595580549771,3.797866349254172
0.5592152493438587,0.26776392022798406,0.38163731060421346,85.4392348026993,0.49875566217213524,4.145103843049295
0.47318213406018816,0.2265694709621404,0.3229238782035652,85.34747175972593,0.45460445214966877,4.872641987311342
0.400384882666313,0.19171262927565724,0.2732432815568629,85.71216566588316,0.5219962193855758,4.872726970787573
0.3387872084099572,0.1622183786178638,0.23120585362503782,85.63376904541924,0.4416891087108718,4.94960222279993
0.5255759970219176,0.13726170498434628,0.35471966720232867,85.97219956546994,0.37373693813996844,5.206013749093637
0.444718151326238,0.11614451960213917,0.3001474107096627,86.38744760950682,0.6250018863239474,5.6152880046720846
0.37629997419912437,0.09827613197104083,0.2539708859850992,86.82395395527622,0.528847749966417,5.344815499826875
0.3184076704761822,0.17249921067091972,0.21489844198739158,86.91956403993743,0.44748655766389134,4.963504831563359
0.4002662575258146,0.1459608705677013,0.18183714322010058,87.08495870233882,0.3786424718694465,4.806470756751902
0.4519117488268106,0.12350535201882416,0.15386219810931587,87.05162708560651,0.32038978388953165,5.200916989343915
0.38238686439191666,0.10450452863131275,0.13019109070788268,86.89881177953008,0.2739519211799587,4.858021687382128
0.32362997235791907,0.08842690884188004,0.11016169213743918,87.29553560705705,0.23180547176765734,4.809776983941392
0.4812563321810705,0.1614755165896758,0.09327448336702125,86.4750779923643,0.19614309149571005,4.556082479662968
0.40721689646090575,0.4083892568298647,0.24148229153161707,86.22331371469959,0.1659672312656008,4.4489471060140975
0.39246308874891667,0.6662695276879506,0.307230772667348,84.16630454364552,0.14043381107089298,4.130683015894027
0.33208415201831415,0.7771910790851968,0.5837836147967365,84.0239312717646,0.11882860936767868,3.8949131313617196
0.280994282477035,1.6882726170205116,1.5194351335736973,84.37848867968933,0.10064738916960134,4.064005243052604
0.6178026108999828,1.573117532224156,2.509359891062214,84.41170217714061,0.1891232568353953,3.7955221574123525
0.5227560553769085,1.6895376372196966,2.407059895645111,84.51392446322077,0.3903634105041949,3.392852860871706
0.44233204685738414,1.6039925941638131,2.4903772616079904,84.78365574229495,0.5867419750413178,3.1862624677166305
0.37428096272547884,1.7169235372560223,2.6414922124455713,84.84309836907852,0.4964739788811151,3.0453683795896285
0.31669927615232824,2.239791471596495,2.475994815215446,85.4646650803979,0.4200933667455589,2.8192357475175958
0.2679763105904316,2.139920252781165,2.095072535951531,85.19705005179486,0.3554636180154729,2.3855071709764277
0.22674918588421136,1.8107017523532931,1.7727536842666802,84.71319005494587,0.300776907551554,2.018506067749285
0.19186469574817883,1.5321322519912481,1.5000223482256525,84.21605015048696,0.2545035371590072,1.7079666727109333
0.162347050248459,1.431403300031029,1.2692496792678598,83.90052726335088,0.21534914682685224,1.4452025692169437
0.1373705809794653,1.3633200193384962,1.073980497842035,83.85500900195069,0.18221850885349036,1.222863712414337
0.11623664544416296,1.1535784779018046,0.9087527289432605,84.13749223536931,0.15418489210679953,1.034730833581362
0.09835408460659942,0.9761048659169116,0.7689446167981436,83.74110761114233,0.13046413947498423,0.8755414745688448
0.0832226869748149,0.825934886545079,0.6506454449830447,83.56819453970132,0.11039273340190972,0.740842786173638
0.0704191966709972,0.6988679809227591,0.5505461457548839,84.19087834280548,0.09340923595546208,0.6268669729161552
0.0595854741062284,1.046273689410422,0.465846738715671,84.63239173955941,0.07903858427000637,0.5304259001598236
0.05041847808988558,0.8853085064242033,0.3941780096824909,85.2165460375716,0.06687880207462077,0.4488219155198508
0.0426617891529801,0.9795610948979467,0.3335352389621076,85.72262069168029,0.05658975560160219,0.3797723900552583
0.03609843697559855,0.8288593879905704,0.2822221252756295,85.88198961702192,0.39599701530175496,0.32134586850829555
0.1939560397244125,0.7013425590689442,0.23880333677168653,85.94081893309827,0.33507439756302343,0.27190804258394236
0.1641166489975798,0.679362778099729,0.20206436188373475,85.79336654799857,0.2835244902456352,0.2300760360325666
0.1388679337671829,0.5748454276228476,0.1709775369785448,85.69050836425899,0.23990533790015287,0.19467972279678714
0.11750363626453939,0.48640766952702486,0.14467330052030714,84.08156475966757,0.2029968243770524,0.16472899621266604
0.09942817362947542,0.411575720369021,0.1224158696710291,83.82332640096848,0.17176654370365974,0.13938607371840972
0.2869179526541016,0.348256378773787,0.10358265895240924,84.11502146242057,0.14534092159540438,0.11794206237711591
0.24536233319683864,0.2946784743470505,0.39743336755359504,84.66342249642113,0.12298077981149602,0.7018764043981847
0.21038634091122063,0.2493433244475043,0.33628977254534964,85.02111774542469,0.10406065984049663,0.5938954191061562
0.18150785764957625,0.2109828129940421,0.2845528844614497,85.16103499153658,0.08805132755734331,0.5025268930898243
0.15636480391449356,0.17852391868726636,0.24077551762122668,85.45694576495069,0.33155963651329645,0.4252150633836976
0.13351312416288735,0.15105870042768693,0.20373313029488413,85.25138484316466,0.6348190800447084,0.3597973613246672
0.35094480884141144,0.12781890036188895,0.17238957178797884,85.38577674327814,0.7453977320766928,0.3044439211208722
0.2969770627366626,0.10815445415236755,0.14586809920521288,85.54138985924496,0.712381305865403,0.4291623581159733
0.49099552092360554,0.09151530735969562,0.48275162420607676,85.7602532214961,0.6071240394619506,0.7861880285434751
0.416893405916394,0.07743602930435783,1.0250718557043865,85.59711362892885,1.1235201716461738,0.782473745037271
0.43321938937600835,0.5913780474854929,1.0721142257745104,85.39026129681584,1.3049358670536062,0.6620931688776909
0.5475051861033395,0.5003968094108017,1.3783328609294796,85.12023088161695,1.2270973392195805,0.560232681358046
0.46335198340868405,0.423412684886063,1.1662816515557135,84.46412227397998,1.1156412054373486,0.4740430380721928
0.39209016358434895,0.35841950260948174,0.9868537051625268,84.5733722727985,0.9846752145800365,0.4011133399072401
0.3317685999559875,0.3032780406695615,1.0799626395158777,84.45344788213032,0.8471812092793626,0.8187547434389176
0.2807272768858356,0.256619880566552,0.9276430095619593,84.239857995278,0.7168456386209991,0.6927924752175458
0.23753846505724555,0.21713989894092864,0.7849287003985809,83.73272594156235,0.6625961627607896,1.2687416825649966
0.2009940858176693,0.18373376064232422,0.6641704387987992,83.33062974120698,0.5606582915668219,1.1475102050210968
0.1700719187687971,0.15546702823581282,0.5619903712912916,82.75347790633258,0.47440316978731084,0.9709701734793896
0.14390700818898217,0.13154902389184162,0.4755303141695545,83.04429804907036,0.40141806674310915,0.8514526803585967
0.1217674684676003,0.11131071252386598,0.40237180429731534,82.84742788107621,0.33966144109032315,0.8707230222669985
0.10303401178027716,0.09418598752019428,0.6402367561706147,82.39257296254436,0.7128150935671365,0.7367656342259217
0.08718262535254222,0.07969583559401054,0.5774868149329977,78.74395843625616,0.6031512330183463,0.7088906695487991
0.0737699137598434,0.0674349378103166,0.5376999326157328,79.28429015567073,0.5103587356309084,0.5998305665412915
0.06242069625832904,0.05706033199334483,0.6210870739996672,79.91865709505191,0.4318420070723071,0.6252628598305328
0.05281751221858611,0.048491502895696335,0.8899327193673365,80.1370709379986,0.36540477521502907,0.5851580977372716
0.0446917411080344,0.04216800321923641,0.7530199933108231,80.14769720025414,0.30918865595117845,0.7039698234837776
0.03781608862987526,0.03686297686496392,1.4460262186285047,79.6376569887251,1.5581678304650997,0.9825642472054569
0.36318142216676513,0.03147559880830908,1.5294219245043723,79.94408189336615,1.8776200968198018,1.5034017503522856
0.307307357218032,0.02751008243224202,2.0892267638096995,79.75699287678846,2.6956816960669108,1.4699929151301905
0.260036219781313,0.025488099391075186,2.2807704469348926,79.87574427688305,2.9128296625284236,1.9147092275467958
0.3993673278579332,0.36215889417740077,1.9300447646618333,79.96639784072244,3.30819335777942,2.0252625531334543
0.3379262004951742,0.4384727331231271,2.0412601418024834,79.83227471794929,4.47317344233906,2.225456593200209
0.2864424857299889,0.7837924517493389,1.7272201199867165,79.5598841282402,4.89186294037419,2.6767005155436308
0.898062536108428,1.297745997638126,1.644107978698349,79.0950505291112,4.839796249796493,2.9399321016148
0.8907671325166453,1.754333149912291,1.4080508274282437,79.6765645610965,5.085779606212917,3.160984094089324
1.547327838774118,1.7792773148557004,1.1914276232085137,79.54867823327935,4.894023461768543,3.340131707048735
1.944158639484044,1.8008894357130318,1.2317874375534628,79.22849853489723,4.866796629376691,4.124888510243318
1.9865516797545213,1.9109537998835497,1.087733722493553,79.17364717506535,4.9481103534031226,3.8973346447622856
1.6814320852727813,1.777918080678144,2.240646484826067,79.17548354083605,5.84678349272103,3.8072668374489895
1.4230080997748975,1.9808679838978454,1.9095060790309686,79.4893520626313,6.124400643768382,3.3236524522357995
1.2917226637293497,1.6761190632981768,2.8855538326864454,78.9434939566918,7.048815881032768,2.9634655284391767
1.0951599399499385,1.4182545920215341,2.85020623682965,78.74056465106776,7.279175511446954,2.7587898665712114
1.397249661366869,1.2000615778643748,3.0423221688184476,78.32281982457388,7.557945386570196,2.3972795548612362
1.1843130957443853,1.0154367197313943,3.7484027135927698,79.00857564077414,7.964884321035348,2.7619681554768474
1.0276404466641527,0.8592156859265643,3.4493887819992857,79.41752101164043,7.858496185519894,2.740504421468627
0.8695419164081291,0.743106764165722,3.1494307812181193,78.25418434615763,7.698119551767673,2.419802177166654
0.7361275909814107,0.6287826466017649,2.9894448818835637,78.3497609513814,7.758857387960706,2.3924164530609495
0.6228771923688858,0.532046854816878,2.8391262520414124,78.4031073561028,7.759693081338313,2.6058512047293623
0.527049932004442,0.45019349253735824,2.988479702981577,79.06558500326014,7.464638631858602,2.9970174835875754
0.44596532708068165,0.3809329552239185,3.0233399639213894,79.60074736642233,7.533889372529439,2.987889163853081
0.3773552767605768,1.713232332280878,2.8189768175847814,79.94690015072165,6.79518154370091,3.0401368786408263
0.33952326139285355,2.0090841536423443,2.7609057547225206,80.44139282929424,6.301352276003273,2.737594864586216
0.4020418364558595,2.1658829125725845,2.732285070200592,80.12346109141407,5.89837932115983,2.401472383824176
0.6011934912795796,2.6271084260176814,2.398782665079055,80.54967917840816,5.765509495541683,2.225293054062967
0.6835834350722377,3.3590184691665623,2.9883293658125036,81.23925006360838,5.379869159086772,2.203895747290665
0.5784167527534321,4.248021283371882,2.77991138236677,81.94744590347692,4.651561018630873,2.1219081613800297
0.4894295600221348,4.173141759108635,2.5388953578945865,82.32068575680499,4.028084827796245,2.27295343777068
0.8459604814401956,4.3058190726096255,2.148495727561868,82.66357297023559,3.6211446433352656,2.183933396765969
0.7158127150647808,5.397953409250666,1.9633072406909615,82.86871659671858,3.1729731479671295,1.9928878982637683
0.6056876819778915,5.348888110334334,1.661259972892352,83.26644975812184,2.8328650659081633,1.9742943735771126
0.5125049616736006,5.162116164690727,1.4617912323924092,83.68568422171896,2.3970396711530615,1.9920723279103816
0.43365804449304657,4.368012892446844,1.2369002735628079,83.86688105061769,2.1273194005214036,1.9015548900865353
0.3669414222633471,3.8412969285860927,1.0466079237839145,84.0667910189339,1.9523946924251867,2.0074130131301966
0.36129366631335375,3.2503281703420783,0.8855913201248505,84.1168015049859,2.0362410972119904,1.6985802418793972
0.434141396306105,2.750277682597143,0.7493465016441043,83.47254657453,1.7229732361024537,1.437260204667182
0.9903770348184575,2.3271580391206594,0.7017836019393182,83.67813081925186,1.45790043054823,1.2161432501030003
0.8380113371540795,1.9691337254097887,0.5938168939486539,83.42572300776203,1.2336080566177332,1.0290442885486926
0.719635548504824,1.6661900753467445,0.502460448725784,84.10903265815244,1.0438222017534664,0.8707297826181245
0.9873929747386758,1.4098531406780144,0.42515884122950953,84.18142854592267,0.8832341707144716,0.7367713545230284
1.4114387299040867,1.1929526574967815,0.3597497887326619,82.05055442954743,0.747351990604553,0.6234219153656394
2.129836525898756,1.0094214794203533,0.30503883563599526,82.28542515377312,0.901624067575732,0.5275108514632333
2.48700320487698,0.8541258672018376,0.2585523374914562,81.95432860481768,0.7629126725640809,0.6865650061444215
3.0453685186744965,0.7227218876323241,0.2189454499366397,81.92472015476052,0.6455414921696069,0.5809396205837413
3.0798349564345773,0.7453083940930353,0.18527357859602364,82.15335853114942,0.5462274164512059,0.49156429434008875
2.8921439491658534,0.6306455642325683,0.1568835902175391,82.46771242746462,0.4621924293048664,0.4159390182877674
3.444504622219156,0.8466283888124475,0.13340794023225355,82.0767555802292,0.3910859017195024,0.35194840008964934
4.494556208577546,0.7163778674566864,0.11419301220504179,82.10189076052076,0.33091883991650206,0.2978024923835495
4.403986992581425,0.6061658878479654,0.2999986513956517,81.89071335600066,0.2800082491601171,0.31096546430602495
4.160659008102478,0.5240097632226052,0.254040920513055,81.86272159198325,0.31584001455981575,0.26312462364355954
3.8237631612942815,1.5201027652605834,0.214957701972585,82.12611361101504,0.2672492430890749,0.22264391231378114
3.7115122598613106,1.979485010418383,0.18188728628449502,82.18887644445076,0.40195182863433526,0.1883910027270456
3.1554956619742325,1.8089957452695298,0.15390462685611114,82.17116561508348,0.6082737796328244,0.15940777153826935
2.8948775285753143,1.5307866339080742,0.5582810696536963,82.19183657168136,0.8326195146528388,0.13488349899392021
2.4495117549483427,1.2952809979222168,0.4727916712935034,82.33543380121364,1.2205722740086078,0.11413219145639401
2.072663792648598,1.0960261736952377,0.40030834305643404,82.58143963955732,1.4013987626149937,0.09657339277079492
1.7537924399334288,0.9275038561196277,0.3388200598991942,82.83580158498152,1.3104712490898434,0.08171594772913417
1.4842130959655435,0.7848527432322472,0.2867357614058689,83.15000342323586,1.3078999382540872,0.17338176120623175
1.2558726196631522,0.664106167350363,0.24262256734342758,83.74532763646388,1.300369154575734,0.14670764409758072
1.5830173493254827,0.5619359877579995,0.34657246747087767,84.36797812884429,1.2464483244341085,0.12413723731333753
1.7156357983461632,0.47548429733369185,0.2932536263215118,85.04033522888817,1.5563024666102727,0.1050392008035933
1.4516918293698304,0.40233286697466236,0.36213658124274856,85.61826266649891,1.4303413579336857,0.32657179344446036
1.228354624851395,0.3405964768987896,0.30690451172094163,85.17878771439928,1.3936374786958412,0.35634024441589257
1.3841180345060504,0.28839005952719476,0.2735462353752605,85.3448623287498,1.1794683884213064,0.4871427973591747
1.51215516781622,0.24407609814968928,0.23153678882078005,83.57313595429646,0.9980533506099369,0.9508850134435486
1.2795159112291092,0.2066439074540167,0.1960376189070386,84.3433251026262,0.9223371209163759,1.3989358846772357
1.6217712162738924,0.1754191418498356,0.23989297863119688,84.72642246639818,0.9751236412072269,1.8815226941321097
1.417539048908254,0.26754121230940475,0.6819267616245864,85.37987507969572,0.8251046194830381,2.296525142892428
1.7110039894965576,0.2269531130309678,0.577587039374583,86.02170921269771,0.6981654472548785,2.7306501653564954
1.448767238946225,0.1924373685123379,0.4891276138800123,86.66606433563427,0.5907553784464357,2.9709290577368583
2.128455602027134,0.16292039774748815,0.4139659899816741,87.20538979139491,0.4998699356085225,2.7049109545213033
1.8016134855021124,0.1380035077935952,0.35042670122252184,87.63545017770095,0.4229668685918267,3.183746854261099
2.0783879675084127,0.1168467220049759,0.29658942413714456,87.89006711340011,0.35789504265462263,2.8027914396325824
2.06596908967906,0.3463259643413064,0.7338671089225788,88.21000223488097,1.676982625035268,2.4626676807784165
2.023219076738759,0.33740653525947967,0.6583356268648085,88.46958432478247,1.907394564614008,2.0837957298894296
1.711955050802206,0.28554768864533797,0.5571028959129929,88.67215749415476,1.6250185285027092,1.7632117714449023
1.4607910569477667,1.0326130753134057,0.8704927245559049,88.82251930458186,1.3750156779638307,1.4919484219918402
1.236053971263495,1.3418096282309495,0.7480763886183956,88.95021961363466,2.0715354917541497,1.262417895531557
1.0582810961015787,1.9839601384180154,0.9433053933581251,88.81323322327357,2.224458388399379,1.143345557011814
1.2994327466578897,1.954124219500187,1.1059541513155704,89.03478402608451,2.2000052834421573,1.1541947253240783
1.205130225414343,2.1838080071570927,0.9358073588054827,89.11729412912565,2.140194389092358,0.9766263060434508
1.019725575350598,2.055060075121289,0.7918369959123315,89.29605915451349,2.2456097507632613,0.8263761051136892
1.0225280537197874,1.9350195769260417,0.8882287818904104,89.43669989656696,2.1539041640733667,0.6992413197115831
0.8652160454552046,2.18215436944227,0.7557262457968554,89.5664290256613,2.076252227631666,0.5916657320636473
0.9838104189340455,2.271173504349566,0.6394606695204161,89.79656442221773,1.7879327816809094,0.5006402348230862
0.8329768783360731,2.3223387170407284,0.5410821049788136,90.00036181827026,1.6398015873830958,0.42361866023491906
0.7048265893612927,1.9650558374960008,0.45783870421284234,90.17743655011692,2.1596655013341968,0.3584465586603161
0.6558311996410342,1.8089949365376778,0.3874019804877897,90.34348421723737,2.5110999111614007,0.3033009342510367
0.6426353411183193,1.530688023224189,0.32780167579736047,86.47711987078583,2.338247350391593,0.2566392520585695
0.5437683655616548,1.310931965032211,0.2773706487516127,87.25106863689116,2.2408669519439277,0.217156290203405
0.46011169393678475,1.2358225259758955,0.23469824125136457,87.69679395729645,2.074185811761353,0.1837476301721119
0.9405461130868012,1.3658255563082493,0.4633085724606425,88.00402683906512,2.922558132267051,0.155478763991787
1.0092621230320464,1.7789373058483855,0.9284715831880621,88.1018887531335,3.0553719787908635,0.13155895414689672
1.2504984931662229,1.5052546434101721,1.35650132829861,87.78925070008266,4.052814222805754,0.11131911504737414
1.0581141096021884,1.2736770059624534,1.2053792282155043,87.81849890058979,4.306626067181661,0.0941930973477781
1.3270076012265826,1.0777266973528452,1.0199362700285035,87.45151200646698,4.3844542575397485,0.07970185160196609
1.122852585653262,0.9119225900677921,0.8630229977164262,87.01881540789596,4.4119610776637215,0.0674400282785867
0.9501060340142986,0.7716268069804394,0.730250228836976,86.69838117896431,3.7331978349462256,0.05706463931265028
0.8039358749351759,0.6529149905219103,0.6179040397851335,86.23684123512948,3.2610318801774123,0.048285464033781
0.710713502555596,0.5524665304416164,0.5228418798181899,86.31637262055004,3.248324419579284,0.040856931105507005
0.6013729637008889,0.4674716796044446,0.4424046675384683,85.4081007159912,2.7503746728931038,0.03457124939696747
0.5088540462084444,0.39555295966529924,0.37434241099408855,85.30465236947265,2.3272401078326266,0.029252595643587856
0.4305688083302222,0.33469865817833017,0.31675127084115184,85.03068548085616,2.4873455933570634,0.1774746561340418
0.3643274532024957,0.2832065569201255,0.2680203060963593,84.9862617934344,2.1046770405329,0.15017086288265077
0.45640667196471374,0.23963631739395233,0.22678641285076556,84.48598062906449,1.7808805727586077,0.1270676532083968
0.38619026089321934,0.4526581460639042,0.1918961954891093,84.96202585390023,1.5199375924398542,0.10751878348402806
0.3267763746019548,0.42640191068664796,0.16237370387540018,84.70325889300068,1.346968549850594,0.09097743217879296
0.27650308620165404,0.6893617040642736,0.13739313404841555,84.96808043090078,1.1397426191043487,0.07698090415128636
0.23396414986293804,0.5833060572851546,0.11625572881019776,85.01245789096276,1.041941401671724,0.06513768812801153
0.19796966526863988,0.49356666385666925,0.24781147843069545,85.22857438852093,1.7242441288628358,0.36679242740301754
0.16751279368884914,0.4443050917524173,0.23150673480251266,85.57996576974732,1.653656405392974,0.4688716145707138
0.14174159465979538,0.37595046225204537,0.19589031406366456,86.06686608440263,2.0092298986654002,0.6556236694767665
0.11993519548136533,0.3782729195777381,0.16575334266925462,83.88362396752972,1.8871556729791161,1.1334296498147867
0.10148362694577066,0.3200770857965476,0.1402528284124462,84.65677851935916,2.049954460083821,1.6734474478429682
0.08587076126180594,0.27083445721246335,0.1186754701951468,85.36911511741344,2.3747396745254923,1.9356611290271533
0.0726598749138358,0.22916761764131519,0.1004177055497396,85.47834091761322,2.7029391229994517,1.6378671091768222
0.06148143261939953,0.47920481354486194,0.2992179116897911,85.1431736677381,3.149973559588917,1.7010259938743042
0.05202275067795344,0.40548099607642163,0.2531843868144386,84.36966408688,2.720446103561405,1.4816007272643315
0.04401925057365292,0.3430993043723568,0.2142329426891404,84.64443104976675,2.3543187207492178,1.3973535116954854
0.17277748285735006,0.5508241528284149,0.18127402842927262,84.95830121260951,2.354125056410129,1.5321963692799347
0.4500517068842634,0.8801429965100647,0.34035336539051547,85.57162315271518,2.105720786890045,1.7910624948530498
0.38081298274822284,0.8462984764644287,0.28799130917659,85.8643113045361,1.8573056502376024,2.1491823693841843
0.322226370017727,0.9227151242781074,0.24368495391865308,85.9298890721103,1.852063292317084,1.8185389279404638
0.8210878575472296,0.7807589513122447,0.20619496100809107,86.03359317606693,1.5671304781144555,1.5387637082573153
1.449320521870104,0.6778943209717495,0.17447265931453856,85.91915070281958,1.3260334814814625,1.3020308300638823
2.135419526139579,0.5736028869760956,0.1476307117276865,86.15344853405557,1.1584525300637716,1.101718394669439
2.253393217139079,0.4853562889797733,0.12491829453881163,86.28832927482401,0.9802290639001143,0.9322232570279869
3.428345031842822,0.41068609067519274,0.10570009537899445,86.47318331286178,0.829424592530866,0.7888042944082966
4.3338927604550435,0.3475036151867016,0.08943854224376455,86.74730665389578,0.7018208090645788,0.6674497875762508
4.783788738779626,0.29404152054259364,0.07567876651395461,86.67538819621541,0.5938483769007975,0.5647652048722124
4.653695156803868,0.24880436353604077,0.0640358793579616,86.34314530934121,0.8921330247488387,0.47787825027648734
5.10159308815976,0.21052676914588064,0.05418420561058289,86.55788856625712,0.7548817901720943,0.40435851946472
4.821686555120112,0.45982952108621683,0.04584817397818552,86.58068327954845,0.6543692393461075,0.34214951647014774
4.591985828296987,0.49384589063548257,0.038794608750772355,87.0131976082009,0.5536970486774756,0.2895111293208942
5.361104181864948,0.41786959976848526,0.03282620740449969,87.30747964660648,0.6356486009839036,0.2449709555792182
5.437839919006213,0.5539260274761653,0.027776021649961277,87.95448239897588,0.6225377741158923,0.20728311625933843
4.672580627745336,0.46870663863367823,0.023502787549967232,86.12616213422231,0.5773387205417945,0.1753934060655941
4.271865100343016,0.3965979249977277,0.019886974080741505,87.10107435201535,0.631897145247935,0.14840980513242574
3.7444116292657386,0.3355920537116502,0.016836681064952994,87.87421377436753,0.5989287584667589,0.12557752741974487
4.162681430611996,0.2839625069867809,0.014246422439575608,88.12922717734753,0.8677003404788363,0.10625790781670719
4.387574748278544,1.2528078127190747,0.2569395526470285,88.28915469614596,1.5005189669776888,0.08991053738336761
4.022946139546098,1.234216118571177,0.6214980712251111,88.6998823128914,1.8890718065441978,0.07607814701669567
3.7265094459383543,1.0443367157140728,0.5751402418818473,88.76357446428315,1.6463960228142462,0.29269837965589773
3.153200300409377,1.755603498385694,0.48680313604812847,89.21354197377822,1.4650234329600231,0.36465116859772717
2.6680925618848574,2.1403510305196596,0.411910345886878,89.40166534514364,1.2563646247973081,0.4900733257506204
2.9396460910595263,1.8111144503529686,0.517932646923637,89.08519417134245,1.0630777594438763,0.7065435410258358
2.7772038633519096,1.5324814579909734,0.5792411107036838,89.09403183307062,1.1900495314930188,0.7454662968325179
2.3499417305285384,1.3574228444602792,0.6545548939377923,88.48026407865497,1.2785936963424605,0.8203481240672303
1.9884122335241479,1.1485885606971593,0.5538541410242858,88.20654526608041,1.081886973828236,0.7028174509794892
2.4182779365498335,1.3225554221810285,0.4686458116359341,88.03602749600194,0.9154428240085073,0.935888218962795
2.046235177080628,1.119085357230101,0.39654645599963656,87.31657164341766,0.7746054664687368,1.2574109440671362
2.1352970911487787,0.9469183791947007,0.45300567086986704,87.44030148010863,0.6554353947043158,1.4203518300556472
1.8067898463566592,0.8012386285493621,0.4807766709194333,87.22324343371936,0.554599180134421,1.742321438180613
1.528822177686404,0.7630899247223747,0.4068110292395205,87.47861117323912,0.46927622934451013,1.4742719861528264
1.2936187657346494,0.9316698437681721,0.344224717048825,86.83959956967188,0.3970798863684316,1.2474609113600836
1.0946004940831648,1.7446490683772438,0.2912670682720827,87.36282204540677,0.4263563658827143,1.0555438480739168
0.9262004180703702,1.476496637107658,0.24645675007637766,87.61667947017922,0.40875763478007643,0.8931524868317757
1.2901501604002827,1.452102134497762,0.42847855756553127,87.89810937277026,0.44307942076393164,0.7557444119345794
1.1806766220910736,1.2576818977494972,0.5952068626835505,87.96018803451275,0.918884929366279,0.6394760408677211
1.1972014689037145,1.6919545887339136,0.6698113219624675,87.42342930845805,1.8195590289612913,0.5410951115034562
1.3483929673415669,1.813945766999173,0.9563320478089922,85.53504590001967,1.7858691411544436,0.45784970973369377
1.4720639255931678,1.865527532828698,1.0410223256255102,85.41192591420065,2.0708646359633667,0.38741129285158704
1.2455925524249882,2.6219751499220063,1.7817807231002722,85.58431016126376,2.8358947835725252,0.3278095554898044
1.0539629289749899,2.610587546179408,2.0061299478320413,85.81848954729577,3.0388401146938047,0.27737731618368067
0.9078287339221909,2.993769665209325,2.19067611336584,86.03748218370444,3.471153559977876,0.23470388292465286
1.0225584602748716,3.1315481002223478,2.76489645349667,86.61189120471239,3.559723178738175,0.23259557338262565
1.1187343756947015,3.5547969209186,2.654666594995012,86.70705759457611,3.6024966523623387,0.49034794339015875
0.9466213948185935,3.3157656948011804,2.7261954397711263,87.00535821994194,3.6027396608144113,0.4149097982532112
1.0692729548793118,3.1994437915328406,3.520014260087255,87.32726976359922,4.631829377890417,0.35107752159887107
0.9047694233594176,3.446999534293838,3.4144104886493762,87.64196685140772,5.136643280287725,0.29706559519904474
0.7655741274579687,3.0546056017959984,2.939617502153824,87.91997007678438,5.462068806045452,0.2513631959376532
1.3263580957764607,2.584666278442768,2.7014145676404517,88.4488849951434,5.437890138041046,0.2126919350241681
1.1223030041185438,2.615626956898851,2.2858123264649977,88.38340569678954,4.971999535395942,0.17997009886660378
0.9496410034849216,2.5850456087845655,1.9341488916242286,88.08139979885982,4.969134140897933,0.15228239134866473
0.8035423875641644,2.1873462843561704,1.6740567448863595,88.07486851952105,4.697461701629637,0.12885433114117786
0.6799204817850623,1.8508314713782983,1.416509553365381,87.76410589828384,4.257218538175998,0.10903058788868895
0.5753173307412065,1.8372518137333747,1.198585006693784,87.49437320938281,3.956073759521144,0.0922566512904291
0.4868069721656363,1.5546503998663426,1.0141873133562787,86.83036763517457,3.5947283772773604,0.07806332032267078
0.4119135918324615,1.3154734152715206,0.8581584959168511,86.56760228909293,3.0702189074662067,0.06605357873456759
0.53411501320083,1.4819663018146394,0.7261341119296433,86.10532526133707,2.9363143186979617,0.05589148969848026
1.1065917777087362,1.2539714861508486,0.6355275421620968,86.12270225758712,2.6730431612947227,0.07739010952823051
1.7048149167589344,1.0610527959737952,0.5377540741371589,85.62547279546658,2.4702403852560577,0.06548393883157966
2.1381838305097123,0.8978139042855189,0.45502267811605746,85.14485848171033,3.0510407631348713,0.055409486703644324
2.8434913234869583,1.1659581688482856,0.38501918917512556,84.68744723628127,2.5816498764987372,0.04688495028769905
3.0578076420337745,0.9865799890254723,0.37903551280782055,80.82925258798761,2.355700911130869,0.03967188101266842
3.5697656932505533,1.2352521564339636,0.32072235699123275,81.67624149211254,1.9932853863415045,0.03356851470302712
4.646130272193781,1.3118343708384108,0.2713804559156585,82.96648564191969,1.6866260961351192,0.028404127825638337
5.231868717437032,1.4567983301736536,0.22962961654401876,84.27643760411424,1.4271451582681776,0.02403426200630936
6.00047356096845,1.2326755101469373,0.32537901423758786,85.27376837742868,1.2075843646884579,0.3419643925418855
5.979538462147484,1.0430331239704855,0.27532070435488204,86.24984366652563,1.0468539479060253,0.28935448599698005
5.5040717154546,0.9543669065343527,0.3473914729829876,87.40934622791809,0.9396331877803116,0.8577044331888043
5.39592269191951,1.0567525173751977,0.3502368353514145,88.1989724318859,0.7950742358141099,0.8554409719503525
4.6354303428127315,1.1238018085299135,0.2963542452973507,88.343664873686,0.672755122611939,0.8397905927501833
3.9611960987294803,1.1530187976301491,0.35757342190628694,88.37218900696381,0.5692543345177946,0.7105920400193858
3.658991735222258,1.244567791143846,1.5238630333832386,88.36737660162426,0.48167674459198,1.181774777824865
3.5336181011581416,1.119311777371709,1.9175863607841113,87.88825472412836,0.40757374041080485,1.0154739531407817
3.3094980797787894,1.480169140652186,2.2599252600586053,87.56293691828301,0.34488221258184826,1.0246717902337392
2.800344529043591,1.3775982384110055,2.437782693240516,86.84866531215437,0.29183050144169304,1.1041737912793146
2.9433393517226674,1.4358715495709709,3.1761622279714246,86.49798574988664,0.2469512204006946,1.0962067506726436
2.6892970563181673,1.21496823425236,3.325613401856557,86.57104024068627,0.20895972701636525,1.169036367046812
2.740105873348924,1.7570166886421497,3.725450451226881,86.90183046711626,0.2890775590150548,0.9892162624809321
2.6720209075020667,1.5718434611530774,3.490627141999913,86.58660418446946,0.24460408839735404,0.837202756720552
2.264742890604096,1.33002139020645,3.53102980919417,86.54302878693228,0.2069726901823765,0.7886760864544035
2.002632033035557,1.125402714790073,3.577431195075514,86.62440144735963,0.17515786466017752,0.6675840840337667
1.694746086614068,0.9522638355916002,3.133663355571288,87.03999566550175,0.14821050086630405,0.56490622396151
1.9934077242532955,0.8057617070390463,2.651608210109149,87.30092732891345,0.12540888534841113,0.4779975741212777
1.6867656492384884,0.6817983674945777,2.2437045218857494,87.25346810861637,0.10611521067942481,0.40445948579492735
1.4273323134967444,0.5769063109569503,2.123714691517562,87.33111448908048,0.08978979365182099,0.34223494951878464
1.2077595986928915,0.48815149388665025,1.7970698601463544,85.62535685305467,0.21272482028071651,0.28958341882358696
1.021950429663216,0.4130512640579348,1.5712098628883333,85.49289127086973,0.4491031184538838,0.24503212361995821
0.8647272866381058,0.3495049157413294,1.4671278804175736,85.40341204763487,0.7656902107935385,0.20733487383227234
0.7316923194630127,0.2957349287042018,1.2418026849225847,85.54412966373474,0.8565810869953965,0.17543720093499968
0.6191242703148568,0.5142312755318018,1.0507695833898876,85.48264950591265,0.8464318172045928,0.1484468623296151
0.5238743825741097,0.6464682380752612,0.8891358325503682,85.19700244130487,0.7916447648509719,0.12560888350967434
0.9379131704015629,0.7389156311605191,0.7523767054330478,85.35212459991791,0.9283379410365283,0.10628443989280136
1.042860953355172,0.6489526944385211,0.6366432814109323,85.71006718052335,0.9663161649889949,0.08993298760160114
1.2569368103934915,0.5491138183710562,0.538721095048093,86.26690248902341,1.0119801093855696,0.07609714335520096
1.3017456050444893,0.46463476939089376,0.4558409265791556,86.34957344668037,1.078687770979256,0.06438989053132388
1.1456569889623245,0.3931524971769101,0.3857197505141833,86.26064487634018,0.9127522007230121,0.05448375352650482
0.99605269069442,0.33266749761123166,0.3263782504350782,86.59025951320652,0.7837943349173818,0.04610163759935023
2.3952027458562424,0.2814878825941191,0.2761662119066046,86.54266853459431,0.6632105910839383,0.039009077968680965
2.8058039912855555,0.23818205450271615,0.23367924215629632,86.71493198884956,0.6715788095086267,0.03300768135811467
3.1592913735881423,0.20153866150229827,0.1977438961517543,87.34257153095052,0.7146017503611515,0.02792957653378933
3.7617517267561054,0.17053271357886773,1.0194474260169444,86.82510767432831,0.9310365852730942,0.02363271860551405
4.647562807848809,0.2703793945994131,1.049181817765498,87.03962889873455,0.8423184534896746,0.019996915743127272
4.918172054978326,0.2287825646610419,1.673323355595312,86.54760590142624,1.0127172546488905,0.016920467167261536
5.349781456910965,0.19358524702088162,1.6249530565416666,86.50207569782148,1.0105453578024708,0.014317318372298223
5.747784413381837,0.16380290132536132,1.627490416247068,86.20769115632169,0.9936937138529462,0.012114654007329265
5.413284568859833,0.13860245496761345,1.7906777683935018,86.11372126044759,0.9536993061993021,0.010250861083124762
5.39279970923295,0.11727900035721135,2.2523248671962492,85.79166999430444,1.0334089334252048,0.008673805531874799
6.01416209106388,0.09923607722533269,2.1279565318400784,86.03030913232313,1.0686668633339262,0.007339373911586367
6.3069339738331545,0.08396898842143535,2.1233719607637607,85.88666008637625,0.9042565766671684,0.006210239463650003
6.99224630864789,0.0710506825104453,1.9566378426082238,83.90054918134902,0.7651401802568347,0.005254818007703849
7.584582821919395,0.0601198082780691,2.0639419066901135,84.15953004196317,0.6474263063711678,0.004446384468057103
7.517910020468512,0.05087060700452001,2.0679814569370847,84.21035000243141,0.5478222592371421,0.0037623253191252414
7.958511628185747,0.04304435977305539,1.7498304635621484,84.08439091250335,0.4635419116621971,0.0031835060392598194
8.18144112365773,0.03642215057720072,1.4806257768602795,84.21351879155002,0.3922277714064745,0.0026937358793736937
8.11131735163192,0.030818742796092913,1.2528371958048516,84.09949758307197,0.33188503734394,0.2098876926304224
7.740069138505129,0.026077397750540156,1.0600930118348746,84.3932333804785,0.28082580082948766,0.1775972783795882
7.458161323911867,0.02206549040430321,0.8970017792448939,84.42659070882816,0.23762183147110494,0.15027462016734383
6.457139191468069,0.018670799572871946,0.7590015055149102,85.13608756403852,0.6200146656839493,0.12715544783390634
5.585581792057257,0.015798368869353183,0.6422320431280009,84.73894949637229,0.5246277940402647,0.10759307124407458
4.72771185855926,0.013367850581760387,0.5434271134160008,85.21727178251462,0.4439158257263779,0.09104029105267848
4.000371572627066,0.01131125818456648,0.7335206131525467,85.54764891532753,0.37562108330693506,0.0770340924291895
3.4419079622275905,0.009571064617710097,0.6206712880521549,85.78810180470592,0.3178332243366374,0.06518269359392956
2.9124898338285945,0.008098593138062393,0.5251833975825926,85.84715577493257,0.26893580520792393,0.05515458688717117
2.465189460309863,0.5811859960407112,0.44438595180065527,85.83996199254715,0.2275610659451664,0.046669265827606374
2.08697117392019,0.4917727658806018,0.37601888229286207,86.27440739138162,0.19255167118437158,0.03948937877720539
2.0749728933747322,0.5008334492357461,0.31816982347857564,86.64748352007646,0.16292833715600671,0.0934128523553426
1.7557462943940039,0.42378214935332364,0.5443682553603707,86.57922119709004,0.1378624391320057,0.0790416443006745
1.4856314798718495,0.35858489560665846,0.4606192929972367,86.93988706939382,0.11665283311169712,0.06688139133133997
1.2570727906607955,0.3034179885902495,0.38975478638227723,86.77286606008805,0.09870624340220527,0.05659194651113382
1.0637632558140317,0.4971477012826288,0.5191146472607221,86.76311641389007,0.08352066749417368,0.04788549320172862
0.9015982133437866,0.5446476232719794,1.0294704656993403,86.63026628986157,0.09478462000859414,0.04051849424761652
1.0761661332757724,0.46085568123013626,1.7737841739769198,86.38989268793905,0.08020237077650272,0.03428487974798321
0.9107347961494614,0.38995480719473063,1.7616149987564313,86.15778089347671,0.0678635445031946,0.3742027478300441
0.7706217505880059,0.33634859049247606,1.878194916665982,84.29541408055252,0.09035475773785673,0.3166330943177296
0.6826087982768503,0.28460265349363356,2.4299937889907537,84.65755237332247,0.07645402577818645,0.5939082282214314
0.5775920600804118,0.2408176298792284,2.782140303673057,84.58972157924254,0.06469186796615778,0.7235431823013087
0.8197914424605173,0.2037687637439625,3.0180009785486406,84.40483238609215,0.05473927289444119,0.6122288465626459
0.6936696820819761,0.6170637971085151,3.252195293009626,83.84888101870338,0.04631784629529639,0.5180397932453157
0.5869512694539799,1.3955168658362394,3.316377020210337,84.28034283777717,0.039192023788327715,0.7861119714887641
0.7742346082694866,1.1808219633998946,3.206902158784545,84.42280908110301,0.03316248166704652,1.319544525191537
0.9561053692517832,1.5724275340923959,4.752742252786053,84.43749517839444,0.028060561410577826,2.0291564742010335
1.2403816277750856,1.3305156057704888,4.969098602055474,84.20292687305499,0.023743551962796622,2.8487511227754907
1.384530129096317,1.3841640421471593,5.390838370960881,83.61653228092106,0.37893046517538426,3.500699807391408
1.3043942141837288,1.3783621519604563,5.777356999286873,83.60423389792479,0.32063347053301744,4.090310576947072
1.103718181232386,1.1663064362742321,5.777768276407306,83.88398660866989,0.27130524429716857,4.171364594612806
0.9339153841197112,1.0186022641511934,5.906614736157314,83.81190908266787,0.22956597594375802,4.1577437846223395
0.7925083549810717,1.3441715237557321,6.2472225172599005,84.14793055268399,0.19424813349087217,4.247962224813068
0.6705839926762915,1.137375904716389,6.716649382059893,84.35652624571986,0.4749908146616671,4.7347661988046905
0.5674172245722466,0.9623949962984829,6.822161285512293,84.00969033358557,0.47339209213824146,4.8494128611421505
0.6973207039863377,0.8143342276371778,6.32027312584624,84.2177605206096,0.4005625395015888,4.5275679350304125
0.5900405956807473,0.6890520387699196,6.293356310365193,84.39859974402903,0.33893753342442134,4.541718853368011
0.8503033926854209,0.5830440328053166,5.485619040882608,84.44018579954047,0.2867932975129719,4.324644274056303
0.7800445483975903,0.4933449508352679,5.134105766756968,84.56164524605153,0.41323837679132797,4.160785372566318
0.6600376947979609,0.41744572762984206,4.688308267621264,84.63574409570506,0.3496632419003544,3.5206645460176538
0.5584934340598131,0.35322330799448176,4.358017691419428,84.99202087020532,0.6153586863090881,3.33942578378401
0.9514069909532791,0.29888126061071535,3.770182622311819,84.77426986684726,0.9800243102430746,3.198361244029847
0.8212705271520075,0.2528995282090668,3.1901545265715394,85.31606900339418,1.92002400458049,2.7063056680252546
0.6949246423704201,0.21399190848459498,2.6993615224836103,81.33276449502286,1.8391926270901813,2.289950949867523
0.5880494395233941,0.1810700764100419,2.2840751344092087,81.55699675055504,1.6678819272714858,1.9376508037340578
0.49772997808369857,0.15321314157772775,1.932678959884715,82.31900733192116,1.411284707691257,2.346610086601397
0.5720115508091255,0.1296418890273081,1.635454679008883,82.81553016172803,1.1976297453113653,2.1044230694833144
0.6449784623721172,0.10969698302310683,1.3838462668536702,83.85901752495039,1.0409809915963255,1.7991796816591779
1.3293363542205634,0.09282052409647501,1.1792425488050489,84.142971718752,0.9431573276208987,1.912835721742299
1.1263255362182971,0.07854044346624808,0.9978206182196567,84.65115897420432,1.2360657995823754,1.6185533030127146
1.5308788941728846,0.06645729831759453,0.844309753878171,84.66007627714357,1.0956832867335617,1.36954510254922
1.4652840566368783,0.21541240025395114,0.7144159455892216,84.12169781147482,0.9271166272360907,1.158845856003186
1.761805064733532,0.18227203098411252,1.0155968913526847,83.65141085283244,0.7844832999689998,1.285184628405164
1.491342552370384,0.1542301800634798,0.859351215759964,83.08349468284118,0.6637935615122306,1.087463916342831
1.5774017915826142,0.1305024600537137,0.7271433364122772,83.15926094508723,0.5616714751257336,0.920161775367011
1.3350582697642959,0.6370515240755542,0.6152751308103883,83.22748487026817,0.4752604789525438,1.4775455092829102
1.130867681459786,0.5390435972946996,0.5206174183780209,83.30566875724969,0.402143482190614,1.8097961442464952
0.9573161630201162,0.4561138130955152,0.44052243093524845,83.39896902062905,0.3402752541612888,1.8294777829208682
1.669363444748782,0.3859424572346667,0.5103676005628885,83.99704038620543,0.28792521505955204,1.7597424320344273
1.413225868263992,0.32656669458317944,0.43184950816859796,84.20313262346207,0.24362902812731324,1.503059125974861
1.582614051741135,0.2763256646473057,0.36541112229650596,84.49779723694763,0.20614763918464965,1.42970505204042
1.3397116536722045,0.23381402393233558,0.30919402655858197,84.43296042459849,0.17443261777162664,1.209750428649586
1.1345860513138064,0.1978426356350532,0.26162571478033864,84.58493773976518,0.1475968304221456,1.0236349780881113
1.5180753036025494,0.16740530707581422,0.22137560481413268,84.87009326339472,0.12488962574181553,0.8661526737668633
1.2853342926954103,0.14165064444876588,0.18731781945811227,85.59804970963064,0.1056758371661516,0.7328984162642689
1.088524338664074,0.11985823761049422,0.15849969338763345,85.55736105925024,0.08941801606366674,0.6201448137620736
1.4351613548515558,0.10141850874734126,0.13411512517415136,86.05663021300164,0.21346890705994476,0.5247379193371393
1.2154179495394666,0.08581566124775031,0.24704176058779292,84.42614929704024,0.20400394240976463,0.444009008669887
1.4915645162833053,0.07261325182501947,0.20903533588197865,85.0021403565928,0.466456116059841,0.37569993041298133
1.662705553321717,0.06144198231347803,0.1768760534385973,85.34938960539452,0.6475693507098302,0.3178999411186766
1.6159066802917197,0.051989369649866016,0.14966435290958233,85.55958838646055,0.9010963917899645,0.2689922578696494
1.367305652554532,0.04399100508834817,0.12663906784656967,85.60353826457589,1.0811768519067761,0.227608833582011
1.1569509367769115,0.037223158151679224,0.1071561343317128,86.25881423735137,1.2970624464524754,0.19259208995400934
0.978958484965079,0.031496518436036264,0.4123760893707862,87.09007601638038,1.555284931235034,0.1629625376533925
0.8310291084218452,0.026650900215107607,0.35551836943668075,86.87440641448507,1.3208106546013034,0.2523832896089373
0.703178476356946,0.022550761720475668,0.3008232356771914,86.43701707002921,1.3609093161688415,0.21355509120756236
0.5949971723020312,0.01908141376347941,0.2545427378807004,86.149954538569,1.1846075289722087,0.1807004617910143
0.5034591457940263,0.016145811646021038,0.24405694248144683,85.75523314362694,1.385495051867847,0.3030335594207199
0.42600389259494537,0.013661840623556265,0.2065097205612242,85.65996087330609,1.1723419669651014,0.25641301181753223
0.36053894223722494,0.011560018989162993,0.17473899432103587,85.57158428939036,0.9919816643550858,0.2169648561532965
0.30507748667071005,0.009781554529291763,0.14785607211779958,85.77005661453347,0.8393691006081495,0.1835856475143278
0.2581424887213701,0.008276699986323799,0.29044734723051413,85.54967186478547,0.7102353928222804,0.5014008046383396
0.21842825968731314,0.007003361526889369,0.24576313996428115,86.35303075444025,0.6009684093111604,0.42426221930936425
0.1848239120431111,0.7118386810771772,0.7652133363190792,86.16159719022048,0.9032475528821557,0.3589911086463851
0.3744948053059042,0.6066803197558364,0.6475594817963118,86.77436617747554,0.8567766266780522,0.303761707316172
0.3168802198742266,0.5133493998646966,0.908616968180588,86.38525238148019,0.8574189013236422,0.5728762503927144
0.2681294168166533,0.4343725691162818,0.8726717571279419,86.74868684131927,0.9011818043070394,0.484741442639989
0.2268787373063989,0.37931282853966275,0.9324588373108877,86.18368548009583,0.9792866729094218,0.41016583607999074
0.19199339596928766,0.32095700876433003,0.7891830089817715,86.56965234955231,1.1791478026177777,0.3470633997599922
0.16245595043555114,0.27157900741597163,0.791454531476928,86.87520938906839,1.4002404195934541,0.29366903056614724
0.13746272729162018,0.22979762165966824,0.6699501140246372,87.06765727973594,1.7223135886155712,0.24848917970981688
0.11631461540060169,0.19444414140433466,0.5670369727267682,85.05834149047723,1.791124601194361,0.21026007513907582
0.0984200591851245,0.1645296581113601,0.4799015727407381,85.48021377152993,1.8875391085873434,0.1779123712715257
0.08327851161818228,0.13921740301730468,0.4062987614886318,86.00021652828454,2.0933686482718703,0.15054123722975252
0.0704664329076927,0.11779934101464241,0.34379125972114993,86.09483908239486,2.131692586274863,0.12738104688671367
0.05982677563140119,0.0996763654739282,0.2911909606161748,86.39384756815919,2.231017845485056,0.24765003218826814
0.0506226563034933,0.08434154001640078,0.24681653369864262,86.4606048053321,2.406780477596981,0.20955002723622687
0.042834555333725106,0.07136591847541604,0.209335644153322,86.1433600738648,2.8880539371200027,0.17731156150757657
0.03624462374392125,0.06038654640227511,0.7310417279412796,86.10510051318778,3.498529596276594,0.1500328597371802
0.030668527783317974,0.05109630849423279,0.618927692637264,86.24346257685056,3.7203193414249602,0.12695088131607554
0.025950292739730593,0.6163942054269963,0.5239302756935662,86.26781295858298,3.561948937484089,0.10741997649821776
0.021984889317300083,0.561909279177953,0.44342517017391664,86.44429253003247,3.712467114375208,0.09089382626772273
0.019017312327611707,0.47546169776596015,0.37520591322408325,86.73757570476124,3.8575229853037154,0.07691016068807308
0.016726048102894235,0.5195236046641144,0.31748192657422436,86.74433602843156,3.871362653887274,0.06507782827452338
0.014287773397614473,0.755769994410992,0.29095994619379995,86.82885029671858,3.275768399443078,0.05506585469382747
0.11648554979118883,0.7546914419259764,0.9733569963467524,86.9970975834197,2.771804030297989,0.04659418474093094
0.16146125129118222,1.1890673853140685,0.8236097661395596,87.03817035833687,2.345372641021375,0.03942584862694157
0.13723874779405698,2.1404565536032782,0.8745635154381608,86.8748546223865,1.9845460808642406,0.033360333453565934
0.11626819262785808,2.10502260687861,0.7401031126816626,86.78478557877892,1.6792312991928189,0.028227974460709633
0.09882891977784447,1.7815205847678737,0.6265887050627648,86.88672194225634,1.4208880223939238,0.023885209159061997
0.08365035331541965,2.224968033735842,0.5307784258012875,86.4160587832346,1.2022898651025509,0.02021056159612938
0.07089277351980572,2.0720174757003913,0.4507350278113205,86.26888582652042,1.0173221935483125,0.017101244427494094
0.05998619297829714,1.755335992848446,0.3834816138653861,86.24326072120313,0.860811086848572,0.014470283746341153
0.05093865071874794,2.3982165547317518,0.3254349414988813,86.46016840044652,0.7283786119487918,0.012244086246904052
0.04331565450885102,2.029930240295725,0.27622883253159564,86.33458934531816,0.6163203639566699,0.010360380670457277
0.0366903575099891,1.7176332802502288,0.23377063062037295,84.34418550200192,0.5215018464248745,0.008766475951925387
0.031279855059241815,1.4534490154191946,0.19805846570967903,84.65958388871515,0.44127079312874,0.0074177873439368654
0.026624181414097867,1.2298414745854722,0.16774454427216012,85.08544150917245,0.3733829788012415,0.006276589291023502
0.02272234486913417,1.040635093880015,0.1421318826721099,85.84275549473398,0.31593944360105053,0.005310960169327578
0.020284515385378857,0.8848085563964109,0.7913334764141617,85.98854587481796,0.26733337535473506,0.004493889374046412
0.017835231454621753,0.748819697845003,0.8270635319891594,85.93851219219599,0.2262051637616989,0.003802521778039272
0.01524712693710043,0.6336339207716908,0.6998876855397151,86.85333669538365,0.19140436933682212,0.0032175184275716915
0.013179021542265669,0.5361711158422683,0.5922319937229044,87.55777619297228,0.16195754328500336,0.0027225155925606624
0.011399956272546164,0.45368325186653474,0.501119379303996,87.9640787008976,0.1370409981642336,0.0023036670398590216
0.009787452815292454,0.3838858285024525,0.42402409018030424,88.04318541355613,0.2190491008561173,0.0019492567260345568
0.008511640765145542,0.3248264702713059,0.3587896147679498,88.47085354345492,0.1853492391859454,0.0016493710758753942
0.007233517026164827,0.28053530737659876,0.3035912124959575,87.88568652131522,0.1568339716188769,0.001395621679586872
0.006159618329643141,0.23737602931866048,0.2568848721119641,88.50929083281281,0.13270566829289582,0.0011809106519581225
0.005211984740467273,0.20420072307080045,0.21736412255627727,89.0797927779316,0.1840195294965618,0.0009992320901184113
0.004424738532075937,0.17278522721375425,0.18392348831685001,89.11802027316324,0.5468378192988094,0.0008455040762540403
0.0037440095271411775,0.14620288456548433,0.1556275670373346,89.06061324630627,0.9916434377907672,0.0007154265260611109
0.6851091856670896,0.12371013309387136,0.14155412338376205,89.00208221243585,1.0446030004524278,0.0006053609066670938
0.5797077724875374,0.10467780492558344,0.11977656594010636,89.82818188460655,1.2549355061814338,0.0005122284594875409
0.49052196133560855,0.08857352724472446,0.10134940194932077,89.2242564427048,1.348249355088261,0.00043342408110484226
0.4150570442070533,0.07494683074553607,0.08575718626480987,89.64003127115811,1.318328410744447,0.0003667434532425588
0.35120211432904513,0.06341654909237668,0.07256377299330066,89.93452005403202,1.2994224864378379,0.0003103213835129344
0.2971710198168844,0.053660156924318726,0.06140011560971595,90.41012095386579,1.3732623365917151,0.0002625796322032522
0.2514524013835175,0.04540474816673123,0.7881620598839082,90.45645904158565,1.5463544059818704,0.00022218276571044416
0.21276741655528406,0.03841940229492642,0.6669063583633069,90.83967820781952,1.4527986384626377,0.0001880008017549912
0.1800339678544711,0.03250872501878389,0.5643053801535675,86.78355390822827,1.320215200802081,0.00015907760148499255
0.15233643433839864,0.027507382708201758,0.47748916782224937,87.16896410508815,1.4481073626249648,0.00013460412433345523
0.8050676335834207,0.023282013473621667,0.4388213946292235,88.00268704503533,1.5112683156741515,0.00011389579751292365
0.6812110745705867,0.01970016524691064,0.3713104108401122,88.0768902351947,1.3063798395484636,9.637336712632002e-05
1.0379907287673438,0.016669370593539776,1.3626555360447097,88.42344682787494,1.105398325771777,0.14434934317722362
1.7644957575361953,0.014104852040687501,1.1530162228070622,88.85643884880112,0.9353370448838113,0.12214175191918922
1.7561022661073165,0.011934874803658652,0.9756291116059757,89.18728420768966,0.7914390379786096,0.10335071316239089
2.1288851618383253,0.010098740218480399,0.8255323252050564,89.12976555496647,0.6696791859819003,0.08745060344509997
2.139454593634542,0.00854508787717572,0.6985273520965862,89.06878422243314,0.5666516189077618,0.07399666445354613
1.810307733075382,0.0072304589729948405,0.5910616056201883,89.24429265971551,0.4811250435370439,0.06261256222992363
1.5317988510637848,0.0061180806694571726,1.3967614148199485,88.89518646675727,0.40710580606980634,0.37687681222280556
1.3103645989318167,0.005176837489540684,1.181875043309187,88.82288267217582,0.3444741435975284,0.3188957641885278
1.1087700452499987,0.004380400952688271,1.000048113569312,88.56231194293787,0.291478121505601,0.47284625969588856
0.9381900382884604,0.003706493113813153,0.8461945576355717,88.43951583117284,0.4298448032056501,0.6542270004842466
0.7938531093210048,0.14278513151625752,0.7571990084096089,88.15338890042878,0.9027115748747708,0.7065953897207472
0.671721861733158,0.12081818820606406,0.8482513515756165,87.99173106749699,1.6026104059485502,0.675153912705874
0.5683800368511336,0.10223077463590036,0.7177511436409062,87.75521218169771,1.8035008891370956,0.5712840799818935
0.48093695425865146,0.08650296315345414,0.6073278907730746,87.60062326261628,1.98706690311801,0.48339422152314054
0.46293148111415416,0.07319481497599967,0.7630959259048398,87.52595644591912,2.1769062002956194,0.40902587975034965
0.39171125325043815,0.06193407421046125,0.6456965526887106,87.63185872909483,2.322363248118846,0.346098821327219
0.33144798351960153,0.05240575510115952,0.6158642743900586,87.18111346008945,2.3582239952309685,0.29285284881533913
0.45121426797037917,0.08330851483618631,1.0102726700334808,86.75364166906542,2.5030372129928606,0.24779856438221004
0.41999366909460173,0.0704918202460038,0.8548461054129453,86.61549805314456,2.70007864178888,0.20967570832340848
0.355379258464663,0.43840147775617255,0.7233313199647998,86.3955779163162,2.704027291843307,0.1774179070428841
0.3007055263931764,0.8794737436825817,0.6120495784317537,84.38529252896222,2.3522167335162623,0.15012284442090193
0.2544431377173031,0.7763440647259354,0.5178881048268684,84.67846386756791,2.075588101907362,0.12702702220230164
0.2152980396069488,0.9801938210930673,0.43821301177658106,85.38173908879412,1.756266855460075,0.10748440340194754
0.1821752642828028,0.9894531913761989,0.37079562534941474,85.87783258561468,1.4860719546200636,0.09094834134010946
0.15424736069185505,0.8372296234721683,0.3137501445264278,86.5072347308244,1.2574455000631306,0.07695628882624647
0.13058090125686006,1.2959513787400057,0.265480891522362,87.28337045000248,1.2773958889159933,0.0651168597760547
0.11056093110695654,1.1866915963512936,0.22463767744199864,87.59355009965162,1.0808734444673789,0.055098881348969356
0.0935515570905017,1.1540115310875583,0.19007803475861423,87.65460732978042,0.9145852222416282,0.4286584833683469
0.079301337695382,1.3594671143304085,0.16083526018036587,87.95796290197241,0.8491702467513131,0.3627110243886012
0.06763076572996354,1.8171853296533698,0.13609137399877114,88.16089792166096,0.7185286703280342,0.36987460380859927
0.16346834341118197,1.8845341296604319,0.11515695406013891,88.17033086088885,0.607985797969875,0.3129708186072763
0.29249620231691176,1.594610208343863,0.508545119263641,88.45359049910687,0.514449521359125,0.2648214618984645
0.4677013317473338,1.3492855609063454,0.4303074086076962,88.89729658984804,0.4353034411500289,0.22407969852946996
0.5047685637533806,1.1417031669207536,0.36410626882189673,89.60621802354851,0.3683336809731014,0.18960589875570535
0.427111861637476,0.9661225249153298,0.3080899197723742,90.04404687264166,0.31166696082339346,0.16043576048559685
0.3614199180581541,0.8176417902161192,0.26069147057662434,90.48894594509858,0.2637181976197944,0.135753335795505
0.3062380281918009,0.6918507455674855,0.34073943629322123,91.05925558520332,2.0102084895649375,0.11486820721158114
0.3712516044414386,0.5854121693263338,1.1112078830399008,91.40033162406226,3.0694972926284207,0.2025325313453131
0.5603728344870662,0.49534875866074396,1.1361695121419348,91.57992571806217,3.786345559442283,0.21092485420004647
0.47420625092860036,0.4191412573283218,0.9613742025816371,91.96687082784399,4.487737470611895,0.17847487663080855
0.401251443093431,0.35465798697011847,1.0456437400728555,91.89680937188542,5.088544352479659,0.15101720330299181
0.3395210100163803,0.30009521974394643,0.8978275687318183,92.23994582019768,5.5661316692994465,0.12778378741022386
0.2872870084753987,0.25392672439872394,0.7597002504653847,92.5250607993858,6.103803667006804,0.1151531848844335
0.2430890071714912,0.2977432237014252,0.7232460176736554,92.76339609869892,6.348020688065739,0.45837691357454907
0.2056906983758772,0.252103856514417,0.812424231209258,90.90734759909698,6.5030704784304225,1.2431974273840785
0.17404597554881915,0.2997894589476224,0.8566239002847149,90.97047106832439,6.643929348379676,1.556408599367709
0.14733343948554428,0.2537893123024108,1.1477694444300128,91.48418377388428,6.874234218318068,1.9142972468396318
0.5054912170150361,0.21496614319542673,1.2887174871358504,91.92640791357337,7.081008508877663,2.0300696737322697
0.5689964204890682,0.18189899440748855,1.4843731495428554,91.94729183780188,7.010190209230552,2.273619471240885
0.8984813324136443,0.15391453372941344,2.215041001502542,91.92811405812773,7.210442558382726,2.5687537265367575
0.8819378687807773,0.13023537469411905,2.488064920124985,91.87392199112121,7.582310545192672,3.0322149857849046
0.88544653085563,0.11019916320271612,2.876204483642947,91.5109221405806,7.778886626189393,3.236664606406847
1.2497666746294378,0.09324544578691363,2.8916767357403867,91.41020074952064,7.7061301213190925,3.5474114915953416
1.0584481645075543,0.07889999258892692,3.0246822766045147,91.45964398900323,6.963946929759637,3.438489996726315
0.8967879337104161,0.09103828443344143,2.9445159973266315,91.36948842161931,6.597853471379055,3.10304189259631
0.759461186852795,0.07703239452060429,2.7687133474018455,90.80876121585486,6.031470379056498,3.070171490193923
0.6426756620268774,0.06518125690204979,2.6704408419045227,90.38189691264066,5.334867061720851,3.1430607261269667
0.9712787719626796,0.05515337122481135,2.365952897808824,90.4894929054819,4.979242491465484,2.6595129221074334
1.0375222205019,0.04666823719022498,2.2564784210469324,90.84115836761214,4.574742000122528,2.348458621075786
1.099868429624875,0.039488508391728835,1.9093278947320198,91.13228111789569,4.076823036568419,2.339012074888207
0.9306783987414,0.033413353254539785,1.6155851416963245,91.38706768545936,3.725784502792952,1.9791640633669447
0.7875154344402843,0.02827283736922597,1.5468138120233792,91.32598351057436,3.66004761765118,1.8985855384965309
0.6663592137571636,0.44320550183391105,1.436283354102118,91.28756118169794,3.580057640829183,1.8676226516240764
0.5638424116406769,0.8928953517537334,1.5104771945154214,91.56956828789262,3.3535482388082354,1.7417013090142934
0.6468853290512633,0.755528775838564,1.3625864182610279,91.71420055512681,3.224805385785848,1.4737472614736329
0.7348407005040591,0.639293579555708,1.152957738528562,91.6133739473418,3.0924204209826835,1.2470169135546123
0.6217882850418961,1.3305155977354979,1.217737672791454,92.25740054243111,3.0028750374988187,1.4409522966781887
0.5261285488816044,1.1258208903915752,1.1865875939312882,92.33377514020184,2.8861313470375025,1.2192673279584674
0.4451856952075114,1.2120397868515167,1.261738705077691,90.15621722306658,2.6785732638453794,1.03168773904178
0.37669558825250965,1.3531702669725794,1.0676250581426616,90.01832912793523,2.3159960565761724,0.8729665484199676
1.2002154424987022,1.7747133395458865,1.6677865875530018,90.43340404965095,2.373918851167086,0.7386640025092034
1.0155753244519325,1.517284000136978,2.0421880720974976,90.19052881808584,2.0087005663721498,0.6250233867385566
0.9700004752571897,1.2838556924235969,1.7280052917748059,90.66898582232571,1.6996697100072033,0.5288659426249326
1.1363094246764829,1.683985590699764,1.748340955525656,90.83615209555055,1.4850275120842615,0.44750195145186605
0.9614925901108702,1.4294897242336966,1.9052560245742884,91.04233878687712,1.2994954797684048,0.4125787876959764
0.8671067361404218,1.2630911311486808,2.1331049928965657,91.42514233803136,1.0995730982655734,0.43557669939670635
0.8856740630884249,1.322401645079301,2.193815273556641,91.78707124957495,0.9304080062247158,0.36856489948952076
0.7494165149209749,1.1962367152435625,2.471269721989979,91.50866759505149,0.7872683129593749,0.3118626072603637
0.6341216664715941,1.0122002975137836,2.091074380145367,91.11323758203554,0.6661501109656249,0.26388374460492314
0.5365644870144257,0.8564771748193554,1.9744380034315046,91.10382818094689,0.5636654785093749,0.22328624543493494
0.45401610439682183,1.0518253759906664,2.368764280324451,91.3016234775636,0.47695333776453336,0.1889345153680219
0.5002695509746685,1.0739777031363433,2.7446789991577774,91.17848467886616,0.45517909717710753,0.15986766684986464
0.42330500467087334,1.3371991691602976,3.0041678125986335,91.71263833193792,0.5146078380250094,0.6072917528519095
0.3581811577984313,1.7145115980302252,2.7837948045262992,92.58728932519968,0.43543740140577714,0.5138622524131542
0.30307636429098034,1.8695800287878057,3.1961916406281303,92.9231276921756,0.3684470319587344,0.9399077163340832
0.2564492313231372,1.5819523320512199,3.1049796805070473,92.97045496624695,0.3117628731958523,0.7953065292057627
0.21699550342726992,1.338575050197186,2.883336102576562,93.07065452142182,0.2637993542426442,0.6729516785587224
0.18361157982307455,1.472988022387994,2.5286494706945803,93.1653532213559,0.22321483820531435,0.5694206510881497
0.15536364446567846,1.2463744804821488,2.139626475203107,93.26681698746901,0.1888740938660352,0.48181747399766517
0.13146154531711254,1.0546245604079718,2.096324893608618,93.86427291444707,0.15981654096356826,0.4076917087672551
0.11123669219140292,0.8923746280375148,1.8321806895641781,93.83012462465885,0.13522938081532698,0.3449699074184466
0.09412335493118708,0.755086223724051,1.5503067373235355,93.68014419645567,0.2361442337804005,0.5778043329681471
0.07964283878792752,0.6389191123818893,1.3118580202802086,89.82785421904171,0.3456475782181234,1.2622835941222903
0.06739009435901559,0.540623864323137,1.1100810418310858,90.49724446531332,0.6444177823896833,2.015185355439936
0.057022387534551654,0.45745096211957753,0.9393609406193745,91.04147470652684,1.0119938754607167,2.2099719686664363
0.04824971252923602,0.3870738910242579,0.8961381165834638,91.25659480057143,1.649775156142864,2.3595346198907263
0.04082667983243048,0.3275240616359105,0.9893517218114511,91.54661029469288,2.2404508513766968,2.3033927277260187
0.034545652165902704,0.2771357444611551,0.8371437646096893,91.83362421122081,3.02892892054391,2.478847272187043
0.029230936448071523,0.2344994760825158,0.7083524162081987,91.76879503311395,3.4652190427445744,2.947264116135746
0.024733869302214363,0.1984226336082826,0.5993751214069374,91.43030933621715,3.872602589256264,3.174061733497056
0.02092865864033523,0.8398659041234816,0.8996452284286827,91.3570193409724,4.430381567034527,3.337433788491257
0.017708865003360576,0.7106557650275614,0.7612545199694711,90.93887121370317,4.606717518566389,2.8930096654734085
0.014984424233612795,0.6013241088694751,0.6445248997125328,90.85404626066037,4.52465191076231,2.8690502612420477
0.012679128197672368,0.5088127075049405,0.5461733331266504,91.0503145564724,4.278734078029037,2.4276579133586558
0.010728493090338156,0.4305338294272573,0.46230585921117795,91.23060295352136,4.266749725727896,2.054172080534247
0.009077955691824595,0.36429785566921774,0.3912123285627747,91.33012227449858,3.9235738649049767,2.097393682277525
0.007681347123851579,0.7063020716836556,0.3313603651831411,90.4859882738374,3.7390327301635065,1.7747177311579057
0.006499601412489798,0.9761864231686569,0.47835276935193666,90.29670551172055,3.3238674173403835,2.0180903273059467
0.005499662733645213,1.6019022843316288,0.4050950084527645,89.94108762484073,2.8131731449825765,2.55145477635882
0.004653560774622873,1.463433216700973,0.3427878726027674,89.49691716609136,2.3803772765237183,2.158923272303617
0.003937628347757815,1.2382896449008232,0.29005127681772624,89.72988539816991,2.0141653878277617,1.826781230410753
0.00333183937117969,1.0477835456853122,0.24542800346115295,89.53037634543865,1.7042937897004136,1.5517693918486317
0.002819248698690507,0.8865860771183409,0.207669849082514,89.75686688281337,1.442094745131119,1.3130356392565345
0.002385518129661198,0.7501882191001346,0.17572064153135802,89.69789243854304,1.220234015110947,1.1110301562939908
0.002018515340482552,0.634774646930883,0.14868669668037984,89.29008469620194,1.032505705093878,0.940102439941069
0.001707974518869852,0.5371170089415165,0.12583405976698056,88.88670025500174,0.8736586735409738,0.7954712953347507
0.0014452092082744901,0.4544836229505139,0.10647675918252433,86.8780772418697,1.4000404951886922,0.6730910960524814
0.0012228693300784148,0.3845630655735118,0.09011011309630242,86.78855287601428,1.1846496497750474,0.569538619736715
0.0010347355869894277,0.3253995170237407,0.07625052865292667,87.089109184337,1.3842813938801584,0.4819172936233742
0.000875545496683362,0.27533805286624213,0.0645522829698884,87.5132826243929,1.171315025590903,0.4077761715274705
0.0007408461895013063,0.2329783524252818,0.05463120260393695,87.95454228191149,1.1699944809018954,0.34504137590785966
0.11350362969997597,0.19713552897523848,0.35318272138173784,87.599361753,0.9965520537913328,0.2919580873066505
0.5087996645007686,0.166806986055971,0.4708939461394273,87.24949320366039,1.3201497079287605,0.2470414584902427
0.43325289342628953,0.14114437281659084,0.7941567427152909,86.90854484876483,1.393973022813839,0.20903508026097462
0.7018502080370864,0.11942985392173072,1.005075323305581,86.94988834812779,1.38629596256257,0.1768758371439016
0.5938732529544577,0.12058123092040858,0.8566619428836769,86.57388816038738,1.1822666462423546,0.14966416989099363
0.5293408748840902,0.1020302723172688,0.7248677978246496,86.4231003815463,1.402202360981384,0.12663891298468694
0.5652714683012675,0.08633330734538129,0.6537599240194909,86.16293142414195,1.5519284671846854,0.10715600329473508
0.7112658262270181,0.07305126006147647,1.0244137556310766,86.40783828643558,2.0181951352142367,0.0906704643263143
0.9390510291677417,0.06181260466740317,1.0025674605614534,86.39212189340032,1.7318044194668276,0.07672116212226594
0.7945816400650122,0.05230297318011037,0.8484124043456225,86.40004226195948,1.465372970318085,0.21957680667678706
0.6723383108242411,0.044256361921631855,0.7486245422429191,86.08713796062943,1.2399309748845333,0.6348714243295518
0.5689016476205117,0.6375382862372931,0.944810390351007,85.94222251259559,1.0954173610268427,0.5371988975096207
0.481378317217356,0.5394554729700173,1.3335825661039638,85.88063667669651,0.988492989354483,0.5150707301239296
0.42928180288330126,0.4565338915697867,1.8240541973940285,86.08144480397132,1.4767341421898932,0.9871903559535389
0.3632384485935626,0.386297908251358,2.102663046178222,85.81253375242201,1.2495442741606788,0.8443073456416759
0.3073556103483991,0.32701936761643385,2.726936183247709,85.07153376006022,1.0573066935205744,0.8357714359024614
0.6191248520286303,0.27671657984971154,2.8528131484204033,84.97101181163818,1.4807676344230984,0.8107352246401813
0.5485790315469846,0.23418798253311718,2.945746488251291,85.33482847972206,1.3633566632272358,1.4091764549703818
0.6256994870145146,0.19816860364496097,3.4319274721790656,85.87735018428562,1.1536094842691997,1.8334895864779248
0.52943802747382,0.16775706022896641,3.2794463560961855,84.05471623995832,0.9761311020739382,1.832708209048367
0.7522636431023512,0.14214550279035215,4.216017531369579,84.92248195031773,0.8259570863702553,2.262363287128192
1.2807693134346407,0.47732983220982944,4.714479451054018,85.63321196067663,0.7574578449368735,2.4985940755066403
1.711449337731902,0.6228443982148781,4.973977670927833,86.01409287009136,0.640925868792739,2.7786155555999863
2.034893211440723,0.717934845803957,5.156660664657656,86.7082701783098,0.5423218889784716,2.957184035436024
2.637531930694021,0.7933542359947802,5.063904767291028,86.99218684851559,0.4588877522125528,3.2566207917474532
2.299222966049379,0.6712997381494293,4.807391003916005,87.93498363004798,0.38828963648754466,3.289145897072329
1.9454963558879363,0.7522450781558474,4.0717283199767715,88.03798310840712,0.32855276933561467,3.120199594368103
1.6461892242128688,0.8490452428354971,3.5408557034934596,88.92992224311969,0.27800618943782784,3.347177810111482
1.3929293435647352,1.2653731484392858,3.5386452008644604,89.6606446123897,0.23523600644739276,3.0361897874533987
1.1786325214778528,1.3896577904450103,3.127600294652467,90.07184215077017,0.19904585160933233,2.8022933290319907
1.3005480958231432,1.6319176919152536,3.128135077666251,90.71341896839532,0.16842341290020427,2.958609336545453
1.2678808942581712,1.4850153512324782,3.107018735422044,90.89404327383735,0.14251211860786517,3.0911085617008363
1.357940265334871,1.6278645870023545,3.2719626752779605,91.4067936161773,0.12058717728357819,3.2152934060153067
1.4652373817605964,1.861734829761699,3.2627127041810806,91.86704449976288,0.10203530385533541,2.7766796861207106
2.078011720144071,1.7038836356424363,2.760756903537837,92.16256723948598,0.08633756480066843,2.3494981959482932
2.73972969774588,2.480350365991238,2.745209290225146,92.26612683181605,0.0730548625236425,1.988036935033171
3.5530100686867887,2.5427735487685363,2.7501039409057575,92.44346449339182,0.061815652904620585,1.6821850988742217
4.240717454542841,2.1515776181887616,2.8024537784847734,92.2612616435061,0.25880420779813684,1.4233873913551107
4.911219992249822,1.8205656769289522,3.1253525986004007,92.1167557837992,0.6620402345316972,1.2044047157620168
5.332371972284614,1.657870067580764,2.833172038581661,92.41724621691422,0.6475812003325387,1.0191116825678603
5.426230411990409,1.4028131341068004,2.3972994172614053,92.25858988784005,0.6060948263233313,0.8623252698651126
5.495930421195122,1.1869957288596003,2.0284841222981123,91.98499451514577,0.5398290850400495,0.7296598437320183
5.407109135548037,1.0503634541920204,1.7164096419445563,92.12634504695978,0.45677845657234956,0.6174044831578617
4.979797470480884,0.8887690766240174,1.4523466201069324,89.96997910939159,0.4440238493672554,0.5224191780566522
4.9160183716204955,0.7520353725280148,1.2289086785520196,90.36670728874579,0.37571248792613915,0.4420469968171672
5.056165833481123,0.6363376229083202,1.0398458049286319,90.2252824382774,0.31791056670673307,0.374039766537603
4.738738282735249,0.5384395270762709,0.8798695272473039,89.93924357168676,0.2690012487518511,0.4480585616964004
4.1812553170559354,0.840130589226981,0.7445049845938726,90.26502693492574,0.36191141905507795,0.37912647528156956
4.3232472859517985,0.7108797293459069,0.6299657561948152,90.51572132991583,0.3350276902127997,0.32079932523825117
4.003365132600024,0.6015136171388443,0.6060238356271114,90.65419999489997,0.6400710084251784,0.36726745843547914
4.106813016321066,1.0418089011576983,0.5127893993767864,91.46376837992244,0.5415985455905356,0.3107647725223285
3.4974241733927376,0.8815306086718986,0.4338987225495885,91.60784151067834,0.45827569242276084,0.2629548075188934
3.053964595157093,0.745910515030068,0.3671450729265749,91.74014795444579,0.3877717397423361,0.2225002217467559
2.7212270092518946,0.7900406182807604,0.31417121531063186,91.03223298776118,0.7614476221477489,0.18826941840110115
2.3025767001362185,0.6684959077760281,0.2658371821859193,90.92488895203839,1.1331556323913994,0.15930489249323943
1.9483341308844928,0.565650383502793,0.22493915415731627,91.23189535369393,1.100683658822833,0.1347964474942795
1.6485904184407245,0.6207098628003561,0.38802996113583194,91.58838497158033,1.4592796383810862,0.7774173040521988
1.3949611232959978,0.6243888582782591,0.5588312966145694,91.56153335075535,1.7489712898659437,1.0457353752510496
1.180351719711998,0.668021059854737,0.6829036692631988,91.80203771946535,2.6309301556474103,1.0730981948283116
0.9987591474486137,0.9594675764706326,1.2372809037947774,91.39118573165203,3.21431374899688,1.1017189355505332
0.8451038939949808,0.8118571800905352,1.4800174043129055,91.37941626966682,3.806145679375004,1.3799416022347422
0.7150879103034453,0.9660702648631087,2.1628019998049464,91.15922545102589,4.135553674705745,2.016645047978538
0.6050743856413768,1.0642677302934473,2.3393842923129466,91.54080299957306,4.307434161742696,1.8189946209897898
0.5119860186196266,1.24237290736802,1.9794790165724936,91.71450551558215,4.359846812649269,1.539149294683668
0.487824698255481,1.1601295878805513,2.0247941608208664,91.73127670842732,4.6841367727127174,1.3023570955015653
0.4127747446777147,1.0339300258730286,2.025971829581105,91.86455370709949,5.026780371682599,1.1019944654244016
0.34927093780422014,1.526826444841849,2.8852270475946047,91.742678968719,5.222810135707438,1.3505999288730361
0.8747754250954907,1.7936788197675648,3.1095906186693987,87.47096255191109,4.908007646532218,1.3519554174209811
1.4347392732401292,2.3953463472291103,3.8863112567802163,88.19851803311589,4.745876449977836,2.1267362068295457
1.8864088718132914,2.6243354758720474,4.187889038603495,88.7858735248755,4.473207453354163,2.405924419621581
1.5962751211008823,2.7985484708634285,4.3770302891748685,89.3115584527028,4.199150736547838,2.4904921326529688
1.4107576208832335,2.7640096284886986,4.841160901104608,88.96532775000821,3.5531275463097094,3.144012120855092
1.1937179869011976,2.4877864804846284,4.993011733428511,88.62262803068656,3.006492539185139,3.545007190746325
1.0100792543744428,2.987580299356728,5.202227870790451,88.4772366849633,2.656417895541415,4.126765197282408
0.8547123299228413,3.1215349802494843,4.974147463751016,88.7804853481913,2.342825122831471,4.467041188830322
1.2477715602786847,2.907593714873133,5.027602945214029,89.30406430465285,1.9823904885497066,4.543216843328025
1.4324823397907922,2.6777669698138884,5.84505164134008,89.25800902640525,1.72572465700751,4.597678357182609
1.2122666624830323,2.477190106249196,5.80001976759942,89.9870537796865,1.5597047879647297,4.388476405838495
1.643894166308011,2.3085027458368517,5.727783681600695,90.36821964398763,1.3197502052009251,4.772492065341525
1.3909873714913938,1.9533484772465668,5.805257756236809,90.25703389148791,1.1167117120930905,4.591618415070416
1.1769893143388717,1.7112682384846918,6.256418670432294,90.21215918743154,0.9449099102326151,4.480512856477791
0.9959140352098145,1.4479962017947394,5.708264443207551,90.04007039304936,0.7995391548122128,3.791203186250438
0.9349926150504743,1.2252275553647791,5.276707299147552,90.53205755083866,0.8262817224389504,3.2079411575965247
1.195352023142647,1.0367310083855825,5.592133801011677,90.73002767771403,0.6991614574483426,3.2660993280677855
1.5901209997476211,0.8772339301724158,5.695500714700075,90.58432699335427,0.5915981563024437,3.0018170643107225
2.8907990273355253,0.7422748639920441,5.409823727836016,90.27734509137346,0.500583055332837,2.5399990544167648
3.191388373265417,0.6280787310701912,5.587379017016527,90.0322939565297,0.5288103867001716,2.602270256960746
3.7744053625834684,0.5314512339824694,5.6074986368559,90.39291152039777,0.4474549425924528,3.0706255085376544
3.4924298937195415,0.49758376440205265,6.189180960645602,90.46930888151371,0.5595788337494814,3.570795354151651
3.6092745849875736,0.4210324160325061,5.57622070996907,90.41357247196296,0.47348978240340733,3.8200579509345194
4.145643420720733,0.35625819818135135,4.945812809699994,90.69820513167846,0.4006452004951908,3.7881207985537397
3.5078521252252357,0.5459965201318626,4.184918531284611,88.60229831874337,0.34106583230867527,3.533666836535429
3.5091279046959567,0.6806431873006463,3.702532257223152,88.8593431442834,0.28859416579964836,2.9900257847607477
3.176452872249365,0.639946456503043,3.1329119099580516,89.28090603309772,0.2441950633689332,2.530021817874479
2.687767814980232,0.5414931555025748,2.650925462272197,89.68556892997545,0.3938703985072354,2.1407876920476356
2.2991949367264706,0.6028114025092527,2.2430907757687826,89.47210887563558,0.4417664323232224,1.8114357394249228
2.2688856248146276,0.8307408079518063,1.8979998871889696,89.41456413169728,0.44267609277004605,1.5327533179749346
2.216353604333172,0.8926721051342373,1.6059999045445126,88.74268829349046,0.602134687759014,1.5466118187529465
1.9810113184837692,0.7553379351135855,1.3589229961530491,88.49259803355656,0.5094985819499348,1.3086715389448005
2.1925608392525597,0.6391320989422646,1.1498579198218108,88.14016229963303,0.5367165053718441,1.107337456030216
1.9568007144456347,0.5408040837203777,0.9729567013876861,88.90444279633238,0.45414473531463734,0.9369778474101828
2.2466921493700025,0.4576034554557042,0.833381664801827,89.21498860579881,0.38427631449700084,0.968361441660062
1.9056646734896252,0.38720292384713434,0.7051691009861613,89.68561219410613,0.32515688149746225,0.8193827583277449
2.2462828962822385,0.3276332432552675,0.5966815469882902,89.86690294942646,0.27513274588246805,0.6933238724311687
2.022699785361311,0.2772281289083033,0.79736990290198,90.00370469769523,1.0035970103649483,0.586658661287912
1.9008686063154532,0.5268269515365427,0.6746976101478291,90.08606642534536,0.8491974703088023,0.49640348262823325
1.9705700012779688,0.4457766513001515,0.5708979778173939,89.70929879631954,0.8406001171970573,1.1688430727529031
1.6850636481529544,0.37719562802320517,0.48306751969164097,88.69703552003261,0.7112770222436638,1.0604743162751515
1.8256262483808008,0.3191655314042505,0.40874943973908084,88.06517327830865,0.666701874994068,1.9802241184975355
1.7830720029785205,0.4378930966740983,0.345864910548453,87.58262008110545,0.776617834527283,1.6755742541132994
1.509400689181149,0.3705249279550062,0.3759054753519121,87.12249009208648,1.4326016421833507,1.4177935996343303
1.9855898069316305,0.3135210928850053,0.3180738637593102,86.83244970248755,1.8637630114471166,1.504795458113471
2.256124048976298,0.45608728897610384,0.48213720746061084,86.6631177039417,2.7687525247049005,1.2732884645575526
2.1644955781851647,0.38592001374901097,0.4079622524666707,87.13711638394518,2.575002418475679,1.0773979315486981
1.8314962584643704,0.44945532253885156,0.34519882901025983,87.04114705492003,2.4056036127935143,0.9116444036181293
1.5497276033160057,0.5415185375168927,0.29209131685483525,85.01310285280533,2.071492359175801,0.7713914184461094
1.3113079720366203,0.5370467812157659,0.2471541911848606,85.58181984628702,1.8395185164385568,0.6527158156082464
1.1095682840309864,0.5304150328537635,0.2091304694641128,85.89812803973493,1.6858205906863892,0.5522979978223623
0.9388654711031422,0.9426911019695665,0.1769565510850185,86.31727041043384,1.5080071273908386,0.46732907508046045
0.7944650817207726,0.8811026797678384,0.14973246630270795,86.81671802683499,1.310163020440878,0.7754450984524494
1.4299565822770104,1.2228242801596725,0.1266967022561375,87.19808959422913,1.6189826777149283,0.6561458525366879
1.3645105814883067,1.4705585086549327,0.2666466039774341,87.20236252563926,1.9521244139733485,0.5552003367618128
1.1577559358230733,1.7075756721561035,0.2256240495193673,86.94502984132184,2.1289818575686477,0.4697849003369185
0.9806508660821778,2.0966486051059405,0.1909126572856185,87.15188244680633,1.827739345037463,0.5243609003090769
0.829781502069535,2.4315206946928645,0.1615414792416772,87.46528411326194,2.447890782147207,0.6512360812282989
1.1402794324937167,2.470422014182909,0.13668894397372686,87.39093663961816,2.3451459482880703,0.7541912847087004
1.361653105752471,2.4873684198251413,0.11565987567007656,87.24944643165965,1.9843542639360592,0.6381618562919773
1.7492117093607036,2.4897190262971143,0.09814564079530315,87.6203336916526,1.679068992561281,0.5399831091701347
2.084123497603074,2.1529013705973967,0.08446403044546275,88.06430034615188,1.4962978489087833,0.45690878468242163
2.5020140810139813,2.074395538033471,0.12827081217080805,88.19915337628626,1.454310944056824,0.38661512550051064
2.62817070430065,1.7964047846143025,0.25212356539912606,88.47497546554611,1.2305707988173127,0.32713587542350897
2.9761226420771623,1.5200348177505638,1.18740128371159,89.12323085360562,1.04125221438388,0.2768072792045076
2.7690192504133426,1.2861833073274,1.342275906093072,89.82508987172362,0.8810595660171291,0.23422154394227565
2.345471418705644,1.0979534043377608,1.2654509744183564,90.33476598295456,1.0712127069517632,0.2886582784903888
3.32829492981958,0.9290921698883162,1.6409076464624643,90.55266206864142,0.9621607697442919,0.3425361189408924
3.482929390444015,0.7864677050225474,2.3555816407486168,91.03748914951817,1.7940457299338555,0.2898382544884474
3.766191752598286,0.6655776291330119,2.314461699649994,91.49074702646561,1.5636343010640026,0.7082385767265511
3.8200795183448335,0.563195691262486,2.6484876630542225,91.94333840859335,1.399749547691728,1.0410938174877733
3.270581046492346,0.604574253079876,2.8142220054261773,92.24108121944408,1.1844034634314624,0.8809255378742697
3.3032981492102853,0.5115628295291258,3.7318627943789697,90.37770694295614,1.0239910117076747,0.7618952870307587
3.155813875960337,0.48697643978476063,3.811409885916505,91.00393549965948,1.016730509068616,0.6446806274875652
3.055056212109004,1.2331583897003047,4.198656308409429,91.68319128709393,0.9401635616105699,0.5454989924894781
2.842212695370538,1.245714948274941,4.79584041670581,92.2070136929768,1.0151544958598067,0.6999580018113596
2.8503355440933884,1.1117818727530149,4.955916341042304,92.47539876489127,0.8589768811121441,0.8574229178012118
2.7850154335665143,0.9407385077140894,5.1643642233640445,92.32864128167871,0.7268265917102757,0.9141404434098632
2.5830959063267924,1.647855690667797,5.1348851192237355,92.36811174603851,0.6150071160625411,1.331460063450405
2.9923966228876164,1.394339430565059,5.049996727339212,92.51612681559801,0.6943735022050436,1.6986489506260598
3.5790458711226982,1.3512228790887946,5.750805064612064,92.52668032637982,0.5875468095581138,2.12990820302201
3.6387011020639393,1.143342436152057,5.658505420653931,92.49499455423368,0.6062647656785219,1.9868785293825615
3.2524145452579223,1.3376373309762604,6.237562422847565,92.38543792106798,0.7418139407780516,2.2862344029186517
2.8536580781771312,1.447919932742572,5.939157522068575,91.98223515882842,0.6454925337643669,2.0892536187509996
2.6892732275215083,1.5177963986323035,5.871395535815355,91.76771806626263,0.5461859901083105,2.293372024884412
2.5433511796037616,1.610928486002534,5.536190475741313,91.83343526394408,0.4621573762454934,1.9405455595175793
2.1523465705141485,1.963176948060807,4.684748108240846,91.29918197270338,0.3910562414384944,1.642000088822567
1.9126816177535775,2.3549154263821923,4.736763914951799,91.09193191342496,0.33089374275564915,2.033304603714534
2.221832751513939,2.5139079368001123,4.314270925294718,91.22810338066716,0.2799870131009339,2.853248240664251
2.200763067641206,2.5262410878662407,4.114888507469942,91.11813914506224,0.2369120880084825,3.5243983230654865
1.8621841341579437,3.025214368276046,3.5144927068280203,90.8913455499575,0.200464074468716,3.3895158988217866
1.5756942673644139,3.089248335675787,3.216997991115554,90.85913229113311,0.16962344762737505,2.9949804270517855
1.3332797646929657,3.102989381591156,2.7220752232516228,90.76576031756282,0.1435275326077789,2.8381850578663737
1.1281598008940479,3.3919022438790294,2.3032944196744505,90.68294103155694,0.12144637374504369,2.456425060917497
1.1886174080331724,3.8990480778636627,2.545769116542695,90.34919088707048,0.1027623162458062,2.078513513084036
1.252276217256928,4.199464760833043,2.15411232938228,90.17801975606214,0.08695272913106677,1.7587422033787996
1.199542634640322,4.174641590985568,1.8227104325542371,86.68616055443668,0.07357538618782572,1.4881664797820613
1.0591955151208463,4.298063400741022,1.5422934429305084,87.73831526664279,0.062256096005083306,1.259217790584821
0.8962423589484084,4.132328673372438,1.305017528633507,88.62594093780316,0.08031232410472883,1.4811827160281248
0.7583589191101917,4.1530823699901624,1.104281822088348,89.4010863077285,0.091231358152937,1.4231648613599432
0.6416883161701622,4.644733577195951,1.6521405793744182,90.17625456545139,0.0771957645909467,1.6140731662662045
0.5429670367593681,4.669905080287708,1.7704462085558512,90.77013622165221,0.06531949311541643,1.5300219825929666
0.45943364648869606,4.185249325666736,1.4980698687780278,90.74532153198813,0.22537392174453671,1.5519613422606826
0.38875154702889664,3.70609554746799,1.3825067945572616,91.0191816449582,0.6635897859932104,1.7822731474868498
0.3289436167167587,3.5616393591871534,1.5542123279868956,91.22911036611028,1.2546448115615954,2.0182536141719565
0.2783369064526419,3.1561824549554234,1.3151027390658347,91.16259807511196,1.6746711851607723,2.4866781156006263
0.23551584392146627,3.0552979723299356,1.1692277154567996,91.36520738706773,2.3278286966835053,2.1041122516620687
0.1992826371643176,2.7345314515720514,0.9893465284634456,91.84144786516528,2.5416918033994516,1.95552143958504
0.16862376990826874,2.3138343051763512,1.5530206633244956,91.9137391816216,2.5792330177440643,2.33116322213721
0.14268165146084277,1.9578597966876818,1.3140944074284193,91.64982686041253,2.1824279380911316,2.0858274170445474
0.27280171039819967,1.6566505971972691,1.1119260370548165,91.9488323732884,1.8466697937694188,2.203573259516899
0.2308322164907843,1.6663318171358301,0.9408604928925371,92.575814816263,1.7248265095521205,1.8645619888219915
0.1953195677998944,1.40997307603801,0.7961127247552237,92.61395310887326,1.4594685850056404,2.637854683001641
0.16527040352298758,1.289467246246187,0.6736338440236508,92.7374262715109,1.3465421455144375,2.232030885616773
0.1398580764845495,1.2309530591517253,0.5699978680200122,92.996327950859,1.1627120841017093,1.8886415185988084
0.4099401640985181,1.0415756654360753,0.48230588832462573,92.80535344018148,0.9838333019322156,1.5980812849682222
0.3468724465448999,1.0120529111773096,0.40810498242852944,92.5650405330172,0.8324743324041824,1.6172213515153286
0.3984022621688204,0.8563524633038774,0.34531960051644794,92.75569713239953,0.7044013581881543,2.2533047713271155
0.33710960645054033,0.7246059304878962,0.2921935081293021,93.14683797777826,0.5960319184668998,2.1982819192773864
0.5115400481522467,0.659949831302765,0.24724066072479411,93.14708370003666,1.7638255952897506,2.147207134290586
0.4328415792057473,0.5584190880254164,0.2092036359979027,91.03606996996068,1.4924678113990197,2.088700878429089
0.36625056702024766,0.47250845909842926,0.2926718734385837,91.68319912331843,1.3337455589440332,2.4149897226646893
0.30990432594020956,0.39981485000636324,0.6870332471771244,91.87358758280189,1.7100332728583147,2.487944157872565
0.2622267373340235,0.3383048730823074,1.5998804421982795,91.39058629383636,2.342521862885779,2.9642171183580537
0.22188416235955835,0.3403711056662293,2.2426269650517936,91.07880607813654,2.9351433603367294,3.6131826818421144
0.47038435643094023,0.6083887038148953,2.630747413621675,91.12518611924393,3.118967015836633,3.987992513657007
0.5045477571239442,0.6377700979386133,4.05331509887392,91.17989489607889,3.5364181659120364,5.084472175530733
0.7407211378937586,1.3552741066049323,4.8479829204284215,91.26595049695221,4.178595951947505,5.0100496169527196
0.6267640397562573,1.7830566513671446,5.2161765333947185,91.01576505647498,4.2484437864347235,5.015012671147933
0.5303388028706792,1.8358907691037138,5.482377028664178,90.3889000221578,4.58987755515846,4.774711472086777
0.8734831013742891,1.7396284927496792,6.010272672791754,90.64315828756477,4.776838453136147,4.540639021061357
0.8604624507913229,2.0434782906765823,6.479756766143295,90.93995882380536,5.447319142620344,4.699190601047962
0.7290060076058124,1.9096522191904637,6.723019486736333,90.54124117285,5.754974187027636,4.945210574686022
0.8673738786211754,1.837019361630239,7.079628495710177,90.66138718378208,5.890751748173708,4.874202611619533
0.7353849859094441,1.6711144002080756,7.077864752932765,90.83279019616579,5.688591442792029,5.107435730252322
1.0243415913353393,1.7192168592143267,6.785186245664417,90.81762955843826,5.532873806446916,4.844240982201455
0.8671179755213646,1.987194856261151,5.743073439279236,90.96278386857703,5.301316834861899,4.098973138785848
1.3861003514639585,2.11276425012168,4.86185304709738,91.1930070576212,5.13398646083253,3.4901994196611748
1.3123024516978559,1.7877235962568063,4.230570469296141,91.38802794928611,4.787393429173012,2.980969244005352
1.3457666091631473,1.5126891968326823,3.5817686839366405,90.81614407576565,4.498456915961099,2.522358591081452
1.5830365883199626,1.285801196186486,3.0307574623589737,90.25089100470055,4.5209689455311,2.2526042212060755
1.8215273893276873,1.0882657772763753,2.564650330189915,90.14888806989643,4.136685622480179,1.964367995948453
2.216873594697742,1.0512746983983132,2.268734535332016,89.68215765021748,3.769331537691898,1.6621575350333062
2.252603200915972,1.0061478819363194,1.919909968346352,89.82591099807789,3.2028010255939336,1.6099374842058576
2.4501369729093803,0.8514552198097659,1.6245717259313948,88.1612150192689,2.71012745016383,1.3622547943280336
2.0731928232310137,0.9087794414181547,1.3746509606242467,88.39810810832141,2.293211446672049,1.1526771336621822
1.9515323534627298,1.0536864564649715,1.1633367299799209,88.69621088603041,2.151655085578963,0.9753421900218465
1.6512966067761559,1.182640581968522,0.9844218265860293,89.11731728971118,1.8692863647716096,0.8252895454031008
1.3972509749644395,1.1724211143266845,0.8331221035337999,90.08905289421625,1.5820034245749124,0.698321923033393
1.1822892865083718,0.9959157094154594,0.7049811074315399,90.94578511543708,1.4116200669078947,0.5908877810282557
1.0003986270455452,0.8426979079669271,0.6103182819772025,91.09691365182354,1.1946668028405087,0.4999819685623702
0.8464911459616152,0.7130520759720153,0.5165756050521734,91.48568059532556,1.4411183093477986,0.42306166570662096
0.7162617388905975,0.7816006329437658,0.4371093901291986,91.7026989993233,1.6917832676136564,0.35797525559791
0.7700349537614378,0.661354381721648,0.36986179164778343,91.46329750590051,1.7597739099819334,0.3029021393520777
0.6515680377981398,0.5596540423674687,0.3129599775481244,91.27112857018913,1.743385163936849,0.2563018102209888
0.5513268012138106,0.47373939103372664,0.37018211189496014,91.35929738567597,1.9463863440024949,0.21687076249468287
0.46650729333476276,0.40085919656538677,0.31323101775727397,91.57757008658393,1.9995748875002766,0.30638520593776136
0.48768702579369133,0.3392370956095785,0.26504163041000106,91.92106454130922,2.1506651894734983,0.25924902040887493
0.7250534145367317,0.28715928816203556,0.22426599496230862,92.0660942244502,2.2276358531506664,0.24110643906590257
0.6135067353772345,0.242980936137107,0.18976353419887648,92.11315034968919,1.9878327213167062,0.21980337374665757
0.7644334108154084,0.20565136849828808,0.16056914432212627,92.01225511647593,1.690095862616008,0.2984555435054905
0.6468282706899608,1.0924601140022916,0.6623525396600771,91.95332519807216,1.468825969511434,0.33592253027231783
0.5473162290453515,0.9243895923986396,0.5604521489431421,91.76894890924062,1.3874924560055462,0.42281913537697735
0.4631137322691436,0.7823810918860178,0.8664946685642547,92.19884423209969,1.1740320781585392,0.6866862444476018
0.39186546576619846,0.662414393581732,0.7581442697491577,92.06807467611465,1.4941861470601239,0.5913596087872841
0.3419028725959591,0.9532684607493382,1.3728473130146315,92.35227012784145,1.640932549377733,0.7076579441239729
0.28930243065811917,1.6212501831082737,1.324727348600324,92.51176465570113,1.7310280327874592,0.7419023398029491
0.7509353095930448,2.1677806820303194,1.891207494579678,92.79410726284443,1.5956863354462434,1.616507630002508
0.6354068004248841,1.8342905162738685,1.6457795748540458,90.5222690862939,1.4672784751828767,1.6004945711137286
0.537651908051825,1.552091975308658,1.3925827171841925,90.61782336600244,1.2415433251547416,1.5198463270854614
0.4549362298900057,1.3133173712233919,1.7189951324869612,91.27829440150644,1.4485363891605345,2.0628545452585096
0.9038785817116333,1.1112685448813318,1.65494478265459,91.25079372315145,1.225684636981991,1.7454923075264317
0.764820338371382,0.9403041533611267,1.7978176001536232,91.60982961797713,1.2705644881034537,1.938775812193925
0.6471556709296309,0.7956419759209534,2.129016664528652,92.00767684259569,1.2123976189770809,1.7905975787096358
0.5476567055425475,0.6732355180869606,2.3507524565372866,92.43639833341774,1.4702980177743297,1.7567711784534452
0.5179657056071031,0.5696608229966589,2.423452903417191,92.70488044022841,1.6559210176914063,1.4902204467854554
0.4385334293724109,0.4821463260340219,2.707491956465208,93.30992341722117,1.837359857225854,1.8680744229323283
0.6972471985290662,0.40798545409225023,2.588848116371962,93.27288009510478,2.282796151289541,2.0045639088224694
1.0028657108361223,0.3453170651817328,2.7350448850217157,93.708898012605,2.709782035955785,2.2378865858703105
1.5648284576655573,0.29238456805149377,3.1355922766324342,93.96939717140624,2.9845863610773726,2.0937707479513485
1.9705350485720623,0.24748089707059462,3.400842505792034,93.64589006745362,2.687187173655815,2.2760640665809198
2.709381931613221,0.30254212369976263,3.2668486463252924,94.08996093006209,2.6275041646796797,2.544741320764531
2.6816494996283686,0.5295989405560045,3.325512051244409,93.76003484355546,2.9599758873515634,2.6440900675888424
2.6513361587311937,0.6104445431972736,3.719717153231397,93.55313301368108,3.69120033646433,2.2373069802674816
2.243452058641038,0.5168033237145232,4.441833894218664,93.87276528068891,4.560744470713188,2.1047710492352762
2.1418504382011423,0.5476924219147026,4.917907178620786,94.48912534804266,5.0789155293355,2.1639627503880523
2.144223208054673,0.494244525899066,4.633895111932009,95.09313690732407,5.580855719854973,1.9748014225261163
1.8143427145077997,0.7818796651402311,4.3373816164983365,95.26953336638154,5.9061150987871605,1.67098581906056
1.5352130661219843,1.039535417110799,3.670092137037054,95.06181289767355,6.1054106421500585,1.4139110776666275
1.3379057196671418,1.545782468491389,3.105462577492892,95.6597857472778,6.402502600720834,1.1963862964871463
1.437273866589029,1.6102782709827124,2.738492790521996,95.64807445316386,6.358876651359548,1.3383562641918207
1.522284942371668,1.3627715061828465,2.3171862073647653,96.26369807503788,5.707236650642025,1.132455300470002
1.3256239389009323,1.1531631157899196,1.96069602161634,92.3753030395309,5.146162101063612,1.1772234726717077
1.314219762666115,0.9766081086520897,2.0459602651937376,92.62203577798451,5.261617365418654,1.2915475030936485
1.269904056004395,1.3289749448673929,2.2652364981551196,93.16172793157808,5.38540615334708,1.0928478872330873
1.0746126090970456,1.491645866278758,1.9167385753620243,93.58096230744357,4.9110681112551475,0.9247174430433814
0.9093261789199628,1.5162566966840638,1.6218557176140203,93.79959044925918,4.688223665637685,0.7824532210367073
0.7694309241692185,1.283568267843924,1.3723394533657094,93.9439375239039,4.339227433367038,0.6620758024156755
0.6510569358354925,1.0874714743513036,1.161210306694062,94.18105145883591,4.134303256285934,0.5602179866594176
0.5508943303223398,1.1489944542913182,1.1755991519716524,94.17288933822984,4.097989281820128,0.47403060409643033
0.46614135642659527,1.7407041011073912,0.9947377439760136,94.18073777054883,4.009909417121861,0.40110281885082566
0.3944273015917344,1.814696829099201,0.8417011679797038,93.73867261668155,3.876105112836104,0.3393946928737755
0.33374617826992914,1.93929420360329,0.712208680598211,93.61439632587081,3.6437677747717347,0.2871801247393485
0.28246093361957914,1.875559643601646,0.6026381143523325,93.90170469870836,3.1879080635290857,0.24299856708714107
0.5017235411569854,1.58701200612447,0.5099245582981273,93.5790338675739,2.6974606691399954,0.20561417215065783
0.42453530405591067,1.4211062197516982,0.43147462625226163,93.67936718578476,2.2824667200415347,0.1739812225890182
0.35922218035500125,1.6373720011882644,0.3650939145211445,93.72697521887356,1.931317993881298,0.14721488065224614
0.30395722953115495,2.1302967800052013,0.980249912168648,93.0485904308706,1.6341921486687907,0.1245664374749775
0.25719457883405417,2.2036431863833603,0.8294422333734713,92.75571206121374,1.5552321397623703,0.10540237017113482
0.46490789277629757,2.278259565723083,0.7018357359313989,92.49159463672507,1.3159656567220055,0.08918662091403715
0.3933836015799441,2.5487536890072846,0.5938610073265682,92.577063196012,1.113509401841697,0.07546560231187757
0.332863047490722,2.942270631014182,0.5040301794328256,92.54554080573425,0.9422002630968206,0.06385550964851179
0.5870789861843497,3.128744172860704,0.4264870749046985,92.94494720678098,0.7972463764665404,0.054031585087202294
0.7989129479658083,3.6910115486048207,0.377137909279565,93.66209961815896,0.6745930877793803,0.05827579945348931
1.017877150897737,4.281733100690932,0.3362071583595388,93.60081537225388,0.5708095358133217,0.41116078086677305
1.5861538031012696,4.6801228144010585,0.28448298015037893,93.8538442663263,0.48299268414973384,0.3518676581140768
1.666308259548258,4.866687341384977,0.2407163678195514,91.72663315188571,0.408686117357467,0.2977341722503727
2.246279464049457,5.107309668841957,0.20368308046269734,91.48185824507958,0.34581133007170295,0.25192891498108455
2.2233116063750615,4.846224379865405,0.17234722192997468,91.82654789985259,0.29260958698374867,0.21317062036860998
2.596168402180387,4.467659461447415,0.33102773144548453,91.96347077757342,0.24759272744778732,0.18037514031190077
2.2716659172059774,3.968490855921587,0.45063626810380336,91.87000171936069,0.369293312889689,0.15262511872545448
2.0849720867043344,3.3579538011644194,0.5823458462802452,91.71005251961964,0.31247895706050605,0.12914433122923072
2.351502850494824,2.9048495441498865,1.1459785461009302,91.75980120378624,0.4105058773063782,0.3889220044206575
2.041096477943985,2.462278883472625,1.483652249212214,91.47486731109572,0.4318336952583777,0.6933748250717379
2.105329520931977,2.322659256419651,2.10013258151836,91.54822250091513,0.7644741739438885,0.8923879988178237
1.9312321484253958,2.3403594900818305,2.150380451273051,91.27087377369753,0.6550681546813638,0.9280343350672466
2.1185184378139525,2.0699705379723072,2.044589389813925,91.45050297150279,0.5542884385765385,1.388351009249975
2.2466565584788163,1.7515135321304138,2.1552699098148147,91.62572104455364,0.7385493169213709,1.244719269177361
3.3739939367792395,1.4820766661939253,2.5670058214364118,91.5833707749775,1.1858391972417552,1.0532239969962287
3.9742298207602693,1.7216522672181311,2.6635945365476386,91.44233473151881,1.5129671015507784,1.6160973474264861
3.772840196188384,1.5106187191251659,2.253810761694156,90.89262413211605,1.6779321424807998,1.6907732452580775
3.6261277080476777,1.2786339409757805,1.9110351212406553,90.40410062761914,1.584358379132616,2.5993813851746927
3.5059269067528773,1.081969141706602,2.2698371417693526,90.58539812384889,1.6300437770362368,3.36779046768207
2.9879807829394434,0.9155123506748168,2.1440015309843443,91.21825414467196,1.768011607659291,3.4029911518477283
2.5794913204661007,0.8846954933165296,2.5621272186247523,90.54059064189185,1.7345037692729144,3.474178935952226
2.1830819597845794,0.7485884943447558,2.1679538003747902,90.92179314052846,1.822604370726178,3.1148484031328927
1.8484924918076022,0.6334210336763317,2.0020733990522115,90.88398296181377,2.0786526794166917,2.7410943879790937
1.5647358469898558,0.5359716438799731,1.8059580372781852,91.22913219008487,2.2760018884459554,2.5393411373170993
1.3244454786221904,0.45351446789843874,1.8968774272639906,91.17946243350833,2.394834248082897,2.3808988244116365
1.121100271064492,0.38374301129867894,1.7081334337457195,91.5115693887439,2.026398209916297,2.1544730139952626
0.9488614012422524,0.32470562494503596,1.4453436747079165,89.70174884583055,1.714644639159944,1.9228864397943661
0.8033187929820941,0.27486118678302546,1.2229831093682368,89.57080328460229,1.4508531562122602,1.7682587718789846
0.6801242813105985,0.30843868804511254,1.0348318617731236,89.71422930921005,1.4714634451739288,1.500964223644798
0.6183227684083683,0.26098658219201826,0.8756269599618738,89.6396667990679,1.6170990180354958,1.2700466507763675
0.5233612127180369,0.22083480031632316,0.7409151199677394,89.81757853940965,1.5237648934155774,1.0746548583492337
0.4429358000414999,0.18686021565227345,0.6269281784342411,89.91006751346183,1.289339525197796,0.9093233416801211
0.3750707521235934,0.1581124901673083,0.5304776894443577,89.588604186803,1.090979598244289,0.7694274429601023
0.31789005424636885,0.1337874916800301,0.44886573722214884,89.69752137831419,0.9231365831297828,0.6510539901970097
0.26898389205461976,0.11320480065233317,0.3798094699572029,89.8678014204249,0.7811155703405854,0.5508918378590082
0.22779338778626174,0.09578867747505114,0.3213772438099409,89.23758997633136,0.6796214831269902,0.4661392474191608
0.6561437696556786,0.0810519578635048,0.27193459091610384,89.2483986234329,0.575064331876684,0.3944255170469822
0.5556505988941187,0.06858242588450407,0.23009850000593401,88.5010720663229,0.48659289620334795,0.33374466827052335
0.47055667811476565,0.05803128344073421,0.19469873077425187,88.06092142281615,0.4117324506336021,0.28239933469044287
1.0339463114725571,0.052423348599918464,0.16474507988590542,87.42676360869055,0.34838899668997103,0.2389532831996055
1.635930831036527,0.044358218046084856,0.1393996829803815,86.93017267078706,0.45341726705879754,0.20219123963043542
1.8140667461678543,0.03753387680822565,0.11795357790647666,86.73107721139141,0.38366076443436714,0.17108489507190688
1.7502208357258275,0.03175943422234477,0.18001778137398985,86.68038813646783,0.537704237740274,0.1447641419839212
1.865730488959952,0.026873367418907113,0.2431070760837299,86.57220371525885,0.4827175648943029,0.12249273552485641
1.5788059369223648,0.02273900320061371,0.5050908731013317,87.1056732889154,1.049813847048784,0.10364769929026312
1.3359127158573858,0.7271216156519554,0.5606424026130022,87.10843145493949,1.6088656602328841,0.0877018993994534
1.1303876826485573,1.0259288169969025,0.9827564259817116,87.03575464059297,1.9089304930370252,0.16779227703711175
1.1759427470821413,1.3879849140815914,1.7232324796589193,87.7784551722476,1.9633307180205917,0.18552980922898912
1.172079999198036,1.7564981231564547,2.691848481889353,88.01746644059513,1.7581340786834856,0.2232228277455493
1.1840469226544272,1.9657301980013713,2.694626762257719,88.17641487191096,1.6897438958461435,0.18888085424623402
1.001885857630669,2.1106157156402676,2.8016249028530127,86.21791709219201,1.7266716896681822,0.18058220081982443
0.8839962751307856,1.9913280476177821,3.629844306555259,86.67683079488563,2.3785238396147568,0.34671241162239724
0.7479968481875878,2.5746075515567157,3.4348187083590322,87.25134747727715,2.104266358576804,0.29337204060356686
0.6329204100048819,2.512225873621867,3.168509358494308,87.35829890882114,2.04842790946872,0.3819014731468083
0.5355480392349001,2.135915906450151,3.3047163732491667,87.84187012409299,1.9875567950063617,0.6814134527997221
0.45315603319876163,2.1016724104803464,2.7962984696723714,88.06420423822003,1.6817788265438443,0.5765806139074571
0.7518079157953383,1.7783381934833702,2.8165264902232043,88.22769007333947,1.4683767452894665,0.8685752752003272
0.9327403067977651,1.5047764424509704,2.7713351978557026,88.71712148578054,2.0600120875692762,0.7349483097848922
1.401518956613845,1.2732723743815904,2.501924765672228,88.98335819040746,2.2074615074365673,0.6218793390487549
1.1859006555963303,1.5950216351313315,3.1038311662196003,89.3120139919192,2.187231933105918,0.5262055945797156
1.0034544008892026,1.349633691264973,2.626318679108892,89.93742362156615,1.912092731036931,0.4452508877212979
1.0736147948600747,1.1419977387626694,2.222269651553678,90.46937666203382,1.9408443965422044,0.37675075114879053
0.9084432879585248,0.9663057789530278,1.8803820128531121,90.7875071201351,1.7424434730964722,0.3187890971258997
0.7686827821187517,0.8176433514217928,1.591092472414172,91.28589493239627,1.4743752464662456,0.26974462064499205
0.6504238925620207,0.8780334446029293,1.3982595497625552,91.15744016720798,1.6943928998411049,0.2282454482380702
0.5935112865460525,0.7973350618770668,2.29732408114502,91.46528418236828,1.5563026858622544,0.1931307638937517
0.5022116391877468,1.002869293819545,1.9438896071227092,91.29615576640151,1.3168715034219076,0.16341833867932834
0.650079312851858,1.5354317485297009,1.6448296675653693,91.51010258720012,1.1142758875108447,0.13827705580558552
0.5500671108746491,1.4035887919759598,1.3917789494783894,91.78660931111092,0.9428488278937918,0.11700366260472621
0.4654686531590685,1.4211656988784,1.1776591110970989,92.02460437954956,0.7977951620639776,0.09900309912707603
0.5662841923179311,1.202524822127877,0.9964807863129299,91.94616785789665,0.6750574448233657,0.08377185310752588
0.5116463590501331,1.0175210033389728,0.8431760499570944,91.78617541440958,0.5712024533120786,0.07088387570636805
0.433217341153256,0.8609793105175924,0.713456657656003,92.04240115883658,0.4833251528025281,0.2912553067601132
0.36686182092938924,0.7285209550533474,0.6036940949396948,92.39505672954783,0.4089674369867545,0.24644679802778804
0.3808422371609409,0.6515837771507595,0.510818080333588,88.31247443251092,0.34604936975802303,0.20853190602351296
0.3222511237515654,0.5513401191275658,0.43223068335918974,88.7372448623823,0.29281100517986564,0.1764500743275879
0.27271874790342465,0.4665185623387095,0.36573365515008366,88.82864958432619,0.2778416250487044,0.14930390904642055
0.23076201745674393,0.41890152511889256,0.3449028801575689,89.26687468959085,0.23509910401912656,0.12633407688543277
0.5573215732399777,0.35448829350634525,0.2918740554621484,89.5498894104684,0.19893001109310707,0.7804693096649848
1.0496840121755353,0.3003933682019633,0.2475073399576112,90.0181731716568,0.1685149892249633,0.6603971081780641
1.6130331104113815,0.2542647071375616,0.2096986622925698,90.43814196212202,0.33243999554377596,0.5587975530737465
1.364874170348092,0.21531289030346493,0.17773368284081573,91.03385313203626,0.2815560804041713,0.843134581837709
1.154893528756078,0.18226878946476308,0.1625485237784426,91.63652901914713,0.23823976034199107,0.7134215692472923
1.0018867914432563,0.1542274372394149,0.1375410585817591,91.45481133556439,0.2015874895201463,1.1368836845067627
1.1020240003212858,0.13050013920258183,0.11638089572302693,91.34528090979762,0.3025570106615567,1.5798613081424306
0.9324818464257034,0.11042319470987692,0.23128286235803083,91.73719419430041,0.31349368587498566,2.481804200355598
0.8106165262894236,0.09343501090835739,0.38267931741783395,91.96992408423603,0.2652638880480647,3.202282915132357
1.0964825764153683,0.07906039384553318,0.8459747792988126,92.7413399149885,0.7759754812323282,3.7770644253432333
1.3061391940134528,0.06689725633083576,1.8852436577967782,93.13483627970693,1.3953050972813832,4.1517565303800925
1.1051947026267677,0.05660537074147642,3.0867489235638894,93.09096059083787,1.9618866625181217,4.4881084919505
0.9351647483764958,0.04789685216586466,3.2808464017224686,93.24016171704304,2.187326344260383,4.543609053700566
0.7912932486262656,0.1492867612331578,3.6966300085533885,92.11926195731115,3.0594740488008147,4.3422903721971915
0.6695558257606863,0.12631956719728735,3.908811359101008,91.43873111878526,3.2195058712870273,4.814488315009703
0.5665472371821192,0.26386515513552716,3.581679563585781,91.30327693184866,3.1605124832957063,4.360455254573252
0.4962206240741443,0.43248088962351533,3.4059953218772043,90.8332109794836,3.084690415281622,4.527346659885546
0.41987898960119896,0.36594536814297446,3.77761107297136,90.41461917104304,3.1730718535885383,4.4978417953054075
0.35528222197024534,0.30964608073636307,5.085138315349632,90.1821042113302,3.678168989257918,5.227092687952878
0.3006234185902076,0.2620082221615379,5.529265463758355,90.46641528224208,4.286663097439897,5.26174812416037
0.2543736618840218,0.6667005281517536,5.274022609086009,88.74888563396513,4.145088253626581,4.944504254449762
0.21523925236340305,0.7703828898525709,5.218769216483317,88.73633298744022,4.0248959935429465,5.374712193390861
0.29805108015220066,0.7785806976725523,5.378742042112211,89.23331077119153,3.617478441767012,5.287092355302914
0.2521970678210928,0.658799051876775,4.76293316880106,89.93963154684732,3.2101819280997823,5.086356171413309
0.2133975189255401,0.5574453515880403,4.1709758395272605,89.91007538732352,2.8868712772092047,4.539531126886926
0.18056713139853392,0.4716845282668034,3.798303172245866,90.78997097246108,2.616083249560683,4.328220045290035
0.15278757272183638,0.39945313498448154,3.569702192188636,91.67339592245665,2.8260412443789793,3.799479553344718
0.1292817923030923,0.33799880652533054,3.024593663701194,92.09271913857724,2.595582586305925,3.2149442374455304
0.49886202044824074,0.2859989901368181,2.844412268230327,92.48840749481712,2.3410529635225004,2.7805774191139867
0.42211401730235754,0.32089853283426417,2.8817249235195033,92.6388985834269,2.3195906541375675,2.7304905111756628
0.357173399255841,0.27152952778283895,2.606858748326552,92.51553824512219,2.3364722905910127,2.3104150479178687
0.3022236455241732,0.22975575427778677,2.814678949587643,92.53722908740012,3.317042346355946,1.9549665790074273
0.25572770005891576,0.19440871515812724,2.789707383414954,92.26386769426274,3.601736569602221,1.6542024899293615
0.2163849769729287,0.1644996820568769,2.59762651386568,92.2801955318744,3.691972652443527,1.3997097991709981
0.18309498051555506,0.1391920386635112,2.290971193965519,92.29487336943953,3.7585776840630194,1.1843698300677676
0.15492652197470042,0.11777787886912489,2.3226907528523957,91.98550840086902,4.2144586349120425,1.0021590869804187
0.13109167244013112,0.09965820519695182,2.699940903829814,91.91726190797179,5.208836419770274,0.8479807659065081
0.11092372283395711,0.08432617362818999,2.531630912793967,92.09501176992936,5.681544168207306,0.7175221865362761
0.1059185352052514,0.07135291614693,2.2523769869939643,92.2544101875713,5.5975908697316346,0.6071341578383874
0.5962123992985725,0.060375544432017696,2.072853446788128,92.96636459138327,6.332555515682827,0.5137289027863278
0.817391585958593,0.0510869991347842,1.7539529165130316,93.25457431313825,6.269220668073778,0.43469368697304656
1.029304542311417,0.04322746080635586,2.028061058212749,93.30332873160503,6.268048019511787,0.8096278031877617
0.9692701100801142,0.036577082220762655,1.7160516646415567,93.44359837286547,6.239144100287565,0.6850696796204138
1.4958229128693075,0.03094983880218378,2.6124947923813817,93.65374221872182,6.592537879462924,0.8488316875120953
2.017211815949278,0.08236989917435632,2.869815878636812,91.53647804744809,5.9495325323637545,0.7182421971256191
2.0702673172295865,0.06969760699368611,3.030962378998722,92.04253360763072,5.468601862661458,0.6077433975678316
2.7381536337601666,0.058974898225426696,2.8380954811401735,92.4438250938708,5.018598510068246,0.5142444133266267
2.6609767064778618,0.049901836959976444,2.4406936427104946,92.71224726840921,4.78476205563999,0.43512988819945336
2.5598929267261066,0.04222463127382622,2.5933550032714847,93.10643981139869,4.524769799670262,0.39363611852770786
2.52269986357768,1.2427731401075737,3.145625816277996,92.73900477099555,4.1547749941435415,0.4534819115157242
2.392965588134631,1.0515772723987162,3.5507660302124817,92.50635591818751,3.774048199697259,0.7337483152186927
2.024817036113918,0.8898265216954745,3.9920533899218866,92.39278250120569,3.533517076206661,0.8509530668216618
2.131746561656589,0.7529301337423245,4.274389778460594,92.11197658619122,3.215909695993489,0.895663926321944
1.8037855521709598,0.6370947285511978,4.284347569094945,92.03098335335967,3.317127994366,0.757869476118568
1.5262800826061969,0.5390801549279366,4.280237925334576,92.34588879006671,3.0946939251564025,0.7349934575207001
1.2914677622052433,0.45614474647748476,4.236735564096335,92.83169011970493,2.843666991122047,0.7476194059290404
1.0927804141736674,0.3859686316347948,5.594082365184215,93.07904196910941,3.22170946409344,1.6108109418223218
0.9876376384847882,0.32658884215251865,5.3945702784503755,92.88285713508887,3.3218164349212085,1.7473419460624318
1.413828998137738,0.8715598867906685,5.609415662592215,93.1476342466759,3.411608689175891,1.645272878972378
1.196316844578086,0.779202467491945,6.055049961070595,93.49933577403493,3.8145472216207836,1.9826484411794658
1.0122680992583803,0.7841901492680464,5.780817511079024,93.75225802482807,4.018471798375852,1.919183370567167
2.3629135402217427,1.4112967117945636,5.4624302105565805,93.99590641520288,3.5826147030657305,2.071133797967342
2.5509074135168515,1.9208654335544104,5.0363642730017,94.20742105713057,3.4349326677471863,1.8649092035430817
3.783333878742945,2.4971228139849275,4.871648142348956,94.40227949114932,3.3599270139148603,1.7057954581467136
3.890806378994635,2.265319426279579,5.330916664715747,94.56322792321969,3.693233714099021,2.349673082534735
4.28828991888428,2.519928385739099,5.820050560442279,94.57381326841693,3.8500023461106285,2.75789729750498
4.553384635039332,2.132247095625391,6.188529831184444,94.5914326506461,3.815813772967857,3.194858131785486
4.3118627861859045,2.4618687603534584,5.941458400970227,94.60056678579826,3.376466739305135,3.3227448309302914
4.20203522997715,2.0831197202990803,5.430285739568267,92.53258097878907,3.1753850288783023,3.3748420167274746
4.310904977370938,2.0355927683192974,5.807355430215972,92.80438755328171,2.971231207067004,3.619052342136783
3.863254562955642,1.7224246501163285,5.0390561239893055,93.09016173952519,2.5141187136720795,3.8263889707153225
3.673616037168432,1.4574362424061242,5.003601295476927,93.30419860414622,2.710476922715282,3.8096534136237783
3.3860624105231283,1.233215282035951,4.390116103324176,93.02962493242183,2.5094923547671684,3.9342539727971815
3.0496045733975667,1.04348985403042,4.450780449483819,93.27193633093503,3.173581903809512,3.928129337340184
2.769364675294163,0.8829529534103554,3.783643375487408,93.38164987751874,3.5436201062837216,3.6264464571422974
2.3790910129028084,0.74711403750107,3.2015443946431916,93.55144652665584,3.3961083435681108,3.068531617581944
2.1860019119930354,0.6321734163470593,2.8027041109526802,93.18758312797887,3.153665900573467,2.596449830261645
1.8496939255325686,0.5349159676782809,2.4885910383971277,93.32666278290615,3.0326995832526293,2.1969960102213917
1.598842553564184,0.45262120342008383,2.1057308786437234,92.97477061192788,2.938227914100795,1.8589966240334852
1.5917944664384862,0.3829871721246863,1.7817722819293043,92.81256006188511,2.8619378313149535,1.572997143412949
1.3469030100633346,0.32408033995250113,1.5076534693247958,92.66354761575396,2.662847786021615,1.33099758288788
1.139687162361283,0.2742218261136548,1.2757067817363656,91.78830548716641,2.770552714481844,1.1262287239820523
0.9643506758441626,0.2320338528654002,1.0794441999307711,91.16898539117621,2.56670626083566,0.9529627664463519
0.8159890334065991,0.1966313821739843,0.9133758614798831,91.59965599162385,2.428400067550713,0.8063531100699901
0.690452259036353,0.1674169210379206,0.7728564981752857,91.55078356209573,2.3958003961558534,0.6822987854438378
0.5842288345692217,0.1426085276652448,0.653955498456011,91.7089427680219,2.690370630295993,0.5773297415294012
0.49434747540472607,0.13728492748657703,0.5533469602320094,91.71221832075821,2.430910126304066,0.4885097812941087
0.5008788536106812,0.1834398015656681,0.468216658657854,91.94249949444621,2.0569239530265175,0.4133544303257843
0.5240081912037006,1.4389267591618653,0.39618332655664573,92.15760018908094,1.7789886323676107,0.3497614410448944
0.6624391825310829,2.2278727826671276,0.4253242617044281,92.01583065518365,1.5052980735418244,0.6781177629443009
0.5605254621416855,2.17645817916406,0.3598897599037469,92.23276365576693,1.27371375453539,0.5737919532605623
0.4742907756583493,2.2475282239004652,0.7229933551842364,92.21435694898977,1.0777577922991761,0.4855162681435527
0.4013229640186033,2.3289850874588507,0.6119779643774663,88.02628199799076,0.9119489011762258,0.4108214576599292
0.6127005292854245,2.202104864164763,1.3904286879709846,88.30623010405267,0.7716490702260373,0.3476181564814786
0.5184389093953591,1.8947048994870253,1.1769721708777292,88.88176567319584,0.6529338286528007,0.42139509071133935
0.4386790771806885,2.1193978434024965,0.99717744119646,89.64761956250939,0.5524824703985238,0.35656507675574867
0.3711899883836595,1.992312453521691,0.8450358905885182,89.96744497918344,0.4674851672602893,0.3017089111010181
0.314083836324635,1.6866388035990403,0.9493296748739338,89.90306296605605,0.39556437229716795,0.25529215554701534
0.265763246120845,1.4273204295680604,1.2498233129099146,90.33654908488823,0.6970354073788269,0.216016439309013
0.2248765928714842,1.2077335355206977,1.0575436683081798,90.43066975631062,0.5897991908590073,0.1827831409537802
0.1911764053492624,1.0219283762098212,0.8948446424146139,90.52899224212237,0.9054828973792489,0.15466265773012172
0.16925887045520205,0.8647086260236948,0.7571762358892887,90.38243361369419,0.76617783624398,0.1308684026947184
0.2673894694689522,0.7316765297123572,0.6406875842140135,91.00725017057192,0.6483043229756752,0.11073480228014633
0.4325391146582577,0.6191109097566099,0.5471595917845158,91.29539384138067,0.9520917024069658,0.09369867885243151
1.0226959065002406,0.5238630774863622,0.46298119304843643,91.59885962555335,0.8056160558828172,0.07928349749051897
1.2621524157432278,0.4432687578730757,0.39175331719483075,91.61533911340592,0.6816751242085376,0.08114047408552708
2.60137412743389,0.37507356435414096,0.3314835760879337,91.57517983069022,0.5768020281764549,0.06865732422621522
3.409667234595795,0.31736993906888844,0.3403489062559818,91.68167094896218,1.019634859214556,0.05809465896064365
4.017890459829577,0.5587519215861876,0.28798753606275385,92.15713192429409,1.1064111655888738,0.049157019120544626
4.63034694091645,0.9202792033727278,0.24368176128386862,92.72410929066103,0.9361940631905855,0.04159440079430699
5.19381067813149,0.7786977874692312,0.20629455497929822,92.75889716483702,0.7923687981779295,0.03519526221056746
6.068780133357596,1.3407324877566333,0.17455693113632928,92.71183250046798,0.8385981442288472,0.02978060648586477
5.99592613733484,1.1344659511786896,0.14770201865381705,92.76792666324835,0.7095830451167169,0.02519897471880865
5.280371689437611,0.9599327279204297,0.12497863116861443,92.38104984656265,0.6004164227910682,0.021322209377453473
4.468006814139517,0.8122507697788252,0.10575114945036607,92.58296120620176,0.5080446654385962,0.01804186947322986
3.815862296537475,0.6872891128897751,0.08948174184261744,92.80514854757735,0.6197887847184227,0.015266197246579112
3.7401069853284254,0.5815523262913482,0.07592246060831592,90.62160364782383,0.5244366639925115,0.012917551516336171
3.4522326714921374,0.4920827376311407,0.0642420820531904,90.86170932150644,0.44375410030135587,0.010930235898438298
2.921119952801039,0.41637770107250366,0.05435868481423803,91.16981082867235,1.1556487471631551,0.009248661144832405
2.5535754443836467,1.083619570971284,0.04616649366122956,91.65715664414395,1.1630728962985037,0.007825790199473574
2.456123901982229,2.254285780549768,0.039366022029051526,91.89459641411607,1.4352894639826577,0.00662182247647764
2.1706780347477803,2.142846593008197,0.3639726325976227,92.79420053759553,1.7815067780108327,0.0056030805570195415
2.0962074774026056,2.5635105509569533,0.30797801301511096,93.40560705657916,1.6420387494595166,0.00474106816363192
1.773714019340666,2.526941420228977,0.2605967802435554,93.89188050465003,1.4132222356009378,0.004011673061534701
1.500834939442102,2.1381812017322113,0.22050496789839305,93.76846619543433,1.9552984010344692,0.0033944925905293626
1.2699372564510092,2.042219107832382,0.18658112668325563,94.5076289346358,2.1182077683011955,0.002872262961217153
1.074562293920085,2.2734574446943823,0.15787633796275474,94.88468278233661,2.174528465871662,0.038389593066404895
0.9092450179323794,1.9236947608952466,0.2678593775236432,95.02447955123337,2.216543296964291,0.03248350182541953
0.7693611690197056,1.6709756402848643,0.22665024252000576,95.36629885160849,1.9844188741591968,0.027486040006124215
0.7244967271547719,1.4139024648564236,0.19178097444000486,95.71315067142059,1.6915291295154862,0.02325741846672049
0.613035692207884,1.79168941405612,0.6845678676794403,95.77309061840128,1.815633332279106,0.12747000251469442
0.5187225087912865,1.563434608896405,0.5792497341902957,96.29291438628395,1.6243221173238898,0.10785923289704913
0.724039533846314,1.3741216845568867,0.4901343904687117,96.14685034582486,1.5618662411254995,0.09126550475904156
0.6126488363314966,1.1627183484712116,0.4147290996273714,96.24200524268036,1.639447469877121,0.28749502456486825
0.8153629060227765,1.2342017659385855,0.350924622761622,96.5902643425066,1.7984433062914686,0.24326502078565776
1.0462637959171293,1.0443245711788032,0.296936219259834,97.11483905904404,1.6699220436080588,0.20583963297247965
0.8853001350068016,0.8836592525359103,0.2512537239890903,97.3947417903165,1.729455153287388,0.1741719971305597
1.1850826035560547,0.7477116752226933,0.21259930491384563,97.33967076715493,1.463385129704713,0.14737630526431975
1.0027622030089691,0.7780693735421823,0.17989171954248473,97.60238240763992,1.4929029976098191,0.12470302753134747
0.8484910948537432,0.6583663929972311,0.15221607038210247,97.42121040836365,1.2632256133621544,0.10551794637267863
0.7179540033377827,0.9175773394785627,0.12879821340024056,95.11108617089776,1.0688832113064386,0.3249507082230017
0.6074995412858162,1.0581877992377187,0.1089831036463574,95.47581731160034,0.9044396403362173,0.27495829157330914
0.5140380733956906,0.9504507795585388,0.09221647231614856,95.3308031644916,0.7684672700841744,0.29375317873185564
0.43495529287327667,0.8042275827033789,0.07802932272904879,95.4188167725193,0.6502415362250706,0.24856038200387784
0.3680390939696956,0.6805002622874744,0.06602481153996435,95.51918019930471,0.550204376805829,0.21032032323405048
0.3114283474044247,0.5758079142432476,0.055867148226123695,95.64706640651943,0.46555754960493223,0.17796335042881195
0.26351629395759013,0.487222081282748,0.047272202345181584,96.31674849782414,0.39393331120417346,0.15058437343976397
0.2229753256564224,0.42188929158389993,0.03999955583053826,96.5296699495204,0.6198636091823404,0.12741754675672334
0.18867142940158815,0.3569832467248384,0.033845778010455456,96.44435928321258,0.7979725629471744,0.10781484725568898
0.1596450556474977,0.36685658300716256,0.028638735239616152,96.21891448332578,0.9640736884643116,0.09122794767789066
0.13508427785557497,0.3104171086983683,0.0751037618058527,96.33043050401757,1.0393266842731104,0.07719287880436902
0.1143020812624096,0.2626606304370809,0.0635493369126446,96.0700327571307,1.1574467942945765,0.06531705129600456
0.09671714568357735,0.22225130267753002,0.053772515849160804,95.99062087739492,0.9793780567107955,0.05526827417354232
0.08183758480918082,0.18805879457329464,0.045499821103136065,95.89608115215819,0.8287045095245192,0.046765462762228115
0.06924718714622995,0.1591266723312493,0.03849984862573051,95.8156291285853,0.7012115080592086,0.03957077618342379
0.058593773739117644,0.23679913039969042,0.032576794991002744,95.8234926152689,0.5933328145116381,0.5121922006473445
0.04957934701002262,0.2003684949535842,0.027564980377002325,95.46351000125294,0.5020508430483092,0.43339340054775305
0.04195175516232683,0.48954876728128743,0.023324214165155812,94.75666603457063,0.9301973471534356,0.36671749277117566
0.03549763898350732,0.41423357231493546,0.01973587352436261,94.5190310266697,0.9157761777450487,0.31029941696022556
0.05913722491152915,0.5268686132128532,0.016699585289845286,94.33323937918502,0.8757762798318345,0.26256104512019085
0.050039190309755434,1.1309884721647918,0.014130418322176779,94.43624831175126,0.8381725139801293,0.22216703817862302
0.15459213383166576,1.2502383114068338,0.01195650781107266,94.11705606260298,0.7215366272603965,0.18798749384345023
0.1308087286267941,1.1907516161409726,0.010117045070907636,94.12081576641168,0.6105309922972585,0.15906634094445787
0.11068430883805654,1.4469717958285624,0.008560576598460308,94.1647886962912,0.6021508003428246,0.13459459618377204
0.0936559536322017,1.224360750316476,0.007243564814081799,92.58829727970226,0.5095122156746977,0.40044313796386377
0.07924734538109374,1.0359975579600949,0.006129170227299982,93.03080831341829,0.4311257209555135,0.5291506713376947
0.0670554460916947,0.8766133182739264,0.38348513750681945,93.20133700193396,0.36479868696235757,0.49209562613707875
0.056739223616049356,0.7417497308471686,0.32448742404423186,93.84640410756508,0.3086758120450718,0.6109891797671754
0.27893846323001026,0.6276343876399118,0.45821096089943136,93.5903939084174,0.6903157775493802,0.5169908444183792
0.2360248535023163,0.5310752510799254,0.3877169669149035,93.27044964601042,0.5841133502340909,0.4374537914309362
0.19971333757888304,0.4493713662983983,0.32806820277414905,92.9613645814968,0.49424975789038467,0.3701532081338691
0.1689882087205933,0.38023730994479854,0.27759617157812616,92.87761434728608,0.41821133359955626,0.31320656072865843
0.14299002276357897,1.7022728283942694,0.2349060158824554,92.50002626210429,0.3538711284303937,0.888552607579257
0.12099155772302837,1.4403847009489972,0.198996353832941,92.36939846472826,0.2994294163641793,0.8543970907752882
0.10237747191948554,1.2187870546491515,0.1684016797733286,92.607326362315,0.25336335230815166,0.7229715341091609
0.18597213067115362,1.0312813539338974,0.1426289232974364,93.14253142653375,0.2143843750299745,0.6179867698016271
0.1573610336448223,0.8726226840979131,0.1209857852840908,93.30260629563453,0.1814021634869015,0.5232116554030215
0.36505870875522467,0.7383730403905417,0.10237258754807683,93.59364676075367,0.1534941383350705,0.4568304165038836
0.3088958304851901,0.6247771880227662,0.08662295869452655,93.98193502254831,0.12987965551429043,0.4204552426885725
0.6524425575396571,0.5286576206346483,0.21896195541952415,94.54576934838695,0.10989817005055343,0.43967709324321974
0.684481877157811,0.4473256789985485,0.49730429262831044,95.16510153654721,0.5630592150991857,0.375298964314783
0.8682778494718726,0.767329838115371,0.5426299387339115,95.49433394587882,0.6848001978314519,0.3175606621125086
0.9760121171535955,1.352927522359173,0.4867214948861679,95.84810169951975,1.171639410996417,0.2687051756336611
1.2699786507068358,1.5319206013989306,0.4118412649036805,96.09405629895375,1.5604326683083378,0.22736591784386712
1.5545775505547679,2.2693060679277766,0.8968348352884892,96.21804653631472,2.268306388379608,0.19238654586788753
1.5956663681901804,2.465582546605381,1.212325899394098,95.77927174262959,3.3461169421363226,0.16278861573436637
1.5628757502456687,2.9836507017811273,1.4050774094134888,95.57218565810881,3.8440958529659843,0.1377442133136946
1.3224333271309505,3.3050390846714297,1.8906782817322956,95.3622648983662,3.642915710776289,0.11655279588081852
1.1656578034751477,3.020797720400768,1.6041131380058615,91.00606584983882,3.3948345893362135,0.09862159651453874
1.0411499499260202,2.55605960956988,1.357326501389575,91.07351777714176,3.1637279051530585,0.08344904320460969
1.1185630087901084,2.1629787580587205,1.1486673919350934,91.1352063494708,3.27340172650979,0.07061072886543897
1.245634817829889,2.1867136865899734,1.032657988856368,91.41568366789038,3.296997315975715,0.05974753980921759
1.053998692009906,2.0000250562001014,0.8745814327168059,91.14155083996259,2.86592919314196,0.050555610607799506
1.9246340450723909,1.8938602663960293,0.883349933030671,91.01130088171192,2.425017009581658,0.042777824360445735
1.9048533090025777,1.6024971484889479,1.1219506824299523,90.57376964737082,2.0519374696460186,0.03619662061268485
1.9115247310417678,1.6201132918136252,0.9493428851330366,90.9300675006093,1.7362547820081695,0.03062790974919487
2.452520500057309,1.3708650930730675,0.8032901335741077,90.77968792417846,1.4691386616992204,0.02591592363393412
2.6952888522882668,1.1599627710618263,0.6797070361011681,90.97459008017738,1.2431173291301094,0.021928858459482715
3.306203458734085,1.3275326434794308,0.5751367228548345,91.39985853666941,1.0518685092639388,0.018555187927254607
3.0651112772519515,1.268649011837703,0.48665415010793694,91.82758656138685,0.8900425847617943,0.015700543630753898
3.007397903676134,1.0734722407857487,0.411784280860562,92.31213979058919,0.7531129563369028,0.013285075379868684
2.9243494115634308,0.940352427408192,0.3484328530358602,92.60346974333173,0.6372494245927638,0.011241217629119655
2.6159742809566313,0.7956828231915472,0.2948277987226509,92.55754730812592,0.5392110515784925,0.009511799532332015
2.2135166992709956,0.6732700811620784,0.2494696758422431,92.4403299143263,0.45625550518180136,0.2355347804847176
1.8729756686139194,0.5696900686756047,0.21108972571266724,92.52584001520954,0.3860623505384473,0.19929866041014568
1.7589418810638444,0.4820454427255117,0.1786143832953338,92.6399067653498,0.3266681427633016,0.16863732803935402
1.5567971901424182,0.40788460538312526,0.15113524740374398,92.61308113969626,0.2764115054151013,0.14269312372560725
1.3684103168017876,0.34513312763187526,0.1278836708800911,92.46748311756602,0.23388665842816264,0.1207403354601292
1.1578856526784358,0.2920357233808175,0.35843744189701776,92.80788346789932,0.19790409559306066,0.6370132148363541
0.9797493984202149,0.2471071505529994,0.30329322006670734,92.29756304285111,0.16745731165566674,1.0961245110985374
0.8290187217401819,0.209090665852538,0.2566327246718293,92.44360556256296,0.18408106241617966,1.071419357848302
0.7014773799340002,0.17695465433713833,0.2579963785902459,91.82458957082989,0.6436976295131687,1.330108605216761
0.593557783021077,0.14973086136219396,0.21830462803790035,89.50087047374963,0.5446672249726812,1.3537256246115839
0.5022412010178343,0.1268269233507465,0.317813247169237,89.99027637950434,0.5452238737697912,1.8973779355165379
0.4249733239381675,0.1074752132364613,0.26891890145089287,89.4915133454268,0.46134327780520795,2.0326318704649005
0.35959281256306486,0.0910237658023539,0.6677937104761664,89.9804724392229,0.39036738891209904,2.3492181195983424
0.3097738521185768,0.07705648147077508,0.8750834658391404,90.01994310907043,0.33031086754100686,3.2719534414039355
0.2621163364080265,0.06520163816757893,0.7404552403254265,90.21579696458913,0.27949381099623655,3.2731835565486738
0.22179074619140704,0.055170616911028314,0.8642989007653811,90.13428963117215,0.2364947631506617,3.3521152963152594
0.18766909293119058,0.046682829693947034,0.7313298391091686,89.80819776354632,0.20011095343517527,3.071079510417839
0.15879692478793045,0.03950085589487826,0.6193975719992086,89.71157534054998,0.16932465290668677,3.172575909828414
0.2873818630550959,0.033423801141820066,0.9574441188037568,89.23715163103637,0.143274706305658,3.188048935664909
0.286027242131345,0.028281677889232366,1.0628211111349022,89.08145312336187,0.4112848021152819,3.2733887312580423
0.5923415253513168,0.023930650521658155,0.9228344959584408,89.0134989420533,0.5580065420523632,3.27802826252314
0.5181812251733176,0.020249011979864593,0.7808599581186806,89.1731256524087,0.5935090276642493,3.021658581664461
0.8775965354917812,0.01713377936757773,0.6607276568696528,89.48815371825799,0.5021999464851339,2.7992375134361684
0.7425816838776611,0.014497813311027312,0.5925740223896032,89.25594213577011,0.6476453195025461,2.660588637377262
0.6283383478964825,0.012267380493946187,0.501408788175818,88.8043961469937,0.6860859837443981,2.7452811433826105
0.531670909758562,0.010380091187185235,0.4242689746103076,88.63004834486715,0.6331119960756286,2.7891850134818683
0.9080187649955306,0.00878315408146443,0.3589968246702603,88.15565007135062,0.9072892754270088,2.9491771884664235
1.139851512965221,0.07825695606822901,0.30376654395175867,88.0869034801248,0.9486435900012027,3.0344181686384233
1.2754547908002665,0.3253364426004954,0.25703322949764196,87.60539645913248,0.9695559856095415,3.053981140422266
1.0792309768309944,0.5545546000372172,0.21748965572877396,87.85063027898501,1.4117707063688145,2.7599653713000225
1.2203528729766702,0.8191087312904795,0.18402970869357796,87.87364899493522,2.1837211529363345,3.625146389867564
1.0326062771341056,0.6962687722924963,0.15571744581764288,87.86183725330459,2.10011249553611,3.7351276861672638
0.8737437729596278,0.8949708458730324,0.13187605152911802,87.92567581089669,1.8272009273436955,3.7369605588044132
0.739321654042762,0.7572830234310274,0.11158742821694602,85.80865459387681,1.6636776379827822,3.5508106521301612
0.6255798611131063,0.640777942903177,0.09442013156818509,85.97557587778361,1.7812753232497516,3.135709028703839
0.5293368055572438,0.8418984489407099,0.079893957480772,86.31347503457026,1.7014908795325983,2.861500455987317
0.44790037393305243,1.098907100386866,0.06760257940680708,86.61612143986407,1.9864789159384522,3.06080795722082
0.40222994693353237,1.2916932692374004,0.0573982389288984,87.07654068690628,1.8520785673599935,2.824545683206864
0.34034841663606585,1.9537887914407155,0.0492935417333679,87.54098926299858,1.7784627228140255,2.3900001934827313
0.2879871217689788,2.2730967743022936,0.04191511575396925,87.47195639667936,1.696506202879627,2.0223078560238497
0.24371102101359607,1.9979541002652708,0.3092490209521133,87.80467158590358,1.5371876525372583,1.7111835704817187
0.48534899460656555,1.690576546378306,0.261672248497942,87.76019797941599,1.3006972444546032,1.4479245596383774
0.4118697772051574,1.4304878469354898,0.30134660589941425,87.51403958785251,1.100589976076972,1.2251669350786267
0.4760703446328322,1.6326559531969653,1.0955388854220809,87.65779439421979,1.0113177356643368,1.0366797142972997
0.403742331093038,1.4450966026721521,0.9269944415109914,87.47332237856466,0.8557303917159773,0.8771905274823305
0.34184155198455485,1.2227740484148977,0.784379912047762,87.65904923029863,0.7240795622212116,0.742238138638895
0.33698111710262757,1.4346146251528151,0.6637060794250293,87.63428911951588,0.6126827064948713,0.6280476557713726
0.9429845600001069,1.213904682821613,0.6060614584826225,87.70377463832023,0.5184238285725834,0.5314249394988538
1.0886899574638687,1.6382958124410367,0.5128212341006806,87.62652464342729,0.43866631648449367,0.4496672564990301
1.5052825801867877,1.3862503028347237,0.43392565962365276,87.76352058273307,0.37117919087149465,0.3804876785761024
2.2713062592466207,1.1729810254755353,0.36716786583539857,88.13509343915288,0.31407469996818776,0.3219511126413174
2.2918145117009696,0.9925224061716068,0.3106805018607218,87.98626200667262,0.26575551535769737,0.2724201722349609
2.5297630230568204,1.307030413622876,0.2628835015744569,88.47350746756435,0.22487005145651312,0.23050937650650535
2.3926177607706633,1.105948811527049,0.22243988594761738,88.83093412726777,0.19027465892474188,0.23424962278817804
2.9411154123628074,0.9695436516154763,0.1882183650325993,89.37953705277057,0.16100163447478158,0.19821121928230448
3.4553004151055373,0.9504347612711107,0.1592616934891225,89.89774709478505,0.13623215224789212,0.1677171855465653
4.388110111108851,0.8228740178145105,0.14336114403303113,90.17669936275382,0.11527335959437027,0.1711217912617917
4.012373115092177,0.6963823299924604,0.12144732624441544,88.59383919683809,0.09753899657985175,0.14479536183690067
4.123997243961675,0.6450175203714631,0.5721132313824066,89.23991869744512,0.0825329971060284,0.49045385746539966
4.001409068108538,0.7516056678919063,0.48431938003775404,89.87151501346786,0.07494650228300191,0.41499941785533817
4.437995852554506,0.6459716704873135,0.4102494494181235,90.65786822444426,0.06341627116254009,0.5418598741835442
4.228400696222796,0.5465914134892653,0.8463924612206197,90.8815951712022,0.05614660067162939,0.803296217164098
3.7045417544224053,0.4625004267986091,0.7172314845933564,91.1139412808752,0.04750866210676333,0.971848823244979
3.134612253742035,0.3914051955950583,0.6068881792713016,91.39982488045864,0.092718091211732,1.0053328022934864
2.6523642147047988,1.2077528664319026,0.5135207670757167,91.74936249335956,0.07845376948685014,1.2654855883087552
2.6467280235255846,1.5839356517213177,0.43451757214099096,91.59940172551282,0.06638395879656549,1.3610163631352552
3.5905056842548286,1.7904408907332858,0.5614936411825757,91.94496183750495,0.056171042058632346,1.231527774121182
3.400046289610547,1.5534304187098036,1.2260322748380759,92.12512083172433,0.20933151306290276,2.4289409270360873
2.8769622450550782,1.31444112352368,1.483691815149219,92.05567109786651,0.27438125322569656,2.631679942212771
3.539368759624225,1.2629266564227606,2.503059050527178,92.0579105581198,0.3395813175338632,2.5746093282046933
4.235159560428134,1.2234047437542617,3.1261275929412005,91.78046003897387,0.28733803791326884,2.720952435709928
4.0785160129944416,1.0351886293305292,3.2221402074563126,91.35989598235034,0.32989497407457496,2.800469208206429
3.9349983844720406,0.8759288402027554,3.2377035463992283,90.7757412225453,0.6620894611565864,3.240121291070571
3.481390146882879,0.7411705570946392,2.739595308491655,90.51996214668328,0.7973115513342698,3.5772500069764717
2.9457916627470517,0.6271443175416178,2.3181191071852463,90.39371219245965,1.3636332120197023,3.7771177789818777
2.492592945401351,0.5306605763813689,1.9614853983875165,90.54086524721751,1.3029956515119685,3.6882032452295483
2.109117107647297,0.4490204877073122,1.6597184140202061,90.83628258601676,1.386748977431896,3.473205865931154
2.3482951748306227,0.37994041267541795,1.4043771195555592,90.94869025001772,1.173402980903912,3.2086012940123894
1.9870189940874496,0.32148804149458443,1.1883191011623961,91.14691175118355,1.3101231499484842,2.7953545942525317
1.6813237642278418,0.2720283428031099,1.005500777906643,91.38539036603092,1.560153389509522,2.3653000412906033
1.422658569731251,0.23017782852570837,0.85080835053639,91.58223021689713,1.3201297911234418,2.0014077272458954
1.2037880205418277,0.19476585490636864,0.7199147581461761,87.3259566142706,1.117032900181374,1.7628759836804346
1.4977097154298307,0.35820973085444385,0.6091586415083029,88.0793864103018,0.9451816847688547,1.4916642938834446
1.2672928361329336,0.3031005414922217,0.5154419274301025,87.6547650048838,0.7997691178813386,1.3402972547590726
2.5828736538647163,0.9999678051457844,0.4361431693639328,87.86032841394693,0.6767277151303633,2.1733911301597892
3.0098545862875734,1.4131204175726022,0.8425367169088297,88.78606178718691,0.5726157589564613,1.8390612403820064
2.962715751551006,1.1957172764075863,0.7129156835382405,89.47946943549324,0.4845210268093134,1.5561684046089834
2.5069133282354668,1.0117607723448807,0.6032363476092804,89.78283072691443,0.4099793303771114,1.3168513120925067
2.202866383705132,0.8561052689072068,0.510430755669391,90.00134904278373,0.3469055872421712,1.114421646439852
1.9189833483636958,0.7243967659984057,0.4319029471048693,89.95502204752646,0.29353549689722175,1.020620703862008
1.6965233986095682,0.6129511096909588,0.36545633985796633,90.14299091508983,0.24837618968226452,0.8640883848056907
2.2134014147687426,0.5186509389692727,0.30923228757212534,90.17786351252478,0.21016446819268536,0.7671925641051096
2.26069392301899,0.4388584868201539,0.5645477200312082,90.04690637529319,0.4633862723740819,1.118752811821141
2.735011689896297,0.3713417965401302,0.4776942246417916,90.02319169694609,0.43929395886559447,1.0429223530985476
3.036937362786481,0.3142122893801102,0.40420280546613135,90.29576675248362,0.3717102728862723,1.0925606126567362
3.087238530034117,0.26587193716778557,0.3420177584713419,90.83097208648849,0.314524077057615,1.0665461351018426
3.233825046600178,0.6722725815842627,0.2893996417834432,91.00576194732677,0.26613575751028956,0.9024621143169437
3.460198241354634,0.6060142878363514,0.24487661997060578,90.66529427085092,0.22519179481639887,0.763621789037414
3.6052720133433978,0.5127813204769126,0.7871221680608326,90.2998394066895,0.6192440867106402,1.3818858052736842
3.961432150073567,0.9584118983999923,0.6660264498976276,90.24430604511855,0.523975765678234,1.1692879890777328
4.1705764736608755,1.2753474958863664,0.5635608422210695,89.86691077674327,0.44336410942004423,0.9893975292196202
3.8641480118885028,1.0791401888269256,0.5245917749020325,89.62778206090918,0.37515424643234513,0.837182524724294
3.5809781817182142,0.9131186213150908,0.9582382920134127,89.6210257387322,0.31743820851967663,0.9030467158282975
3.4053388095398045,0.9240734287578901,0.8108170163190415,89.06309770571443,0.26860156105511096,0.7641164518547133
3.2045466312986286,0.7819082858720608,0.6860759368853427,89.06279293300827,0.22727824396970928,0.6900617733954921
3.114421898062904,1.223550582311272,0.5805257927491363,87.09624051210295,0.19231236028206172,0.5838984236423395
3.8074331547366214,1.505272842289581,0.4912141323261922,87.78142368618128,0.16272584331559067,0.4940678969281334
4.843621121973279,1.2736924050142608,0.4156427273529319,88.62858984280645,0.1376910981901152,0.4180574512468821
4.643093450453162,1.077739727319759,0.3516976923755577,88.67062704990371,0.11650785231471285,0.35374092028582327
5.056599793270981,2.51870260247433,0.2975903550870103,88.7073368446874,0.09858356734321856,0.29931924024185047
5.1955646734567855,2.9185616245599193,0.2518072235351626,89.23119042938994,0.0834168646750311,0.25327012635848883
4.567701188501397,2.888625926090851,0.21306765068359912,89.12086706433207,0.07058350087887247,0.21430549153410594
3.8651678416353388,3.087130750793204,0.18028801211689155,88.68462661845004,0.05972450074366131,0.18133541591347427
3.270930517683876,2.6511806728613876,0.152551394868139,89.04451961987309,0.05053611601386726,0.15343765961909359
2.8129762965140532,2.8956016300402685,0.12908194950380994,89.32121866077921,0.04276132893481076,0.12983186583154077
2.3811030993776376,3.1960318932466674,0.10922318804168533,89.23506070879927,0.03618266294483987,0.10985773262668834
2.015099218287288,3.2274659717821432,0.09241962065065683,89.43362966163373,0.0306160994148645,0.0929565429918132
2.1493125071643417,3.583276842992129,0.078361289820543,89.407908505427,0.02590593027411612,0.07881560872459839
1.8480709583413044,3.252759372266303,0.265872736666494,89.83061629844437,0.021920402539636716,0.27890886260921927
1.8130725458408667,3.1325747591350757,0.22496923871780264,90.18914734708788,0.018548032918154142,0.4069965364748578
1.857404863658317,3.204406804374773,0.8245356730864074,90.11082056017887,0.015694489392284277,0.5485430103482871
2.278994253021969,3.19979413122866,0.9924724846816573,90.51467929627336,0.01327995256270208,0.9390649632562041
2.488319546728065,3.220234177400253,1.4444575062776241,90.4558507792568,0.47050878461112017,1.7527474266085457
2.1782457900075634,3.08812431322807,1.50741735279401,90.12983068459125,0.5812122370813945,2.385284473582363
1.9356425853854529,3.441702875815961,1.7238339554509325,90.22374848686692,0.6528269711240035,2.9895584908232284
1.6378514184030755,3.5891286802778257,1.46143953054355,89.83191831049497,0.5631099849892524,3.7350171965472145
1.8510833438419894,3.886391058104447,1.7319445445658286,89.66416063257651,0.47647767960629045,5.028041915943033
2.9119708953134165,4.0584418072659405,2.796654021641544,89.96139977454351,0.4103156009228137,6.07101728078311
2.8678162280595867,4.165726599438354,3.6827284177005515,90.01644873750858,0.5912984187787513,7.211388811042761
2.6449133461712324,4.174394406238104,4.2043080206919665,88.20019135149883,0.6289249763916454,7.66882853696314
2.257332952921508,4.939339318514077,4.479084415700868,88.77671443368527,0.5321672877160075,8.176970639941866
1.9388477979355012,5.044208342830623,4.158612850691351,89.05791079923765,0.4502953972981603,8.275995197818688
2.9829303763325816,5.360729191549672,4.235243442487536,89.47037583847838,0.5193693582878997,8.3250876839706
3.051741808434672,4.987653032440533,4.096596354085979,89.99990946581306,0.43946638008976124,8.317075028389604
2.7711220071066234,5.150197961119998,3.466350761149674,90.2409637721605,0.37185616776825947,7.818172848203012
2.6497856464911886,4.524283710387338,2.933146320952346,90.42520703315994,0.31464752657314266,7.700531398390815
2.2421263162617753,4.101574002852801,2.482055308212406,90.42937688916982,0.2662402147926591,7.381334866737619
1.9525481254695818,3.4705626177985245,2.254743151347987,90.23614232425861,0.610460402772885,7.32014547141143
1.6522667655526493,2.9366299073679825,2.1971273232441537,90.27585959172889,0.5165434177309027,6.954973840512257
1.3980718785445492,2.676771856017096,1.8591077350527452,90.50535411143375,0.4370751996184561,6.38514376629937
1.1829843499272084,2.264960801245235,1.7548172865731106,90.56788054569058,0.3698328612156167,5.7251570964020635
1.000986757630715,1.9165052933613527,1.8951410116434078,90.63940749227663,0.3129354979516757,5.201659752525168
0.8469887949182973,1.6216583251519139,2.073686729727688,91.26274827083785,0.2647915751898794,4.813061720797681
1.2623365131558564,1.3721724289746964,1.7546580020772742,91.06001609366105,0.22405440977605182,5.047029581365365
1.068130895747263,1.1610689783632044,1.4847106171423088,91.13780833430891,0.18958450057973614,4.893010772738407
0.9038030656322995,0.9896638457078211,1.2562935991204152,91.44682802978032,0.1604176543366998,4.495262555973513
0.7647564401504073,0.8374078694450793,1.1613367074242014,92.04941506995704,0.20988833497490458,4.0638542735061165
0.6471016032041907,0.7085758895304517,0.9826695216666319,92.45202166361793,0.17759782190184234,3.8567755913004365
0.547547510403546,0.5995642142180746,1.153731961323421,92.93461479285895,0.20919639093157924,3.585796836660462
0.46330943187992357,0.5073235658768324,1.060784091246256,93.47233177115743,0.17701233078825934,3.875743892334757
0.39203105774455066,0.7200593155644309,0.8975865387468321,93.93665562122344,0.14977966451314254,3.7594280326794105
0.3317185873223121,0.9564665936463919,0.7594963020165503,94.32542321557649,0.12673663920342831,3.6462829422362013
0.2806849585034949,1.1208590239479672,0.6426507170909271,94.64142601616162,0.10723869471059316,3.5580282800553817
0.2375026571952649,1.0133536032804735,0.5437813760000153,92.78188589890482,0.09074043398588653,3.5716859571137984
0.20096378685753183,0.8574655036803224,0.4601227027692436,93.33087730432224,0.07678036721882707,3.2455478235634128
0.19357888352014435,1.4175553308103492,0.9564642006528283,93.34006929121811,0.0649680030313152,3.324744756885463
0.1637975168247375,1.6189970666704643,0.8093158620908547,93.8005005728788,0.0549729256418821,2.98566897384739
0.13859789885170096,2.2007620941276262,1.024306822497294,94.17636393082559,0.6767056489413089,2.720711991979739
0.11727514518220851,2.2577325569906037,0.8667211574977103,94.21154113951242,0.5725970875657229,2.566509746758017
0.09923281515417642,2.0991858997509563,0.733379440959601,94.02445232781075,0.48450522794022716,2.9074170526217755
0.08396622820738006,2.2046783355097213,0.7897801710856054,93.76785617240559,0.4099659621032691,2.959122405434462
0.07104834694470619,1.8654970531236104,0.9507290523314742,94.04651660806978,0.346894275625843,3.1028214114443426
0.06011783203013601,1.5785454994381953,0.8044630442804782,94.36737585502128,0.2935259255295595,3.1454790891159794
0.05086893479473047,1.3356923456784728,0.6806994990065585,94.65057665788447,0.24836809083270417,2.964707406846011
0.0430429448263104,1.1302012155740924,0.5759764991593956,95.02522688574835,0.21015761531998042,2.8335271556091763
0.036420953314570334,0.9563241054857704,0.4873647300579501,95.54726000671936,0.1778256745015219,3.0257663497434546
0.03081772972771336,0.8091973200264211,0.41238554081826545,95.89562176097401,0.15046787842436468,2.5602638343983073
0.026076540538834386,0.6847054246377409,0.34894161146160924,95.87653529783952,0.19561523701413217,2.303329879255745
0.022064765071321404,0.579366128539627,0.36516059015548685,96.20840094105597,0.16552058516580412,2.5400444886047855
0.018670185829579647,0.4902328779950689,0.3089820378238735,96.02219713588234,0.14005587975568043,2.149268413434818
0.01579784954810586,0.556006587515552,0.2614463396971237,95.66904371377615,0.11850882133172957,1.8186117344448463
0.01336741115608957,0.47046711251315937,0.22122382589756626,95.42478005707764,0.10027669497300194,1.6379047920163894
0.011310886362845019,0.4882370669833299,0.18718939114409452,95.4198521767588,0.08484951113100164,1.413168261108471
0.009570749999330401,0.7419116350328216,0.20659008044819163,95.7350871579862,0.15590415451041645,1.1957577593994755
0.00809832692251034,0.7601885546696185,0.8326910517928225,95.8072994904575,0.1319188999703524,1.2241966878208352
0.006852430472893365,0.6786432427352779,1.3246329004054447,95.81742264117952,0.11162368459029816,1.8531079005795288
0.0691962431061736,0.7136521264475488,1.2160502381956875,95.87868794518155,0.0944508100379446,2.0927956139551123
0.05855066724368536,0.6996025938743673,1.2650619405116923,91.21243954087286,0.07991991618595312,1.9308057223682842
0.06378186247764187,0.6481188875561121,1.7832517006802722,91.32974940392823,0.06762454446503725,2.2852976125131135
0.053969268250312334,1.1229075957605186,1.5675484652988068,91.90144677875905,0.05722076839349307,2.3549912555864334
0.04566630390411044,1.6519635403128863,1.326387162945144,92.26876931527077,0.04841757325603259,2.339044944730163
0.12129606583067408,1.3983727243230286,1.2158265028024957,92.58792119463561,0.040968715832027575,2.5105346780039395
0.10276193222749572,1.183847747144261,1.2180350118420349,93.08392364536314,0.03466583647325411,2.942469146744756
0.08695240419249638,1.0026642781216268,1.0306450100201834,93.08582253281178,0.02933263086198424,3.1434214569269487
0.07371891042442924,0.8496904469085236,0.8720842392478474,93.12807300433145,0.024819918421678973,3.104126286783354
0.06237753958990166,0.7195243675224837,0.737917433209717,93.15603692218787,0.02100146943372836,3.9348220219712076
0.05304602732539064,0.6089611058539671,0.624391674254376,93.43513476508494,0.017770474136231687,4.025832814855473
