timestamp,degradation,progress,reference_detectable,simulated_failure,conventional_threshold
2026-01-01 00:00:00+00:00,False,0.0,False,False,False
2026-01-01 00:05:00+00:00,False,0.0,False,False,False
2026-01-01 00:10:00+00:00,False,0.0,False,False,False
2026-01-01 00:15:00+00:00,False,0.0,False,False,False
2026-01-01 00:20:00+00:00,False,0.0,False,False,False
2026-01-01 00:25:00+00:00,False,0.0,False,False,False
2026-01-01 00:30:00+00:00,False,0.0,False,False,False
2026-01-01 00:35:00+00:00,False,0.0,False,False,False
2026-01-01 00:40:00+00:00,False,0.0,False,False,False
2026-01-01 00:45:00+00:00,False,0.0,False,False,False
2026-01-01 00:50:00+00:00,False,0.0,False,False,False
2026-01-01 00:55:00+00:00,False,0.0,False,False,False
2026-01-01 01:00:00+00:00,False,0.0,False,False,False
2026-01-01 01:05:00+00:00,False,0.0,False,False,False
2026-01-01 01:10:00+00:00,False,0.0,False,False,False
2026-01-01 01:15:00+00:00,False,0.0,False,False,False
2026-01-01 01:20:00+00:00,False,0.0,False,False,False
2026-01-01 01:25:00+00:00,False,0.0,False,False,False
2026-01-01 01:30:00+00:00,False,0.0,False,False,False
2026-01-01 01:35:00+00:00,False,0.0,False,False,False
2026-01-01 01:40:00+00:00,False,0.0,False,False,False
2026-01-01 01:45:00+00:00,False,0.0,False,False,False
2026-01-01 01:50:00+00:00,False,0.0,False,False,False
2026-01-01 01:55:00+00:00,False,0.0,False,False,False
2026-01-01 02:00:00+00:00,False,0.0,False,False,False
2026-01-01 02:05:00+00:00,False,0.0,False,False,False
2026-01-01 02:10:00+00:00,False,0.0,False,False,False
2026-01-01 02:15:00+00:00,False,0.0,False,False,False
2026-01-01 02:20:00+00:00,False,0.0,False,False,False
2026-01-01 02:25:00+00:00,False,0.0,False,False,False
2026-01-01 02:30:00+00:00,False,0.0,False,False,False
2026-01-01 02:35:00+00:00,False,0.0,False,False,False
2026-01-01 02:40:00+00:00,False,0.0,False,False,False
2026-01-01 02:45:00+00:00,False,0.0,False,False,False
2026-01-01 02:50:00+00:00,False,0.0,False,False,False
2026-01-01 02:55:00+00:00,False,0.0,False,False,False
2026-01-01 03:00:00+00:00,False,0.0,False,False,False
2026-01-01 03:05:00+00:00,False,0.0,False,False,False
2026-01-01 03:10:00+00:00,False,0.0,False,False,False
2026-01-01 03:15:00+00:00,False,0.0,False,False,False
2026-01-01 03:20:00+00:00,False,0.0,False,False,False
2026-01-01 03:25:00+00:00,False,0.0,False,False,False
2026-01-01 03:30:00+00:00,False,0.0,False,False,False
2026-01-01 03:35:00+00:00,False,0.0,False,False,False
2026-01-01 03:40:00+00:00,False,0.0,False,False,False
2026-01-01 03:45:00+00:00,False,0.0,False,False,False
2026-01-01 03:50:00+00:00,False,0.0,False,False,False
2026-01-01 03:55:00+00:00,False,0.0,False,False,False
2026-01-01 04:00:00+00:00,False,0.0,False,False,False
2026-01-01 04:05:00+00:00,False,0.0,False,False,False
2026-01-01 04:10:00+00:00,False,0.0,False,False,False
2026-01-01 04:15:00+00:00,False,0.0,False,False,False
2026-01-01 04:20:00+00:00,False,0.0,False,False,False
2026-01-01 04:25:00+00:00,False,0.0,False,False,False
2026-01-01 04:30:00+00:00,False,0.0,False,False,False
2026-01-01 04:35:00+00:00,False,0.0,False,False,False
2026-01-01 04:40:00+00:00,False,0.0,False,False,False
2026-01-01 04:45:00+00:00,False,0.0,False,False,False
2026-01-01 04:50:00+00:00,False,0.0,False,False,False
2026-01-01 04:55:00+00:00,False,0.0,False,False,False
2026-01-01 05:00:00+00:00,False,0.0,False,False,False
2026-01-01 05:05:00+00:00,False,0.0,False,False,False
2026-01-01 05:10:00+00:00,False,0.0,False,False,False
2026-01-01 05:15:00+00:00,False,0.0,False,False,False
2026-01-01 05:20:00+00:00,False,0.0,False,False,False
2026-01-01 05:25:00+00:00,False,0.0,False,False,False
2026-01-01 05:30:00+00:00,False,0.0,False,False,False
2026-01-01 05:35:00+00:00,False,0.0,False,False,False
2026-01-01 05:40:00+00:00,False,0.0,False,False,False
2026-01-01 05:45:00+00:00,False,0.0,False,False,False
2026-01-01 05:50:00+00:00,False,0.0,False,False,False
2026-01-01 05:55:00+00:00,False,0.0,False,False,False
2026-01-01 06:00:00+00:00,False,0.0,False,False,False
2026-01-01 06:05:00+00:00,False,0.0,False,False,False
2026-01-01 06:10:00+00:00,False,0.0,False,False,False
2026-01-01 06:15:00+00:00,False,0.0,False,False,False
2026-01-01 06:20:00+00:00,False,0.0,False,False,False
2026-01-01 06:25:00+00:00,False,0.0,False,False,False
2026-01-01 06:30:00+00:00,False,0.0,False,False,False
2026-01-01 06:35:00+00:00,False,0.0,False,False,False
2026-01-01 06:40:00+00:00,False,0.0,False,False,False
2026-01-01 06:45:00+00:00,False,0.0,False,False,False
2026-01-01 06:50:00+00:00,False,0.0,False,False,False
2026-01-01 06:55:00+00:00,False,0.0,False,False,False
2026-01-01 07:00:00+00:00,False,0.0,False,False,False
2026-01-01 07:05:00+00:00,False,0.0,False,False,False
2026-01-01 07:10:00+00:00,False,0.0,False,False,False
2026-01-01 07:15:00+00:00,False,0.0,False,False,False
2026-01-01 07:20:00+00:00,False,0.0,False,False,False
2026-01-01 07:25:00+00:00,False,0.0,False,False,False
2026-01-01 07:30:00+00:00,False,0.0,False,False,False
2026-01-01 07:35:00+00:00,False,0.0,False,False,False
2026-01-01 07:40:00+00:00,False,0.0,False,False,False
2026-01-01 07:45:00+00:00,False,0.0,False,False,False
2026-01-01 07:50:00+00:00,False,0.0,False,False,False
2026-01-01 07:55:00+00:00,False,0.0,False,False,False
2026-01-01 08:00:00+00:00,False,0.0,False,False,False
2026-01-01 08:05:00+00:00,False,0.0,False,False,False
2026-01-01 08:10:00+00:00,False,0.0,False,False,False
2026-01-01 08:15:00+00:00,False,0.0,False,False,False
2026-01-01 08:20:00+00:00,False,0.0,False,False,False
2026-01-01 08:25:00+00:00,False,0.0,False,False,False
2026-01-01 08:30:00+00:00,False,0.0,False,False,False
2026-01-01 08:35:00+00:00,False,0.0,False,False,False
2026-01-01 08:40:00+00:00,False,0.0,False,False,False
2026-01-01 08:45:00+00:00,False,0.0,False,False,False
2026-01-01 08:50:00+00:00,False,0.0,False,False,False
2026-01-01 08:55:00+00:00,False,0.0,False,False,False
2026-01-01 09:00:00+00:00,False,0.0,False,False,False
2026-01-01 09:05:00+00:00,False,0.0,False,False,False
2026-01-01 09:10:00+00:00,False,0.0,False,False,False
2026-01-01 09:15:00+00:00,False,0.0,False,False,False
2026-01-01 09:20:00+00:00,False,0.0,False,False,False
2026-01-01 09:25:00+00:00,False,0.0,False,False,False
2026-01-01 09:30:00+00:00,False,0.0,False,False,False
2026-01-01 09:35:00+00:00,False,0.0,False,False,False
2026-01-01 09:40:00+00:00,False,0.0,False,False,False
2026-01-01 09:45:00+00:00,False,0.0,False,False,False
2026-01-01 09:50:00+00:00,False,0.0,False,False,False
2026-01-01 09:55:00+00:00,False,0.0,False,False,False
2026-01-01 10:00:00+00:00,False,0.0,False,False,False
2026-01-01 10:05:00+00:00,False,0.0,False,False,False
2026-01-01 10:10:00+00:00,False,0.0,False,False,False
2026-01-01 10:15:00+00:00,False,0.0,False,False,False
2026-01-01 10:20:00+00:00,False,0.0,False,False,False
2026-01-01 10:25:00+00:00,False,0.0,False,False,False
2026-01-01 10:30:00+00:00,False,0.0,False,False,False
2026-01-01 10:35:00+00:00,False,0.0,False,False,False
2026-01-01 10:40:00+00:00,False,0.0,False,False,False
2026-01-01 10:45:00+00:00,False,0.0,False,False,False
2026-01-01 10:50:00+00:00,False,0.0,False,False,False
2026-01-01 10:55:00+00:00,False,0.0,False,False,False
2026-01-01 11:00:00+00:00,False,0.0,False,False,False
2026-01-01 11:05:00+00:00,False,0.0,False,False,False
2026-01-01 11:10:00+00:00,False,0.0,False,False,False
2026-01-01 11:15:00+00:00,False,0.0,False,False,False
2026-01-01 11:20:00+00:00,False,0.0,False,False,False
2026-01-01 11:25:00+00:00,False,0.0,False,False,False
2026-01-01 11:30:00+00:00,False,0.0,False,False,False
2026-01-01 11:35:00+00:00,False,0.0,False,False,False
2026-01-01 11:40:00+00:00,False,0.0,False,False,False
2026-01-01 11:45:00+00:00,False,0.0,False,False,False
2026-01-01 11:50:00+00:00,False,0.0,False,False,False
2026-01-01 11:55:00+00:00,False,0.0,False,False,False
2026-01-01 12:00:00+00:00,False,0.0,False,False,False
2026-01-01 12:05:00+00:00,False,0.0,False,False,False
2026-01-01 12:10:00+00:00,False,0.0,False,False,False
2026-01-01 12:15:00+00:00,False,0.0,False,False,False
2026-01-01 12:20:00+00:00,False,0.0,False,False,False
2026-01-01 12:25:00+00:00,False,0.0,False,False,False
2026-01-01 12:30:00+00:00,False,0.0,False,False,False
2026-01-01 12:35:00+00:00,False,0.0,False,False,False
2026-01-01 12:40:00+00:00,False,0.0,False,False,False
2026-01-01 12:45:00+00:00,False,0.0,False,False,False
2026-01-01 12:50:00+00:00,False,0.0,False,False,False
2026-01-01 12:55:00+00:00,False,0.0,False,False,False
2026-01-01 13:00:00+00:00,False,0.0,False,False,False
2026-01-01 13:05:00+00:00,False,0.0,False,False,False
2026-01-01 13:10:00+00:00,False,0.0,False,False,False
2026-01-01 13:15:00+00:00,False,0.0,False,False,False
2026-01-01 13:20:00+00:00,False,0.0,False,False,False
2026-01-01 13:25:00+00:00,False,0.0,False,False,False
2026-01-01 13:30:00+00:00,False,0.0,False,False,False
2026-01-01 13:35:00+00:00,False,0.0,False,False,False
2026-01-01 13:40:00+00:00,False,0.0,False,False,False
2026-01-01 13:45:00+00:00,False,0.0,False,False,False
2026-01-01 13:50:00+00:00,False,0.0,False,False,False
2026-01-01 13:55:00+00:00,False,0.0,False,False,False
2026-01-01 14:00:00+00:00,False,0.0,False,False,False
2026-01-01 14:05:00+00:00,False,0.0,False,False,False
2026-01-01 14:10:00+00:00,False,0.0,False,False,False
2026-01-01 14:15:00+00:00,False,0.0,False,False,False
2026-01-01 14:20:00+00:00,False,0.0,False,False,False
2026-01-01 14:25:00+00:00,False,0.0,False,False,False
2026-01-01 14:30:00+00:00,False,0.0,False,False,False
2026-01-01 14:35:00+00:00,False,0.0,False,False,False
2026-01-01 14:40:00+00:00,False,0.0,False,False,False
2026-01-01 14:45:00+00:00,False,0.0,False,False,False
2026-01-01 14:50:00+00:00,False,0.0,False,False,False
2026-01-01 14:55:00+00:00,False,0.0,False,False,False
2026-01-01 15:00:00+00:00,False,0.0,False,False,False
2026-01-01 15:05:00+00:00,False,0.0,False,False,False
2026-01-01 15:10:00+00:00,False,0.0,False,False,False
2026-01-01 15:15:00+00:00,False,0.0,False,False,False
2026-01-01 15:20:00+00:00,False,0.0,False,False,False
2026-01-01 15:25:00+00:00,False,0.0,False,False,False
2026-01-01 15:30:00+00:00,False,0.0,False,False,False
2026-01-01 15:35:00+00:00,False,0.0,False,False,False
2026-01-01 15:40:00+00:00,False,0.0,False,False,False
2026-01-01 15:45:00+00:00,False,0.0,False,False,False
2026-01-01 15:50:00+00:00,False,0.0,False,False,False
2026-01-01 15:55:00+00:00,False,0.0,False,False,False
2026-01-01 16:00:00+00:00,False,0.0,False,False,False
2026-01-01 16:05:00+00:00,False,0.0,False,False,False
2026-01-01 16:10:00+00:00,False,0.0,False,False,False
2026-01-01 16:15:00+00:00,False,0.0,False,False,False
2026-01-01 16:20:00+00:00,False,0.0,False,False,False
2026-01-01 16:25:00+00:00,False,0.0,False,False,False
2026-01-01 16:30:00+00:00,False,0.0,False,False,False
2026-01-01 16:35:00+00:00,False,0.0,False,False,False
2026-01-01 16:40:00+00:00,False,0.0,False,False,False
2026-01-01 16:45:00+00:00,False,0.0,False,False,False
2026-01-01 16:50:00+00:00,False,0.0,False,False,False
2026-01-01 16:55:00+00:00,False,0.0,False,False,False
2026-01-01 17:00:00+00:00,False,0.0,False,False,False
2026-01-01 17:05:00+00:00,False,0.0,False,False,False
2026-01-01 17:10:00+00:00,False,0.0,False,False,False
2026-01-01 17:15:00+00:00,False,0.0,False,False,False
2026-01-01 17:20:00+00:00,False,0.0,False,False,False
2026-01-01 17:25:00+00:00,False,0.0,False,False,False
2026-01-01 17:30:00+00:00,False,0.0,False,False,False
2026-01-01 17:35:00+00:00,False,0.0,False,False,False
2026-01-01 17:40:00+00:00,False,0.0,False,False,False
2026-01-01 17:45:00+00:00,False,0.0,False,False,False
2026-01-01 17:50:00+00:00,False,0.0,False,False,False
2026-01-01 17:55:00+00:00,False,0.0,False,False,False
2026-01-01 18:00:00+00:00,False,0.0,False,False,False
2026-01-01 18:05:00+00:00,False,0.0,False,False,False
2026-01-01 18:10:00+00:00,False,0.0,False,False,False
2026-01-01 18:15:00+00:00,False,0.0,False,False,False
2026-01-01 18:20:00+00:00,False,0.0,False,False,False
2026-01-01 18:25:00+00:00,False,0.0,False,False,False
2026-01-01 18:30:00+00:00,False,0.0,False,False,False
2026-01-01 18:35:00+00:00,False,0.0,False,False,False
2026-01-01 18:40:00+00:00,False,0.0,False,False,False
2026-01-01 18:45:00+00:00,False,0.0,False,False,False
2026-01-01 18:50:00+00:00,False,0.0,False,False,False
2026-01-01 18:55:00+00:00,False,0.0,False,False,False
2026-01-01 19:00:00+00:00,False,0.0,False,False,False
2026-01-01 19:05:00+00:00,False,0.0,False,False,False
2026-01-01 19:10:00+00:00,False,0.0,False,False,False
2026-01-01 19:15:00+00:00,False,0.0,False,False,False
2026-01-01 19:20:00+00:00,False,0.0,False,False,False
2026-01-01 19:25:00+00:00,False,0.0,False,False,False
2026-01-01 19:30:00+00:00,False,0.0,False,False,False
2026-01-01 19:35:00+00:00,False,0.0,False,False,False
2026-01-01 19:40:00+00:00,False,0.0,False,False,False
2026-01-01 19:45:00+00:00,False,0.0,False,False,False
2026-01-01 19:50:00+00:00,False,0.0,False,False,False
2026-01-01 19:55:00+00:00,False,0.0,False,False,False
2026-01-01 20:00:00+00:00,False,0.0,False,False,False
2026-01-01 20:05:00+00:00,False,0.0,False,False,False
2026-01-01 20:10:00+00:00,False,0.0,False,False,False
2026-01-01 20:15:00+00:00,False,0.0,False,False,False
2026-01-01 20:20:00+00:00,False,0.0,False,False,False
2026-01-01 20:25:00+00:00,False,0.0,False,False,False
2026-01-01 20:30:00+00:00,False,0.0,False,False,False
2026-01-01 20:35:00+00:00,False,0.0,False,False,False
2026-01-01 20:40:00+00:00,False,0.0,False,False,False
2026-01-01 20:45:00+00:00,False,0.0,False,False,False
2026-01-01 20:50:00+00:00,False,0.0,False,False,False
2026-01-01 20:55:00+00:00,False,0.0,False,False,False
2026-01-01 21:00:00+00:00,False,0.0,False,False,False
2026-01-01 21:05:00+00:00,False,0.0,False,False,False
2026-01-01 21:10:00+00:00,False,0.0,False,False,False
2026-01-01 21:15:00+00:00,False,0.0,False,False,False
2026-01-01 21:20:00+00:00,False,0.0,False,False,False
2026-01-01 21:25:00+00:00,False,0.0,False,False,False
2026-01-01 21:30:00+00:00,False,0.0,False,False,False
2026-01-01 21:35:00+00:00,False,0.0,False,False,False
2026-01-01 21:40:00+00:00,False,0.0,False,False,False
2026-01-01 21:45:00+00:00,False,0.0,False,False,False
2026-01-01 21:50:00+00:00,False,0.0,False,False,False
2026-01-01 21:55:00+00:00,False,0.0,False,False,False
2026-01-01 22:00:00+00:00,False,0.0,False,False,False
2026-01-01 22:05:00+00:00,False,0.0,False,False,False
2026-01-01 22:10:00+00:00,False,0.0,False,False,False
2026-01-01 22:15:00+00:00,False,0.0,False,False,False
2026-01-01 22:20:00+00:00,False,0.0,False,False,False
2026-01-01 22:25:00+00:00,False,0.0,False,False,False
2026-01-01 22:30:00+00:00,False,0.0,False,False,False
2026-01-01 22:35:00+00:00,False,0.0,False,False,False
2026-01-01 22:40:00+00:00,False,0.0,False,False,False
2026-01-01 22:45:00+00:00,False,0.0,False,False,False
2026-01-01 22:50:00+00:00,False,0.0,False,False,False
2026-01-01 22:55:00+00:00,False,0.0,False,False,False
2026-01-01 23:00:00+00:00,False,0.0,False,False,False
2026-01-01 23:05:00+00:00,False,0.0,False,False,False
2026-01-01 23:10:00+00:00,False,0.0,False,False,False
2026-01-01 23:15:00+00:00,False,0.0,False,False,False
2026-01-01 23:20:00+00:00,False,0.0,False,False,False
2026-01-01 23:25:00+00:00,False,0.0,False,False,False
2026-01-01 23:30:00+00:00,False,0.0,False,False,False
2026-01-01 23:35:00+00:00,False,0.0,False,False,False
2026-01-01 23:40:00+00:00,False,0.0,False,False,False
2026-01-01 23:45:00+00:00,False,0.0,False,False,False
2026-01-01 23:50:00+00:00,False,0.0,False,False,False
2026-01-01 23:55:00+00:00,False,0.0,False,False,False
2026-01-02 00:00:00+00:00,False,0.0,False,False,False
2026-01-02 00:05:00+00:00,False,0.0,False,False,False
2026-01-02 00:10:00+00:00,False,0.0,False,False,False
2026-01-02 00:15:00+00:00,False,0.0,False,False,False
2026-01-02 00:20:00+00:00,False,0.0,False,False,False
2026-01-02 00:25:00+00:00,False,0.0,False,False,False
2026-01-02 00:30:00+00:00,False,0.0,False,False,False
2026-01-02 00:35:00+00:00,False,0.0,False,False,False
2026-01-02 00:40:00+00:00,False,0.0,False,False,False
2026-01-02 00:45:00+00:00,False,0.0,False,False,False
2026-01-02 00:50:00+00:00,False,0.0,False,False,False
2026-01-02 00:55:00+00:00,False,0.0,False,False,False
2026-01-02 01:00:00+00:00,False,0.0,False,False,False
2026-01-02 01:05:00+00:00,False,0.0,False,False,False
2026-01-02 01:10:00+00:00,False,0.0,False,False,False
2026-01-02 01:15:00+00:00,False,0.0,False,False,False
2026-01-02 01:20:00+00:00,False,0.0,False,False,False
2026-01-02 01:25:00+00:00,False,0.0,False,False,False
2026-01-02 01:30:00+00:00,False,0.0,False,False,False
2026-01-02 01:35:00+00:00,False,0.0,False,False,False
2026-01-02 01:40:00+00:00,False,0.0,False,False,False
2026-01-02 01:45:00+00:00,False,0.0,False,False,False
2026-01-02 01:50:00+00:00,False,0.0,False,False,False
2026-01-02 01:55:00+00:00,False,0.0,False,False,False
2026-01-02 02:00:00+00:00,False,0.0,False,False,False
2026-01-02 02:05:00+00:00,False,0.0,False,False,False
2026-01-02 02:10:00+00:00,False,0.0,False,False,False
2026-01-02 02:15:00+00:00,False,0.0,False,False,False
2026-01-02 02:20:00+00:00,False,0.0,False,False,False
2026-01-02 02:25:00+00:00,False,0.0,False,False,False
2026-01-02 02:30:00+00:00,False,0.0,False,False,False
2026-01-02 02:35:00+00:00,False,0.0,False,False,False
2026-01-02 02:40:00+00:00,False,0.0,False,False,False
2026-01-02 02:45:00+00:00,False,0.0,False,False,False
2026-01-02 02:50:00+00:00,False,0.0,False,False,False
2026-01-02 02:55:00+00:00,False,0.0,False,False,False
2026-01-02 03:00:00+00:00,False,0.0,False,False,False
2026-01-02 03:05:00+00:00,False,0.0,False,False,False
2026-01-02 03:10:00+00:00,False,0.0,False,False,False
2026-01-02 03:15:00+00:00,False,0.0,False,False,False
2026-01-02 03:20:00+00:00,False,0.0,False,False,False
2026-01-02 03:25:00+00:00,False,0.0,False,False,False
2026-01-02 03:30:00+00:00,False,0.0,False,False,False
2026-01-02 03:35:00+00:00,False,0.0,False,False,False
2026-01-02 03:40:00+00:00,False,0.0,False,False,False
2026-01-02 03:45:00+00:00,False,0.0,False,False,False
2026-01-02 03:50:00+00:00,False,0.0,False,False,False
2026-01-02 03:55:00+00:00,False,0.0,False,False,False
2026-01-02 04:00:00+00:00,False,0.0,False,False,False
2026-01-02 04:05:00+00:00,False,0.0,False,False,False
2026-01-02 04:10:00+00:00,False,0.0,False,False,False
2026-01-02 04:15:00+00:00,False,0.0,False,False,False
2026-01-02 04:20:00+00:00,False,0.0,False,False,False
2026-01-02 04:25:00+00:00,False,0.0,False,False,False
2026-01-02 04:30:00+00:00,False,0.0,False,False,False
2026-01-02 04:35:00+00:00,False,0.0,False,False,False
2026-01-02 04:40:00+00:00,False,0.0,False,False,False
2026-01-02 04:45:00+00:00,False,0.0,False,False,False
2026-01-02 04:50:00+00:00,False,0.0,False,False,False
2026-01-02 04:55:00+00:00,False,0.0,False,False,False
2026-01-02 05:00:00+00:00,False,0.0,False,False,False
2026-01-02 05:05:00+00:00,False,0.0,False,False,False
2026-01-02 05:10:00+00:00,False,0.0,False,False,False
2026-01-02 05:15:00+00:00,False,0.0,False,False,False
2026-01-02 05:20:00+00:00,False,0.0,False,False,False
2026-01-02 05:25:00+00:00,False,0.0,False,False,False
2026-01-02 05:30:00+00:00,False,0.0,False,False,False
2026-01-02 05:35:00+00:00,False,0.0,False,False,False
2026-01-02 05:40:00+00:00,False,0.0,False,False,False
2026-01-02 05:45:00+00:00,False,0.0,False,False,False
2026-01-02 05:50:00+00:00,False,0.0,False,False,False
2026-01-02 05:55:00+00:00,False,0.0,False,False,False
2026-01-02 06:00:00+00:00,False,0.0,False,False,False
2026-01-02 06:05:00+00:00,False,0.0,False,False,False
2026-01-02 06:10:00+00:00,False,0.0,False,False,False
2026-01-02 06:15:00+00:00,False,0.0,False,False,False
2026-01-02 06:20:00+00:00,False,0.0,False,False,False
2026-01-02 06:25:00+00:00,False,0.0,False,False,False
2026-01-02 06:30:00+00:00,False,0.0,False,False,False
2026-01-02 06:35:00+00:00,False,0.0,False,False,False
2026-01-02 06:40:00+00:00,False,0.0,False,False,False
2026-01-02 06:45:00+00:00,False,0.0,False,False,False
2026-01-02 06:50:00+00:00,False,0.0,False,False,False
2026-01-02 06:55:00+00:00,False,0.0,False,False,False
2026-01-02 07:00:00+00:00,False,0.0,False,False,False
2026-01-02 07:05:00+00:00,False,0.0,False,False,False
2026-01-02 07:10:00+00:00,False,0.0,False,False,False
2026-01-02 07:15:00+00:00,False,0.0,False,False,False
2026-01-02 07:20:00+00:00,False,0.0,False,False,False
2026-01-02 07:25:00+00:00,False,0.0,False,False,False
2026-01-02 07:30:00+00:00,False,0.0,False,False,False
2026-01-02 07:35:00+00:00,False,0.0,False,False,False
2026-01-02 07:40:00+00:00,False,0.0,False,False,False
2026-01-02 07:45:00+00:00,False,0.0,False,False,False
2026-01-02 07:50:00+00:00,False,0.0,False,False,False
2026-01-02 07:55:00+00:00,False,0.0,False,False,False
2026-01-02 08:00:00+00:00,False,0.0,False,False,False
2026-01-02 08:05:00+00:00,False,0.0,False,False,False
2026-01-02 08:10:00+00:00,False,0.0,False,False,False
2026-01-02 08:15:00+00:00,False,0.0,False,False,False
2026-01-02 08:20:00+00:00,False,0.0,False,False,False
2026-01-02 08:25:00+00:00,False,0.0,False,False,False
2026-01-02 08:30:00+00:00,False,0.0,False,False,False
2026-01-02 08:35:00+00:00,False,0.0,False,False,False
2026-01-02 08:40:00+00:00,False,0.0,False,False,False
2026-01-02 08:45:00+00:00,False,0.0,False,False,False
2026-01-02 08:50:00+00:00,False,0.0,False,False,False
2026-01-02 08:55:00+00:00,False,0.0,False,False,False
2026-01-02 09:00:00+00:00,False,0.0,False,False,False
2026-01-02 09:05:00+00:00,False,0.0,False,False,False
2026-01-02 09:10:00+00:00,False,0.0,False,False,False
2026-01-02 09:15:00+00:00,False,0.0,False,False,False
2026-01-02 09:20:00+00:00,False,0.0,False,False,False
2026-01-02 09:25:00+00:00,False,0.0,False,False,False
2026-01-02 09:30:00+00:00,False,0.0,False,False,False
2026-01-02 09:35:00+00:00,False,0.0,False,False,False
2026-01-02 09:40:00+00:00,False,0.0,False,False,False
2026-01-02 09:45:00+00:00,False,0.0,False,False,False
2026-01-02 09:50:00+00:00,False,0.0,False,False,False
2026-01-02 09:55:00+00:00,False,0.0,False,False,False
2026-01-02 10:00:00+00:00,False,0.0,False,False,False
2026-01-02 10:05:00+00:00,False,0.0,False,False,False
2026-01-02 10:10:00+00:00,False,0.0,False,False,False
2026-01-02 10:15:00+00:00,False,0.0,False,False,False
2026-01-02 10:20:00+00:00,False,0.0,False,False,False
2026-01-02 10:25:00+00:00,False,0.0,False,False,False
2026-01-02 10:30:00+00:00,False,0.0,False,False,False
2026-01-02 10:35:00+00:00,False,0.0,False,False,False
2026-01-02 10:40:00+00:00,False,0.0,False,False,False
2026-01-02 10:45:00+00:00,False,0.0,False,False,False
2026-01-02 10:50:00+00:00,False,0.0,False,False,False
2026-01-02 10:55:00+00:00,False,0.0,False,False,False
2026-01-02 11:00:00+00:00,False,0.0,False,False,False
2026-01-02 11:05:00+00:00,False,0.0,False,False,False
2026-01-02 11:10:00+00:00,False,0.0,False,False,False
2026-01-02 11:15:00+00:00,False,0.0,False,False,False
2026-01-02 11:20:00+00:00,False,0.0,False,False,False
2026-01-02 11:25:00+00:00,False,0.0,False,False,False
2026-01-02 11:30:00+00:00,False,0.0,False,False,False
2026-01-02 11:35:00+00:00,False,0.0,False,False,False
2026-01-02 11:40:00+00:00,False,0.0,False,False,False
2026-01-02 11:45:00+00:00,False,0.0,False,False,False
2026-01-02 11:50:00+00:00,False,0.0,False,False,False
2026-01-02 11:55:00+00:00,False,0.0,False,False,False
2026-01-02 12:00:00+00:00,False,0.0,False,False,False
2026-01-02 12:05:00+00:00,False,0.0,False,False,False
2026-01-02 12:10:00+00:00,False,0.0,False,False,False
2026-01-02 12:15:00+00:00,False,0.0,False,False,False
2026-01-02 12:20:00+00:00,False,0.0,False,False,False
2026-01-02 12:25:00+00:00,False,0.0,False,False,False
2026-01-02 12:30:00+00:00,False,0.0,False,False,False
2026-01-02 12:35:00+00:00,False,0.0,False,False,False
2026-01-02 12:40:00+00:00,False,0.0,False,False,False
2026-01-02 12:45:00+00:00,False,0.0,False,False,False
2026-01-02 12:50:00+00:00,False,0.0,False,False,False
2026-01-02 12:55:00+00:00,False,0.0,False,False,False
2026-01-02 13:00:00+00:00,False,0.0,False,False,False
2026-01-02 13:05:00+00:00,False,0.0,False,False,False
2026-01-02 13:10:00+00:00,False,0.0,False,False,False
2026-01-02 13:15:00+00:00,False,0.0,False,False,False
2026-01-02 13:20:00+00:00,False,0.0,False,False,False
2026-01-02 13:25:00+00:00,False,0.0,False,False,False
2026-01-02 13:30:00+00:00,False,0.0,False,False,False
2026-01-02 13:35:00+00:00,False,0.0,False,False,False
2026-01-02 13:40:00+00:00,False,0.0,False,False,False
2026-01-02 13:45:00+00:00,False,0.0,False,False,False
2026-01-02 13:50:00+00:00,False,0.0,False,False,False
2026-01-02 13:55:00+00:00,False,0.0,False,False,False
2026-01-02 14:00:00+00:00,False,0.0,False,False,False
2026-01-02 14:05:00+00:00,False,0.0,False,False,False
2026-01-02 14:10:00+00:00,False,0.0,False,False,False
2026-01-02 14:15:00+00:00,False,0.0,False,False,False
2026-01-02 14:20:00+00:00,False,0.0,False,False,False
2026-01-02 14:25:00+00:00,False,0.0,False,False,False
2026-01-02 14:30:00+00:00,False,0.0,False,False,False
2026-01-02 14:35:00+00:00,False,0.0,False,False,False
2026-01-02 14:40:00+00:00,False,0.0,False,False,False
2026-01-02 14:45:00+00:00,False,0.0,False,False,False
2026-01-02 14:50:00+00:00,False,0.0,False,False,False
2026-01-02 14:55:00+00:00,False,0.0,False,False,False
2026-01-02 15:00:00+00:00,False,0.0,False,False,False
2026-01-02 15:05:00+00:00,False,0.0,False,False,False
2026-01-02 15:10:00+00:00,False,0.0,False,False,False
2026-01-02 15:15:00+00:00,False,0.0,False,False,False
2026-01-02 15:20:00+00:00,False,0.0,False,False,False
2026-01-02 15:25:00+00:00,False,0.0,False,False,False
2026-01-02 15:30:00+00:00,False,0.0,False,False,False
2026-01-02 15:35:00+00:00,False,0.0,False,False,False
2026-01-02 15:40:00+00:00,False,0.0,False,False,False
2026-01-02 15:45:00+00:00,False,0.0,False,False,False
2026-01-02 15:50:00+00:00,False,0.0,False,False,False
2026-01-02 15:55:00+00:00,False,0.0,False,False,False
2026-01-02 16:00:00+00:00,False,0.0,False,False,False
2026-01-02 16:05:00+00:00,False,0.0,False,False,False
2026-01-02 16:10:00+00:00,False,0.0,False,False,False
2026-01-02 16:15:00+00:00,False,0.0,False,False,False
2026-01-02 16:20:00+00:00,False,0.0,False,False,False
2026-01-02 16:25:00+00:00,False,0.0,False,False,False
2026-01-02 16:30:00+00:00,False,0.0,False,False,False
2026-01-02 16:35:00+00:00,False,0.0,False,False,False
2026-01-02 16:40:00+00:00,False,0.0,False,False,False
2026-01-02 16:45:00+00:00,False,0.0,False,False,False
2026-01-02 16:50:00+00:00,False,0.0,False,False,False
2026-01-02 16:55:00+00:00,False,0.0,False,False,False
2026-01-02 17:00:00+00:00,False,0.0,False,False,False
2026-01-02 17:05:00+00:00,False,0.0,False,False,False
2026-01-02 17:10:00+00:00,False,0.0,False,False,False
2026-01-02 17:15:00+00:00,False,0.0,False,False,False
2026-01-02 17:20:00+00:00,False,0.0,False,False,False
2026-01-02 17:25:00+00:00,False,0.0,False,False,False
2026-01-02 17:30:00+00:00,False,0.0,False,False,False
2026-01-02 17:35:00+00:00,False,0.0,False,False,False
2026-01-02 17:40:00+00:00,False,0.0,False,False,False
2026-01-02 17:45:00+00:00,False,0.0,False,False,False
2026-01-02 17:50:00+00:00,False,0.0,False,False,False
2026-01-02 17:55:00+00:00,False,0.0,False,False,False
2026-01-02 18:00:00+00:00,False,0.0,False,False,False
2026-01-02 18:05:00+00:00,False,0.0,False,False,False
2026-01-02 18:10:00+00:00,False,0.0,False,False,False
2026-01-02 18:15:00+00:00,False,0.0,False,False,False
2026-01-02 18:20:00+00:00,False,0.0,False,False,False
2026-01-02 18:25:00+00:00,False,0.0,False,False,False
2026-01-02 18:30:00+00:00,False,0.0,False,False,False
2026-01-02 18:35:00+00:00,False,0.0,False,False,False
2026-01-02 18:40:00+00:00,False,0.0,False,False,False
2026-01-02 18:45:00+00:00,False,0.0,False,False,False
2026-01-02 18:50:00+00:00,False,0.0,False,False,False
2026-01-02 18:55:00+00:00,False,0.0,False,False,False
2026-01-02 19:00:00+00:00,False,0.0,False,False,False
2026-01-02 19:05:00+00:00,False,0.0,False,False,False
2026-01-02 19:10:00+00:00,False,0.0,False,False,False
2026-01-02 19:15:00+00:00,False,0.0,False,False,False
2026-01-02 19:20:00+00:00,False,0.0,False,False,False
2026-01-02 19:25:00+00:00,False,0.0,False,False,False
2026-01-02 19:30:00+00:00,False,0.0,False,False,False
2026-01-02 19:35:00+00:00,False,0.0,False,False,False
2026-01-02 19:40:00+00:00,False,0.0,False,False,False
2026-01-02 19:45:00+00:00,False,0.0,False,False,False
2026-01-02 19:50:00+00:00,False,0.0,False,False,False
2026-01-02 19:55:00+00:00,False,0.0,False,False,False
2026-01-02 20:00:00+00:00,False,0.0,False,False,False
2026-01-02 20:05:00+00:00,False,0.0,False,False,False
2026-01-02 20:10:00+00:00,False,0.0,False,False,False
2026-01-02 20:15:00+00:00,False,0.0,False,False,False
2026-01-02 20:20:00+00:00,False,0.0,False,False,False
2026-01-02 20:25:00+00:00,False,0.0,False,False,False
2026-01-02 20:30:00+00:00,False,0.0,False,False,False
2026-01-02 20:35:00+00:00,False,0.0,False,False,False
2026-01-02 20:40:00+00:00,False,0.0,False,False,False
2026-01-02 20:45:00+00:00,False,0.0,False,False,False
2026-01-02 20:50:00+00:00,False,0.0,False,False,False
2026-01-02 20:55:00+00:00,False,0.0,False,False,False
2026-01-02 21:00:00+00:00,False,0.0,False,False,False
2026-01-02 21:05:00+00:00,False,0.0,False,False,False
2026-01-02 21:10:00+00:00,False,0.0,False,False,False
2026-01-02 21:15:00+00:00,False,0.0,False,False,False
2026-01-02 21:20:00+00:00,False,0.0,False,False,False
2026-01-02 21:25:00+00:00,False,0.0,False,False,False
2026-01-02 21:30:00+00:00,False,0.0,False,False,False
2026-01-02 21:35:00+00:00,False,0.0,False,False,False
2026-01-02 21:40:00+00:00,False,0.0,False,False,False
2026-01-02 21:45:00+00:00,False,0.0,False,False,False
2026-01-02 21:50:00+00:00,False,0.0,False,False,False
2026-01-02 21:55:00+00:00,False,0.0,False,False,False
2026-01-02 22:00:00+00:00,False,0.0,False,False,False
2026-01-02 22:05:00+00:00,False,0.0,False,False,False
2026-01-02 22:10:00+00:00,False,0.0,False,False,False
2026-01-02 22:15:00+00:00,False,0.0,False,False,False
2026-01-02 22:20:00+00:00,False,0.0,False,False,False
2026-01-02 22:25:00+00:00,False,0.0,False,False,False
2026-01-02 22:30:00+00:00,False,0.0,False,False,False
2026-01-02 22:35:00+00:00,False,0.0,False,False,False
2026-01-02 22:40:00+00:00,False,0.0,False,False,False
2026-01-02 22:45:00+00:00,False,0.0,False,False,False
2026-01-02 22:50:00+00:00,False,0.0,False,False,False
2026-01-02 22:55:00+00:00,False,0.0,False,False,False
2026-01-02 23:00:00+00:00,False,0.0,False,False,False
2026-01-02 23:05:00+00:00,False,0.0,False,False,False
2026-01-02 23:10:00+00:00,False,0.0,False,False,False
2026-01-02 23:15:00+00:00,False,0.0,False,False,False
2026-01-02 23:20:00+00:00,False,0.0,False,False,False
2026-01-02 23:25:00+00:00,False,0.0,False,False,False
2026-01-02 23:30:00+00:00,False,0.0,False,False,False
2026-01-02 23:35:00+00:00,False,0.0,False,False,False
2026-01-02 23:40:00+00:00,False,0.0,False,False,False
2026-01-02 23:45:00+00:00,False,0.0,False,False,False
2026-01-02 23:50:00+00:00,False,0.0,False,False,False
2026-01-02 23:55:00+00:00,False,0.0,False,False,False
2026-01-03 00:00:00+00:00,False,0.0,False,False,False
2026-01-03 00:05:00+00:00,True,0.0005555555555555714,False,False,False
2026-01-03 00:10:00+00:00,True,0.0011111111111110953,False,False,False
2026-01-03 00:15:00+00:00,True,0.0016666666666666668,False,False,False
2026-01-03 00:20:00+00:00,True,0.002222222222222238,False,False,False
2026-01-03 00:25:00+00:00,True,0.002777777777777762,False,False,False
2026-01-03 00:30:00+00:00,True,0.0033333333333333335,False,False,False
2026-01-03 00:35:00+00:00,True,0.003888888888888905,False,False,False
2026-01-03 00:40:00+00:00,True,0.004444444444444429,False,False,False
2026-01-03 00:45:00+00:00,True,0.005,False,False,False
2026-01-03 00:50:00+00:00,True,0.005555555555555571,False,False,False
2026-01-03 00:55:00+00:00,True,0.006111111111111095,False,False,False
2026-01-03 01:00:00+00:00,True,0.006666666666666667,False,False,False
2026-01-03 01:05:00+00:00,True,0.007222222222222238,False,False,False
2026-01-03 01:10:00+00:00,True,0.007777777777777762,False,False,False
2026-01-03 01:15:00+00:00,True,0.008333333333333333,False,False,False
2026-01-03 01:20:00+00:00,True,0.008888888888888904,False,False,False
2026-01-03 01:25:00+00:00,True,0.009444444444444429,False,False,False
2026-01-03 01:30:00+00:00,True,0.01,False,False,False
2026-01-03 01:35:00+00:00,True,0.010555555555555571,False,False,False
2026-01-03 01:40:00+00:00,True,0.011111111111111096,False,False,False
2026-01-03 01:45:00+00:00,True,0.011666666666666667,False,False,False
2026-01-03 01:50:00+00:00,True,0.012222222222222238,False,False,False
2026-01-03 01:55:00+00:00,True,0.012777777777777761,False,False,False
2026-01-03 02:00:00+00:00,True,0.013333333333333334,False,False,False
2026-01-03 02:05:00+00:00,True,0.013888888888888905,False,False,False
2026-01-03 02:10:00+00:00,True,0.014444444444444428,False,False,False
2026-01-03 02:15:00+00:00,True,0.015,False,False,False
2026-01-03 02:20:00+00:00,True,0.01555555555555557,False,False,False
2026-01-03 02:25:00+00:00,True,0.016111111111111097,False,False,False
2026-01-03 02:30:00+00:00,True,0.016666666666666666,False,False,False
2026-01-03 02:35:00+00:00,True,0.01722222222222224,False,False,False
2026-01-03 02:40:00+00:00,True,0.01777777777777776,False,False,False
2026-01-03 02:45:00+00:00,True,0.018333333333333333,False,False,False
2026-01-03 02:50:00+00:00,True,0.018888888888888903,False,False,False
2026-01-03 02:55:00+00:00,True,0.019444444444444427,False,False,False
2026-01-03 03:00:00+00:00,True,0.02,False,False,False
2026-01-03 03:05:00+00:00,True,0.02055555555555557,False,False,False
2026-01-03 03:10:00+00:00,True,0.021111111111111094,False,False,False
2026-01-03 03:15:00+00:00,True,0.021666666666666667,False,False,False
2026-01-03 03:20:00+00:00,True,0.022222222222222237,False,False,False
2026-01-03 03:25:00+00:00,True,0.02277777777777776,False,False,False
2026-01-03 03:30:00+00:00,True,0.023333333333333334,False,False,False
2026-01-03 03:35:00+00:00,True,0.023888888888888904,False,False,False
2026-01-03 03:40:00+00:00,True,0.02444444444444443,False,False,False
2026-01-03 03:45:00+00:00,True,0.025,False,False,False
2026-01-03 03:50:00+00:00,True,0.02555555555555557,False,False,False
2026-01-03 03:55:00+00:00,True,0.026111111111111095,False,False,False
2026-01-03 04:00:00+00:00,True,0.02666666666666667,False,False,False
2026-01-03 04:05:00+00:00,True,0.027222222222222238,False,False,False
2026-01-03 04:10:00+00:00,True,0.027777777777777762,False,False,False
2026-01-03 04:15:00+00:00,True,0.028333333333333332,False,False,False
2026-01-03 04:20:00+00:00,True,0.028888888888888905,False,False,False
2026-01-03 04:25:00+00:00,True,0.02944444444444443,False,False,False
2026-01-03 04:30:00+00:00,True,0.03,False,False,False
2026-01-03 04:35:00+00:00,True,0.030555555555555572,False,False,False
2026-01-03 04:40:00+00:00,True,0.031111111111111096,False,False,False
2026-01-03 04:45:00+00:00,True,0.03166666666666667,False,False,False
2026-01-03 04:50:00+00:00,True,0.032222222222222235,False,False,False
2026-01-03 04:55:00+00:00,True,0.03277777777777776,False,False,False
2026-01-03 05:00:00+00:00,True,0.03333333333333333,False,False,False
2026-01-03 05:05:00+00:00,True,0.033888888888888906,False,False,False
2026-01-03 05:10:00+00:00,True,0.03444444444444443,False,False,False
2026-01-03 05:15:00+00:00,True,0.035,False,False,False
2026-01-03 05:20:00+00:00,True,0.03555555555555557,False,False,False
2026-01-03 05:25:00+00:00,True,0.036111111111111094,False,False,False
2026-01-03 05:30:00+00:00,True,0.03666666666666667,False,False,False
2026-01-03 05:35:00+00:00,True,0.03722222222222224,False,False,False
2026-01-03 05:40:00+00:00,True,0.037777777777777764,False,False,False
2026-01-03 05:45:00+00:00,True,0.03833333333333333,False,False,False
2026-01-03 05:50:00+00:00,True,0.0388888888888889,False,False,False
2026-01-03 05:55:00+00:00,True,0.03944444444444443,False,False,False
2026-01-03 06:00:00+00:00,True,0.04,False,False,False
2026-01-03 06:05:00+00:00,True,0.040555555555555574,False,False,False
2026-01-03 06:10:00+00:00,True,0.0411111111111111,False,False,False
2026-01-03 06:15:00+00:00,True,0.041666666666666664,False,False,False
2026-01-03 06:20:00+00:00,True,0.04222222222222224,False,False,False
2026-01-03 06:25:00+00:00,True,0.04277777777777776,False,False,False
2026-01-03 06:30:00+00:00,True,0.043333333333333335,False,False,False
2026-01-03 06:35:00+00:00,True,0.04388888888888891,False,False,False
2026-01-03 06:40:00+00:00,True,0.044444444444444425,False,False,False
2026-01-03 06:45:00+00:00,True,0.045,False,False,False
2026-01-03 06:50:00+00:00,True,0.04555555555555557,False,False,False
2026-01-03 06:55:00+00:00,True,0.046111111111111096,False,False,False
2026-01-03 07:00:00+00:00,True,0.04666666666666667,False,False,False
2026-01-03 07:05:00+00:00,True,0.047222222222222235,False,False,False
2026-01-03 07:10:00+00:00,True,0.04777777777777776,False,False,False
2026-01-03 07:15:00+00:00,True,0.04833333333333333,False,False,False
2026-01-03 07:20:00+00:00,True,0.048888888888888905,False,False,False
2026-01-03 07:25:00+00:00,True,0.04944444444444443,False,False,False
2026-01-03 07:30:00+00:00,True,0.05,False,False,False
2026-01-03 07:35:00+00:00,True,0.05055555555555557,False,False,False
2026-01-03 07:40:00+00:00,True,0.05111111111111109,False,False,False
2026-01-03 07:45:00+00:00,True,0.051666666666666666,False,False,False
2026-01-03 07:50:00+00:00,True,0.05222222222222224,False,False,False
2026-01-03 07:55:00+00:00,True,0.052777777777777764,False,False,False
2026-01-03 08:00:00+00:00,True,0.05333333333333334,False,False,False
2026-01-03 08:05:00+00:00,True,0.0538888888888889,False,False,False
2026-01-03 08:10:00+00:00,True,0.05444444444444443,False,False,False
2026-01-03 08:15:00+00:00,True,0.055,False,False,False
2026-01-03 08:20:00+00:00,True,0.05555555555555557,False,False,False
2026-01-03 08:25:00+00:00,True,0.0561111111111111,False,False,False
2026-01-03 08:30:00+00:00,True,0.056666666666666664,False,False,False
2026-01-03 08:35:00+00:00,True,0.05722222222222224,False,False,False
2026-01-03 08:40:00+00:00,True,0.05777777777777776,False,False,False
2026-01-03 08:45:00+00:00,True,0.058333333333333334,False,False,False
2026-01-03 08:50:00+00:00,True,0.05888888888888891,False,False,False
2026-01-03 08:55:00+00:00,True,0.05944444444444443,False,False,False
2026-01-03 09:00:00+00:00,True,0.06,False,False,False
2026-01-03 09:05:00+00:00,True,0.06055555555555557,False,False,False
2026-01-03 09:10:00+00:00,True,0.061111111111111095,False,False,False
2026-01-03 09:15:00+00:00,True,0.06166666666666667,False,False,False
2026-01-03 09:20:00+00:00,True,0.06222222222222224,False,False,False
2026-01-03 09:25:00+00:00,True,0.06277777777777777,False,False,False
2026-01-03 09:30:00+00:00,True,0.06333333333333334,False,False,False
2026-01-03 09:35:00+00:00,True,0.0638888888888889,False,False,False
2026-01-03 09:40:00+00:00,True,0.06444444444444443,False,False,False
2026-01-03 09:45:00+00:00,True,0.065,False,False,False
2026-01-03 09:50:00+00:00,True,0.06555555555555558,False,False,False
2026-01-03 09:55:00+00:00,True,0.06611111111111109,False,False,False
2026-01-03 10:00:00+00:00,True,0.06666666666666667,False,False,False
2026-01-03 10:05:00+00:00,True,0.06722222222222224,False,False,False
2026-01-03 10:10:00+00:00,True,0.06777777777777776,False,False,False
2026-01-03 10:15:00+00:00,True,0.06833333333333333,False,False,False
2026-01-03 10:20:00+00:00,True,0.0688888888888889,False,False,False
2026-01-03 10:25:00+00:00,True,0.06944444444444443,False,False,False
2026-01-03 10:30:00+00:00,True,0.07,False,False,False
2026-01-03 10:35:00+00:00,True,0.07055555555555557,False,False,False
2026-01-03 10:40:00+00:00,True,0.0711111111111111,False,False,False
2026-01-03 10:45:00+00:00,True,0.07166666666666667,False,False,False
2026-01-03 10:50:00+00:00,True,0.07222222222222224,True,False,False
2026-01-03 10:55:00+00:00,True,0.07277777777777776,True,False,False
2026-01-03 11:00:00+00:00,True,0.07333333333333333,True,False,False
2026-01-03 11:05:00+00:00,True,0.0738888888888889,True,False,False
2026-01-03 11:10:00+00:00,True,0.07444444444444442,True,False,False
2026-01-03 11:15:00+00:00,True,0.075,True,False,False
2026-01-03 11:20:00+00:00,True,0.07555555555555557,True,False,False
2026-01-03 11:25:00+00:00,True,0.0761111111111111,True,False,False
2026-01-03 11:30:00+00:00,True,0.07666666666666666,True,False,False
2026-01-03 11:35:00+00:00,True,0.07722222222222223,True,False,False
2026-01-03 11:40:00+00:00,True,0.07777777777777777,True,False,False
2026-01-03 11:45:00+00:00,True,0.07833333333333334,True,False,False
2026-01-03 11:50:00+00:00,True,0.07888888888888891,True,False,False
2026-01-03 11:55:00+00:00,True,0.07944444444444443,True,False,False
2026-01-03 12:00:00+00:00,True,0.08,True,False,False
2026-01-03 12:05:00+00:00,True,0.08055555555555557,True,False,False
2026-01-03 12:10:00+00:00,True,0.08111111111111109,True,False,False
2026-01-03 12:15:00+00:00,True,0.08166666666666667,True,False,False
2026-01-03 12:20:00+00:00,True,0.08222222222222224,True,False,False
2026-01-03 12:25:00+00:00,True,0.08277777777777776,True,False,False
2026-01-03 12:30:00+00:00,True,0.08333333333333333,True,False,False
2026-01-03 12:35:00+00:00,True,0.0838888888888889,True,False,False
2026-01-03 12:40:00+00:00,True,0.08444444444444443,True,False,False
2026-01-03 12:45:00+00:00,True,0.085,True,False,False
2026-01-03 12:50:00+00:00,True,0.08555555555555557,True,False,False
2026-01-03 12:55:00+00:00,True,0.0861111111111111,True,False,False
2026-01-03 13:00:00+00:00,True,0.08666666666666667,True,False,False
2026-01-03 13:05:00+00:00,True,0.08722222222222224,True,False,False
2026-01-03 13:10:00+00:00,True,0.08777777777777776,True,False,False
2026-01-03 13:15:00+00:00,True,0.08833333333333333,True,False,False
2026-01-03 13:20:00+00:00,True,0.0888888888888889,True,False,False
2026-01-03 13:25:00+00:00,True,0.08944444444444442,True,False,False
2026-01-03 13:30:00+00:00,True,0.09,True,False,False
2026-01-03 13:35:00+00:00,True,0.09055555555555557,True,False,False
2026-01-03 13:40:00+00:00,True,0.0911111111111111,True,False,False
2026-01-03 13:45:00+00:00,True,0.09166666666666666,True,False,False
2026-01-03 13:50:00+00:00,True,0.09222222222222223,True,False,False
2026-01-03 13:55:00+00:00,True,0.09277777777777776,True,False,False
2026-01-03 14:00:00+00:00,True,0.09333333333333334,True,False,False
2026-01-03 14:05:00+00:00,True,0.09388888888888891,True,False,False
2026-01-03 14:10:00+00:00,True,0.09444444444444443,True,False,False
2026-01-03 14:15:00+00:00,True,0.095,True,False,False
2026-01-03 14:20:00+00:00,True,0.09555555555555557,True,False,False
2026-01-03 14:25:00+00:00,True,0.09611111111111109,True,False,False
2026-01-03 14:30:00+00:00,True,0.09666666666666666,True,False,False
2026-01-03 14:35:00+00:00,True,0.09722222222222224,True,False,False
2026-01-03 14:40:00+00:00,True,0.09777777777777776,True,False,False
2026-01-03 14:45:00+00:00,True,0.09833333333333333,True,False,False
2026-01-03 14:50:00+00:00,True,0.0988888888888889,True,False,False
2026-01-03 14:55:00+00:00,True,0.09944444444444443,True,False,False
2026-01-03 15:00:00+00:00,True,0.1,True,False,False
2026-01-03 15:05:00+00:00,True,0.10055555555555556,True,False,False
2026-01-03 15:10:00+00:00,True,0.1011111111111111,True,False,False
2026-01-03 15:15:00+00:00,True,0.10166666666666667,True,False,False
2026-01-03 15:20:00+00:00,True,0.10222222222222224,True,False,False
2026-01-03 15:25:00+00:00,True,0.10277777777777776,True,False,False
2026-01-03 15:30:00+00:00,True,0.10333333333333333,True,False,False
2026-01-03 15:35:00+00:00,True,0.1038888888888889,True,False,False
2026-01-03 15:40:00+00:00,True,0.10444444444444442,True,False,False
2026-01-03 15:45:00+00:00,True,0.105,True,False,False
2026-01-03 15:50:00+00:00,True,0.10555555555555557,True,False,False
2026-01-03 15:55:00+00:00,True,0.1061111111111111,True,False,False
2026-01-03 16:00:00+00:00,True,0.10666666666666667,True,False,False
2026-01-03 16:05:00+00:00,True,0.10722222222222219,True,False,False
2026-01-03 16:10:00+00:00,True,0.1077777777777778,True,False,False
2026-01-03 16:15:00+00:00,True,0.10833333333333334,True,False,False
2026-01-03 16:20:00+00:00,True,0.10888888888888885,True,False,False
2026-01-03 16:25:00+00:00,True,0.10944444444444447,True,False,False
2026-01-03 16:30:00+00:00,True,0.11,True,False,False
2026-01-03 16:35:00+00:00,True,0.11055555555555552,True,False,False
2026-01-03 16:40:00+00:00,True,0.11111111111111115,True,False,False
2026-01-03 16:45:00+00:00,True,0.11166666666666666,True,False,False
2026-01-03 16:50:00+00:00,True,0.1122222222222222,True,False,False
2026-01-03 16:55:00+00:00,True,0.11277777777777781,True,False,False
2026-01-03 17:00:00+00:00,True,0.11333333333333333,True,False,False
2026-01-03 17:05:00+00:00,True,0.11388888888888886,True,False,False
2026-01-03 17:10:00+00:00,True,0.11444444444444447,True,False,False
2026-01-03 17:15:00+00:00,True,0.115,True,False,False
2026-01-03 17:20:00+00:00,True,0.11555555555555552,True,False,False
2026-01-03 17:25:00+00:00,True,0.11611111111111114,True,False,False
2026-01-03 17:30:00+00:00,True,0.11666666666666667,True,False,False
2026-01-03 17:35:00+00:00,True,0.11722222222222219,True,False,False
2026-01-03 17:40:00+00:00,True,0.11777777777777781,True,False,False
2026-01-03 17:45:00+00:00,True,0.11833333333333333,True,False,False
2026-01-03 17:50:00+00:00,True,0.11888888888888886,True,False,False
2026-01-03 17:55:00+00:00,True,0.11944444444444448,True,False,False
2026-01-03 18:00:00+00:00,True,0.12,True,False,False
2026-01-03 18:05:00+00:00,True,0.12055555555555553,True,False,False
2026-01-03 18:10:00+00:00,True,0.12111111111111114,True,False,False
2026-01-03 18:15:00+00:00,True,0.12166666666666667,True,False,False
2026-01-03 18:20:00+00:00,True,0.12222222222222219,True,False,False
2026-01-03 18:25:00+00:00,True,0.1227777777777778,True,False,False
2026-01-03 18:30:00+00:00,True,0.12333333333333334,True,False,False
2026-01-03 18:35:00+00:00,True,0.12388888888888885,True,False,False
2026-01-03 18:40:00+00:00,True,0.12444444444444448,True,False,False
2026-01-03 18:45:00+00:00,True,0.125,True,False,False
2026-01-03 18:50:00+00:00,True,0.12555555555555553,True,False,False
2026-01-03 18:55:00+00:00,True,0.12611111111111115,True,False,False
2026-01-03 19:00:00+00:00,True,0.12666666666666668,True,False,False
2026-01-03 19:05:00+00:00,True,0.12722222222222218,True,False,False
2026-01-03 19:10:00+00:00,True,0.1277777777777778,True,False,False
2026-01-03 19:15:00+00:00,True,0.12833333333333333,True,False,False
2026-01-03 19:20:00+00:00,True,0.12888888888888886,True,False,False
2026-01-03 19:25:00+00:00,True,0.12944444444444447,True,False,False
2026-01-03 19:30:00+00:00,True,0.13,True,False,False
2026-01-03 19:35:00+00:00,True,0.13055555555555554,True,False,False
2026-01-03 19:40:00+00:00,True,0.13111111111111115,True,False,False
2026-01-03 19:45:00+00:00,True,0.13166666666666665,True,False,False
2026-01-03 19:50:00+00:00,True,0.13222222222222219,True,False,False
2026-01-03 19:55:00+00:00,True,0.1327777777777778,True,False,False
2026-01-03 20:00:00+00:00,True,0.13333333333333333,True,False,False
2026-01-03 20:05:00+00:00,True,0.13388888888888886,True,False,False
2026-01-03 20:10:00+00:00,True,0.13444444444444448,True,False,False
2026-01-03 20:15:00+00:00,True,0.135,True,False,False
2026-01-03 20:20:00+00:00,True,0.1355555555555555,True,False,False
2026-01-03 20:25:00+00:00,True,0.13611111111111115,True,False,False
2026-01-03 20:30:00+00:00,True,0.13666666666666666,True,False,False
2026-01-03 20:35:00+00:00,True,0.1372222222222222,True,False,False
2026-01-03 20:40:00+00:00,True,0.1377777777777778,True,False,False
2026-01-03 20:45:00+00:00,True,0.13833333333333334,True,False,False
2026-01-03 20:50:00+00:00,True,0.13888888888888887,True,False,False
2026-01-03 20:55:00+00:00,True,0.13944444444444448,True,False,False
2026-01-03 21:00:00+00:00,True,0.14,True,False,False
2026-01-03 21:05:00+00:00,True,0.14055555555555552,True,False,False
2026-01-03 21:10:00+00:00,True,0.14111111111111113,True,False,False
2026-01-03 21:15:00+00:00,True,0.14166666666666666,True,False,False
2026-01-03 21:20:00+00:00,True,0.1422222222222222,True,False,False
2026-01-03 21:25:00+00:00,True,0.1427777777777778,True,False,False
2026-01-03 21:30:00+00:00,True,0.14333333333333334,True,False,False
2026-01-03 21:35:00+00:00,True,0.14388888888888884,True,False,False
2026-01-03 21:40:00+00:00,True,0.1444444444444445,True,False,False
2026-01-03 21:45:00+00:00,True,0.145,True,False,False
2026-01-03 21:50:00+00:00,True,0.14555555555555552,True,False,False
2026-01-03 21:55:00+00:00,True,0.14611111111111114,True,False,False
2026-01-03 22:00:00+00:00,True,0.14666666666666667,True,False,False
2026-01-03 22:05:00+00:00,True,0.1472222222222222,True,False,False
2026-01-03 22:10:00+00:00,True,0.1477777777777778,True,False,False
2026-01-03 22:15:00+00:00,True,0.14833333333333334,True,False,False
2026-01-03 22:20:00+00:00,True,0.14888888888888885,True,False,False
2026-01-03 22:25:00+00:00,True,0.14944444444444446,True,False,False
2026-01-03 22:30:00+00:00,True,0.15,True,False,False
2026-01-03 22:35:00+00:00,True,0.15055555555555553,True,False,False
2026-01-03 22:40:00+00:00,True,0.15111111111111114,True,False,False
2026-01-03 22:45:00+00:00,True,0.15166666666666667,True,False,False
2026-01-03 22:50:00+00:00,True,0.1522222222222222,True,False,False
2026-01-03 22:55:00+00:00,True,0.15277777777777782,True,False,False
2026-01-03 23:00:00+00:00,True,0.15333333333333332,True,False,False
2026-01-03 23:05:00+00:00,True,0.15388888888888885,True,False,False
2026-01-03 23:10:00+00:00,True,0.15444444444444447,True,False,False
2026-01-03 23:15:00+00:00,True,0.155,True,False,False
2026-01-03 23:20:00+00:00,True,0.15555555555555553,True,False,False
2026-01-03 23:25:00+00:00,True,0.15611111111111114,True,False,False
2026-01-03 23:30:00+00:00,True,0.15666666666666668,True,False,False
2026-01-03 23:35:00+00:00,True,0.15722222222222218,True,False,False
2026-01-03 23:40:00+00:00,True,0.15777777777777782,True,False,False
2026-01-03 23:45:00+00:00,True,0.15833333333333333,True,False,False
2026-01-03 23:50:00+00:00,True,0.15888888888888886,True,False,False
2026-01-03 23:55:00+00:00,True,0.15944444444444447,True,False,False
2026-01-04 00:00:00+00:00,True,0.16,True,False,False
2026-01-04 00:05:00+00:00,True,0.16055555555555553,True,False,False
2026-01-04 00:10:00+00:00,True,0.16111111111111115,True,False,False
2026-01-04 00:15:00+00:00,True,0.16166666666666665,True,False,False
2026-01-04 00:20:00+00:00,True,0.16222222222222218,True,False,False
2026-01-04 00:25:00+00:00,True,0.1627777777777778,True,False,False
2026-01-04 00:30:00+00:00,True,0.16333333333333333,True,False,False
2026-01-04 00:35:00+00:00,True,0.16388888888888886,True,False,False
2026-01-04 00:40:00+00:00,True,0.16444444444444448,True,False,False
2026-01-04 00:45:00+00:00,True,0.165,True,False,False
2026-01-04 00:50:00+00:00,True,0.1655555555555555,True,False,False
2026-01-04 00:55:00+00:00,True,0.16611111111111115,True,False,False
2026-01-04 01:00:00+00:00,True,0.16666666666666666,True,False,False
2026-01-04 01:05:00+00:00,True,0.1672222222222222,True,False,False
2026-01-04 01:10:00+00:00,True,0.1677777777777778,True,False,False
2026-01-04 01:15:00+00:00,True,0.16833333333333333,True,False,False
2026-01-04 01:20:00+00:00,True,0.16888888888888887,True,False,False
2026-01-04 01:25:00+00:00,True,0.16944444444444448,True,False,False
2026-01-04 01:30:00+00:00,True,0.17,True,False,False
2026-01-04 01:35:00+00:00,True,0.17055555555555552,True,False,False
2026-01-04 01:40:00+00:00,True,0.17111111111111113,True,False,False
2026-01-04 01:45:00+00:00,True,0.17166666666666666,True,False,False
2026-01-04 01:50:00+00:00,True,0.1722222222222222,True,False,False
2026-01-04 01:55:00+00:00,True,0.1727777777777778,True,False,False
2026-01-04 02:00:00+00:00,True,0.17333333333333334,True,False,False
2026-01-04 02:05:00+00:00,True,0.17388888888888887,True,False,False
2026-01-04 02:10:00+00:00,True,0.17444444444444449,True,False,False
2026-01-04 02:15:00+00:00,True,0.175,True,False,False
2026-01-04 02:20:00+00:00,True,0.17555555555555552,True,False,False
2026-01-04 02:25:00+00:00,True,0.17611111111111113,True,False,False
2026-01-04 02:30:00+00:00,True,0.17666666666666667,True,False,False
2026-01-04 02:35:00+00:00,True,0.1772222222222222,True,False,False
2026-01-04 02:40:00+00:00,True,0.1777777777777778,True,False,False
2026-01-04 02:45:00+00:00,True,0.17833333333333334,True,False,False
2026-01-04 02:50:00+00:00,True,0.17888888888888885,True,False,False
2026-01-04 02:55:00+00:00,True,0.1794444444444445,True,False,False
2026-01-04 03:00:00+00:00,True,0.18,True,False,False
2026-01-04 03:05:00+00:00,True,0.18055555555555552,True,False,False
2026-01-04 03:10:00+00:00,True,0.18111111111111114,True,False,False
2026-01-04 03:15:00+00:00,True,0.18166666666666667,True,False,False
2026-01-04 03:20:00+00:00,True,0.1822222222222222,True,False,False
2026-01-04 03:25:00+00:00,True,0.18277777777777782,True,False,False
2026-01-04 03:30:00+00:00,True,0.18333333333333332,True,False,False
2026-01-04 03:35:00+00:00,True,0.18388888888888885,True,False,False
2026-01-04 03:40:00+00:00,True,0.18444444444444447,True,False,False
2026-01-04 03:45:00+00:00,True,0.185,True,False,False
2026-01-04 03:50:00+00:00,True,0.18555555555555553,True,False,False
2026-01-04 03:55:00+00:00,True,0.18611111111111114,True,False,False
2026-01-04 04:00:00+00:00,True,0.18666666666666668,True,False,False
2026-01-04 04:05:00+00:00,True,0.18722222222222218,True,False,False
2026-01-04 04:10:00+00:00,True,0.18777777777777782,True,False,False
2026-01-04 04:15:00+00:00,True,0.18833333333333332,True,False,False
2026-01-04 04:20:00+00:00,True,0.18888888888888886,True,False,False
2026-01-04 04:25:00+00:00,True,0.18944444444444447,True,False,False
2026-01-04 04:30:00+00:00,True,0.19,True,False,False
2026-01-04 04:35:00+00:00,True,0.19055555555555553,True,False,False
2026-01-04 04:40:00+00:00,True,0.19111111111111115,True,False,False
2026-01-04 04:45:00+00:00,True,0.19166666666666668,True,False,False
2026-01-04 04:50:00+00:00,True,0.19222222222222218,True,False,False
2026-01-04 04:55:00+00:00,True,0.1927777777777778,True,False,False
2026-01-04 05:00:00+00:00,True,0.19333333333333333,True,False,False
2026-01-04 05:05:00+00:00,True,0.19388888888888886,True,False,False
2026-01-04 05:10:00+00:00,True,0.19444444444444448,True,False,False
2026-01-04 05:15:00+00:00,True,0.195,True,False,False
2026-01-04 05:20:00+00:00,True,0.1955555555555555,True,False,False
2026-01-04 05:25:00+00:00,True,0.19611111111111115,True,False,False
2026-01-04 05:30:00+00:00,True,0.19666666666666666,True,False,False
2026-01-04 05:35:00+00:00,True,0.1972222222222222,True,False,False
2026-01-04 05:40:00+00:00,True,0.1977777777777778,True,False,False
2026-01-04 05:45:00+00:00,True,0.19833333333333333,True,False,False
2026-01-04 05:50:00+00:00,True,0.19888888888888887,True,False,False
2026-01-04 05:55:00+00:00,True,0.19944444444444448,True,False,False
2026-01-04 06:00:00+00:00,True,0.2,True,False,False
2026-01-04 06:05:00+00:00,True,0.20055555555555551,True,False,False
2026-01-04 06:10:00+00:00,True,0.20111111111111113,True,False,False
2026-01-04 06:15:00+00:00,True,0.20166666666666666,True,False,False
2026-01-04 06:20:00+00:00,True,0.2022222222222222,True,False,False
2026-01-04 06:25:00+00:00,True,0.2027777777777778,True,False,False
2026-01-04 06:30:00+00:00,True,0.20333333333333334,True,False,False
2026-01-04 06:35:00+00:00,True,0.20388888888888887,True,False,False
2026-01-04 06:40:00+00:00,True,0.20444444444444448,True,False,False
2026-01-04 06:45:00+00:00,True,0.205,True,False,False
2026-01-04 06:50:00+00:00,True,0.20555555555555552,True,False,False
2026-01-04 06:55:00+00:00,True,0.20611111111111113,True,False,False
2026-01-04 07:00:00+00:00,True,0.20666666666666667,True,False,False
2026-01-04 07:05:00+00:00,True,0.2072222222222222,True,False,False
2026-01-04 07:10:00+00:00,True,0.2077777777777778,True,False,False
2026-01-04 07:15:00+00:00,True,0.20833333333333334,True,False,False
2026-01-04 07:20:00+00:00,True,0.20888888888888885,True,False,False
2026-01-04 07:25:00+00:00,True,0.2094444444444445,True,False,False
2026-01-04 07:30:00+00:00,True,0.21,True,False,False
2026-01-04 07:35:00+00:00,True,0.21055555555555552,True,False,False
2026-01-04 07:40:00+00:00,True,0.21111111111111114,True,False,False
2026-01-04 07:45:00+00:00,True,0.21166666666666667,True,False,False
2026-01-04 07:50:00+00:00,True,0.2122222222222222,True,False,False
2026-01-04 07:55:00+00:00,True,0.21277777777777782,True,False,False
2026-01-04 08:00:00+00:00,True,0.21333333333333335,True,False,False
2026-01-04 08:05:00+00:00,True,0.21388888888888885,True,False,False
2026-01-04 08:10:00+00:00,True,0.21444444444444447,True,False,False
2026-01-04 08:15:00+00:00,True,0.215,True,False,False
2026-01-04 08:20:00+00:00,True,0.21555555555555553,True,False,False
2026-01-04 08:25:00+00:00,True,0.21611111111111114,True,False,False
2026-01-04 08:30:00+00:00,True,0.21666666666666667,True,False,False
2026-01-04 08:35:00+00:00,True,0.21722222222222218,True,False,False
2026-01-04 08:40:00+00:00,True,0.21777777777777782,True,False,False
2026-01-04 08:45:00+00:00,True,0.21833333333333332,True,False,False
2026-01-04 08:50:00+00:00,True,0.21888888888888886,True,False,False
2026-01-04 08:55:00+00:00,True,0.21944444444444447,True,False,False
2026-01-04 09:00:00+00:00,True,0.22,True,False,False
2026-01-04 09:05:00+00:00,True,0.22055555555555553,True,False,False
2026-01-04 09:10:00+00:00,True,0.22111111111111115,True,False,False
2026-01-04 09:15:00+00:00,True,0.22166666666666668,True,False,False
2026-01-04 09:20:00+00:00,True,0.22222222222222218,True,False,False
2026-01-04 09:25:00+00:00,True,0.2227777777777778,True,False,False
2026-01-04 09:30:00+00:00,True,0.22333333333333333,True,False,False
2026-01-04 09:35:00+00:00,True,0.22388888888888886,True,False,False
2026-01-04 09:40:00+00:00,True,0.22444444444444447,True,False,False
2026-01-04 09:45:00+00:00,True,0.225,True,False,False
2026-01-04 09:50:00+00:00,True,0.22555555555555554,True,False,False
2026-01-04 09:55:00+00:00,True,0.22611111111111115,True,False,False
2026-01-04 10:00:00+00:00,True,0.22666666666666666,True,False,False
2026-01-04 10:05:00+00:00,True,0.2272222222222222,True,False,False
2026-01-04 10:10:00+00:00,True,0.2277777777777778,True,False,False
2026-01-04 10:15:00+00:00,True,0.22833333333333333,True,False,False
2026-01-04 10:20:00+00:00,True,0.22888888888888886,True,False,False
2026-01-04 10:25:00+00:00,True,0.22944444444444448,True,False,False
2026-01-04 10:30:00+00:00,True,0.23,True,False,False
2026-01-04 10:35:00+00:00,True,0.2305555555555555,True,False,False
2026-01-04 10:40:00+00:00,True,0.23111111111111116,True,False,False
2026-01-04 10:45:00+00:00,True,0.23166666666666666,True,False,False
2026-01-04 10:50:00+00:00,True,0.2322222222222222,True,False,False
2026-01-04 10:55:00+00:00,True,0.2327777777777778,True,False,False
2026-01-04 11:00:00+00:00,True,0.23333333333333334,True,False,False
2026-01-04 11:05:00+00:00,True,0.23388888888888887,True,False,False
2026-01-04 11:10:00+00:00,True,0.23444444444444448,True,False,False
2026-01-04 11:15:00+00:00,True,0.235,True,False,False
2026-01-04 11:20:00+00:00,True,0.23555555555555552,True,False,False
2026-01-04 11:25:00+00:00,True,0.23611111111111113,True,False,False
2026-01-04 11:30:00+00:00,True,0.23666666666666666,True,False,False
2026-01-04 11:35:00+00:00,True,0.2372222222222222,True,False,False
2026-01-04 11:40:00+00:00,True,0.2377777777777778,True,False,False
2026-01-04 11:45:00+00:00,True,0.23833333333333334,True,False,False
2026-01-04 11:50:00+00:00,True,0.23888888888888885,True,False,False
2026-01-04 11:55:00+00:00,True,0.2394444444444445,True,False,False
2026-01-04 12:00:00+00:00,True,0.24,True,False,False
2026-01-04 12:05:00+00:00,True,0.24055555555555552,True,False,False
2026-01-04 12:10:00+00:00,True,0.24111111111111114,True,False,False
2026-01-04 12:15:00+00:00,True,0.24166666666666667,True,False,False
2026-01-04 12:20:00+00:00,True,0.2422222222222222,True,False,False
2026-01-04 12:25:00+00:00,True,0.24277777777777781,True,False,False
2026-01-04 12:30:00+00:00,True,0.24333333333333335,True,False,False
2026-01-04 12:35:00+00:00,True,0.24388888888888885,True,False,False
2026-01-04 12:40:00+00:00,True,0.24444444444444446,True,False,False
2026-01-04 12:45:00+00:00,True,0.245,True,False,False
2026-01-04 12:50:00+00:00,True,0.24555555555555553,True,False,False
2026-01-04 12:55:00+00:00,True,0.24611111111111114,True,False,False
2026-01-04 13:00:00+00:00,True,0.24666666666666667,True,False,False
2026-01-04 13:05:00+00:00,True,0.2472222222222222,True,False,False
2026-01-04 13:10:00+00:00,True,0.24777777777777782,True,False,False
2026-01-04 13:15:00+00:00,True,0.24833333333333332,True,False,False
2026-01-04 13:20:00+00:00,True,0.24888888888888885,True,False,False
2026-01-04 13:25:00+00:00,True,0.24944444444444447,True,False,False
2026-01-04 13:30:00+00:00,True,0.25,True,False,False
2026-01-04 13:35:00+00:00,True,0.25055555555555553,True,False,False
2026-01-04 13:40:00+00:00,True,0.2511111111111111,True,False,False
2026-01-04 13:45:00+00:00,True,0.25166666666666665,True,False,False
2026-01-04 13:50:00+00:00,True,0.2522222222222222,True,False,False
2026-01-04 13:55:00+00:00,True,0.2527777777777778,True,False,False
2026-01-04 14:00:00+00:00,True,0.25333333333333335,True,False,False
2026-01-04 14:05:00+00:00,True,0.25388888888888883,True,False,False
2026-01-04 14:10:00+00:00,True,0.2544444444444445,True,False,False
2026-01-04 14:15:00+00:00,True,0.255,True,False,False
2026-01-04 14:20:00+00:00,True,0.25555555555555554,True,False,False
2026-01-04 14:25:00+00:00,True,0.2561111111111111,True,False,False
2026-01-04 14:30:00+00:00,True,0.25666666666666665,True,False,False
2026-01-04 14:35:00+00:00,True,0.2572222222222222,True,False,False
2026-01-04 14:40:00+00:00,True,0.25777777777777783,True,False,False
2026-01-04 14:45:00+00:00,True,0.25833333333333336,True,False,False
2026-01-04 14:50:00+00:00,True,0.25888888888888884,True,False,False
2026-01-04 14:55:00+00:00,True,0.2594444444444445,True,False,False
2026-01-04 15:00:00+00:00,True,0.26,True,False,False
2026-01-04 15:05:00+00:00,True,0.26055555555555554,True,False,False
2026-01-04 15:10:00+00:00,True,0.2611111111111111,True,False,False
2026-01-04 15:15:00+00:00,True,0.26166666666666666,True,False,False
2026-01-04 15:20:00+00:00,True,0.2622222222222222,True,False,False
2026-01-04 15:25:00+00:00,True,0.26277777777777783,True,False,False
2026-01-04 15:30:00+00:00,True,0.2633333333333333,True,False,False
2026-01-04 15:35:00+00:00,True,0.26388888888888884,True,False,False
2026-01-04 15:40:00+00:00,True,0.2644444444444445,True,False,False
2026-01-04 15:45:00+00:00,True,0.265,True,False,False
2026-01-04 15:50:00+00:00,True,0.26555555555555554,True,False,False
2026-01-04 15:55:00+00:00,True,0.26611111111111113,True,False,False
2026-01-04 16:00:00+00:00,True,0.26666666666666666,True,False,False
2026-01-04 16:05:00+00:00,True,0.2672222222222222,True,False,False
2026-01-04 16:10:00+00:00,True,0.26777777777777784,True,False,False
2026-01-04 16:15:00+00:00,True,0.2683333333333333,True,False,False
2026-01-04 16:20:00+00:00,True,0.26888888888888884,True,False,False
2026-01-04 16:25:00+00:00,True,0.2694444444444445,True,False,False
2026-01-04 16:30:00+00:00,True,0.27,True,False,False
2026-01-04 16:35:00+00:00,True,0.27055555555555555,True,False,False
2026-01-04 16:40:00+00:00,True,0.27111111111111114,True,False,False
2026-01-04 16:45:00+00:00,True,0.27166666666666667,True,False,False
2026-01-04 16:50:00+00:00,True,0.2722222222222222,True,False,False
2026-01-04 16:55:00+00:00,True,0.2727777777777778,True,False,False
2026-01-04 17:00:00+00:00,True,0.2733333333333333,True,False,False
2026-01-04 17:05:00+00:00,True,0.27388888888888885,True,False,False
2026-01-04 17:10:00+00:00,True,0.2744444444444445,True,False,False
2026-01-04 17:15:00+00:00,True,0.275,True,False,False
2026-01-04 17:20:00+00:00,True,0.2755555555555555,True,False,False
2026-01-04 17:25:00+00:00,True,0.27611111111111114,True,False,False
2026-01-04 17:30:00+00:00,True,0.27666666666666667,True,False,False
2026-01-04 17:35:00+00:00,True,0.2772222222222222,True,False,False
2026-01-04 17:40:00+00:00,True,0.2777777777777778,True,False,False
2026-01-04 17:45:00+00:00,True,0.2783333333333333,True,False,False
2026-01-04 17:50:00+00:00,True,0.27888888888888885,True,False,False
2026-01-04 17:55:00+00:00,True,0.2794444444444445,True,False,False
2026-01-04 18:00:00+00:00,True,0.28,True,False,False
2026-01-04 18:05:00+00:00,True,0.2805555555555555,True,False,False
2026-01-04 18:10:00+00:00,True,0.28111111111111114,True,False,False
2026-01-04 18:15:00+00:00,True,0.2816666666666667,True,False,False
2026-01-04 18:20:00+00:00,True,0.2822222222222222,True,False,False
2026-01-04 18:25:00+00:00,True,0.2827777777777778,True,False,False
2026-01-04 18:30:00+00:00,True,0.2833333333333333,True,False,False
2026-01-04 18:35:00+00:00,True,0.28388888888888886,True,False,False
2026-01-04 18:40:00+00:00,True,0.2844444444444445,True,False,False
2026-01-04 18:45:00+00:00,True,0.285,True,False,False
2026-01-04 18:50:00+00:00,True,0.2855555555555555,True,False,False
2026-01-04 18:55:00+00:00,True,0.28611111111111115,True,False,False
2026-01-04 19:00:00+00:00,True,0.2866666666666667,True,False,False
2026-01-04 19:05:00+00:00,True,0.2872222222222222,True,False,False
2026-01-04 19:10:00+00:00,True,0.2877777777777778,True,False,False
2026-01-04 19:15:00+00:00,True,0.28833333333333333,True,False,False
2026-01-04 19:20:00+00:00,True,0.28888888888888886,True,False,False
2026-01-04 19:25:00+00:00,True,0.28944444444444445,True,False,False
2026-01-04 19:30:00+00:00,True,0.29,True,False,False
2026-01-04 19:35:00+00:00,True,0.2905555555555555,True,False,False
2026-01-04 19:40:00+00:00,True,0.29111111111111115,True,False,False
2026-01-04 19:45:00+00:00,True,0.2916666666666667,True,False,False
2026-01-04 19:50:00+00:00,True,0.2922222222222222,True,False,False
2026-01-04 19:55:00+00:00,True,0.2927777777777778,True,False,False
2026-01-04 20:00:00+00:00,True,0.29333333333333333,True,False,False
2026-01-04 20:05:00+00:00,True,0.29388888888888887,True,False,False
2026-01-04 20:10:00+00:00,True,0.29444444444444445,True,False,False
2026-01-04 20:15:00+00:00,True,0.295,True,False,False
2026-01-04 20:20:00+00:00,True,0.2955555555555555,True,False,False
2026-01-04 20:25:00+00:00,True,0.29611111111111116,True,False,False
2026-01-04 20:30:00+00:00,True,0.2966666666666667,True,False,False
2026-01-04 20:35:00+00:00,True,0.29722222222222217,True,False,False
2026-01-04 20:40:00+00:00,True,0.2977777777777778,True,False,False
2026-01-04 20:45:00+00:00,True,0.29833333333333334,True,False,False
2026-01-04 20:50:00+00:00,True,0.29888888888888887,True,False,False
2026-01-04 20:55:00+00:00,True,0.29944444444444446,True,False,False
2026-01-04 21:00:00+00:00,True,0.3,True,False,False
2026-01-04 21:05:00+00:00,True,0.3005555555555555,True,False,False
2026-01-04 21:10:00+00:00,True,0.30111111111111116,True,False,False
2026-01-04 21:15:00+00:00,True,0.3016666666666667,True,False,False
2026-01-04 21:20:00+00:00,True,0.30222222222222217,True,False,False
2026-01-04 21:25:00+00:00,True,0.3027777777777778,True,False,False
2026-01-04 21:30:00+00:00,True,0.30333333333333334,True,False,False
2026-01-04 21:35:00+00:00,True,0.3038888888888889,True,False,False
2026-01-04 21:40:00+00:00,True,0.30444444444444446,True,False,False
2026-01-04 21:45:00+00:00,True,0.305,True,False,False
2026-01-04 21:50:00+00:00,True,0.3055555555555555,True,False,False
2026-01-04 21:55:00+00:00,True,0.30611111111111117,True,False,False
2026-01-04 22:00:00+00:00,True,0.30666666666666664,True,False,False
2026-01-04 22:05:00+00:00,True,0.3072222222222222,True,False,False
2026-01-04 22:10:00+00:00,True,0.3077777777777778,True,False,False
2026-01-04 22:15:00+00:00,True,0.30833333333333335,True,False,False
2026-01-04 22:20:00+00:00,True,0.3088888888888889,True,False,False
2026-01-04 22:25:00+00:00,True,0.30944444444444447,True,False,False
2026-01-04 22:30:00+00:00,True,0.31,True,False,False
2026-01-04 22:35:00+00:00,True,0.31055555555555553,True,False,False
2026-01-04 22:40:00+00:00,True,0.3111111111111111,True,False,False
2026-01-04 22:45:00+00:00,True,0.31166666666666665,True,False,False
2026-01-04 22:50:00+00:00,True,0.3122222222222222,True,False,False
2026-01-04 22:55:00+00:00,True,0.3127777777777778,True,False,False
2026-01-04 23:00:00+00:00,True,0.31333333333333335,True,False,False
2026-01-04 23:05:00+00:00,True,0.3138888888888889,True,False,False
2026-01-04 23:10:00+00:00,True,0.31444444444444447,True,False,False
2026-01-04 23:15:00+00:00,True,0.315,True,False,False
2026-01-04 23:20:00+00:00,True,0.31555555555555553,True,False,False
2026-01-04 23:25:00+00:00,True,0.3161111111111111,True,False,False
2026-01-04 23:30:00+00:00,True,0.31666666666666665,True,False,False
2026-01-04 23:35:00+00:00,True,0.3172222222222222,True,False,False
2026-01-04 23:40:00+00:00,True,0.3177777777777778,True,False,False
2026-01-04 23:45:00+00:00,True,0.31833333333333336,True,False,False
2026-01-04 23:50:00+00:00,True,0.31888888888888883,True,False,False
2026-01-04 23:55:00+00:00,True,0.3194444444444445,True,False,False
2026-01-05 00:00:00+00:00,True,0.32,True,False,False
2026-01-05 00:05:00+00:00,True,0.32055555555555554,True,False,False
2026-01-05 00:10:00+00:00,True,0.3211111111111111,True,False,False
2026-01-05 00:15:00+00:00,True,0.32166666666666666,True,False,False
2026-01-05 00:20:00+00:00,True,0.3222222222222222,True,False,False
2026-01-05 00:25:00+00:00,True,0.32277777777777783,True,False,False
2026-01-05 00:30:00+00:00,True,0.3233333333333333,True,False,False
2026-01-05 00:35:00+00:00,True,0.32388888888888884,True,False,False
2026-01-05 00:40:00+00:00,True,0.3244444444444445,True,False,False
2026-01-05 00:45:00+00:00,True,0.325,True,False,False
2026-01-05 00:50:00+00:00,True,0.32555555555555554,True,False,False
2026-01-05 00:55:00+00:00,True,0.32611111111111113,True,False,False
2026-01-05 01:00:00+00:00,True,0.32666666666666666,True,False,False
2026-01-05 01:05:00+00:00,True,0.3272222222222222,True,False,False
2026-01-05 01:10:00+00:00,True,0.32777777777777783,True,False,False
2026-01-05 01:15:00+00:00,True,0.3283333333333333,True,False,False
2026-01-05 01:20:00+00:00,True,0.32888888888888884,True,False,False
2026-01-05 01:25:00+00:00,True,0.3294444444444445,True,False,False
2026-01-05 01:30:00+00:00,True,0.33,True,False,False
2026-01-05 01:35:00+00:00,True,0.33055555555555555,True,False,False
2026-01-05 01:40:00+00:00,True,0.33111111111111113,True,False,False
2026-01-05 01:45:00+00:00,True,0.33166666666666667,True,False,False
2026-01-05 01:50:00+00:00,True,0.3322222222222222,True,False,False
2026-01-05 01:55:00+00:00,True,0.3327777777777778,True,False,False
2026-01-05 02:00:00+00:00,True,0.3333333333333333,True,False,False
2026-01-05 02:05:00+00:00,True,0.33388888888888885,True,False,False
2026-01-05 02:10:00+00:00,True,0.3344444444444445,True,False,False
2026-01-05 02:15:00+00:00,True,0.335,True,False,False
2026-01-05 02:20:00+00:00,True,0.33555555555555555,True,False,False
2026-01-05 02:25:00+00:00,True,0.33611111111111114,True,False,False
2026-01-05 02:30:00+00:00,True,0.33666666666666667,True,False,False
2026-01-05 02:35:00+00:00,True,0.3372222222222222,True,False,False
2026-01-05 02:40:00+00:00,True,0.3377777777777778,True,False,False
2026-01-05 02:45:00+00:00,True,0.3383333333333333,True,False,False
2026-01-05 02:50:00+00:00,True,0.33888888888888885,True,False,False
2026-01-05 02:55:00+00:00,True,0.3394444444444445,True,False,False
2026-01-05 03:00:00+00:00,True,0.34,True,False,False
2026-01-05 03:05:00+00:00,True,0.3405555555555555,True,False,False
2026-01-05 03:10:00+00:00,True,0.34111111111111114,True,False,False
2026-01-05 03:15:00+00:00,True,0.3416666666666667,True,False,False
2026-01-05 03:20:00+00:00,True,0.3422222222222222,True,False,False
2026-01-05 03:25:00+00:00,True,0.3427777777777778,True,False,False
2026-01-05 03:30:00+00:00,True,0.3433333333333333,True,False,False
2026-01-05 03:35:00+00:00,True,0.34388888888888886,True,False,False
2026-01-05 03:40:00+00:00,True,0.3444444444444445,True,False,False
2026-01-05 03:45:00+00:00,True,0.345,True,False,False
2026-01-05 03:50:00+00:00,True,0.3455555555555555,True,False,False
2026-01-05 03:55:00+00:00,True,0.34611111111111115,True,False,False
2026-01-05 04:00:00+00:00,True,0.3466666666666667,True,False,False
2026-01-05 04:05:00+00:00,True,0.3472222222222222,True,False,False
2026-01-05 04:10:00+00:00,True,0.3477777777777778,True,False,False
2026-01-05 04:15:00+00:00,True,0.34833333333333333,True,False,False
2026-01-05 04:20:00+00:00,True,0.34888888888888886,True,False,False
2026-01-05 04:25:00+00:00,True,0.3494444444444445,True,False,False
2026-01-05 04:30:00+00:00,True,0.35,True,False,False
2026-01-05 04:35:00+00:00,True,0.3505555555555555,True,False,False
2026-01-05 04:40:00+00:00,True,0.35111111111111115,True,False,False
2026-01-05 04:45:00+00:00,True,0.3516666666666667,True,False,False
2026-01-05 04:50:00+00:00,True,0.3522222222222222,True,False,False
2026-01-05 04:55:00+00:00,True,0.3527777777777778,True,False,False
2026-01-05 05:00:00+00:00,True,0.35333333333333333,True,False,False
2026-01-05 05:05:00+00:00,True,0.35388888888888886,True,False,False
2026-01-05 05:10:00+00:00,True,0.35444444444444445,True,False,False
2026-01-05 05:15:00+00:00,True,0.355,True,False,False
2026-01-05 05:20:00+00:00,True,0.3555555555555555,True,False,False
2026-01-05 05:25:00+00:00,True,0.35611111111111116,True,False,False
2026-01-05 05:30:00+00:00,True,0.3566666666666667,True,False,False
2026-01-05 05:35:00+00:00,True,0.35722222222222216,True,False,False
2026-01-05 05:40:00+00:00,True,0.3577777777777778,True,False,False
2026-01-05 05:45:00+00:00,True,0.35833333333333334,True,False,False
2026-01-05 05:50:00+00:00,True,0.35888888888888887,True,False,False
2026-01-05 05:55:00+00:00,True,0.35944444444444446,True,False,False
2026-01-05 06:00:00+00:00,True,0.36,True,False,False
2026-01-05 06:05:00+00:00,True,0.3605555555555555,True,False,False
2026-01-05 06:10:00+00:00,True,0.36111111111111116,True,False,False
2026-01-05 06:15:00+00:00,True,0.3616666666666667,True,False,False
2026-01-05 06:20:00+00:00,True,0.36222222222222217,True,False,False
2026-01-05 06:25:00+00:00,True,0.3627777777777778,True,False,False
2026-01-05 06:30:00+00:00,True,0.36333333333333334,True,False,False
2026-01-05 06:35:00+00:00,True,0.3638888888888889,True,False,False
2026-01-05 06:40:00+00:00,True,0.36444444444444446,True,False,False
2026-01-05 06:45:00+00:00,True,0.365,True,False,False
2026-01-05 06:50:00+00:00,True,0.3655555555555555,True,False,False
2026-01-05 06:55:00+00:00,True,0.36611111111111116,True,False,False
2026-01-05 07:00:00+00:00,True,0.36666666666666664,True,False,False
2026-01-05 07:05:00+00:00,True,0.36722222222222217,True,False,False
2026-01-05 07:10:00+00:00,True,0.3677777777777778,True,False,False
2026-01-05 07:15:00+00:00,True,0.36833333333333335,True,False,False
2026-01-05 07:20:00+00:00,True,0.3688888888888889,True,False,False
2026-01-05 07:25:00+00:00,True,0.36944444444444446,True,False,False
2026-01-05 07:30:00+00:00,True,0.37,True,False,False
2026-01-05 07:35:00+00:00,True,0.3705555555555555,True,False,False
2026-01-05 07:40:00+00:00,True,0.37111111111111117,True,False,False
2026-01-05 07:45:00+00:00,True,0.37166666666666665,True,False,False
2026-01-05 07:50:00+00:00,True,0.3722222222222222,True,False,False
2026-01-05 07:55:00+00:00,True,0.3727777777777778,True,False,False
2026-01-05 08:00:00+00:00,True,0.37333333333333335,True,False,False
2026-01-05 08:05:00+00:00,True,0.3738888888888889,True,False,False
2026-01-05 08:10:00+00:00,True,0.37444444444444447,True,False,False
2026-01-05 08:15:00+00:00,True,0.375,True,False,False
2026-01-05 08:20:00+00:00,True,0.37555555555555553,True,False,False
2026-01-05 08:25:00+00:00,True,0.3761111111111111,True,False,False
2026-01-05 08:30:00+00:00,True,0.37666666666666665,True,False,False
2026-01-05 08:35:00+00:00,True,0.3772222222222222,True,False,False
2026-01-05 08:40:00+00:00,True,0.3777777777777778,True,False,False
2026-01-05 08:45:00+00:00,True,0.37833333333333335,True,False,False
2026-01-05 08:50:00+00:00,True,0.37888888888888883,True,False,False
2026-01-05 08:55:00+00:00,True,0.3794444444444445,True,False,False
2026-01-05 09:00:00+00:00,True,0.38,True,False,False
2026-01-05 09:05:00+00:00,True,0.38055555555555554,True,False,False
2026-01-05 09:10:00+00:00,True,0.3811111111111111,True,False,False
2026-01-05 09:15:00+00:00,True,0.38166666666666665,True,False,False
2026-01-05 09:20:00+00:00,True,0.3822222222222222,True,False,False
2026-01-05 09:25:00+00:00,True,0.38277777777777783,True,False,False
2026-01-05 09:30:00+00:00,True,0.38333333333333336,True,False,False
2026-01-05 09:35:00+00:00,True,0.38388888888888884,True,False,False
2026-01-05 09:40:00+00:00,True,0.3844444444444445,True,False,False
2026-01-05 09:45:00+00:00,True,0.385,True,False,False
2026-01-05 09:50:00+00:00,True,0.38555555555555554,True,False,False
2026-01-05 09:55:00+00:00,True,0.3861111111111111,True,False,False
2026-01-05 10:00:00+00:00,True,0.38666666666666666,True,False,False
2026-01-05 10:05:00+00:00,True,0.3872222222222222,True,False,False
2026-01-05 10:10:00+00:00,True,0.38777777777777783,True,False,False
2026-01-05 10:15:00+00:00,True,0.3883333333333333,True,False,False
2026-01-05 10:20:00+00:00,True,0.38888888888888884,True,False,False
2026-01-05 10:25:00+00:00,True,0.3894444444444445,True,False,False
2026-01-05 10:30:00+00:00,True,0.39,True,False,False
2026-01-05 10:35:00+00:00,True,0.39055555555555554,True,False,False
2026-01-05 10:40:00+00:00,True,0.39111111111111113,True,False,False
2026-01-05 10:45:00+00:00,True,0.39166666666666666,True,False,False
2026-01-05 10:50:00+00:00,True,0.3922222222222222,True,False,False
2026-01-05 10:55:00+00:00,True,0.39277777777777784,True,False,False
2026-01-05 11:00:00+00:00,True,0.3933333333333333,True,False,False
2026-01-05 11:05:00+00:00,True,0.39388888888888884,True,False,False
2026-01-05 11:10:00+00:00,True,0.3944444444444445,True,False,False
2026-01-05 11:15:00+00:00,True,0.395,True,False,False
2026-01-05 11:20:00+00:00,True,0.39555555555555555,True,False,False
2026-01-05 11:25:00+00:00,True,0.39611111111111114,True,False,False
2026-01-05 11:30:00+00:00,True,0.39666666666666667,True,False,False
2026-01-05 11:35:00+00:00,True,0.3972222222222222,True,False,False
2026-01-05 11:40:00+00:00,True,0.3977777777777778,True,False,False
2026-01-05 11:45:00+00:00,True,0.3983333333333333,True,False,False
2026-01-05 11:50:00+00:00,True,0.39888888888888885,True,False,False
2026-01-05 11:55:00+00:00,True,0.3994444444444445,True,False,False
2026-01-05 12:00:00+00:00,True,0.4,True,False,False
2026-01-05 12:05:00+00:00,True,0.4005555555555555,True,False,False
2026-01-05 12:10:00+00:00,True,0.40111111111111114,True,False,False
2026-01-05 12:15:00+00:00,True,0.40166666666666667,True,False,False
2026-01-05 12:20:00+00:00,True,0.4022222222222222,True,False,False
2026-01-05 12:25:00+00:00,True,0.4027777777777778,True,False,False
2026-01-05 12:30:00+00:00,True,0.4033333333333333,True,False,False
2026-01-05 12:35:00+00:00,True,0.40388888888888885,True,False,False
2026-01-05 12:40:00+00:00,True,0.4044444444444445,True,False,False
2026-01-05 12:45:00+00:00,True,0.405,True,False,False
2026-01-05 12:50:00+00:00,True,0.4055555555555555,True,False,False
2026-01-05 12:55:00+00:00,True,0.40611111111111114,True,False,False
2026-01-05 13:00:00+00:00,True,0.4066666666666667,True,False,False
2026-01-05 13:05:00+00:00,True,0.4072222222222222,True,False,False
2026-01-05 13:10:00+00:00,True,0.4077777777777778,True,False,False
2026-01-05 13:15:00+00:00,True,0.4083333333333333,True,False,False
2026-01-05 13:20:00+00:00,True,0.40888888888888886,True,False,False
2026-01-05 13:25:00+00:00,True,0.4094444444444445,True,False,False
2026-01-05 13:30:00+00:00,True,0.41,True,False,False
2026-01-05 13:35:00+00:00,True,0.4105555555555555,True,False,False
2026-01-05 13:40:00+00:00,True,0.41111111111111115,True,False,False
2026-01-05 13:45:00+00:00,True,0.4116666666666667,True,False,False
2026-01-05 13:50:00+00:00,True,0.4122222222222222,True,False,False
2026-01-05 13:55:00+00:00,True,0.4127777777777778,True,False,False
2026-01-05 14:00:00+00:00,True,0.41333333333333333,True,False,False
2026-01-05 14:05:00+00:00,True,0.41388888888888886,True,False,False
2026-01-05 14:10:00+00:00,True,0.41444444444444445,True,False,False
2026-01-05 14:15:00+00:00,True,0.415,True,False,False
2026-01-05 14:20:00+00:00,True,0.4155555555555555,True,False,False
2026-01-05 14:25:00+00:00,True,0.41611111111111115,True,False,False
2026-01-05 14:30:00+00:00,True,0.4166666666666667,True,False,False
2026-01-05 14:35:00+00:00,True,0.4172222222222222,True,False,False
2026-01-05 14:40:00+00:00,True,0.4177777777777778,True,False,False
2026-01-05 14:45:00+00:00,True,0.41833333333333333,True,False,False
2026-01-05 14:50:00+00:00,True,0.41888888888888887,True,False,False
2026-01-05 14:55:00+00:00,True,0.41944444444444445,True,False,False
2026-01-05 15:00:00+00:00,True,0.42,True,False,False
2026-01-05 15:05:00+00:00,True,0.4205555555555555,True,False,False
2026-01-05 15:10:00+00:00,True,0.42111111111111116,True,False,False
2026-01-05 15:15:00+00:00,True,0.4216666666666667,True,False,False
2026-01-05 15:20:00+00:00,True,0.42222222222222217,True,False,False
2026-01-05 15:25:00+00:00,True,0.4227777777777778,True,False,False
2026-01-05 15:30:00+00:00,True,0.42333333333333334,True,False,False
2026-01-05 15:35:00+00:00,True,0.42388888888888887,True,False,False
2026-01-05 15:40:00+00:00,True,0.42444444444444446,True,False,False
2026-01-05 15:45:00+00:00,True,0.425,True,False,False
2026-01-05 15:50:00+00:00,True,0.4255555555555555,True,False,False
2026-01-05 15:55:00+00:00,True,0.42611111111111116,True,False,False
2026-01-05 16:00:00+00:00,True,0.4266666666666667,True,False,False
2026-01-05 16:05:00+00:00,True,0.42722222222222217,True,False,False
2026-01-05 16:10:00+00:00,True,0.4277777777777778,True,False,False
2026-01-05 16:15:00+00:00,True,0.42833333333333334,True,False,False
2026-01-05 16:20:00+00:00,True,0.4288888888888889,True,False,False
2026-01-05 16:25:00+00:00,True,0.42944444444444446,True,False,False
2026-01-05 16:30:00+00:00,True,0.43,True,False,False
2026-01-05 16:35:00+00:00,True,0.4305555555555555,True,False,False
2026-01-05 16:40:00+00:00,True,0.43111111111111117,True,False,False
2026-01-05 16:45:00+00:00,True,0.43166666666666664,True,False,False
2026-01-05 16:50:00+00:00,True,0.4322222222222222,True,False,False
2026-01-05 16:55:00+00:00,True,0.4327777777777778,True,False,False
2026-01-05 17:00:00+00:00,True,0.43333333333333335,True,False,False
2026-01-05 17:05:00+00:00,True,0.4338888888888889,True,False,False
2026-01-05 17:10:00+00:00,True,0.43444444444444447,True,False,False
2026-01-05 17:15:00+00:00,True,0.435,True,False,False
2026-01-05 17:20:00+00:00,True,0.43555555555555553,True,False,False
2026-01-05 17:25:00+00:00,True,0.4361111111111111,True,False,False
2026-01-05 17:30:00+00:00,True,0.43666666666666665,True,False,False
2026-01-05 17:35:00+00:00,True,0.4372222222222222,True,False,False
2026-01-05 17:40:00+00:00,True,0.4377777777777778,True,False,False
2026-01-05 17:45:00+00:00,True,0.43833333333333335,True,False,False
2026-01-05 17:50:00+00:00,True,0.4388888888888889,True,False,False
2026-01-05 17:55:00+00:00,True,0.43944444444444447,True,False,False
2026-01-05 18:00:00+00:00,True,0.44,True,False,False
2026-01-05 18:05:00+00:00,True,0.44055555555555553,True,False,False
2026-01-05 18:10:00+00:00,True,0.4411111111111111,True,False,False
2026-01-05 18:15:00+00:00,True,0.44166666666666665,True,False,False
2026-01-05 18:20:00+00:00,True,0.4422222222222222,True,False,False
2026-01-05 18:25:00+00:00,True,0.4427777777777778,True,False,False
2026-01-05 18:30:00+00:00,True,0.44333333333333336,True,False,False
2026-01-05 18:35:00+00:00,True,0.44388888888888883,True,False,False
2026-01-05 18:40:00+00:00,True,0.4444444444444445,True,False,False
2026-01-05 18:45:00+00:00,True,0.445,True,False,False
2026-01-05 18:50:00+00:00,True,0.44555555555555554,True,False,False
2026-01-05 18:55:00+00:00,True,0.4461111111111111,True,False,False
2026-01-05 19:00:00+00:00,True,0.44666666666666666,True,False,False
2026-01-05 19:05:00+00:00,True,0.4472222222222222,True,False,False
2026-01-05 19:10:00+00:00,True,0.44777777777777783,True,False,False
2026-01-05 19:15:00+00:00,True,0.4483333333333333,True,False,False
2026-01-05 19:20:00+00:00,True,0.44888888888888884,True,False,False
2026-01-05 19:25:00+00:00,True,0.4494444444444445,True,False,False
2026-01-05 19:30:00+00:00,True,0.45,True,False,False
2026-01-05 19:35:00+00:00,True,0.45055555555555554,True,False,False
2026-01-05 19:40:00+00:00,True,0.45111111111111113,True,False,False
2026-01-05 19:45:00+00:00,True,0.45166666666666666,True,False,False
2026-01-05 19:50:00+00:00,True,0.4522222222222222,True,False,False
2026-01-05 19:55:00+00:00,True,0.45277777777777783,True,False,False
2026-01-05 20:00:00+00:00,True,0.4533333333333333,True,False,False
2026-01-05 20:05:00+00:00,True,0.45388888888888884,True,False,False
2026-01-05 20:10:00+00:00,True,0.4544444444444445,True,False,False
2026-01-05 20:15:00+00:00,True,0.455,True,False,False
2026-01-05 20:20:00+00:00,True,0.45555555555555555,True,False,False
2026-01-05 20:25:00+00:00,True,0.45611111111111113,True,False,False
2026-01-05 20:30:00+00:00,True,0.45666666666666667,True,False,False
2026-01-05 20:35:00+00:00,True,0.4572222222222222,True,False,False
2026-01-05 20:40:00+00:00,True,0.4577777777777778,True,False,False
2026-01-05 20:45:00+00:00,True,0.4583333333333333,True,False,False
2026-01-05 20:50:00+00:00,True,0.45888888888888885,True,False,False
2026-01-05 20:55:00+00:00,True,0.4594444444444445,True,False,False
2026-01-05 21:00:00+00:00,True,0.46,True,False,False
2026-01-05 21:05:00+00:00,True,0.46055555555555555,True,False,False
2026-01-05 21:10:00+00:00,True,0.46111111111111114,True,False,False
2026-01-05 21:15:00+00:00,True,0.46166666666666667,True,False,False
2026-01-05 21:20:00+00:00,True,0.4622222222222222,True,False,False
2026-01-05 21:25:00+00:00,True,0.4627777777777778,True,False,False
2026-01-05 21:30:00+00:00,True,0.4633333333333333,True,False,False
2026-01-05 21:35:00+00:00,True,0.46388888888888885,True,False,False
2026-01-05 21:40:00+00:00,True,0.4644444444444445,True,False,False
2026-01-05 21:45:00+00:00,True,0.465,True,False,False
2026-01-05 21:50:00+00:00,True,0.4655555555555555,True,False,False
2026-01-05 21:55:00+00:00,True,0.46611111111111114,True,False,False
2026-01-05 22:00:00+00:00,True,0.4666666666666667,True,False,False
2026-01-05 22:05:00+00:00,True,0.4672222222222222,True,False,False
2026-01-05 22:10:00+00:00,True,0.4677777777777778,True,False,False
2026-01-05 22:15:00+00:00,True,0.4683333333333333,True,False,False
2026-01-05 22:20:00+00:00,True,0.46888888888888886,True,False,False
2026-01-05 22:25:00+00:00,True,0.4694444444444445,True,False,False
2026-01-05 22:30:00+00:00,True,0.47,True,False,False
2026-01-05 22:35:00+00:00,True,0.4705555555555555,True,False,False
2026-01-05 22:40:00+00:00,True,0.47111111111111115,True,False,False
2026-01-05 22:45:00+00:00,True,0.4716666666666667,True,False,False
2026-01-05 22:50:00+00:00,True,0.4722222222222222,True,False,False
2026-01-05 22:55:00+00:00,True,0.4727777777777778,True,False,False
2026-01-05 23:00:00+00:00,True,0.47333333333333333,True,False,False
2026-01-05 23:05:00+00:00,True,0.47388888888888886,True,False,False
2026-01-05 23:10:00+00:00,True,0.4744444444444445,True,False,False
2026-01-05 23:15:00+00:00,True,0.475,True,False,False
2026-01-05 23:20:00+00:00,True,0.4755555555555555,True,False,False
2026-01-05 23:25:00+00:00,True,0.47611111111111115,True,False,False
2026-01-05 23:30:00+00:00,True,0.4766666666666667,True,False,False
2026-01-05 23:35:00+00:00,True,0.4772222222222222,True,False,False
2026-01-05 23:40:00+00:00,True,0.4777777777777778,True,False,False
2026-01-05 23:45:00+00:00,True,0.47833333333333333,True,False,False
2026-01-05 23:50:00+00:00,True,0.47888888888888886,True,False,False
2026-01-05 23:55:00+00:00,True,0.47944444444444445,True,False,False
2026-01-06 00:00:00+00:00,True,0.48,True,False,False
2026-01-06 00:05:00+00:00,True,0.4805555555555555,True,False,False
2026-01-06 00:10:00+00:00,True,0.48111111111111116,True,False,False
2026-01-06 00:15:00+00:00,True,0.4816666666666667,True,False,False
2026-01-06 00:20:00+00:00,True,0.48222222222222216,True,False,False
2026-01-06 00:25:00+00:00,True,0.4827777777777778,True,False,False
2026-01-06 00:30:00+00:00,True,0.48333333333333334,True,False,False
2026-01-06 00:35:00+00:00,True,0.48388888888888887,True,False,False
2026-01-06 00:40:00+00:00,True,0.48444444444444446,True,False,False
2026-01-06 00:45:00+00:00,True,0.485,True,False,False
2026-01-06 00:50:00+00:00,True,0.4855555555555555,True,False,False
2026-01-06 00:55:00+00:00,True,0.48611111111111116,True,False,False
2026-01-06 01:00:00+00:00,True,0.4866666666666667,True,False,False
2026-01-06 01:05:00+00:00,True,0.48722222222222217,True,False,False
2026-01-06 01:10:00+00:00,True,0.4877777777777778,True,False,False
2026-01-06 01:15:00+00:00,True,0.48833333333333334,True,False,False
2026-01-06 01:20:00+00:00,True,0.4888888888888889,True,False,False
2026-01-06 01:25:00+00:00,True,0.48944444444444446,True,False,False
2026-01-06 01:30:00+00:00,True,0.49,True,False,False
2026-01-06 01:35:00+00:00,True,0.4905555555555555,True,False,False
2026-01-06 01:40:00+00:00,True,0.49111111111111116,True,False,False
2026-01-06 01:45:00+00:00,True,0.49166666666666664,True,False,False
2026-01-06 01:50:00+00:00,True,0.49222222222222217,True,False,False
2026-01-06 01:55:00+00:00,True,0.4927777777777778,True,False,False
2026-01-06 02:00:00+00:00,True,0.49333333333333335,True,False,False
2026-01-06 02:05:00+00:00,True,0.4938888888888889,True,False,False
2026-01-06 02:10:00+00:00,True,0.49444444444444446,True,False,False
2026-01-06 02:15:00+00:00,True,0.495,True,False,False
2026-01-06 02:20:00+00:00,True,0.4955555555555555,True,False,False
2026-01-06 02:25:00+00:00,True,0.49611111111111117,True,False,False
2026-01-06 02:30:00+00:00,True,0.49666666666666665,True,False,False
2026-01-06 02:35:00+00:00,True,0.4972222222222222,True,False,False
2026-01-06 02:40:00+00:00,True,0.4977777777777778,True,False,False
2026-01-06 02:45:00+00:00,True,0.49833333333333335,True,False,False
2026-01-06 02:50:00+00:00,True,0.4988888888888889,True,False,False
2026-01-06 02:55:00+00:00,True,0.49944444444444447,True,False,False
2026-01-06 03:00:00+00:00,True,0.5,True,False,False
2026-01-06 03:05:00+00:00,True,0.5005555555555555,True,False,False
2026-01-06 03:10:00+00:00,True,0.5011111111111112,True,False,False
2026-01-06 03:15:00+00:00,True,0.5016666666666667,True,False,False
2026-01-06 03:20:00+00:00,True,0.5022222222222222,True,False,False
2026-01-06 03:25:00+00:00,True,0.5027777777777778,True,False,False
2026-01-06 03:30:00+00:00,True,0.5033333333333333,True,False,False
2026-01-06 03:35:00+00:00,True,0.5038888888888888,True,False,False
2026-01-06 03:40:00+00:00,True,0.5044444444444445,True,False,False
2026-01-06 03:45:00+00:00,True,0.505,True,False,False
2026-01-06 03:50:00+00:00,True,0.5055555555555555,True,False,False
2026-01-06 03:55:00+00:00,True,0.5061111111111112,True,False,False
2026-01-06 04:00:00+00:00,True,0.5066666666666667,True,False,False
2026-01-06 04:05:00+00:00,True,0.5072222222222222,True,False,False
2026-01-06 04:10:00+00:00,True,0.5077777777777778,True,False,False
2026-01-06 04:15:00+00:00,True,0.5083333333333333,True,False,False
2026-01-06 04:20:00+00:00,True,0.5088888888888888,True,False,False
2026-01-06 04:25:00+00:00,True,0.5094444444444445,True,False,False
2026-01-06 04:30:00+00:00,True,0.51,True,False,False
2026-01-06 04:35:00+00:00,True,0.5105555555555555,True,False,False
2026-01-06 04:40:00+00:00,True,0.5111111111111112,True,False,False
2026-01-06 04:45:00+00:00,True,0.5116666666666667,True,False,False
2026-01-06 04:50:00+00:00,True,0.5122222222222222,True,False,False
2026-01-06 04:55:00+00:00,True,0.5127777777777778,True,False,False
2026-01-06 05:00:00+00:00,True,0.5133333333333333,True,False,False
2026-01-06 05:05:00+00:00,True,0.5138888888888888,True,False,False
2026-01-06 05:10:00+00:00,True,0.5144444444444445,True,False,False
2026-01-06 05:15:00+00:00,True,0.515,True,False,False
2026-01-06 05:20:00+00:00,True,0.5155555555555555,True,False,False
2026-01-06 05:25:00+00:00,True,0.5161111111111112,True,False,False
2026-01-06 05:30:00+00:00,True,0.5166666666666667,True,False,False
2026-01-06 05:35:00+00:00,True,0.5172222222222221,True,False,False
2026-01-06 05:40:00+00:00,True,0.5177777777777778,True,False,False
2026-01-06 05:45:00+00:00,True,0.5183333333333333,True,False,False
2026-01-06 05:50:00+00:00,True,0.5188888888888888,True,False,False
2026-01-06 05:55:00+00:00,True,0.5194444444444445,True,False,False
2026-01-06 06:00:00+00:00,True,0.52,True,False,False
2026-01-06 06:05:00+00:00,True,0.5205555555555555,True,False,False
2026-01-06 06:10:00+00:00,True,0.5211111111111112,True,False,False
2026-01-06 06:15:00+00:00,True,0.5216666666666666,True,False,False
2026-01-06 06:20:00+00:00,True,0.5222222222222221,True,False,False
2026-01-06 06:25:00+00:00,True,0.5227777777777778,True,False,False
2026-01-06 06:30:00+00:00,True,0.5233333333333333,True,False,False
2026-01-06 06:35:00+00:00,True,0.5238888888888888,True,False,False
2026-01-06 06:40:00+00:00,True,0.5244444444444445,True,False,False
2026-01-06 06:45:00+00:00,True,0.525,True,False,False
2026-01-06 06:50:00+00:00,True,0.5255555555555556,True,False,False
2026-01-06 06:55:00+00:00,True,0.5261111111111112,True,False,False
2026-01-06 07:00:00+00:00,True,0.5266666666666666,True,False,False
2026-01-06 07:05:00+00:00,True,0.5272222222222221,True,False,False
2026-01-06 07:10:00+00:00,True,0.5277777777777778,True,False,False
2026-01-06 07:15:00+00:00,True,0.5283333333333333,True,False,False
2026-01-06 07:20:00+00:00,True,0.5288888888888889,True,False,False
2026-01-06 07:25:00+00:00,True,0.5294444444444445,True,False,False
2026-01-06 07:30:00+00:00,True,0.53,True,False,False
2026-01-06 07:35:00+00:00,True,0.5305555555555556,True,False,False
2026-01-06 07:40:00+00:00,True,0.5311111111111111,True,False,False
2026-01-06 07:45:00+00:00,True,0.5316666666666666,True,False,False
2026-01-06 07:50:00+00:00,True,0.5322222222222222,True,False,False
2026-01-06 07:55:00+00:00,True,0.5327777777777778,True,False,False
2026-01-06 08:00:00+00:00,True,0.5333333333333333,True,False,False
2026-01-06 08:05:00+00:00,True,0.533888888888889,True,False,False
2026-01-06 08:10:00+00:00,True,0.5344444444444444,True,False,False
2026-01-06 08:15:00+00:00,True,0.535,True,False,False
2026-01-06 08:20:00+00:00,True,0.5355555555555557,True,False,False
2026-01-06 08:25:00+00:00,True,0.5361111111111111,True,False,False
2026-01-06 08:30:00+00:00,True,0.5366666666666666,True,False,False
2026-01-06 08:35:00+00:00,True,0.5372222222222223,True,False,False
2026-01-06 08:40:00+00:00,True,0.5377777777777777,True,False,False
2026-01-06 08:45:00+00:00,True,0.5383333333333333,True,False,False
2026-01-06 08:50:00+00:00,True,0.538888888888889,True,False,False
2026-01-06 08:55:00+00:00,True,0.5394444444444444,True,False,False
2026-01-06 09:00:00+00:00,True,0.54,True,False,False
2026-01-06 09:05:00+00:00,True,0.5405555555555556,True,False,False
2026-01-06 09:10:00+00:00,True,0.5411111111111111,True,False,False
2026-01-06 09:15:00+00:00,True,0.5416666666666666,True,False,False
2026-01-06 09:20:00+00:00,True,0.5422222222222223,True,False,False
2026-01-06 09:25:00+00:00,True,0.5427777777777777,True,False,False
2026-01-06 09:30:00+00:00,True,0.5433333333333333,True,False,False
2026-01-06 09:35:00+00:00,True,0.543888888888889,True,False,False
2026-01-06 09:40:00+00:00,True,0.5444444444444444,True,False,False
2026-01-06 09:45:00+00:00,True,0.545,True,False,False
2026-01-06 09:50:00+00:00,True,0.5455555555555556,True,False,False
2026-01-06 09:55:00+00:00,True,0.5461111111111111,True,False,False
2026-01-06 10:00:00+00:00,True,0.5466666666666666,True,False,False
2026-01-06 10:05:00+00:00,True,0.5472222222222223,True,False,False
2026-01-06 10:10:00+00:00,True,0.5477777777777777,True,False,False
2026-01-06 10:15:00+00:00,True,0.5483333333333333,True,False,False
2026-01-06 10:20:00+00:00,True,0.548888888888889,True,False,False
2026-01-06 10:25:00+00:00,True,0.5494444444444444,True,False,False
2026-01-06 10:30:00+00:00,True,0.55,True,False,False
2026-01-06 10:35:00+00:00,True,0.5505555555555556,True,False,False
2026-01-06 10:40:00+00:00,True,0.551111111111111,True,False,False
2026-01-06 10:45:00+00:00,True,0.5516666666666666,True,False,False
2026-01-06 10:50:00+00:00,True,0.5522222222222223,True,False,False
2026-01-06 10:55:00+00:00,True,0.5527777777777777,True,False,False
2026-01-06 11:00:00+00:00,True,0.5533333333333333,True,False,False
2026-01-06 11:05:00+00:00,True,0.553888888888889,True,False,False
2026-01-06 11:10:00+00:00,True,0.5544444444444444,True,False,False
2026-01-06 11:15:00+00:00,True,0.555,True,False,False
2026-01-06 11:20:00+00:00,True,0.5555555555555556,True,False,False
2026-01-06 11:25:00+00:00,True,0.556111111111111,True,False,False
2026-01-06 11:30:00+00:00,True,0.5566666666666666,True,False,False
2026-01-06 11:35:00+00:00,True,0.5572222222222223,True,False,False
2026-01-06 11:40:00+00:00,True,0.5577777777777777,True,False,False
2026-01-06 11:45:00+00:00,True,0.5583333333333333,True,False,False
2026-01-06 11:50:00+00:00,True,0.558888888888889,True,False,False
2026-01-06 11:55:00+00:00,True,0.5594444444444444,True,False,False
2026-01-06 12:00:00+00:00,True,0.56,True,False,False
2026-01-06 12:05:00+00:00,True,0.5605555555555556,True,False,False
2026-01-06 12:10:00+00:00,True,0.561111111111111,True,False,False
2026-01-06 12:15:00+00:00,True,0.5616666666666666,True,False,False
2026-01-06 12:20:00+00:00,True,0.5622222222222223,True,False,False
2026-01-06 12:25:00+00:00,True,0.5627777777777777,True,False,False
2026-01-06 12:30:00+00:00,True,0.5633333333333334,True,False,False
2026-01-06 12:35:00+00:00,True,0.563888888888889,True,False,False
2026-01-06 12:40:00+00:00,True,0.5644444444444444,True,False,False
2026-01-06 12:45:00+00:00,True,0.565,True,False,False
2026-01-06 12:50:00+00:00,True,0.5655555555555556,True,False,False
2026-01-06 12:55:00+00:00,True,0.566111111111111,True,False,False
2026-01-06 13:00:00+00:00,True,0.5666666666666667,True,False,False
2026-01-06 13:05:00+00:00,True,0.5672222222222223,True,False,False
2026-01-06 13:10:00+00:00,True,0.5677777777777777,True,False,False
2026-01-06 13:15:00+00:00,True,0.5683333333333334,True,False,False
2026-01-06 13:20:00+00:00,True,0.568888888888889,True,False,False
2026-01-06 13:25:00+00:00,True,0.5694444444444444,True,False,False
2026-01-06 13:30:00+00:00,True,0.57,True,False,False
2026-01-06 13:35:00+00:00,True,0.5705555555555556,True,False,False
2026-01-06 13:40:00+00:00,True,0.571111111111111,True,False,False
2026-01-06 13:45:00+00:00,True,0.5716666666666667,True,False,False
2026-01-06 13:50:00+00:00,True,0.5722222222222223,True,False,False
2026-01-06 13:55:00+00:00,True,0.5727777777777777,True,False,False
2026-01-06 14:00:00+00:00,True,0.5733333333333334,True,False,False
2026-01-06 14:05:00+00:00,True,0.573888888888889,True,False,False
2026-01-06 14:10:00+00:00,True,0.5744444444444444,True,False,False
2026-01-06 14:15:00+00:00,True,0.575,True,False,False
2026-01-06 14:20:00+00:00,True,0.5755555555555556,True,False,False
2026-01-06 14:25:00+00:00,True,0.576111111111111,True,False,False
2026-01-06 14:30:00+00:00,True,0.5766666666666667,True,False,False
2026-01-06 14:35:00+00:00,True,0.5772222222222223,True,False,False
2026-01-06 14:40:00+00:00,True,0.5777777777777777,True,False,False
2026-01-06 14:45:00+00:00,True,0.5783333333333334,True,False,False
2026-01-06 14:50:00+00:00,True,0.5788888888888889,True,False,False
2026-01-06 14:55:00+00:00,True,0.5794444444444444,True,False,False
2026-01-06 15:00:00+00:00,True,0.58,True,False,False
2026-01-06 15:05:00+00:00,True,0.5805555555555556,True,False,False
2026-01-06 15:10:00+00:00,True,0.581111111111111,True,False,False
2026-01-06 15:15:00+00:00,True,0.5816666666666667,True,False,False
2026-01-06 15:20:00+00:00,True,0.5822222222222223,True,False,False
2026-01-06 15:25:00+00:00,True,0.5827777777777777,True,False,False
2026-01-06 15:30:00+00:00,True,0.5833333333333334,True,False,False
2026-01-06 15:35:00+00:00,True,0.5838888888888889,True,False,False
2026-01-06 15:40:00+00:00,True,0.5844444444444444,True,False,False
2026-01-06 15:45:00+00:00,True,0.585,True,False,False
2026-01-06 15:50:00+00:00,True,0.5855555555555556,True,False,False
2026-01-06 15:55:00+00:00,True,0.586111111111111,True,False,False
2026-01-06 16:00:00+00:00,True,0.5866666666666667,True,False,False
2026-01-06 16:05:00+00:00,True,0.5872222222222223,True,False,False
2026-01-06 16:10:00+00:00,True,0.5877777777777777,True,False,False
2026-01-06 16:15:00+00:00,True,0.5883333333333334,True,False,False
2026-01-06 16:20:00+00:00,True,0.5888888888888889,True,False,False
2026-01-06 16:25:00+00:00,True,0.5894444444444443,True,False,False
2026-01-06 16:30:00+00:00,True,0.59,True,False,False
2026-01-06 16:35:00+00:00,True,0.5905555555555556,True,False,False
2026-01-06 16:40:00+00:00,True,0.591111111111111,True,False,False
2026-01-06 16:45:00+00:00,True,0.5916666666666667,True,False,False
2026-01-06 16:50:00+00:00,True,0.5922222222222223,True,False,False
2026-01-06 16:55:00+00:00,True,0.5927777777777777,True,False,False
2026-01-06 17:00:00+00:00,True,0.5933333333333334,True,False,False
2026-01-06 17:05:00+00:00,True,0.5938888888888889,True,False,False
2026-01-06 17:10:00+00:00,True,0.5944444444444443,True,False,False
2026-01-06 17:15:00+00:00,True,0.595,True,False,False
2026-01-06 17:20:00+00:00,True,0.5955555555555556,True,False,False
2026-01-06 17:25:00+00:00,True,0.596111111111111,True,False,False
2026-01-06 17:30:00+00:00,True,0.5966666666666667,True,False,False
2026-01-06 17:35:00+00:00,True,0.5972222222222223,True,False,False
2026-01-06 17:40:00+00:00,True,0.5977777777777777,True,False,False
2026-01-06 17:45:00+00:00,True,0.5983333333333334,True,False,False
2026-01-06 17:50:00+00:00,True,0.5988888888888889,True,False,False
2026-01-06 17:55:00+00:00,True,0.5994444444444443,True,False,False
2026-01-06 18:00:00+00:00,True,0.6,True,False,False
2026-01-06 18:05:00+00:00,True,0.6005555555555556,True,False,False
2026-01-06 18:10:00+00:00,True,0.601111111111111,True,False,False
2026-01-06 18:15:00+00:00,True,0.6016666666666667,True,False,False
2026-01-06 18:20:00+00:00,True,0.6022222222222223,True,False,False
2026-01-06 18:25:00+00:00,True,0.6027777777777777,True,False,False
2026-01-06 18:30:00+00:00,True,0.6033333333333334,True,False,False
2026-01-06 18:35:00+00:00,True,0.6038888888888889,True,False,False
2026-01-06 18:40:00+00:00,True,0.6044444444444443,True,False,False
2026-01-06 18:45:00+00:00,True,0.605,True,False,False
2026-01-06 18:50:00+00:00,True,0.6055555555555556,True,False,False
2026-01-06 18:55:00+00:00,True,0.606111111111111,True,False,False
2026-01-06 19:00:00+00:00,True,0.6066666666666667,True,False,False
2026-01-06 19:05:00+00:00,True,0.6072222222222223,True,False,False
2026-01-06 19:10:00+00:00,True,0.6077777777777778,True,False,False
2026-01-06 19:15:00+00:00,True,0.6083333333333333,True,False,False
2026-01-06 19:20:00+00:00,True,0.6088888888888889,True,False,False
2026-01-06 19:25:00+00:00,True,0.6094444444444443,True,False,False
2026-01-06 19:30:00+00:00,True,0.61,True,False,False
2026-01-06 19:35:00+00:00,True,0.6105555555555556,True,False,False
2026-01-06 19:40:00+00:00,True,0.611111111111111,True,False,False
2026-01-06 19:45:00+00:00,True,0.6116666666666667,True,False,False
2026-01-06 19:50:00+00:00,True,0.6122222222222223,True,False,False
2026-01-06 19:55:00+00:00,True,0.6127777777777778,True,False,False
2026-01-06 20:00:00+00:00,True,0.6133333333333333,True,False,False
2026-01-06 20:05:00+00:00,True,0.6138888888888889,True,False,False
2026-01-06 20:10:00+00:00,True,0.6144444444444443,True,False,False
2026-01-06 20:15:00+00:00,True,0.615,True,False,False
2026-01-06 20:20:00+00:00,True,0.6155555555555556,True,False,False
2026-01-06 20:25:00+00:00,True,0.616111111111111,True,False,False
2026-01-06 20:30:00+00:00,True,0.6166666666666667,True,False,False
2026-01-06 20:35:00+00:00,True,0.6172222222222223,True,False,False
2026-01-06 20:40:00+00:00,True,0.6177777777777778,True,False,False
2026-01-06 20:45:00+00:00,True,0.6183333333333333,True,False,False
2026-01-06 20:50:00+00:00,True,0.6188888888888889,True,False,False
2026-01-06 20:55:00+00:00,True,0.6194444444444444,True,False,False
2026-01-06 21:00:00+00:00,True,0.62,True,False,False
2026-01-06 21:05:00+00:00,True,0.6205555555555556,True,False,False
2026-01-06 21:10:00+00:00,True,0.6211111111111111,True,False,False
2026-01-06 21:15:00+00:00,True,0.6216666666666667,True,False,False
2026-01-06 21:20:00+00:00,True,0.6222222222222222,True,False,False
2026-01-06 21:25:00+00:00,True,0.6227777777777778,True,False,False
2026-01-06 21:30:00+00:00,True,0.6233333333333333,True,False,False
2026-01-06 21:35:00+00:00,True,0.6238888888888889,True,False,False
2026-01-06 21:40:00+00:00,True,0.6244444444444444,True,False,False
2026-01-06 21:45:00+00:00,True,0.625,True,False,False
2026-01-06 21:50:00+00:00,True,0.6255555555555556,True,False,False
2026-01-06 21:55:00+00:00,True,0.6261111111111111,True,False,False
2026-01-06 22:00:00+00:00,True,0.6266666666666667,True,False,False
2026-01-06 22:05:00+00:00,True,0.6272222222222222,True,False,False
2026-01-06 22:10:00+00:00,True,0.6277777777777778,True,False,False
2026-01-06 22:15:00+00:00,True,0.6283333333333333,True,False,False
2026-01-06 22:20:00+00:00,True,0.6288888888888889,True,False,False
2026-01-06 22:25:00+00:00,True,0.6294444444444444,True,False,False
2026-01-06 22:30:00+00:00,True,0.63,True,False,False
2026-01-06 22:35:00+00:00,True,0.6305555555555556,True,False,False
2026-01-06 22:40:00+00:00,True,0.6311111111111111,True,False,False
2026-01-06 22:45:00+00:00,True,0.6316666666666667,True,False,False
2026-01-06 22:50:00+00:00,True,0.6322222222222222,True,False,False
2026-01-06 22:55:00+00:00,True,0.6327777777777777,True,False,False
2026-01-06 23:00:00+00:00,True,0.6333333333333333,True,False,False
2026-01-06 23:05:00+00:00,True,0.633888888888889,True,False,False
2026-01-06 23:10:00+00:00,True,0.6344444444444444,True,False,False
2026-01-06 23:15:00+00:00,True,0.635,True,False,False
2026-01-06 23:20:00+00:00,True,0.6355555555555557,True,False,False
2026-01-06 23:25:00+00:00,True,0.6361111111111111,True,False,False
2026-01-06 23:30:00+00:00,True,0.6366666666666667,True,False,False
2026-01-06 23:35:00+00:00,True,0.6372222222222222,True,False,False
2026-01-06 23:40:00+00:00,True,0.6377777777777777,True,False,False
2026-01-06 23:45:00+00:00,True,0.6383333333333333,True,False,False
2026-01-06 23:50:00+00:00,True,0.638888888888889,True,False,False
2026-01-06 23:55:00+00:00,True,0.6394444444444444,True,False,False
2026-01-07 00:00:00+00:00,True,0.64,True,False,False
2026-01-07 00:05:00+00:00,True,0.6405555555555557,True,False,False
2026-01-07 00:10:00+00:00,True,0.6411111111111111,True,False,False
2026-01-07 00:15:00+00:00,True,0.6416666666666667,True,False,False
2026-01-07 00:20:00+00:00,True,0.6422222222222222,True,False,False
2026-01-07 00:25:00+00:00,True,0.6427777777777777,True,False,False
2026-01-07 00:30:00+00:00,True,0.6433333333333333,True,False,False
2026-01-07 00:35:00+00:00,True,0.643888888888889,True,False,False
2026-01-07 00:40:00+00:00,True,0.6444444444444444,True,False,False
2026-01-07 00:45:00+00:00,True,0.645,True,False,False
2026-01-07 00:50:00+00:00,True,0.6455555555555557,True,False,False
2026-01-07 00:55:00+00:00,True,0.6461111111111111,True,False,False
2026-01-07 01:00:00+00:00,True,0.6466666666666666,True,False,False
2026-01-07 01:05:00+00:00,True,0.6472222222222223,True,False,False
2026-01-07 01:10:00+00:00,True,0.6477777777777777,True,False,False
2026-01-07 01:15:00+00:00,True,0.6483333333333333,True,False,False
2026-01-07 01:20:00+00:00,True,0.648888888888889,True,False,False
2026-01-07 01:25:00+00:00,True,0.6494444444444444,True,False,False
2026-01-07 01:30:00+00:00,True,0.65,True,False,False
2026-01-07 01:35:00+00:00,True,0.6505555555555557,True,False,False
2026-01-07 01:40:00+00:00,True,0.6511111111111111,True,False,False
2026-01-07 01:45:00+00:00,True,0.6516666666666666,True,False,False
2026-01-07 01:50:00+00:00,True,0.6522222222222223,True,False,False
2026-01-07 01:55:00+00:00,True,0.6527777777777777,True,False,False
2026-01-07 02:00:00+00:00,True,0.6533333333333333,True,False,False
2026-01-07 02:05:00+00:00,True,0.653888888888889,True,False,False
2026-01-07 02:10:00+00:00,True,0.6544444444444444,True,False,False
2026-01-07 02:15:00+00:00,True,0.655,True,False,False
2026-01-07 02:20:00+00:00,True,0.6555555555555557,True,False,False
2026-01-07 02:25:00+00:00,True,0.6561111111111111,True,False,False
2026-01-07 02:30:00+00:00,True,0.6566666666666666,True,False,False
2026-01-07 02:35:00+00:00,True,0.6572222222222223,True,False,False
2026-01-07 02:40:00+00:00,True,0.6577777777777777,True,False,False
2026-01-07 02:45:00+00:00,True,0.6583333333333333,True,False,False
2026-01-07 02:50:00+00:00,True,0.658888888888889,True,False,False
2026-01-07 02:55:00+00:00,True,0.6594444444444444,True,False,False
2026-01-07 03:00:00+00:00,True,0.66,True,False,False
2026-01-07 03:05:00+00:00,True,0.6605555555555557,True,False,False
2026-01-07 03:10:00+00:00,True,0.6611111111111111,True,False,False
2026-01-07 03:15:00+00:00,True,0.6616666666666666,True,False,False
2026-01-07 03:20:00+00:00,True,0.6622222222222223,True,False,False
2026-01-07 03:25:00+00:00,True,0.6627777777777777,True,False,False
2026-01-07 03:30:00+00:00,True,0.6633333333333333,True,False,False
2026-01-07 03:35:00+00:00,True,0.663888888888889,True,False,False
2026-01-07 03:40:00+00:00,True,0.6644444444444444,True,False,False
2026-01-07 03:45:00+00:00,True,0.665,True,False,False
2026-01-07 03:50:00+00:00,True,0.6655555555555556,True,False,False
2026-01-07 03:55:00+00:00,True,0.6661111111111111,True,False,False
2026-01-07 04:00:00+00:00,True,0.6666666666666666,True,False,False
2026-01-07 04:05:00+00:00,True,0.6672222222222223,True,False,False
2026-01-07 04:10:00+00:00,True,0.6677777777777777,True,False,False
2026-01-07 04:15:00+00:00,True,0.6683333333333333,True,False,False
2026-01-07 04:20:00+00:00,True,0.668888888888889,True,False,False
2026-01-07 04:25:00+00:00,True,0.6694444444444444,True,False,False
2026-01-07 04:30:00+00:00,True,0.67,True,False,False
2026-01-07 04:35:00+00:00,True,0.6705555555555556,True,False,False
2026-01-07 04:40:00+00:00,True,0.6711111111111111,True,False,False
2026-01-07 04:45:00+00:00,True,0.6716666666666666,True,False,False
2026-01-07 04:50:00+00:00,True,0.6722222222222223,True,False,False
2026-01-07 04:55:00+00:00,True,0.6727777777777777,True,False,False
2026-01-07 05:00:00+00:00,True,0.6733333333333333,True,False,False
2026-01-07 05:05:00+00:00,True,0.673888888888889,True,False,False
2026-01-07 05:10:00+00:00,True,0.6744444444444444,True,False,False
2026-01-07 05:15:00+00:00,True,0.675,True,False,False
2026-01-07 05:20:00+00:00,True,0.6755555555555556,True,False,False
2026-01-07 05:25:00+00:00,True,0.676111111111111,True,False,False
2026-01-07 05:30:00+00:00,True,0.6766666666666666,True,False,False
2026-01-07 05:35:00+00:00,True,0.6772222222222223,True,False,False
2026-01-07 05:40:00+00:00,True,0.6777777777777777,True,False,False
2026-01-07 05:45:00+00:00,True,0.6783333333333333,True,False,False
2026-01-07 05:50:00+00:00,True,0.678888888888889,True,False,False
2026-01-07 05:55:00+00:00,True,0.6794444444444444,True,False,False
2026-01-07 06:00:00+00:00,True,0.68,True,False,False
2026-01-07 06:05:00+00:00,True,0.6805555555555556,True,False,False
2026-01-07 06:10:00+00:00,True,0.681111111111111,True,False,False
2026-01-07 06:15:00+00:00,True,0.6816666666666666,True,False,False
2026-01-07 06:20:00+00:00,True,0.6822222222222223,True,False,False
2026-01-07 06:25:00+00:00,True,0.6827777777777777,True,False,False
2026-01-07 06:30:00+00:00,True,0.6833333333333333,True,False,False
2026-01-07 06:35:00+00:00,True,0.683888888888889,True,False,False
2026-01-07 06:40:00+00:00,True,0.6844444444444444,True,False,False
2026-01-07 06:45:00+00:00,True,0.685,True,False,False
2026-01-07 06:50:00+00:00,True,0.6855555555555556,True,False,False
2026-01-07 06:55:00+00:00,True,0.686111111111111,True,False,False
2026-01-07 07:00:00+00:00,True,0.6866666666666666,True,False,False
2026-01-07 07:05:00+00:00,True,0.6872222222222223,True,False,False
2026-01-07 07:10:00+00:00,True,0.6877777777777777,True,False,False
2026-01-07 07:15:00+00:00,True,0.6883333333333334,True,False,False
2026-01-07 07:20:00+00:00,True,0.688888888888889,True,False,False
2026-01-07 07:25:00+00:00,True,0.6894444444444444,True,False,False
2026-01-07 07:30:00+00:00,True,0.69,True,False,False
2026-01-07 07:35:00+00:00,True,0.6905555555555556,True,False,False
2026-01-07 07:40:00+00:00,True,0.691111111111111,True,False,False
2026-01-07 07:45:00+00:00,True,0.6916666666666667,True,False,False
2026-01-07 07:50:00+00:00,True,0.6922222222222223,True,False,False
2026-01-07 07:55:00+00:00,True,0.6927777777777777,True,False,False
2026-01-07 08:00:00+00:00,True,0.6933333333333334,True,False,False
2026-01-07 08:05:00+00:00,True,0.693888888888889,True,False,False
2026-01-07 08:10:00+00:00,True,0.6944444444444444,True,False,False
2026-01-07 08:15:00+00:00,True,0.695,True,False,False
2026-01-07 08:20:00+00:00,True,0.6955555555555556,True,False,False
2026-01-07 08:25:00+00:00,True,0.696111111111111,True,False,False
2026-01-07 08:30:00+00:00,True,0.6966666666666667,True,False,False
2026-01-07 08:35:00+00:00,True,0.6972222222222223,True,False,False
2026-01-07 08:40:00+00:00,True,0.6977777777777777,True,False,False
2026-01-07 08:45:00+00:00,True,0.6983333333333334,True,False,False
2026-01-07 08:50:00+00:00,True,0.698888888888889,True,False,False
2026-01-07 08:55:00+00:00,True,0.6994444444444444,True,False,False
2026-01-07 09:00:00+00:00,True,0.7,True,False,False
2026-01-07 09:05:00+00:00,True,0.7005555555555556,True,False,False
2026-01-07 09:10:00+00:00,True,0.701111111111111,True,False,False
2026-01-07 09:15:00+00:00,True,0.7016666666666667,True,False,False
2026-01-07 09:20:00+00:00,True,0.7022222222222223,True,False,False
2026-01-07 09:25:00+00:00,True,0.7027777777777777,True,False,False
2026-01-07 09:30:00+00:00,True,0.7033333333333334,True,False,False
2026-01-07 09:35:00+00:00,True,0.7038888888888889,True,False,False
2026-01-07 09:40:00+00:00,True,0.7044444444444444,True,False,False
2026-01-07 09:45:00+00:00,True,0.705,True,False,False
2026-01-07 09:50:00+00:00,True,0.7055555555555556,True,False,False
2026-01-07 09:55:00+00:00,True,0.706111111111111,True,False,False
2026-01-07 10:00:00+00:00,True,0.7066666666666667,True,False,False
2026-01-07 10:05:00+00:00,True,0.7072222222222223,True,False,False
2026-01-07 10:10:00+00:00,True,0.7077777777777777,True,False,False
2026-01-07 10:15:00+00:00,True,0.7083333333333334,True,False,False
2026-01-07 10:20:00+00:00,True,0.7088888888888889,True,False,False
2026-01-07 10:25:00+00:00,True,0.7094444444444444,True,False,False
2026-01-07 10:30:00+00:00,True,0.71,True,False,False
2026-01-07 10:35:00+00:00,True,0.7105555555555556,True,False,False
2026-01-07 10:40:00+00:00,True,0.711111111111111,True,False,False
2026-01-07 10:45:00+00:00,True,0.7116666666666667,True,False,False
2026-01-07 10:50:00+00:00,True,0.7122222222222223,True,False,False
2026-01-07 10:55:00+00:00,True,0.7127777777777777,True,False,False
2026-01-07 11:00:00+00:00,True,0.7133333333333334,True,False,False
2026-01-07 11:05:00+00:00,True,0.7138888888888889,True,False,False
2026-01-07 11:10:00+00:00,True,0.7144444444444443,True,False,False
2026-01-07 11:15:00+00:00,True,0.715,True,False,False
2026-01-07 11:20:00+00:00,True,0.7155555555555556,True,False,False
2026-01-07 11:25:00+00:00,True,0.716111111111111,True,False,False
2026-01-07 11:30:00+00:00,True,0.7166666666666667,True,False,False
2026-01-07 11:35:00+00:00,True,0.7172222222222223,True,False,False
2026-01-07 11:40:00+00:00,True,0.7177777777777777,True,False,False
2026-01-07 11:45:00+00:00,True,0.7183333333333334,True,False,False
2026-01-07 11:50:00+00:00,True,0.7188888888888889,True,False,False
2026-01-07 11:55:00+00:00,True,0.7194444444444443,True,False,False
2026-01-07 12:00:00+00:00,True,0.72,True,False,False
2026-01-07 12:05:00+00:00,True,0.7205555555555556,True,False,False
2026-01-07 12:10:00+00:00,True,0.721111111111111,True,False,False
2026-01-07 12:15:00+00:00,True,0.7216666666666667,True,False,False
2026-01-07 12:20:00+00:00,True,0.7222222222222223,True,False,False
2026-01-07 12:25:00+00:00,True,0.7227777777777777,True,False,False
2026-01-07 12:30:00+00:00,True,0.7233333333333334,True,False,False
2026-01-07 12:35:00+00:00,True,0.7238888888888889,True,False,False
2026-01-07 12:40:00+00:00,True,0.7244444444444443,True,False,False
2026-01-07 12:45:00+00:00,True,0.725,True,False,False
2026-01-07 12:50:00+00:00,True,0.7255555555555556,True,False,False
2026-01-07 12:55:00+00:00,True,0.726111111111111,True,False,False
2026-01-07 13:00:00+00:00,True,0.7266666666666667,True,False,False
2026-01-07 13:05:00+00:00,True,0.7272222222222223,True,False,False
2026-01-07 13:10:00+00:00,True,0.7277777777777777,True,False,False
2026-01-07 13:15:00+00:00,True,0.7283333333333334,True,False,False
2026-01-07 13:20:00+00:00,True,0.7288888888888889,True,False,False
2026-01-07 13:25:00+00:00,True,0.7294444444444443,True,False,False
2026-01-07 13:30:00+00:00,True,0.73,True,False,False
2026-01-07 13:35:00+00:00,True,0.7305555555555556,True,False,False
2026-01-07 13:40:00+00:00,True,0.731111111111111,True,False,False
2026-01-07 13:45:00+00:00,True,0.7316666666666667,True,False,False
2026-01-07 13:50:00+00:00,True,0.7322222222222223,True,False,False
2026-01-07 13:55:00+00:00,True,0.7327777777777778,True,False,False
2026-01-07 14:00:00+00:00,True,0.7333333333333333,True,False,False
2026-01-07 14:05:00+00:00,True,0.7338888888888889,True,False,False
2026-01-07 14:10:00+00:00,True,0.7344444444444443,True,False,False
2026-01-07 14:15:00+00:00,True,0.735,True,False,False
2026-01-07 14:20:00+00:00,True,0.7355555555555556,True,False,False
2026-01-07 14:25:00+00:00,True,0.736111111111111,True,False,False
2026-01-07 14:30:00+00:00,True,0.7366666666666667,True,False,False
2026-01-07 14:35:00+00:00,True,0.7372222222222223,True,False,False
2026-01-07 14:40:00+00:00,True,0.7377777777777778,True,False,False
2026-01-07 14:45:00+00:00,True,0.7383333333333333,True,False,False
2026-01-07 14:50:00+00:00,True,0.7388888888888889,True,False,False
2026-01-07 14:55:00+00:00,True,0.7394444444444443,True,False,False
2026-01-07 15:00:00+00:00,True,0.74,True,False,False
2026-01-07 15:05:00+00:00,True,0.7405555555555556,True,False,False
2026-01-07 15:10:00+00:00,True,0.741111111111111,True,False,False
2026-01-07 15:15:00+00:00,True,0.7416666666666667,True,False,False
2026-01-07 15:20:00+00:00,True,0.7422222222222223,True,False,False
2026-01-07 15:25:00+00:00,True,0.7427777777777778,True,False,False
2026-01-07 15:30:00+00:00,True,0.7433333333333333,True,False,False
2026-01-07 15:35:00+00:00,True,0.7438888888888889,True,False,False
2026-01-07 15:40:00+00:00,True,0.7444444444444444,True,False,False
2026-01-07 15:45:00+00:00,True,0.745,True,False,False
2026-01-07 15:50:00+00:00,True,0.7455555555555556,True,False,False
2026-01-07 15:55:00+00:00,True,0.7461111111111111,True,False,False
2026-01-07 16:00:00+00:00,True,0.7466666666666667,True,False,False
2026-01-07 16:05:00+00:00,True,0.7472222222222222,True,False,False
2026-01-07 16:10:00+00:00,True,0.7477777777777778,True,False,False
2026-01-07 16:15:00+00:00,True,0.7483333333333333,True,False,False
2026-01-07 16:20:00+00:00,True,0.7488888888888889,True,False,False
2026-01-07 16:25:00+00:00,True,0.7494444444444444,True,False,False
2026-01-07 16:30:00+00:00,True,0.75,True,False,False
2026-01-07 16:35:00+00:00,True,0.7505555555555556,True,False,False
2026-01-07 16:40:00+00:00,True,0.7511111111111111,True,False,False
2026-01-07 16:45:00+00:00,True,0.7516666666666667,True,False,False
2026-01-07 16:50:00+00:00,True,0.7522222222222222,True,False,False
2026-01-07 16:55:00+00:00,True,0.7527777777777778,True,False,False
2026-01-07 17:00:00+00:00,True,0.7533333333333333,True,False,False
2026-01-07 17:05:00+00:00,True,0.7538888888888889,True,False,False
2026-01-07 17:10:00+00:00,True,0.7544444444444444,True,False,False
2026-01-07 17:15:00+00:00,True,0.755,True,False,False
2026-01-07 17:20:00+00:00,True,0.7555555555555556,True,False,False
2026-01-07 17:25:00+00:00,True,0.7561111111111111,True,False,False
2026-01-07 17:30:00+00:00,True,0.7566666666666667,True,False,False
2026-01-07 17:35:00+00:00,True,0.7572222222222222,True,False,False
2026-01-07 17:40:00+00:00,True,0.7577777777777777,True,False,False
2026-01-07 17:45:00+00:00,True,0.7583333333333333,True,False,False
2026-01-07 17:50:00+00:00,True,0.758888888888889,True,False,False
2026-01-07 17:55:00+00:00,True,0.7594444444444444,True,False,False
2026-01-07 18:00:00+00:00,True,0.76,True,False,False
2026-01-07 18:05:00+00:00,True,0.7605555555555557,True,False,False
2026-01-07 18:10:00+00:00,True,0.7611111111111111,True,False,False
2026-01-07 18:15:00+00:00,True,0.7616666666666667,True,False,False
2026-01-07 18:20:00+00:00,True,0.7622222222222222,True,False,False
2026-01-07 18:25:00+00:00,True,0.7627777777777777,True,False,False
2026-01-07 18:30:00+00:00,True,0.7633333333333333,True,False,False
2026-01-07 18:35:00+00:00,True,0.763888888888889,True,False,False
2026-01-07 18:40:00+00:00,True,0.7644444444444444,True,False,False
2026-01-07 18:45:00+00:00,True,0.765,True,False,False
2026-01-07 18:50:00+00:00,True,0.7655555555555557,True,False,False
2026-01-07 18:55:00+00:00,True,0.7661111111111111,True,False,False
2026-01-07 19:00:00+00:00,True,0.7666666666666667,True,False,False
2026-01-07 19:05:00+00:00,True,0.7672222222222222,True,False,False
2026-01-07 19:10:00+00:00,True,0.7677777777777777,True,False,False
2026-01-07 19:15:00+00:00,True,0.7683333333333333,True,False,False
2026-01-07 19:20:00+00:00,True,0.768888888888889,True,False,False
2026-01-07 19:25:00+00:00,True,0.7694444444444444,True,False,False
2026-01-07 19:30:00+00:00,True,0.77,True,False,False
2026-01-07 19:35:00+00:00,True,0.7705555555555557,True,False,False
2026-01-07 19:40:00+00:00,True,0.7711111111111111,True,False,False
2026-01-07 19:45:00+00:00,True,0.7716666666666666,True,False,False
2026-01-07 19:50:00+00:00,True,0.7722222222222223,True,False,False
2026-01-07 19:55:00+00:00,True,0.7727777777777777,True,False,False
2026-01-07 20:00:00+00:00,True,0.7733333333333333,True,False,False
2026-01-07 20:05:00+00:00,True,0.773888888888889,True,False,False
2026-01-07 20:10:00+00:00,True,0.7744444444444444,True,False,False
2026-01-07 20:15:00+00:00,True,0.775,True,False,False
2026-01-07 20:20:00+00:00,True,0.7755555555555557,True,False,False
2026-01-07 20:25:00+00:00,True,0.7761111111111111,True,False,False
2026-01-07 20:30:00+00:00,True,0.7766666666666666,True,False,False
2026-01-07 20:35:00+00:00,True,0.7772222222222223,True,False,False
2026-01-07 20:40:00+00:00,True,0.7777777777777777,True,False,False
2026-01-07 20:45:00+00:00,True,0.7783333333333333,True,False,False
2026-01-07 20:50:00+00:00,True,0.778888888888889,True,False,False
2026-01-07 20:55:00+00:00,True,0.7794444444444444,True,False,False
2026-01-07 21:00:00+00:00,True,0.78,True,False,False
2026-01-07 21:05:00+00:00,True,0.7805555555555557,True,False,False
2026-01-07 21:10:00+00:00,True,0.7811111111111111,True,False,False
2026-01-07 21:15:00+00:00,True,0.7816666666666666,True,False,False
2026-01-07 21:20:00+00:00,True,0.7822222222222223,True,False,False
2026-01-07 21:25:00+00:00,True,0.7827777777777777,True,False,False
2026-01-07 21:30:00+00:00,True,0.7833333333333333,True,False,False
2026-01-07 21:35:00+00:00,True,0.783888888888889,True,False,False
2026-01-07 21:40:00+00:00,True,0.7844444444444444,True,False,False
2026-01-07 21:45:00+00:00,True,0.785,True,False,False
2026-01-07 21:50:00+00:00,True,0.7855555555555557,True,False,False
2026-01-07 21:55:00+00:00,True,0.7861111111111111,True,False,False
2026-01-07 22:00:00+00:00,True,0.7866666666666666,True,False,False
2026-01-07 22:05:00+00:00,True,0.7872222222222223,True,False,False
2026-01-07 22:10:00+00:00,True,0.7877777777777777,True,False,False
2026-01-07 22:15:00+00:00,True,0.7883333333333333,True,False,False
2026-01-07 22:20:00+00:00,True,0.788888888888889,True,False,False
2026-01-07 22:25:00+00:00,True,0.7894444444444444,True,False,False
2026-01-07 22:30:00+00:00,True,0.79,True,False,False
2026-01-07 22:35:00+00:00,True,0.7905555555555556,True,False,False
2026-01-07 22:40:00+00:00,True,0.7911111111111111,True,False,False
2026-01-07 22:45:00+00:00,True,0.7916666666666666,True,False,False
2026-01-07 22:50:00+00:00,True,0.7922222222222223,True,False,False
2026-01-07 22:55:00+00:00,True,0.7927777777777777,True,False,False
2026-01-07 23:00:00+00:00,True,0.7933333333333333,True,False,False
2026-01-07 23:05:00+00:00,True,0.793888888888889,True,False,False
2026-01-07 23:10:00+00:00,True,0.7944444444444444,True,False,False
2026-01-07 23:15:00+00:00,True,0.795,True,False,False
2026-01-07 23:20:00+00:00,True,0.7955555555555556,True,False,False
2026-01-07 23:25:00+00:00,True,0.7961111111111111,True,False,False
2026-01-07 23:30:00+00:00,True,0.7966666666666666,True,False,False
2026-01-07 23:35:00+00:00,True,0.7972222222222223,True,False,False
2026-01-07 23:40:00+00:00,True,0.7977777777777777,True,False,False
2026-01-07 23:45:00+00:00,True,0.7983333333333333,True,False,False
2026-01-07 23:50:00+00:00,True,0.798888888888889,True,False,False
2026-01-07 23:55:00+00:00,True,0.7994444444444444,True,False,False
2026-01-08 00:00:00+00:00,True,0.8,True,False,False
2026-01-08 00:05:00+00:00,True,0.8005555555555556,True,False,False
2026-01-08 00:10:00+00:00,True,0.801111111111111,True,False,False
2026-01-08 00:15:00+00:00,True,0.8016666666666666,True,False,False
2026-01-08 00:20:00+00:00,True,0.8022222222222223,True,False,False
2026-01-08 00:25:00+00:00,True,0.8027777777777777,True,False,False
2026-01-08 00:30:00+00:00,True,0.8033333333333333,True,False,False
2026-01-08 00:35:00+00:00,True,0.803888888888889,True,False,False
2026-01-08 00:40:00+00:00,True,0.8044444444444444,True,False,False
2026-01-08 00:45:00+00:00,True,0.805,True,False,False
2026-01-08 00:50:00+00:00,True,0.8055555555555556,True,False,False
2026-01-08 00:55:00+00:00,True,0.806111111111111,True,False,False
2026-01-08 01:00:00+00:00,True,0.8066666666666666,True,False,False
2026-01-08 01:05:00+00:00,True,0.8072222222222223,True,False,False
2026-01-08 01:10:00+00:00,True,0.8077777777777777,True,False,False
2026-01-08 01:15:00+00:00,True,0.8083333333333333,True,False,False
2026-01-08 01:20:00+00:00,True,0.808888888888889,True,False,False
2026-01-08 01:25:00+00:00,True,0.8094444444444444,True,False,False
2026-01-08 01:30:00+00:00,True,0.81,True,False,False
2026-01-08 01:35:00+00:00,True,0.8105555555555556,True,False,False
2026-01-08 01:40:00+00:00,True,0.811111111111111,True,False,False
2026-01-08 01:45:00+00:00,True,0.8116666666666666,True,False,False
2026-01-08 01:50:00+00:00,True,0.8122222222222223,True,False,False
2026-01-08 01:55:00+00:00,True,0.8127777777777777,True,False,False
2026-01-08 02:00:00+00:00,True,0.8133333333333334,True,False,False
2026-01-08 02:05:00+00:00,True,0.813888888888889,True,False,False
2026-01-08 02:10:00+00:00,True,0.8144444444444444,True,False,False
2026-01-08 02:15:00+00:00,True,0.815,True,False,False
2026-01-08 02:20:00+00:00,True,0.8155555555555556,True,False,False
2026-01-08 02:25:00+00:00,True,0.816111111111111,True,False,True
2026-01-08 02:30:00+00:00,True,0.8166666666666667,True,False,False
2026-01-08 02:35:00+00:00,True,0.8172222222222223,True,False,False
2026-01-08 02:40:00+00:00,True,0.8177777777777777,True,False,False
2026-01-08 02:45:00+00:00,True,0.8183333333333334,True,False,False
2026-01-08 02:50:00+00:00,True,0.818888888888889,True,False,False
2026-01-08 02:55:00+00:00,True,0.8194444444444444,True,False,False
2026-01-08 03:00:00+00:00,True,0.82,True,False,False
2026-01-08 03:05:00+00:00,True,0.8205555555555556,True,False,False
2026-01-08 03:10:00+00:00,True,0.821111111111111,True,False,False
2026-01-08 03:15:00+00:00,True,0.8216666666666667,True,False,False
2026-01-08 03:20:00+00:00,True,0.8222222222222223,True,False,True
2026-01-08 03:25:00+00:00,True,0.8227777777777777,True,False,False
2026-01-08 03:30:00+00:00,True,0.8233333333333334,True,False,False
2026-01-08 03:35:00+00:00,True,0.823888888888889,True,False,False
2026-01-08 03:40:00+00:00,True,0.8244444444444444,True,False,False
2026-01-08 03:45:00+00:00,True,0.825,True,False,False
2026-01-08 03:50:00+00:00,True,0.8255555555555556,True,False,False
2026-01-08 03:55:00+00:00,True,0.826111111111111,True,False,False
2026-01-08 04:00:00+00:00,True,0.8266666666666667,True,False,True
2026-01-08 04:05:00+00:00,True,0.8272222222222223,True,False,False
2026-01-08 04:10:00+00:00,True,0.8277777777777777,True,False,False
2026-01-08 04:15:00+00:00,True,0.8283333333333334,True,False,False
2026-01-08 04:20:00+00:00,True,0.8288888888888889,True,False,False
2026-01-08 04:25:00+00:00,True,0.8294444444444444,True,False,True
2026-01-08 04:30:00+00:00,True,0.83,True,False,False
2026-01-08 04:35:00+00:00,True,0.8305555555555556,True,False,False
2026-01-08 04:40:00+00:00,True,0.831111111111111,True,False,False
2026-01-08 04:45:00+00:00,True,0.8316666666666667,True,False,False
2026-01-08 04:50:00+00:00,True,0.8322222222222223,True,False,False
2026-01-08 04:55:00+00:00,True,0.8327777777777777,True,False,False
2026-01-08 05:00:00+00:00,True,0.8333333333333334,True,False,True
2026-01-08 05:05:00+00:00,True,0.8338888888888889,True,False,False
2026-01-08 05:10:00+00:00,True,0.8344444444444444,True,False,False
2026-01-08 05:15:00+00:00,True,0.835,True,False,False
2026-01-08 05:20:00+00:00,True,0.8355555555555556,True,False,False
2026-01-08 05:25:00+00:00,True,0.836111111111111,True,False,False
2026-01-08 05:30:00+00:00,True,0.8366666666666667,True,False,False
2026-01-08 05:35:00+00:00,True,0.8372222222222223,True,False,False
2026-01-08 05:40:00+00:00,True,0.8377777777777777,True,False,True
2026-01-08 05:45:00+00:00,True,0.8383333333333334,True,False,True
2026-01-08 05:50:00+00:00,True,0.8388888888888889,True,False,False
2026-01-08 05:55:00+00:00,True,0.8394444444444443,True,False,False
2026-01-08 06:00:00+00:00,True,0.84,True,False,True
2026-01-08 06:05:00+00:00,True,0.8405555555555556,True,False,False
2026-01-08 06:10:00+00:00,True,0.841111111111111,True,False,True
2026-01-08 06:15:00+00:00,True,0.8416666666666667,True,False,True
2026-01-08 06:20:00+00:00,True,0.8422222222222223,True,False,False
2026-01-08 06:25:00+00:00,True,0.8427777777777777,True,False,True
2026-01-08 06:30:00+00:00,True,0.8433333333333334,True,False,True
2026-01-08 06:35:00+00:00,True,0.8438888888888889,True,False,True
2026-01-08 06:40:00+00:00,True,0.8444444444444443,True,False,False
2026-01-08 06:45:00+00:00,True,0.845,True,False,True
2026-01-08 06:50:00+00:00,True,0.8455555555555556,True,False,False
2026-01-08 06:55:00+00:00,True,0.846111111111111,True,False,True
2026-01-08 07:00:00+00:00,True,0.8466666666666667,True,False,True
2026-01-08 07:05:00+00:00,True,0.8472222222222223,True,False,False
2026-01-08 07:10:00+00:00,True,0.8477777777777777,True,False,True
2026-01-08 07:15:00+00:00,True,0.8483333333333334,True,False,True
2026-01-08 07:20:00+00:00,True,0.8488888888888889,True,False,True
2026-01-08 07:25:00+00:00,True,0.8494444444444443,True,False,True
2026-01-08 07:30:00+00:00,True,0.85,True,False,True
2026-01-08 07:35:00+00:00,True,0.8505555555555556,True,False,True
2026-01-08 07:40:00+00:00,True,0.851111111111111,True,False,True
2026-01-08 07:45:00+00:00,True,0.8516666666666667,True,False,True
2026-01-08 07:50:00+00:00,True,0.8522222222222223,True,False,True
2026-01-08 07:55:00+00:00,True,0.8527777777777777,True,False,True
2026-01-08 08:00:00+00:00,True,0.8533333333333334,True,False,True
2026-01-08 08:05:00+00:00,True,0.8538888888888889,True,False,True
2026-01-08 08:10:00+00:00,True,0.8544444444444443,True,False,True
2026-01-08 08:15:00+00:00,True,0.855,True,False,True
2026-01-08 08:20:00+00:00,True,0.8555555555555556,True,False,True
2026-01-08 08:25:00+00:00,True,0.856111111111111,True,False,True
2026-01-08 08:30:00+00:00,True,0.8566666666666667,True,False,True
2026-01-08 08:35:00+00:00,True,0.8572222222222223,True,False,True
2026-01-08 08:40:00+00:00,True,0.8577777777777778,True,False,True
2026-01-08 08:45:00+00:00,True,0.8583333333333333,True,False,True
2026-01-08 08:50:00+00:00,True,0.8588888888888889,True,False,False
2026-01-08 08:55:00+00:00,True,0.8594444444444443,True,False,True
2026-01-08 09:00:00+00:00,True,0.86,True,False,True
2026-01-08 09:05:00+00:00,True,0.8605555555555556,True,False,True
2026-01-08 09:10:00+00:00,True,0.861111111111111,True,False,True
2026-01-08 09:15:00+00:00,True,0.8616666666666667,True,False,True
2026-01-08 09:20:00+00:00,True,0.8622222222222223,True,False,True
2026-01-08 09:25:00+00:00,True,0.8627777777777778,True,False,True
2026-01-08 09:30:00+00:00,True,0.8633333333333333,True,False,True
2026-01-08 09:35:00+00:00,True,0.8638888888888889,True,False,True
2026-01-08 09:40:00+00:00,True,0.8644444444444443,True,False,True
2026-01-08 09:45:00+00:00,True,0.865,True,False,True
2026-01-08 09:50:00+00:00,True,0.8655555555555556,True,False,True
2026-01-08 09:55:00+00:00,True,0.866111111111111,True,False,True
2026-01-08 10:00:00+00:00,True,0.8666666666666667,True,False,True
2026-01-08 10:05:00+00:00,True,0.8672222222222223,True,False,True
2026-01-08 10:10:00+00:00,True,0.8677777777777778,True,False,True
2026-01-08 10:15:00+00:00,True,0.8683333333333333,True,False,True
2026-01-08 10:20:00+00:00,True,0.8688888888888889,True,False,True
2026-01-08 10:25:00+00:00,True,0.8694444444444444,True,False,True
2026-01-08 10:30:00+00:00,True,0.87,True,False,True
2026-01-08 10:35:00+00:00,True,0.8705555555555556,True,False,True
2026-01-08 10:40:00+00:00,True,0.8711111111111111,True,False,True
2026-01-08 10:45:00+00:00,True,0.8716666666666667,True,False,True
2026-01-08 10:50:00+00:00,True,0.8722222222222222,True,False,True
2026-01-08 10:55:00+00:00,True,0.8727777777777778,True,False,True
2026-01-08 11:00:00+00:00,True,0.8733333333333333,True,False,True
2026-01-08 11:05:00+00:00,True,0.8738888888888889,True,False,True
2026-01-08 11:10:00+00:00,True,0.8744444444444444,True,False,True
2026-01-08 11:15:00+00:00,True,0.875,True,False,True
2026-01-08 11:20:00+00:00,True,0.8755555555555556,True,False,True
2026-01-08 11:25:00+00:00,True,0.8761111111111111,True,False,True
2026-01-08 11:30:00+00:00,True,0.8766666666666667,True,False,True
2026-01-08 11:35:00+00:00,True,0.8772222222222222,True,False,True
2026-01-08 11:40:00+00:00,True,0.8777777777777778,True,False,True
2026-01-08 11:45:00+00:00,True,0.8783333333333333,True,False,True
2026-01-08 11:50:00+00:00,True,0.8788888888888889,True,False,True
2026-01-08 11:55:00+00:00,True,0.8794444444444444,True,False,True
2026-01-08 12:00:00+00:00,True,0.88,True,False,True
2026-01-08 12:05:00+00:00,True,0.8805555555555556,True,False,True
2026-01-08 12:10:00+00:00,True,0.8811111111111111,True,False,True
2026-01-08 12:15:00+00:00,True,0.8816666666666667,True,False,True
2026-01-08 12:20:00+00:00,True,0.8822222222222222,True,False,True
2026-01-08 12:25:00+00:00,True,0.8827777777777777,True,False,True
2026-01-08 12:30:00+00:00,True,0.8833333333333333,True,False,True
2026-01-08 12:35:00+00:00,True,0.883888888888889,True,False,True
2026-01-08 12:40:00+00:00,True,0.8844444444444444,True,False,True
2026-01-08 12:45:00+00:00,True,0.885,True,False,True
2026-01-08 12:50:00+00:00,True,0.8855555555555557,True,False,True
2026-01-08 12:55:00+00:00,True,0.8861111111111111,True,False,True
2026-01-08 13:00:00+00:00,True,0.8866666666666667,True,False,True
2026-01-08 13:05:00+00:00,True,0.8872222222222222,True,False,True
2026-01-08 13:10:00+00:00,True,0.8877777777777777,True,False,True
2026-01-08 13:15:00+00:00,True,0.8883333333333333,True,False,True
2026-01-08 13:20:00+00:00,True,0.888888888888889,True,False,True
2026-01-08 13:25:00+00:00,True,0.8894444444444444,True,False,True
2026-01-08 13:30:00+00:00,True,0.89,True,False,True
2026-01-08 13:35:00+00:00,True,0.8905555555555557,True,False,True
2026-01-08 13:40:00+00:00,True,0.8911111111111111,True,False,True
2026-01-08 13:45:00+00:00,True,0.8916666666666667,True,False,True
2026-01-08 13:50:00+00:00,True,0.8922222222222222,True,False,True
2026-01-08 13:55:00+00:00,True,0.8927777777777777,True,False,True
2026-01-08 14:00:00+00:00,True,0.8933333333333333,True,False,True
2026-01-08 14:05:00+00:00,True,0.893888888888889,True,False,True
2026-01-08 14:10:00+00:00,True,0.8944444444444444,True,False,True
2026-01-08 14:15:00+00:00,True,0.895,True,False,True
2026-01-08 14:20:00+00:00,True,0.8955555555555557,True,False,True
2026-01-08 14:25:00+00:00,True,0.8961111111111111,True,False,True
2026-01-08 14:30:00+00:00,True,0.8966666666666666,True,False,True
2026-01-08 14:35:00+00:00,True,0.8972222222222223,True,False,True
2026-01-08 14:40:00+00:00,True,0.8977777777777777,True,False,True
2026-01-08 14:45:00+00:00,True,0.8983333333333333,True,False,True
2026-01-08 14:50:00+00:00,True,0.898888888888889,True,False,True
2026-01-08 14:55:00+00:00,True,0.8994444444444444,True,False,True
2026-01-08 15:00:00+00:00,True,0.9,True,False,True
2026-01-08 15:05:00+00:00,True,0.9005555555555557,True,False,True
2026-01-08 15:10:00+00:00,True,0.9011111111111111,True,False,True
2026-01-08 15:15:00+00:00,True,0.9016666666666666,True,False,True
2026-01-08 15:20:00+00:00,True,0.9022222222222223,True,False,True
2026-01-08 15:25:00+00:00,True,0.9027777777777777,True,False,True
2026-01-08 15:30:00+00:00,True,0.9033333333333333,True,False,True
2026-01-08 15:35:00+00:00,True,0.903888888888889,True,False,True
2026-01-08 15:40:00+00:00,True,0.9044444444444444,True,False,True
2026-01-08 15:45:00+00:00,True,0.905,True,False,True
2026-01-08 15:50:00+00:00,True,0.9055555555555557,True,False,True
2026-01-08 15:55:00+00:00,True,0.9061111111111111,True,False,True
2026-01-08 16:00:00+00:00,True,0.9066666666666666,True,False,True
2026-01-08 16:05:00+00:00,True,0.9072222222222223,True,False,True
2026-01-08 16:10:00+00:00,True,0.9077777777777777,True,False,True
2026-01-08 16:15:00+00:00,True,0.9083333333333333,True,False,True
2026-01-08 16:20:00+00:00,True,0.908888888888889,True,False,True
2026-01-08 16:25:00+00:00,True,0.9094444444444444,True,False,True
2026-01-08 16:30:00+00:00,True,0.91,True,False,True
2026-01-08 16:35:00+00:00,True,0.9105555555555557,True,False,True
2026-01-08 16:40:00+00:00,True,0.9111111111111111,True,False,True
2026-01-08 16:45:00+00:00,True,0.9116666666666666,True,False,True
2026-01-08 16:50:00+00:00,True,0.9122222222222223,True,False,True
2026-01-08 16:55:00+00:00,True,0.9127777777777777,True,False,True
2026-01-08 17:00:00+00:00,True,0.9133333333333333,True,False,True
2026-01-08 17:05:00+00:00,True,0.913888888888889,True,False,True
2026-01-08 17:10:00+00:00,True,0.9144444444444444,True,False,True
2026-01-08 17:15:00+00:00,True,0.915,True,False,True
2026-01-08 17:20:00+00:00,True,0.9155555555555556,True,False,True
2026-01-08 17:25:00+00:00,True,0.9161111111111111,True,False,True
2026-01-08 17:30:00+00:00,True,0.9166666666666666,True,False,True
2026-01-08 17:35:00+00:00,True,0.9172222222222223,True,False,True
2026-01-08 17:40:00+00:00,True,0.9177777777777777,True,False,True
2026-01-08 17:45:00+00:00,True,0.9183333333333333,True,False,True
2026-01-08 17:50:00+00:00,True,0.918888888888889,True,False,True
2026-01-08 17:55:00+00:00,True,0.9194444444444444,True,False,True
2026-01-08 18:00:00+00:00,True,0.92,True,False,True
2026-01-08 18:05:00+00:00,True,0.9205555555555556,True,False,True
2026-01-08 18:10:00+00:00,True,0.9211111111111111,True,False,True
2026-01-08 18:15:00+00:00,True,0.9216666666666666,True,False,True
2026-01-08 18:20:00+00:00,True,0.9222222222222223,True,False,True
2026-01-08 18:25:00+00:00,True,0.9227777777777777,True,False,True
2026-01-08 18:30:00+00:00,True,0.9233333333333333,True,False,True
2026-01-08 18:35:00+00:00,True,0.923888888888889,True,False,True
2026-01-08 18:40:00+00:00,True,0.9244444444444444,True,False,True
2026-01-08 18:45:00+00:00,True,0.925,True,False,True
2026-01-08 18:50:00+00:00,True,0.9255555555555556,True,False,True
2026-01-08 18:55:00+00:00,True,0.926111111111111,True,False,True
2026-01-08 19:00:00+00:00,True,0.9266666666666666,True,False,True
2026-01-08 19:05:00+00:00,True,0.9272222222222223,True,False,True
2026-01-08 19:10:00+00:00,True,0.9277777777777777,True,False,True
2026-01-08 19:15:00+00:00,True,0.9283333333333333,True,False,True
2026-01-08 19:20:00+00:00,True,0.928888888888889,True,False,True
2026-01-08 19:25:00+00:00,True,0.9294444444444444,True,False,True
2026-01-08 19:30:00+00:00,True,0.93,True,False,True
2026-01-08 19:35:00+00:00,True,0.9305555555555556,True,False,True
2026-01-08 19:40:00+00:00,True,0.931111111111111,True,False,True
2026-01-08 19:45:00+00:00,True,0.9316666666666666,True,False,True
2026-01-08 19:50:00+00:00,True,0.9322222222222223,True,False,True
2026-01-08 19:55:00+00:00,True,0.9327777777777777,True,False,True
2026-01-08 20:00:00+00:00,True,0.9333333333333333,True,False,True
2026-01-08 20:05:00+00:00,True,0.933888888888889,True,False,True
2026-01-08 20:10:00+00:00,True,0.9344444444444444,True,False,True
2026-01-08 20:15:00+00:00,True,0.935,True,False,True
2026-01-08 20:20:00+00:00,True,0.9355555555555556,True,False,True
2026-01-08 20:25:00+00:00,True,0.936111111111111,True,False,True
2026-01-08 20:30:00+00:00,True,0.9366666666666666,True,False,True
2026-01-08 20:35:00+00:00,True,0.9372222222222223,True,False,True
2026-01-08 20:40:00+00:00,True,0.9377777777777777,True,False,True
2026-01-08 20:45:00+00:00,True,0.9383333333333334,True,False,True
2026-01-08 20:50:00+00:00,True,0.938888888888889,True,False,True
2026-01-08 20:55:00+00:00,True,0.9394444444444444,True,False,True
2026-01-08 21:00:00+00:00,True,0.94,True,False,True
2026-01-08 21:05:00+00:00,True,0.9405555555555556,True,False,True
2026-01-08 21:10:00+00:00,True,0.941111111111111,True,False,True
2026-01-08 21:15:00+00:00,True,0.9416666666666667,True,False,True
2026-01-08 21:20:00+00:00,True,0.9422222222222223,True,False,True
2026-01-08 21:25:00+00:00,True,0.9427777777777777,True,False,True
2026-01-08 21:30:00+00:00,True,0.9433333333333334,True,False,True
2026-01-08 21:35:00+00:00,True,0.943888888888889,True,False,True
2026-01-08 21:40:00+00:00,True,0.9444444444444444,True,False,True
2026-01-08 21:45:00+00:00,True,0.945,True,False,True
2026-01-08 21:50:00+00:00,True,0.9455555555555556,True,False,True
2026-01-08 21:55:00+00:00,True,0.946111111111111,True,False,True
2026-01-08 22:00:00+00:00,True,0.9466666666666667,True,False,True
2026-01-08 22:05:00+00:00,True,0.9472222222222223,True,False,True
2026-01-08 22:10:00+00:00,True,0.9477777777777777,True,False,True
2026-01-08 22:15:00+00:00,True,0.9483333333333334,True,False,True
2026-01-08 22:20:00+00:00,True,0.948888888888889,True,False,True
2026-01-08 22:25:00+00:00,True,0.9494444444444444,True,False,True
2026-01-08 22:30:00+00:00,True,0.95,True,False,True
2026-01-08 22:35:00+00:00,True,0.9505555555555556,True,False,True
2026-01-08 22:40:00+00:00,True,0.951111111111111,True,False,True
2026-01-08 22:45:00+00:00,True,0.9516666666666667,True,False,True
2026-01-08 22:50:00+00:00,True,0.9522222222222223,True,False,True
2026-01-08 22:55:00+00:00,True,0.9527777777777777,True,False,True
2026-01-08 23:00:00+00:00,True,0.9533333333333334,True,False,True
2026-01-08 23:05:00+00:00,True,0.9538888888888889,True,False,True
2026-01-08 23:10:00+00:00,True,0.9544444444444444,True,False,True
2026-01-08 23:15:00+00:00,True,0.955,True,False,True
2026-01-08 23:20:00+00:00,True,0.9555555555555556,True,False,True
2026-01-08 23:25:00+00:00,True,0.956111111111111,True,False,True
2026-01-08 23:30:00+00:00,True,0.9566666666666667,True,False,True
2026-01-08 23:35:00+00:00,True,0.9572222222222223,True,False,True
2026-01-08 23:40:00+00:00,True,0.9577777777777777,True,False,True
2026-01-08 23:45:00+00:00,True,0.9583333333333334,True,False,True
2026-01-08 23:50:00+00:00,True,0.9588888888888889,True,False,True
2026-01-08 23:55:00+00:00,True,0.9594444444444444,True,False,True
2026-01-09 00:00:00+00:00,True,0.96,True,False,True
2026-01-09 00:05:00+00:00,True,0.9605555555555556,True,False,True
2026-01-09 00:10:00+00:00,True,0.961111111111111,True,False,True
2026-01-09 00:15:00+00:00,True,0.9616666666666667,True,False,True
2026-01-09 00:20:00+00:00,True,0.9622222222222223,True,False,True
2026-01-09 00:25:00+00:00,True,0.9627777777777777,True,False,True
2026-01-09 00:30:00+00:00,True,0.9633333333333334,True,False,True
2026-01-09 00:35:00+00:00,True,0.9638888888888889,True,False,True
2026-01-09 00:40:00+00:00,True,0.9644444444444443,True,False,True
2026-01-09 00:45:00+00:00,True,0.965,True,False,True
2026-01-09 00:50:00+00:00,True,0.9655555555555556,True,False,True
2026-01-09 00:55:00+00:00,True,0.966111111111111,True,False,True
2026-01-09 01:00:00+00:00,True,0.9666666666666667,True,False,True
2026-01-09 01:05:00+00:00,True,0.9672222222222223,True,False,True
2026-01-09 01:10:00+00:00,True,0.9677777777777777,True,False,True
2026-01-09 01:15:00+00:00,True,0.9683333333333334,True,False,True
2026-01-09 01:20:00+00:00,True,0.9688888888888889,True,False,True
2026-01-09 01:25:00+00:00,True,0.9694444444444443,True,False,True
2026-01-09 01:30:00+00:00,True,0.97,True,False,True
2026-01-09 01:35:00+00:00,True,0.9705555555555556,True,False,True
2026-01-09 01:40:00+00:00,True,0.971111111111111,True,False,True
2026-01-09 01:45:00+00:00,True,0.9716666666666667,True,False,True
2026-01-09 01:50:00+00:00,True,0.9722222222222223,True,False,True
2026-01-09 01:55:00+00:00,True,0.9727777777777777,True,False,True
2026-01-09 02:00:00+00:00,True,0.9733333333333334,True,False,True
2026-01-09 02:05:00+00:00,True,0.9738888888888889,True,False,True
2026-01-09 02:10:00+00:00,True,0.9744444444444443,True,False,True
2026-01-09 02:15:00+00:00,True,0.975,True,False,True
2026-01-09 02:20:00+00:00,True,0.9755555555555556,True,False,True
2026-01-09 02:25:00+00:00,True,0.976111111111111,True,False,True
2026-01-09 02:30:00+00:00,True,0.9766666666666667,True,False,True
2026-01-09 02:35:00+00:00,True,0.9772222222222223,True,False,True
2026-01-09 02:40:00+00:00,True,0.9777777777777777,True,False,True
2026-01-09 02:45:00+00:00,True,0.9783333333333334,True,False,True
2026-01-09 02:50:00+00:00,True,0.9788888888888889,True,False,True
2026-01-09 02:55:00+00:00,True,0.9794444444444443,True,False,True
2026-01-09 03:00:00+00:00,True,0.98,True,False,True
2026-01-09 03:05:00+00:00,True,0.9805555555555556,True,False,True
2026-01-09 03:10:00+00:00,True,0.981111111111111,True,False,True
2026-01-09 03:15:00+00:00,True,0.9816666666666667,True,False,True
2026-01-09 03:20:00+00:00,True,0.9822222222222223,True,False,True
2026-01-09 03:25:00+00:00,True,0.9827777777777778,True,False,True
2026-01-09 03:30:00+00:00,True,0.9833333333333333,True,False,True
2026-01-09 03:35:00+00:00,True,0.9838888888888889,True,False,True
2026-01-09 03:40:00+00:00,True,0.9844444444444443,True,False,True
2026-01-09 03:45:00+00:00,True,0.985,True,False,True
2026-01-09 03:50:00+00:00,True,0.9855555555555556,True,False,True
2026-01-09 03:55:00+00:00,True,0.986111111111111,True,False,True
2026-01-09 04:00:00+00:00,True,0.9866666666666667,True,False,True
2026-01-09 04:05:00+00:00,True,0.9872222222222223,True,False,True
2026-01-09 04:10:00+00:00,True,0.9877777777777778,True,False,True
2026-01-09 04:15:00+00:00,True,0.9883333333333333,True,False,True
2026-01-09 04:20:00+00:00,True,0.9888888888888889,True,False,True
2026-01-09 04:25:00+00:00,True,0.9894444444444443,True,False,True
2026-01-09 04:30:00+00:00,True,0.99,True,False,True
2026-01-09 04:35:00+00:00,True,0.9905555555555556,True,False,True
2026-01-09 04:40:00+00:00,True,0.991111111111111,True,False,True
2026-01-09 04:45:00+00:00,True,0.9916666666666667,True,False,True
2026-01-09 04:50:00+00:00,True,0.9922222222222223,True,False,True
2026-01-09 04:55:00+00:00,True,0.9927777777777778,True,False,True
2026-01-09 05:00:00+00:00,True,0.9933333333333333,True,False,True
2026-01-09 05:05:00+00:00,True,0.9938888888888889,True,False,True
2026-01-09 05:10:00+00:00,True,0.9944444444444444,True,False,True
2026-01-09 05:15:00+00:00,True,0.995,True,False,True
2026-01-09 05:20:00+00:00,True,0.9955555555555556,True,False,True
2026-01-09 05:25:00+00:00,True,0.9961111111111111,True,False,True
2026-01-09 05:30:00+00:00,True,0.9966666666666667,True,False,True
2026-01-09 05:35:00+00:00,True,0.9972222222222222,True,False,True
2026-01-09 05:40:00+00:00,True,0.9977777777777778,True,False,True
2026-01-09 05:45:00+00:00,True,0.9983333333333333,True,False,True
2026-01-09 05:50:00+00:00,True,0.9988888888888889,True,False,True
2026-01-09 05:55:00+00:00,True,0.9994444444444444,True,False,True
2026-01-09 06:00:00+00:00,True,1.0,True,True,True
2026-01-09 06:05:00+00:00,True,1.0005555555555556,True,True,True
2026-01-09 06:10:00+00:00,True,1.001111111111111,True,True,True
2026-01-09 06:15:00+00:00,True,1.0016666666666667,True,True,True
2026-01-09 06:20:00+00:00,True,1.0022222222222223,True,True,True
2026-01-09 06:25:00+00:00,True,1.0027777777777778,True,True,True
2026-01-09 06:30:00+00:00,True,1.0033333333333334,True,True,True
2026-01-09 06:35:00+00:00,True,1.003888888888889,True,True,True
2026-01-09 06:40:00+00:00,True,1.0044444444444445,True,True,True
2026-01-09 06:45:00+00:00,True,1.005,True,True,True
2026-01-09 06:50:00+00:00,True,1.0055555555555555,True,True,True
2026-01-09 06:55:00+00:00,True,1.006111111111111,True,True,True
2026-01-09 07:00:00+00:00,True,1.0066666666666666,True,True,True
2026-01-09 07:05:00+00:00,True,1.0072222222222222,True,True,True
2026-01-09 07:10:00+00:00,True,1.0077777777777777,True,True,True
2026-01-09 07:15:00+00:00,True,1.0083333333333333,True,True,True
2026-01-09 07:20:00+00:00,True,1.008888888888889,True,True,True
2026-01-09 07:25:00+00:00,True,1.0094444444444444,True,True,True
2026-01-09 07:30:00+00:00,True,1.01,True,True,True
2026-01-09 07:35:00+00:00,True,1.0105555555555557,True,True,True
2026-01-09 07:40:00+00:00,True,1.011111111111111,True,True,True
2026-01-09 07:45:00+00:00,True,1.0116666666666667,True,True,True
2026-01-09 07:50:00+00:00,True,1.0122222222222224,True,True,True
2026-01-09 07:55:00+00:00,True,1.0127777777777778,True,True,True
2026-01-09 08:00:00+00:00,True,1.0133333333333334,True,True,True
2026-01-09 08:05:00+00:00,True,1.013888888888889,True,True,True
2026-01-09 08:10:00+00:00,True,1.0144444444444445,True,True,True
2026-01-09 08:15:00+00:00,True,1.015,True,True,True
2026-01-09 08:20:00+00:00,True,1.0155555555555555,True,True,True
2026-01-09 08:25:00+00:00,True,1.016111111111111,True,True,True
2026-01-09 08:30:00+00:00,True,1.0166666666666666,True,True,True
2026-01-09 08:35:00+00:00,True,1.0172222222222222,True,True,True
2026-01-09 08:40:00+00:00,True,1.0177777777777777,True,True,True
2026-01-09 08:45:00+00:00,True,1.0183333333333333,True,True,True
2026-01-09 08:50:00+00:00,True,1.018888888888889,True,True,True
2026-01-09 08:55:00+00:00,True,1.0194444444444444,True,True,True
2026-01-09 09:00:00+00:00,True,1.02,True,True,True
2026-01-09 09:05:00+00:00,True,1.0205555555555557,True,True,True
2026-01-09 09:10:00+00:00,True,1.021111111111111,True,True,True
2026-01-09 09:15:00+00:00,True,1.0216666666666667,True,True,True
2026-01-09 09:20:00+00:00,True,1.0222222222222224,True,True,True
2026-01-09 09:25:00+00:00,True,1.0227777777777778,True,True,True
2026-01-09 09:30:00+00:00,True,1.0233333333333334,True,True,True
2026-01-09 09:35:00+00:00,True,1.0238888888888888,True,True,True
2026-01-09 09:40:00+00:00,True,1.0244444444444445,True,True,True
2026-01-09 09:45:00+00:00,True,1.025,True,True,True
2026-01-09 09:50:00+00:00,True,1.0255555555555556,True,True,True
2026-01-09 09:55:00+00:00,True,1.026111111111111,True,True,True
2026-01-09 10:00:00+00:00,True,1.0266666666666666,True,True,True
2026-01-09 10:05:00+00:00,True,1.0272222222222223,True,True,True
2026-01-09 10:10:00+00:00,True,1.0277777777777777,True,True,True
2026-01-09 10:15:00+00:00,True,1.0283333333333333,True,True,True
2026-01-09 10:20:00+00:00,True,1.028888888888889,True,True,True
2026-01-09 10:25:00+00:00,True,1.0294444444444444,True,True,True
2026-01-09 10:30:00+00:00,True,1.03,True,True,True
2026-01-09 10:35:00+00:00,True,1.0305555555555557,True,True,True
2026-01-09 10:40:00+00:00,True,1.031111111111111,True,True,True
2026-01-09 10:45:00+00:00,True,1.0316666666666667,True,True,True
2026-01-09 10:50:00+00:00,True,1.0322222222222224,True,True,True
2026-01-09 10:55:00+00:00,True,1.0327777777777778,True,True,True
2026-01-09 11:00:00+00:00,True,1.0333333333333334,True,True,True
2026-01-09 11:05:00+00:00,True,1.0338888888888889,True,True,True
2026-01-09 11:10:00+00:00,True,1.0344444444444443,True,True,True
2026-01-09 11:15:00+00:00,True,1.035,True,True,True
2026-01-09 11:20:00+00:00,True,1.0355555555555556,True,True,True
2026-01-09 11:25:00+00:00,True,1.036111111111111,True,True,True
2026-01-09 11:30:00+00:00,True,1.0366666666666666,True,True,True
2026-01-09 11:35:00+00:00,True,1.0372222222222223,True,True,True
2026-01-09 11:40:00+00:00,True,1.0377777777777777,True,True,True
2026-01-09 11:45:00+00:00,True,1.0383333333333333,True,True,True
2026-01-09 11:50:00+00:00,True,1.038888888888889,True,True,True
2026-01-09 11:55:00+00:00,True,1.0394444444444444,True,True,True
2026-01-09 12:00:00+00:00,True,1.04,True,True,True
2026-01-09 12:05:00+00:00,True,1.0405555555555557,True,True,True
2026-01-09 12:10:00+00:00,True,1.041111111111111,True,True,True
2026-01-09 12:15:00+00:00,True,1.0416666666666667,True,True,True
2026-01-09 12:20:00+00:00,True,1.0422222222222224,True,True,True
2026-01-09 12:25:00+00:00,True,1.0427777777777778,True,True,True
2026-01-09 12:30:00+00:00,True,1.0433333333333332,True,True,True
2026-01-09 12:35:00+00:00,True,1.0438888888888889,True,True,True
2026-01-09 12:40:00+00:00,True,1.0444444444444443,True,True,True
2026-01-09 12:45:00+00:00,True,1.045,True,True,True
2026-01-09 12:50:00+00:00,True,1.0455555555555556,True,True,True
2026-01-09 12:55:00+00:00,True,1.046111111111111,True,True,True
2026-01-09 13:00:00+00:00,True,1.0466666666666666,True,True,True
2026-01-09 13:05:00+00:00,True,1.0472222222222223,True,True,True
2026-01-09 13:10:00+00:00,True,1.0477777777777777,True,True,True
2026-01-09 13:15:00+00:00,True,1.0483333333333333,True,True,True
2026-01-09 13:20:00+00:00,True,1.048888888888889,True,True,True
2026-01-09 13:25:00+00:00,True,1.0494444444444444,True,True,True
2026-01-09 13:30:00+00:00,True,1.05,True,True,True
2026-01-09 13:35:00+00:00,True,1.0505555555555557,True,True,True
2026-01-09 13:40:00+00:00,True,1.051111111111111,True,True,True
2026-01-09 13:45:00+00:00,True,1.0516666666666667,True,True,True
2026-01-09 13:50:00+00:00,True,1.0522222222222224,True,True,True
2026-01-09 13:55:00+00:00,True,1.0527777777777778,True,True,True
2026-01-09 14:00:00+00:00,True,1.0533333333333332,True,True,True
2026-01-09 14:05:00+00:00,True,1.0538888888888889,True,True,True
2026-01-09 14:10:00+00:00,True,1.0544444444444443,True,True,True
2026-01-09 14:15:00+00:00,True,1.055,True,True,True
2026-01-09 14:20:00+00:00,True,1.0555555555555556,True,True,True
2026-01-09 14:25:00+00:00,True,1.056111111111111,True,True,True
2026-01-09 14:30:00+00:00,True,1.0566666666666666,True,True,True
2026-01-09 14:35:00+00:00,True,1.0572222222222223,True,True,True
2026-01-09 14:40:00+00:00,True,1.0577777777777777,True,True,True
2026-01-09 14:45:00+00:00,True,1.0583333333333333,True,True,True
2026-01-09 14:50:00+00:00,True,1.058888888888889,True,True,True
2026-01-09 14:55:00+00:00,True,1.0594444444444444,True,True,True
2026-01-09 15:00:00+00:00,True,1.06,True,True,True
2026-01-09 15:05:00+00:00,True,1.0605555555555557,True,True,True
2026-01-09 15:10:00+00:00,True,1.0611111111111111,True,True,True
2026-01-09 15:15:00+00:00,True,1.0616666666666668,True,True,True
2026-01-09 15:20:00+00:00,True,1.0622222222222222,True,True,True
2026-01-09 15:25:00+00:00,True,1.0627777777777778,True,True,True
2026-01-09 15:30:00+00:00,True,1.0633333333333332,True,True,True
2026-01-09 15:35:00+00:00,True,1.0638888888888889,True,True,True
2026-01-09 15:40:00+00:00,True,1.0644444444444443,True,True,True
2026-01-09 15:45:00+00:00,True,1.065,True,True,True
2026-01-09 15:50:00+00:00,True,1.0655555555555556,True,True,True
2026-01-09 15:55:00+00:00,True,1.066111111111111,True,True,True
2026-01-09 16:00:00+00:00,True,1.0666666666666667,True,True,True
2026-01-09 16:05:00+00:00,True,1.0672222222222223,True,True,True
2026-01-09 16:10:00+00:00,True,1.0677777777777777,True,True,True
2026-01-09 16:15:00+00:00,True,1.0683333333333334,True,True,True
2026-01-09 16:20:00+00:00,True,1.068888888888889,True,True,True
2026-01-09 16:25:00+00:00,True,1.0694444444444444,True,True,True
2026-01-09 16:30:00+00:00,True,1.07,True,True,True
2026-01-09 16:35:00+00:00,True,1.0705555555555557,True,True,True
2026-01-09 16:40:00+00:00,True,1.0711111111111111,True,True,True
2026-01-09 16:45:00+00:00,True,1.0716666666666668,True,True,True
2026-01-09 16:50:00+00:00,True,1.0722222222222222,True,True,True
2026-01-09 16:55:00+00:00,True,1.0727777777777776,True,True,True
2026-01-09 17:00:00+00:00,True,1.0733333333333333,True,True,True
2026-01-09 17:05:00+00:00,True,1.073888888888889,True,True,True
2026-01-09 17:10:00+00:00,True,1.0744444444444443,True,True,True
2026-01-09 17:15:00+00:00,True,1.075,True,True,True
2026-01-09 17:20:00+00:00,True,1.0755555555555556,True,True,True
2026-01-09 17:25:00+00:00,True,1.076111111111111,True,True,True
2026-01-09 17:30:00+00:00,True,1.0766666666666667,True,True,True
2026-01-09 17:35:00+00:00,True,1.0772222222222223,True,True,True
2026-01-09 17:40:00+00:00,True,1.0777777777777777,True,True,True
2026-01-09 17:45:00+00:00,True,1.0783333333333334,True,True,True
2026-01-09 17:50:00+00:00,True,1.078888888888889,True,True,True
2026-01-09 17:55:00+00:00,True,1.0794444444444444,True,True,True
2026-01-09 18:00:00+00:00,True,1.08,True,True,True
2026-01-09 18:05:00+00:00,True,1.0805555555555557,True,True,True
2026-01-09 18:10:00+00:00,True,1.0811111111111111,True,True,True
2026-01-09 18:15:00+00:00,True,1.0816666666666668,True,True,True
2026-01-09 18:20:00+00:00,True,1.0822222222222222,True,True,True
2026-01-09 18:25:00+00:00,True,1.0827777777777776,True,True,True
2026-01-09 18:30:00+00:00,True,1.0833333333333333,True,True,True
2026-01-09 18:35:00+00:00,True,1.083888888888889,True,True,True
2026-01-09 18:40:00+00:00,True,1.0844444444444443,True,True,True
2026-01-09 18:45:00+00:00,True,1.085,True,True,True
2026-01-09 18:50:00+00:00,True,1.0855555555555556,True,True,True
2026-01-09 18:55:00+00:00,True,1.086111111111111,True,True,True
2026-01-09 19:00:00+00:00,True,1.0866666666666667,True,True,True
2026-01-09 19:05:00+00:00,True,1.0872222222222223,True,True,True
2026-01-09 19:10:00+00:00,True,1.0877777777777777,True,True,True
2026-01-09 19:15:00+00:00,True,1.0883333333333334,True,True,True
2026-01-09 19:20:00+00:00,True,1.088888888888889,True,True,True
2026-01-09 19:25:00+00:00,True,1.0894444444444444,True,True,True
2026-01-09 19:30:00+00:00,True,1.09,True,True,True
2026-01-09 19:35:00+00:00,True,1.0905555555555557,True,True,True
2026-01-09 19:40:00+00:00,True,1.0911111111111111,True,True,True
2026-01-09 19:45:00+00:00,True,1.0916666666666666,True,True,True
2026-01-09 19:50:00+00:00,True,1.0922222222222222,True,True,True
2026-01-09 19:55:00+00:00,True,1.0927777777777776,True,True,True
2026-01-09 20:00:00+00:00,True,1.0933333333333333,True,True,True
2026-01-09 20:05:00+00:00,True,1.093888888888889,True,True,True
2026-01-09 20:10:00+00:00,True,1.0944444444444443,True,True,True
2026-01-09 20:15:00+00:00,True,1.095,True,True,True
2026-01-09 20:20:00+00:00,True,1.0955555555555556,True,True,True
2026-01-09 20:25:00+00:00,True,1.096111111111111,True,True,True
2026-01-09 20:30:00+00:00,True,1.0966666666666667,True,True,True
2026-01-09 20:35:00+00:00,True,1.0972222222222223,True,True,True
2026-01-09 20:40:00+00:00,True,1.0977777777777777,True,True,True
2026-01-09 20:45:00+00:00,True,1.0983333333333334,True,True,True
2026-01-09 20:50:00+00:00,True,1.098888888888889,True,True,True
2026-01-09 20:55:00+00:00,True,1.0994444444444444,True,True,True
2026-01-09 21:00:00+00:00,True,1.1,True,True,True
2026-01-09 21:05:00+00:00,True,1.1005555555555555,True,True,True
2026-01-09 21:10:00+00:00,True,1.1011111111111112,True,True,True
2026-01-09 21:15:00+00:00,True,1.1016666666666666,True,True,True
2026-01-09 21:20:00+00:00,True,1.1022222222222222,True,True,True
2026-01-09 21:25:00+00:00,True,1.1027777777777776,True,True,True
2026-01-09 21:30:00+00:00,True,1.1033333333333333,True,True,True
2026-01-09 21:35:00+00:00,True,1.103888888888889,True,True,True
2026-01-09 21:40:00+00:00,True,1.1044444444444443,True,True,True
2026-01-09 21:45:00+00:00,True,1.105,True,True,True
2026-01-09 21:50:00+00:00,True,1.1055555555555556,True,True,True
2026-01-09 21:55:00+00:00,True,1.106111111111111,True,True,True
2026-01-09 22:00:00+00:00,True,1.1066666666666667,True,True,True
2026-01-09 22:05:00+00:00,True,1.1072222222222223,True,True,True
2026-01-09 22:10:00+00:00,True,1.1077777777777778,True,True,True
2026-01-09 22:15:00+00:00,True,1.1083333333333334,True,True,True
2026-01-09 22:20:00+00:00,True,1.108888888888889,True,True,True
2026-01-09 22:25:00+00:00,True,1.1094444444444445,True,True,True
2026-01-09 22:30:00+00:00,True,1.11,True,True,True
2026-01-09 22:35:00+00:00,True,1.1105555555555555,True,True,True
2026-01-09 22:40:00+00:00,True,1.111111111111111,True,True,True
2026-01-09 22:45:00+00:00,True,1.1116666666666666,True,True,True
2026-01-09 22:50:00+00:00,True,1.1122222222222222,True,True,True
2026-01-09 22:55:00+00:00,True,1.1127777777777776,True,True,True
2026-01-09 23:00:00+00:00,True,1.1133333333333333,True,True,True
2026-01-09 23:05:00+00:00,True,1.113888888888889,True,True,True
2026-01-09 23:10:00+00:00,True,1.1144444444444443,True,True,True
2026-01-09 23:15:00+00:00,True,1.115,True,True,True
2026-01-09 23:20:00+00:00,True,1.1155555555555556,True,True,True
2026-01-09 23:25:00+00:00,True,1.116111111111111,True,True,True
2026-01-09 23:30:00+00:00,True,1.1166666666666667,True,True,True
2026-01-09 23:35:00+00:00,True,1.1172222222222223,True,True,True
2026-01-09 23:40:00+00:00,True,1.1177777777777778,True,True,True
2026-01-09 23:45:00+00:00,True,1.1183333333333334,True,True,True
2026-01-09 23:50:00+00:00,True,1.118888888888889,True,True,True
2026-01-09 23:55:00+00:00,True,1.1194444444444445,True,True,True
2026-01-10 00:00:00+00:00,True,1.12,True,True,True
2026-01-10 00:05:00+00:00,True,1.1205555555555555,True,True,True
2026-01-10 00:10:00+00:00,True,1.121111111111111,True,True,True
2026-01-10 00:15:00+00:00,True,1.1216666666666666,True,True,True
2026-01-10 00:20:00+00:00,True,1.1222222222222222,True,True,True
2026-01-10 00:25:00+00:00,True,1.1227777777777777,True,True,True
2026-01-10 00:30:00+00:00,True,1.1233333333333333,True,True,True
2026-01-10 00:35:00+00:00,True,1.123888888888889,True,True,True
2026-01-10 00:40:00+00:00,True,1.1244444444444444,True,True,True
2026-01-10 00:45:00+00:00,True,1.125,True,True,True
2026-01-10 00:50:00+00:00,True,1.1255555555555556,True,True,True
2026-01-10 00:55:00+00:00,True,1.126111111111111,True,True,True
2026-01-10 01:00:00+00:00,True,1.1266666666666667,True,True,True
2026-01-10 01:05:00+00:00,True,1.1272222222222223,True,True,True
2026-01-10 01:10:00+00:00,True,1.1277777777777778,True,True,True
2026-01-10 01:15:00+00:00,True,1.1283333333333334,True,True,True
2026-01-10 01:20:00+00:00,True,1.128888888888889,True,True,True
2026-01-10 01:25:00+00:00,True,1.1294444444444445,True,True,True
2026-01-10 01:30:00+00:00,True,1.13,True,True,True
2026-01-10 01:35:00+00:00,True,1.1305555555555555,True,True,True
2026-01-10 01:40:00+00:00,True,1.131111111111111,True,True,True
2026-01-10 01:45:00+00:00,True,1.1316666666666666,True,True,True
2026-01-10 01:50:00+00:00,True,1.1322222222222222,True,True,True
2026-01-10 01:55:00+00:00,True,1.1327777777777777,True,True,True
2026-01-10 02:00:00+00:00,True,1.1333333333333333,True,True,True
2026-01-10 02:05:00+00:00,True,1.133888888888889,True,True,True
2026-01-10 02:10:00+00:00,True,1.1344444444444444,True,True,True
2026-01-10 02:15:00+00:00,True,1.135,True,True,True
2026-01-10 02:20:00+00:00,True,1.1355555555555557,True,True,True
2026-01-10 02:25:00+00:00,True,1.136111111111111,True,True,True
2026-01-10 02:30:00+00:00,True,1.1366666666666667,True,True,True
2026-01-10 02:35:00+00:00,True,1.1372222222222224,True,True,True
2026-01-10 02:40:00+00:00,True,1.1377777777777778,True,True,True
2026-01-10 02:45:00+00:00,True,1.1383333333333334,True,True,True
2026-01-10 02:50:00+00:00,True,1.138888888888889,True,True,True
2026-01-10 02:55:00+00:00,True,1.1394444444444445,True,True,True
2026-01-10 03:00:00+00:00,True,1.14,True,True,True
2026-01-10 03:05:00+00:00,True,1.1405555555555555,True,True,True
2026-01-10 03:10:00+00:00,True,1.141111111111111,True,True,True
2026-01-10 03:15:00+00:00,True,1.1416666666666666,True,True,True
2026-01-10 03:20:00+00:00,True,1.1422222222222222,True,True,True
2026-01-10 03:25:00+00:00,True,1.1427777777777777,True,True,True
2026-01-10 03:30:00+00:00,True,1.1433333333333333,True,True,True
2026-01-10 03:35:00+00:00,True,1.143888888888889,True,True,True
2026-01-10 03:40:00+00:00,True,1.1444444444444444,True,True,True
2026-01-10 03:45:00+00:00,True,1.145,True,True,True
2026-01-10 03:50:00+00:00,True,1.1455555555555557,True,True,True
2026-01-10 03:55:00+00:00,True,1.146111111111111,True,True,True
2026-01-10 04:00:00+00:00,True,1.1466666666666667,True,True,True
2026-01-10 04:05:00+00:00,True,1.1472222222222224,True,True,True
2026-01-10 04:10:00+00:00,True,1.1477777777777778,True,True,True
2026-01-10 04:15:00+00:00,True,1.1483333333333334,True,True,True
2026-01-10 04:20:00+00:00,True,1.1488888888888888,True,True,True
2026-01-10 04:25:00+00:00,True,1.1494444444444445,True,True,True
2026-01-10 04:30:00+00:00,True,1.15,True,True,True
2026-01-10 04:35:00+00:00,True,1.1505555555555556,True,True,True
2026-01-10 04:40:00+00:00,True,1.151111111111111,True,True,True
2026-01-10 04:45:00+00:00,True,1.1516666666666666,True,True,True
2026-01-10 04:50:00+00:00,True,1.1522222222222223,True,True,True
2026-01-10 04:55:00+00:00,True,1.1527777777777777,True,True,True
2026-01-10 05:00:00+00:00,True,1.1533333333333333,True,True,True
2026-01-10 05:05:00+00:00,True,1.153888888888889,True,True,True
2026-01-10 05:10:00+00:00,True,1.1544444444444444,True,True,True
2026-01-10 05:15:00+00:00,True,1.155,True,True,True
2026-01-10 05:20:00+00:00,True,1.1555555555555557,True,True,True
2026-01-10 05:25:00+00:00,True,1.156111111111111,True,True,True
2026-01-10 05:30:00+00:00,True,1.1566666666666667,True,True,True
2026-01-10 05:35:00+00:00,True,1.1572222222222224,True,True,True
2026-01-10 05:40:00+00:00,True,1.1577777777777778,True,True,True
2026-01-10 05:45:00+00:00,True,1.1583333333333334,True,True,True
2026-01-10 05:50:00+00:00,True,1.1588888888888889,True,True,True
2026-01-10 05:55:00+00:00,True,1.1594444444444443,True,True,True
2026-01-10 06:00:00+00:00,True,1.16,True,True,True
2026-01-10 06:05:00+00:00,True,1.1605555555555556,True,True,True
2026-01-10 06:10:00+00:00,True,1.161111111111111,True,True,True
2026-01-10 06:15:00+00:00,True,1.1616666666666666,True,True,True
2026-01-10 06:20:00+00:00,True,1.1622222222222223,True,True,True
2026-01-10 06:25:00+00:00,True,1.1627777777777777,True,True,True
2026-01-10 06:30:00+00:00,True,1.1633333333333333,True,True,True
2026-01-10 06:35:00+00:00,True,1.163888888888889,True,True,True
2026-01-10 06:40:00+00:00,True,1.1644444444444444,True,True,True
2026-01-10 06:45:00+00:00,True,1.165,True,True,True
2026-01-10 06:50:00+00:00,True,1.1655555555555557,True,True,True
2026-01-10 06:55:00+00:00,True,1.166111111111111,True,True,True
2026-01-10 07:00:00+00:00,True,1.1666666666666667,True,True,True
2026-01-10 07:05:00+00:00,True,1.1672222222222224,True,True,True
2026-01-10 07:10:00+00:00,True,1.1677777777777778,True,True,True
2026-01-10 07:15:00+00:00,True,1.1683333333333332,True,True,True
2026-01-10 07:20:00+00:00,True,1.1688888888888889,True,True,True
2026-01-10 07:25:00+00:00,True,1.1694444444444443,True,True,True
2026-01-10 07:30:00+00:00,True,1.17,True,True,True
2026-01-10 07:35:00+00:00,True,1.1705555555555556,True,True,True
2026-01-10 07:40:00+00:00,True,1.171111111111111,True,True,True
2026-01-10 07:45:00+00:00,True,1.1716666666666666,True,True,True
2026-01-10 07:50:00+00:00,True,1.1722222222222223,True,True,True
2026-01-10 07:55:00+00:00,True,1.1727777777777777,True,True,True
2026-01-10 08:00:00+00:00,True,1.1733333333333333,True,True,True
2026-01-10 08:05:00+00:00,True,1.173888888888889,True,True,True
2026-01-10 08:10:00+00:00,True,1.1744444444444444,True,True,True
2026-01-10 08:15:00+00:00,True,1.175,True,True,True
2026-01-10 08:20:00+00:00,True,1.1755555555555557,True,True,True
2026-01-10 08:25:00+00:00,True,1.176111111111111,True,True,True
2026-01-10 08:30:00+00:00,True,1.1766666666666667,True,True,True
2026-01-10 08:35:00+00:00,True,1.1772222222222224,True,True,True
2026-01-10 08:40:00+00:00,True,1.1777777777777778,True,True,True
2026-01-10 08:45:00+00:00,True,1.1783333333333332,True,True,True
2026-01-10 08:50:00+00:00,True,1.1788888888888889,True,True,True
2026-01-10 08:55:00+00:00,True,1.1794444444444443,True,True,True
2026-01-10 09:00:00+00:00,True,1.18,True,True,True
2026-01-10 09:05:00+00:00,True,1.1805555555555556,True,True,True
2026-01-10 09:10:00+00:00,True,1.181111111111111,True,True,True
2026-01-10 09:15:00+00:00,True,1.1816666666666666,True,True,True
2026-01-10 09:20:00+00:00,True,1.1822222222222223,True,True,True
2026-01-10 09:25:00+00:00,True,1.1827777777777777,True,True,True
2026-01-10 09:30:00+00:00,True,1.1833333333333333,True,True,True
2026-01-10 09:35:00+00:00,True,1.183888888888889,True,True,True
2026-01-10 09:40:00+00:00,True,1.1844444444444444,True,True,True
2026-01-10 09:45:00+00:00,True,1.185,True,True,True
2026-01-10 09:50:00+00:00,True,1.1855555555555557,True,True,True
2026-01-10 09:55:00+00:00,True,1.1861111111111111,True,True,True
2026-01-10 10:00:00+00:00,True,1.1866666666666668,True,True,True
2026-01-10 10:05:00+00:00,True,1.1872222222222222,True,True,True
2026-01-10 10:10:00+00:00,True,1.1877777777777778,True,True,True
2026-01-10 10:15:00+00:00,True,1.1883333333333332,True,True,True
2026-01-10 10:20:00+00:00,True,1.1888888888888889,True,True,True
2026-01-10 10:25:00+00:00,True,1.1894444444444443,True,True,True
2026-01-10 10:30:00+00:00,True,1.19,True,True,True
2026-01-10 10:35:00+00:00,True,1.1905555555555556,True,True,True
2026-01-10 10:40:00+00:00,True,1.191111111111111,True,True,True
2026-01-10 10:45:00+00:00,True,1.1916666666666667,True,True,True
2026-01-10 10:50:00+00:00,True,1.1922222222222223,True,True,True
2026-01-10 10:55:00+00:00,True,1.1927777777777777,True,True,True
2026-01-10 11:00:00+00:00,True,1.1933333333333334,True,True,True
2026-01-10 11:05:00+00:00,True,1.193888888888889,True,True,True
2026-01-10 11:10:00+00:00,True,1.1944444444444444,True,True,True
2026-01-10 11:15:00+00:00,True,1.195,True,True,True
2026-01-10 11:20:00+00:00,True,1.1955555555555557,True,True,True
2026-01-10 11:25:00+00:00,True,1.1961111111111111,True,True,True
2026-01-10 11:30:00+00:00,True,1.1966666666666668,True,True,True
2026-01-10 11:35:00+00:00,True,1.1972222222222222,True,True,True
2026-01-10 11:40:00+00:00,True,1.1977777777777776,True,True,True
2026-01-10 11:45:00+00:00,True,1.1983333333333333,True,True,True
2026-01-10 11:50:00+00:00,True,1.198888888888889,True,True,True
2026-01-10 11:55:00+00:00,True,1.1994444444444443,True,True,True
2026-01-10 12:00:00+00:00,True,1.2,True,True,True
2026-01-10 12:05:00+00:00,True,1.2005555555555556,True,True,True
2026-01-10 12:10:00+00:00,True,1.201111111111111,True,True,True
2026-01-10 12:15:00+00:00,True,1.2016666666666667,True,True,True
2026-01-10 12:20:00+00:00,True,1.2022222222222223,True,True,True
2026-01-10 12:25:00+00:00,True,1.2027777777777777,True,True,True
2026-01-10 12:30:00+00:00,True,1.2033333333333334,True,True,True
2026-01-10 12:35:00+00:00,True,1.203888888888889,True,True,True
2026-01-10 12:40:00+00:00,True,1.2044444444444444,True,True,True
2026-01-10 12:45:00+00:00,True,1.205,True,True,True
2026-01-10 12:50:00+00:00,True,1.2055555555555557,True,True,True
2026-01-10 12:55:00+00:00,True,1.2061111111111111,True,True,True
2026-01-10 13:00:00+00:00,True,1.2066666666666668,True,True,True
2026-01-10 13:05:00+00:00,True,1.2072222222222222,True,True,True
2026-01-10 13:10:00+00:00,True,1.2077777777777776,True,True,True
2026-01-10 13:15:00+00:00,True,1.2083333333333333,True,True,True
2026-01-10 13:20:00+00:00,True,1.208888888888889,True,True,True
2026-01-10 13:25:00+00:00,True,1.2094444444444443,True,True,True
2026-01-10 13:30:00+00:00,True,1.21,True,True,True
2026-01-10 13:35:00+00:00,True,1.2105555555555556,True,True,True
2026-01-10 13:40:00+00:00,True,1.211111111111111,True,True,True
2026-01-10 13:45:00+00:00,True,1.2116666666666667,True,True,True
2026-01-10 13:50:00+00:00,True,1.2122222222222223,True,True,True
2026-01-10 13:55:00+00:00,True,1.2127777777777777,True,True,True
2026-01-10 14:00:00+00:00,True,1.2133333333333334,True,True,True
2026-01-10 14:05:00+00:00,True,1.213888888888889,True,True,True
2026-01-10 14:10:00+00:00,True,1.2144444444444444,True,True,True
2026-01-10 14:15:00+00:00,True,1.215,True,True,True
2026-01-10 14:20:00+00:00,True,1.2155555555555557,True,True,True
2026-01-10 14:25:00+00:00,True,1.2161111111111111,True,True,True
2026-01-10 14:30:00+00:00,True,1.2166666666666666,True,True,True
2026-01-10 14:35:00+00:00,True,1.2172222222222222,True,True,True
2026-01-10 14:40:00+00:00,True,1.2177777777777776,True,True,True
2026-01-10 14:45:00+00:00,True,1.2183333333333333,True,True,True
2026-01-10 14:50:00+00:00,True,1.218888888888889,True,True,True
2026-01-10 14:55:00+00:00,True,1.2194444444444443,True,True,True
2026-01-10 15:00:00+00:00,True,1.22,True,True,True
2026-01-10 15:05:00+00:00,True,1.2205555555555556,True,True,True
2026-01-10 15:10:00+00:00,True,1.221111111111111,True,True,True
2026-01-10 15:15:00+00:00,True,1.2216666666666667,True,True,True
2026-01-10 15:20:00+00:00,True,1.2222222222222223,True,True,True
2026-01-10 15:25:00+00:00,True,1.2227777777777777,True,True,True
2026-01-10 15:30:00+00:00,True,1.2233333333333334,True,True,True
2026-01-10 15:35:00+00:00,True,1.223888888888889,True,True,True
2026-01-10 15:40:00+00:00,True,1.2244444444444444,True,True,True
2026-01-10 15:45:00+00:00,True,1.225,True,True,True
2026-01-10 15:50:00+00:00,True,1.2255555555555555,True,True,True
2026-01-10 15:55:00+00:00,True,1.2261111111111112,True,True,True
2026-01-10 16:00:00+00:00,True,1.2266666666666666,True,True,True
2026-01-10 16:05:00+00:00,True,1.2272222222222222,True,True,True
2026-01-10 16:10:00+00:00,True,1.2277777777777776,True,True,True
2026-01-10 16:15:00+00:00,True,1.2283333333333333,True,True,True
2026-01-10 16:20:00+00:00,True,1.228888888888889,True,True,True
2026-01-10 16:25:00+00:00,True,1.2294444444444443,True,True,True
2026-01-10 16:30:00+00:00,True,1.23,True,True,True
2026-01-10 16:35:00+00:00,True,1.2305555555555556,True,True,True
2026-01-10 16:40:00+00:00,True,1.231111111111111,True,True,True
2026-01-10 16:45:00+00:00,True,1.2316666666666667,True,True,True
2026-01-10 16:50:00+00:00,True,1.2322222222222223,True,True,True
2026-01-10 16:55:00+00:00,True,1.2327777777777778,True,True,True
2026-01-10 17:00:00+00:00,True,1.2333333333333334,True,True,True
2026-01-10 17:05:00+00:00,True,1.233888888888889,True,True,True
2026-01-10 17:10:00+00:00,True,1.2344444444444445,True,True,True
2026-01-10 17:15:00+00:00,True,1.235,True,True,True
2026-01-10 17:20:00+00:00,True,1.2355555555555555,True,True,True
2026-01-10 17:25:00+00:00,True,1.236111111111111,True,True,True
2026-01-10 17:30:00+00:00,True,1.2366666666666666,True,True,True
2026-01-10 17:35:00+00:00,True,1.2372222222222222,True,True,True
2026-01-10 17:40:00+00:00,True,1.2377777777777776,True,True,True
2026-01-10 17:45:00+00:00,True,1.2383333333333333,True,True,True
2026-01-10 17:50:00+00:00,True,1.238888888888889,True,True,True
2026-01-10 17:55:00+00:00,True,1.2394444444444443,True,True,True
2026-01-10 18:00:00+00:00,True,1.24,True,True,True
2026-01-10 18:05:00+00:00,True,1.2405555555555556,True,True,True
2026-01-10 18:10:00+00:00,True,1.241111111111111,True,True,True
2026-01-10 18:15:00+00:00,True,1.2416666666666667,True,True,True
2026-01-10 18:20:00+00:00,True,1.2422222222222223,True,True,True
2026-01-10 18:25:00+00:00,True,1.2427777777777778,True,True,True
2026-01-10 18:30:00+00:00,True,1.2433333333333334,True,True,True
2026-01-10 18:35:00+00:00,True,1.243888888888889,True,True,True
2026-01-10 18:40:00+00:00,True,1.2444444444444445,True,True,True
2026-01-10 18:45:00+00:00,True,1.245,True,True,True
2026-01-10 18:50:00+00:00,True,1.2455555555555555,True,True,True
2026-01-10 18:55:00+00:00,True,1.246111111111111,True,True,True
2026-01-10 19:00:00+00:00,True,1.2466666666666666,True,True,True
2026-01-10 19:05:00+00:00,True,1.2472222222222222,True,True,True
2026-01-10 19:10:00+00:00,True,1.2477777777777777,True,True,True
2026-01-10 19:15:00+00:00,True,1.2483333333333333,True,True,True
2026-01-10 19:20:00+00:00,True,1.248888888888889,True,True,True
2026-01-10 19:25:00+00:00,True,1.2494444444444444,True,True,True
2026-01-10 19:30:00+00:00,True,1.25,True,True,True
2026-01-10 19:35:00+00:00,True,1.2505555555555556,True,True,True
2026-01-10 19:40:00+00:00,True,1.251111111111111,True,True,True
2026-01-10 19:45:00+00:00,True,1.2516666666666667,True,True,True
2026-01-10 19:50:00+00:00,True,1.2522222222222223,True,True,True
2026-01-10 19:55:00+00:00,True,1.2527777777777778,True,True,True
2026-01-10 20:00:00+00:00,True,1.2533333333333334,True,True,True
2026-01-10 20:05:00+00:00,True,1.253888888888889,True,True,True
2026-01-10 20:10:00+00:00,True,1.2544444444444445,True,True,True
2026-01-10 20:15:00+00:00,True,1.255,True,True,True
2026-01-10 20:20:00+00:00,True,1.2555555555555555,True,True,True
2026-01-10 20:25:00+00:00,True,1.256111111111111,True,True,True
2026-01-10 20:30:00+00:00,True,1.2566666666666666,True,True,True
2026-01-10 20:35:00+00:00,True,1.2572222222222222,True,True,True
2026-01-10 20:40:00+00:00,True,1.2577777777777777,True,True,True
2026-01-10 20:45:00+00:00,True,1.2583333333333333,True,True,True
2026-01-10 20:50:00+00:00,True,1.258888888888889,True,True,True
2026-01-10 20:55:00+00:00,True,1.2594444444444444,True,True,True
2026-01-10 21:00:00+00:00,True,1.26,True,True,True
2026-01-10 21:05:00+00:00,True,1.2605555555555557,True,True,True
2026-01-10 21:10:00+00:00,True,1.261111111111111,True,True,True
2026-01-10 21:15:00+00:00,True,1.2616666666666667,True,True,True
2026-01-10 21:20:00+00:00,True,1.2622222222222224,True,True,True
2026-01-10 21:25:00+00:00,True,1.2627777777777778,True,True,True
2026-01-10 21:30:00+00:00,True,1.2633333333333334,True,True,True
2026-01-10 21:35:00+00:00,True,1.263888888888889,True,True,True
2026-01-10 21:40:00+00:00,True,1.2644444444444445,True,True,True
2026-01-10 21:45:00+00:00,True,1.265,True,True,True
2026-01-10 21:50:00+00:00,True,1.2655555555555555,True,True,True
2026-01-10 21:55:00+00:00,True,1.266111111111111,True,True,True
2026-01-10 22:00:00+00:00,True,1.2666666666666666,True,True,True
2026-01-10 22:05:00+00:00,True,1.2672222222222222,True,True,True
2026-01-10 22:10:00+00:00,True,1.2677777777777777,True,True,True
2026-01-10 22:15:00+00:00,True,1.2683333333333333,True,True,True
2026-01-10 22:20:00+00:00,True,1.268888888888889,True,True,True
2026-01-10 22:25:00+00:00,True,1.2694444444444444,True,True,True
2026-01-10 22:30:00+00:00,True,1.27,True,True,True
2026-01-10 22:35:00+00:00,True,1.2705555555555557,True,True,True
2026-01-10 22:40:00+00:00,True,1.271111111111111,True,True,True
2026-01-10 22:45:00+00:00,True,1.2716666666666667,True,True,True
2026-01-10 22:50:00+00:00,True,1.2722222222222224,True,True,True
2026-01-10 22:55:00+00:00,True,1.2727777777777778,True,True,True
2026-01-10 23:00:00+00:00,True,1.2733333333333334,True,True,True
2026-01-10 23:05:00+00:00,True,1.2738888888888888,True,True,True
2026-01-10 23:10:00+00:00,True,1.2744444444444445,True,True,True
2026-01-10 23:15:00+00:00,True,1.275,True,True,True
2026-01-10 23:20:00+00:00,True,1.2755555555555556,True,True,True
2026-01-10 23:25:00+00:00,True,1.276111111111111,True,True,True
2026-01-10 23:30:00+00:00,True,1.2766666666666666,True,True,True
2026-01-10 23:35:00+00:00,True,1.2772222222222223,True,True,True
2026-01-10 23:40:00+00:00,True,1.2777777777777777,True,True,True
2026-01-10 23:45:00+00:00,True,1.2783333333333333,True,True,True
2026-01-10 23:50:00+00:00,True,1.278888888888889,True,True,True
2026-01-10 23:55:00+00:00,True,1.2794444444444444,True,True,True
