timestamp,model_score,alert_threshold,status,largest_recent_deviation_channel,largest_recent_deviation_standardized,source
2013-09-30 00:00:00+00:00,,7.818993126201719,UNSCORED,,,REAL ESA MISSION 1 — verified downloaded archive
2013-09-30 00:01:00+00:00,,7.818993126201719,UNSCORED,,,REAL ESA MISSION 1 — verified downloaded archive
2013-09-30 00:02:00+00:00,,7.818993126201719,UNSCORED,,,REAL ESA MISSION 1 — verified downloaded archive
2013-09-30 00:03:00+00:00,,7.818993126201719,UNSCORED,,,REAL ESA MISSION 1 — verified downloaded archive
2013-09-30 00:04:00+00:00,,7.818993126201719,UNSCORED,,,REAL ESA MISSION 1 — verified downloaded archive
2013-09-30 00:05:00+00:00,,7.818993126201719,UNSCORED,,,REAL ESA MISSION 1 — verified downloaded archive
2013-09-30 00:06:00+00:00,,7.818993126201719,UNSCORED,,,REAL ESA MISSION 1 — verified downloaded archive
2013-09-30 00:07:00+00:00,,7.818993126201719,UNSCORED,,,REAL ESA MISSION 1 — verified downloaded archive
2013-09-30 00:08:00+00:00,,7.818993126201719,UNSCORED,,,REAL ESA MISSION 1 — verified downloaded archive
2013-09-30 00:09:00+00:00,,7.818993126201719,UNSCORED,,,REAL ESA MISSION 1 — verified downloaded archive
2013-09-30 00:10:00+00:00,,7.818993126201719,UNSCORED,,,REAL ESA MISSION 1 — verified downloaded archive
2013-09-30 00:11:00+00:00,,7.818993126201719,UNSCORED,,,REAL ESA MISSION 1 — verified downloaded archive
2013-09-30 00:12:00+00:00,,7.818993126201719,UNSCORED,,,REAL ESA MISSION 1 — verified downloaded archive
2013-09-30 00:13:00+00:00,,7.818993126201719,UNSCORED,,,REAL ESA MISSION 1 — verified downloaded archive
2013-09-30 00:14:00+00:00,,7.818993126201719,UNSCORED,,,REAL ESA MISSION 1 — verified downloaded archive
2013-09-30 00:15:00+00:00,,7.818993126201719,UNSCORED,,,REAL ESA MISSION 1 — verified downloaded archive
2013-09-30 00:16:00+00:00,,7.818993126201719,UNSCORED,,,REAL ESA MISSION 1 — verified downloaded archive
2013-09-30 00:17:00+00:00,,7.818993126201719,UNSCORED,,,REAL ESA MISSION 1 — verified downloaded archive
2013-09-30 00:18:00+00:00,,7.818993126201719,UNSCORED,,,REAL ESA MISSION 1 — verified downloaded archive
2013-09-30 00:19:00+00:00,,7.818993126201719,UNSCORED,,,REAL ESA MISSION 1 — verified downloaded archive
2013-09-30 00:20:00+00:00,,7.818993126201719,UNSCORED,,,REAL ESA MISSION 1 — verified downloaded archive
2013-09-30 00:21:00+00:00,,7.818993126201719,UNSCORED,,,REAL ESA MISSION 1 — verified downloaded archive
2013-09-30 00:22:00+00:00,,7.818993126201719,UNSCORED,,,REAL ESA MISSION 1 — verified downloaded archive
2013-09-30 00:23:00+00:00,,7.818993126201719,UNSCORED,,,REAL ESA MISSION 1 — verified downloaded archive
2013-09-30 00:24:00+00:00,,7.818993126201719,UNSCORED,,,REAL ESA MISSION 1 — verified downloaded archive
2013-09-30 00:25:00+00:00,,7.818993126201719,UNSCORED,,,REAL ESA MISSION 1 — verified downloaded archive
2013-09-30 00:26:00+00:00,,7.818993126201719,UNSCORED,,,REAL ESA MISSION 1 — verified downloaded archive
2013-09-30 00:27:00+00:00,,7.818993126201719,UNSCORED,,,REAL ESA MISSION 1 — verified downloaded archive
2013-09-30 00:28:00+00:00,,7.818993126201719,UNSCORED,,,REAL ESA MISSION 1 — verified downloaded archive
2013-09-30 00:29:00+00:00,,7.818993126201719,UNSCORED,,,REAL ESA MISSION 1 — verified downloaded archive
2013-09-30 00:30:00+00:00,,7.818993126201719,UNSCORED,,,REAL ESA MISSION 1 — verified downloaded archive
2013-09-30 00:31:00+00:00,,7.818993126201719,UNSCORED,,,REAL ESA MISSION 1 — verified downloaded archive
2013-09-30 00:32:00+00:00,,7.818993126201719,UNSCORED,,,REAL ESA MISSION 1 — verified downloaded archive
2013-09-30 00:33:00+00:00,,7.818993126201719,UNSCORED,,,REAL ESA MISSION 1 — verified downloaded archive
2013-09-30 00:34:00+00:00,,7.818993126201719,UNSCORED,,,REAL ESA MISSION 1 — verified downloaded archive
2013-09-30 00:35:00+00:00,,7.818993126201719,UNSCORED,,,REAL ESA MISSION 1 — verified downloaded archive
2013-09-30 00:36:00+00:00,,7.818993126201719,UNSCORED,,,REAL ESA MISSION 1 — verified downloaded archive
2013-09-30 00:37:00+00:00,,7.818993126201719,UNSCORED,,,REAL ESA MISSION 1 — verified downloaded archive
2013-09-30 00:38:00+00:00,,7.818993126201719,UNSCORED,,,REAL ESA MISSION 1 — verified downloaded archive
2013-09-30 00:39:00+00:00,,7.818993126201719,UNSCORED,,,REAL ESA MISSION 1 — verified downloaded archive
2013-09-30 00:40:00+00:00,,7.818993126201719,UNSCORED,,,REAL ESA MISSION 1 — verified downloaded archive
2013-09-30 00:41:00+00:00,,7.818993126201719,UNSCORED,,,REAL ESA MISSION 1 — verified downloaded archive
2013-09-30 00:42:00+00:00,,7.818993126201719,UNSCORED,,,REAL ESA MISSION 1 — verified downloaded archive
2013-09-30 00:43:00+00:00,,7.818993126201719,UNSCORED,,,REAL ESA MISSION 1 — verified downloaded archive
2013-09-30 00:44:00+00:00,,7.818993126201719,UNSCORED,,,REAL ESA MISSION 1 — verified downloaded archive
2013-09-30 00:45:00+00:00,,7.818993126201719,UNSCORED,,,REAL ESA MISSION 1 — verified downloaded archive
2013-09-30 00:46:00+00:00,,7.818993126201719,UNSCORED,,,REAL ESA MISSION 1 — verified downloaded archive
2013-09-30 00:47:00+00:00,,7.818993126201719,UNSCORED,,,REAL ESA MISSION 1 — verified downloaded archive
2013-09-30 00:48:00+00:00,,7.818993126201719,UNSCORED,,,REAL ESA MISSION 1 — verified downloaded archive
2013-09-30 00:49:00+00:00,,7.818993126201719,UNSCORED,,,REAL ESA MISSION 1 — verified downloaded archive
2013-09-30 00:50:00+00:00,,7.818993126201719,UNSCORED,,,REAL ESA MISSION 1 — verified downloaded archive
2013-09-30 00:51:00+00:00,,7.818993126201719,UNSCORED,,,REAL ESA MISSION 1 — verified downloaded archive
2013-09-30 00:52:00+00:00,,7.818993126201719,UNSCORED,,,REAL ESA MISSION 1 — verified downloaded archive
2013-09-30 00:53:00+00:00,,7.818993126201719,UNSCORED,,,REAL ESA MISSION 1 — verified downloaded archive
2013-09-30 00:54:00+00:00,,7.818993126201719,UNSCORED,,,REAL ESA MISSION 1 — verified downloaded archive
2013-09-30 00:55:00+00:00,,7.818993126201719,UNSCORED,,,REAL ESA MISSION 1 — verified downloaded archive
2013-09-30 00:56:00+00:00,,7.818993126201719,UNSCORED,,,REAL ESA MISSION 1 — verified downloaded archive
2013-09-30 00:57:00+00:00,,7.818993126201719,UNSCORED,,,REAL ESA MISSION 1 — verified downloaded archive
2013-09-30 00:58:00+00:00,,7.818993126201719,UNSCORED,,,REAL ESA MISSION 1 — verified downloaded archive
2013-09-30 00:59:00+00:00,,7.818993126201719,UNSCORED,,,REAL ESA MISSION 1 — verified downloaded archive
2013-09-30 01:00:00+00:00,,7.818993126201719,UNSCORED,,,REAL ESA MISSION 1 — verified downloaded archive
2013-09-30 01:01:00+00:00,,7.818993126201719,UNSCORED,,,REAL ESA MISSION 1 — verified downloaded archive
2013-09-30 01:02:00+00:00,,7.818993126201719,UNSCORED,,,REAL ESA MISSION 1 — verified downloaded archive
2013-09-30 01:03:00+00:00,,7.818993126201719,UNSCORED,,,REAL ESA MISSION 1 — verified downloaded archive
2013-09-30 01:04:00+00:00,,7.818993126201719,UNSCORED,,,REAL ESA MISSION 1 — verified downloaded archive
2013-09-30 01:05:00+00:00,,7.818993126201719,UNSCORED,,,REAL ESA MISSION 1 — verified downloaded archive
2013-09-30 01:06:00+00:00,,7.818993126201719,UNSCORED,,,REAL ESA MISSION 1 — verified downloaded archive
2013-09-30 01:07:00+00:00,,7.818993126201719,UNSCORED,,,REAL ESA MISSION 1 — verified downloaded archive
2013-09-30 01:08:00+00:00,,7.818993126201719,UNSCORED,,,REAL ESA MISSION 1 — verified downloaded archive
2013-09-30 01:09:00+00:00,,7.818993126201719,UNSCORED,,,REAL ESA MISSION 1 — verified downloaded archive
2013-09-30 01:10:00+00:00,,7.818993126201719,UNSCORED,,,REAL ESA MISSION 1 — verified downloaded archive
2013-09-30 01:11:00+00:00,,7.818993126201719,UNSCORED,,,REAL ESA MISSION 1 — verified downloaded archive
2013-09-30 01:12:00+00:00,,7.818993126201719,UNSCORED,,,REAL ESA MISSION 1 — verified downloaded archive
2013-09-30 01:13:00+00:00,,7.818993126201719,UNSCORED,,,REAL ESA MISSION 1 — verified downloaded archive
2013-09-30 01:14:00+00:00,,7.818993126201719,UNSCORED,,,REAL ESA MISSION 1 — verified downloaded archive
2013-09-30 01:15:00+00:00,,7.818993126201719,UNSCORED,,,REAL ESA MISSION 1 — verified downloaded archive
2013-09-30 01:16:00+00:00,,7.818993126201719,UNSCORED,,,REAL ESA MISSION 1 — verified downloaded archive
2013-09-30 01:17:00+00:00,,7.818993126201719,UNSCORED,,,REAL ESA MISSION 1 — verified downloaded archive
2013-09-30 01:18:00+00:00,,7.818993126201719,UNSCORED,,,REAL ESA MISSION 1 — verified downloaded archive
2013-09-30 01:19:00+00:00,,7.818993126201719,UNSCORED,,,REAL ESA MISSION 1 — verified downloaded archive
2013-09-30 01:20:00+00:00,,7.818993126201719,UNSCORED,,,REAL ESA MISSION 1 — verified downloaded archive
2013-09-30 01:21:00+00:00,,7.818993126201719,UNSCORED,,,REAL ESA MISSION 1 — verified downloaded archive
2013-09-30 01:22:00+00:00,,7.818993126201719,UNSCORED,,,REAL ESA MISSION 1 — verified downloaded archive
2013-09-30 01:23:00+00:00,,7.818993126201719,UNSCORED,,,REAL ESA MISSION 1 — verified downloaded archive
2013-09-30 01:24:00+00:00,,7.818993126201719,UNSCORED,,,REAL ESA MISSION 1 — verified downloaded archive
2013-09-30 01:25:00+00:00,,7.818993126201719,UNSCORED,,,REAL ESA MISSION 1 — verified downloaded archive
2013-09-30 01:26:00+00:00,,7.818993126201719,UNSCORED,,,REAL ESA MISSION 1 — verified downloaded archive
2013-09-30 01:27:00+00:00,,7.818993126201719,UNSCORED,,,REAL ESA MISSION 1 — verified downloaded archive
2013-09-30 01:28:00+00:00,,7.818993126201719,UNSCORED,,,REAL ESA MISSION 1 — verified downloaded archive
2013-09-30 01:29:00+00:00,,7.818993126201719,UNSCORED,,,REAL ESA MISSION 1 — verified downloaded archive
2013-09-30 01:30:00+00:00,,7.818993126201719,UNSCORED,,,REAL ESA MISSION 1 — verified downloaded archive
2013-09-30 01:31:00+00:00,,7.818993126201719,UNSCORED,,,REAL ESA MISSION 1 — verified downloaded archive
2013-09-30 01:32:00+00:00,,7.818993126201719,UNSCORED,,,REAL ESA MISSION 1 — verified downloaded archive
2013-09-30 01:33:00+00:00,,7.818993126201719,UNSCORED,,,REAL ESA MISSION 1 — verified downloaded archive
2013-09-30 01:34:00+00:00,,7.818993126201719,UNSCORED,,,REAL ESA MISSION 1 — verified downloaded archive
2013-09-30 01:35:00+00:00,,7.818993126201719,UNSCORED,,,REAL ESA MISSION 1 — verified downloaded archive
2013-09-30 01:36:00+00:00,,7.818993126201719,UNSCORED,,,REAL ESA MISSION 1 — verified downloaded archive
2013-09-30 01:37:00+00:00,,7.818993126201719,UNSCORED,,,REAL ESA MISSION 1 — verified downloaded archive
2013-09-30 01:38:00+00:00,,7.818993126201719,UNSCORED,,,REAL ESA MISSION 1 — verified downloaded archive
2013-09-30 01:39:00+00:00,,7.818993126201719,UNSCORED,,,REAL ESA MISSION 1 — verified downloaded archive
2013-09-30 01:40:00+00:00,,7.818993126201719,UNSCORED,,,REAL ESA MISSION 1 — verified downloaded archive
2013-09-30 01:41:00+00:00,,7.818993126201719,UNSCORED,,,REAL ESA MISSION 1 — verified downloaded archive
2013-09-30 01:42:00+00:00,,7.818993126201719,UNSCORED,,,REAL ESA MISSION 1 — verified downloaded archive
2013-09-30 01:43:00+00:00,,7.818993126201719,UNSCORED,,,REAL ESA MISSION 1 — verified downloaded archive
2013-09-30 01:44:00+00:00,,7.818993126201719,UNSCORED,,,REAL ESA MISSION 1 — verified downloaded archive
2013-09-30 01:45:00+00:00,,7.818993126201719,UNSCORED,,,REAL ESA MISSION 1 — verified downloaded archive
2013-09-30 01:46:00+00:00,,7.818993126201719,UNSCORED,,,REAL ESA MISSION 1 — verified downloaded archive
2013-09-30 01:47:00+00:00,,7.818993126201719,UNSCORED,,,REAL ESA MISSION 1 — verified downloaded archive
2013-09-30 01:48:00+00:00,,7.818993126201719,UNSCORED,,,REAL ESA MISSION 1 — verified downloaded archive
2013-09-30 01:49:00+00:00,,7.818993126201719,UNSCORED,,,REAL ESA MISSION 1 — verified downloaded archive
2013-09-30 01:50:00+00:00,,7.818993126201719,UNSCORED,,,REAL ESA MISSION 1 — verified downloaded archive
2013-09-30 01:51:00+00:00,,7.818993126201719,UNSCORED,,,REAL ESA MISSION 1 — verified downloaded archive
2013-09-30 01:52:00+00:00,,7.818993126201719,UNSCORED,,,REAL ESA MISSION 1 — verified downloaded archive
2013-09-30 01:53:00+00:00,,7.818993126201719,UNSCORED,,,REAL ESA MISSION 1 — verified downloaded archive
2013-09-30 01:54:00+00:00,,7.818993126201719,UNSCORED,,,REAL ESA MISSION 1 — verified downloaded archive
2013-09-30 01:55:00+00:00,,7.818993126201719,UNSCORED,,,REAL ESA MISSION 1 — verified downloaded archive
2013-09-30 01:56:00+00:00,,7.818993126201719,UNSCORED,,,REAL ESA MISSION 1 — verified downloaded archive
2013-09-30 01:57:00+00:00,,7.818993126201719,UNSCORED,,,REAL ESA MISSION 1 — verified downloaded archive
2013-09-30 01:58:00+00:00,,7.818993126201719,UNSCORED,,,REAL ESA MISSION 1 — verified downloaded archive
2013-09-30 01:59:00+00:00,,7.818993126201719,UNSCORED,,,REAL ESA MISSION 1 — verified downloaded archive
2013-09-30 02:00:00+00:00,,7.818993126201719,UNSCORED,,,REAL ESA MISSION 1 — verified downloaded archive
2013-09-30 02:01:00+00:00,,7.818993126201719,UNSCORED,,,REAL ESA MISSION 1 — verified downloaded archive
2013-09-30 02:02:00+00:00,,7.818993126201719,UNSCORED,,,REAL ESA MISSION 1 — verified downloaded archive
2013-09-30 02:03:00+00:00,,7.818993126201719,UNSCORED,,,REAL ESA MISSION 1 — verified downloaded archive
2013-09-30 02:04:00+00:00,,7.818993126201719,UNSCORED,,,REAL ESA MISSION 1 — verified downloaded archive
2013-09-30 02:05:00+00:00,,7.818993126201719,UNSCORED,,,REAL ESA MISSION 1 — verified downloaded archive
2013-09-30 02:06:00+00:00,,7.818993126201719,UNSCORED,,,REAL ESA MISSION 1 — verified downloaded archive
2013-09-30 02:07:00+00:00,,7.818993126201719,UNSCORED,,,REAL ESA MISSION 1 — verified downloaded archive
2013-09-30 02:08:00+00:00,,7.818993126201719,UNSCORED,,,REAL ESA MISSION 1 — verified downloaded archive
2013-09-30 02:09:00+00:00,,7.818993126201719,UNSCORED,,,REAL ESA MISSION 1 — verified downloaded archive
2013-09-30 02:10:00+00:00,,7.818993126201719,UNSCORED,,,REAL ESA MISSION 1 — verified downloaded archive
2013-09-30 02:11:00+00:00,,7.818993126201719,UNSCORED,,,REAL ESA MISSION 1 — verified downloaded archive
2013-09-30 02:12:00+00:00,,7.818993126201719,UNSCORED,,,REAL ESA MISSION 1 — verified downloaded archive
2013-09-30 02:13:00+00:00,,7.818993126201719,UNSCORED,,,REAL ESA MISSION 1 — verified downloaded archive
2013-09-30 02:14:00+00:00,,7.818993126201719,UNSCORED,,,REAL ESA MISSION 1 — verified downloaded archive
2013-09-30 02:15:00+00:00,,7.818993126201719,UNSCORED,,,REAL ESA MISSION 1 — verified downloaded archive
2013-09-30 02:16:00+00:00,,7.818993126201719,UNSCORED,,,REAL ESA MISSION 1 — verified downloaded archive
2013-09-30 02:17:00+00:00,,7.818993126201719,UNSCORED,,,REAL ESA MISSION 1 — verified downloaded archive
2013-09-30 02:18:00+00:00,,7.818993126201719,UNSCORED,,,REAL ESA MISSION 1 — verified downloaded archive
2013-09-30 02:19:00+00:00,,7.818993126201719,UNSCORED,,,REAL ESA MISSION 1 — verified downloaded archive
2013-09-30 02:20:00+00:00,,7.818993126201719,UNSCORED,,,REAL ESA MISSION 1 — verified downloaded archive
2013-09-30 02:21:00+00:00,,7.818993126201719,UNSCORED,,,REAL ESA MISSION 1 — verified downloaded archive
2013-09-30 02:22:00+00:00,,7.818993126201719,UNSCORED,,,REAL ESA MISSION 1 — verified downloaded archive
2013-09-30 02:23:00+00:00,,7.818993126201719,UNSCORED,,,REAL ESA MISSION 1 — verified downloaded archive
2013-09-30 02:24:00+00:00,,7.818993126201719,UNSCORED,,,REAL ESA MISSION 1 — verified downloaded archive
2013-09-30 02:25:00+00:00,,7.818993126201719,UNSCORED,,,REAL ESA MISSION 1 — verified downloaded archive
2013-09-30 02:26:00+00:00,,7.818993126201719,UNSCORED,,,REAL ESA MISSION 1 — verified downloaded archive
2013-09-30 02:27:00+00:00,,7.818993126201719,UNSCORED,,,REAL ESA MISSION 1 — verified downloaded archive
2013-09-30 02:28:00+00:00,,7.818993126201719,UNSCORED,,,REAL ESA MISSION 1 — verified downloaded archive
2013-09-30 02:29:00+00:00,,7.818993126201719,UNSCORED,,,REAL ESA MISSION 1 — verified downloaded archive
2013-09-30 02:30:00+00:00,,7.818993126201719,UNSCORED,,,REAL ESA MISSION 1 — verified downloaded archive
2013-09-30 02:31:00+00:00,,7.818993126201719,UNSCORED,,,REAL ESA MISSION 1 — verified downloaded archive
2013-09-30 02:32:00+00:00,,7.818993126201719,UNSCORED,,,REAL ESA MISSION 1 — verified downloaded archive
2013-09-30 02:33:00+00:00,,7.818993126201719,UNSCORED,,,REAL ESA MISSION 1 — verified downloaded archive
2013-09-30 02:34:00+00:00,,7.818993126201719,UNSCORED,,,REAL ESA MISSION 1 — verified downloaded archive
2013-09-30 02:35:00+00:00,,7.818993126201719,UNSCORED,,,REAL ESA MISSION 1 — verified downloaded archive
2013-09-30 02:36:00+00:00,,7.818993126201719,UNSCORED,,,REAL ESA MISSION 1 — verified downloaded archive
2013-09-30 02:37:00+00:00,,7.818993126201719,UNSCORED,,,REAL ESA MISSION 1 — verified downloaded archive
2013-09-30 02:38:00+00:00,,7.818993126201719,UNSCORED,,,REAL ESA MISSION 1 — verified downloaded archive
2013-09-30 02:39:00+00:00,,7.818993126201719,UNSCORED,,,REAL ESA MISSION 1 — verified downloaded archive
2013-09-30 02:40:00+00:00,,7.818993126201719,UNSCORED,,,REAL ESA MISSION 1 — verified downloaded archive
2013-09-30 02:41:00+00:00,,7.818993126201719,UNSCORED,,,REAL ESA MISSION 1 — verified downloaded archive
2013-09-30 02:42:00+00:00,,7.818993126201719,UNSCORED,,,REAL ESA MISSION 1 — verified downloaded archive
2013-09-30 02:43:00+00:00,,7.818993126201719,UNSCORED,,,REAL ESA MISSION 1 — verified downloaded archive
2013-09-30 02:44:00+00:00,,7.818993126201719,UNSCORED,,,REAL ESA MISSION 1 — verified downloaded archive
2013-09-30 02:45:00+00:00,,7.818993126201719,UNSCORED,,,REAL ESA MISSION 1 — verified downloaded archive
2013-09-30 02:46:00+00:00,,7.818993126201719,UNSCORED,,,REAL ESA MISSION 1 — verified downloaded archive
2013-09-30 02:47:00+00:00,,7.818993126201719,UNSCORED,,,REAL ESA MISSION 1 — verified downloaded archive
2013-09-30 02:48:00+00:00,,7.818993126201719,UNSCORED,,,REAL ESA MISSION 1 — verified downloaded archive
2013-09-30 02:49:00+00:00,,7.818993126201719,UNSCORED,,,REAL ESA MISSION 1 — verified downloaded archive
2013-09-30 02:50:00+00:00,,7.818993126201719,UNSCORED,,,REAL ESA MISSION 1 — verified downloaded archive
2013-09-30 02:51:00+00:00,,7.818993126201719,UNSCORED,,,REAL ESA MISSION 1 — verified downloaded archive
2013-09-30 02:52:00+00:00,,7.818993126201719,UNSCORED,,,REAL ESA MISSION 1 — verified downloaded archive
2013-09-30 02:53:00+00:00,,7.818993126201719,UNSCORED,,,REAL ESA MISSION 1 — verified downloaded archive
2013-09-30 02:54:00+00:00,,7.818993126201719,UNSCORED,,,REAL ESA MISSION 1 — verified downloaded archive
2013-09-30 02:55:00+00:00,,7.818993126201719,UNSCORED,,,REAL ESA MISSION 1 — verified downloaded archive
2013-09-30 02:56:00+00:00,,7.818993126201719,UNSCORED,,,REAL ESA MISSION 1 — verified downloaded archive
2013-09-30 02:57:00+00:00,,7.818993126201719,UNSCORED,,,REAL ESA MISSION 1 — verified downloaded archive
2013-09-30 02:58:00+00:00,,7.818993126201719,UNSCORED,,,REAL ESA MISSION 1 — verified downloaded archive
2013-09-30 02:59:00+00:00,,7.818993126201719,UNSCORED,,,REAL ESA MISSION 1 — verified downloaded archive
2013-09-30 03:00:00+00:00,,7.818993126201719,UNSCORED,,,REAL ESA MISSION 1 — verified downloaded archive
2013-09-30 03:01:00+00:00,,7.818993126201719,UNSCORED,,,REAL ESA MISSION 1 — verified downloaded archive
2013-09-30 03:02:00+00:00,,7.818993126201719,UNSCORED,,,REAL ESA MISSION 1 — verified downloaded archive
2013-09-30 03:03:00+00:00,,7.818993126201719,UNSCORED,,,REAL ESA MISSION 1 — verified downloaded archive
2013-09-30 03:04:00+00:00,,7.818993126201719,UNSCORED,,,REAL ESA MISSION 1 — verified downloaded archive
2013-09-30 03:05:00+00:00,,7.818993126201719,UNSCORED,,,REAL ESA MISSION 1 — verified downloaded archive
2013-09-30 03:06:00+00:00,,7.818993126201719,UNSCORED,,,REAL ESA MISSION 1 — verified downloaded archive
2013-09-30 03:07:00+00:00,,7.818993126201719,UNSCORED,,,REAL ESA MISSION 1 — verified downloaded archive
2013-09-30 03:08:00+00:00,,7.818993126201719,UNSCORED,,,REAL ESA MISSION 1 — verified downloaded archive
2013-09-30 03:09:00+00:00,,7.818993126201719,UNSCORED,,,REAL ESA MISSION 1 — verified downloaded archive
2013-09-30 03:10:00+00:00,,7.818993126201719,UNSCORED,,,REAL ESA MISSION 1 — verified downloaded archive
2013-09-30 03:11:00+00:00,,7.818993126201719,UNSCORED,,,REAL ESA MISSION 1 — verified downloaded archive
2013-09-30 03:12:00+00:00,,7.818993126201719,UNSCORED,,,REAL ESA MISSION 1 — verified downloaded archive
2013-09-30 03:13:00+00:00,,7.818993126201719,UNSCORED,,,REAL ESA MISSION 1 — verified downloaded archive
2013-09-30 03:14:00+00:00,,7.818993126201719,UNSCORED,,,REAL ESA MISSION 1 — verified downloaded archive
2013-09-30 03:15:00+00:00,,7.818993126201719,UNSCORED,,,REAL ESA MISSION 1 — verified downloaded archive
2013-09-30 03:16:00+00:00,,7.818993126201719,UNSCORED,,,REAL ESA MISSION 1 — verified downloaded archive
2013-09-30 03:17:00+00:00,,7.818993126201719,UNSCORED,,,REAL ESA MISSION 1 — verified downloaded archive
2013-09-30 03:18:00+00:00,,7.818993126201719,UNSCORED,,,REAL ESA MISSION 1 — verified downloaded archive
2013-09-30 03:19:00+00:00,,7.818993126201719,UNSCORED,,,REAL ESA MISSION 1 — verified downloaded archive
2013-09-30 03:20:00+00:00,,7.818993126201719,UNSCORED,,,REAL ESA MISSION 1 — verified downloaded archive
2013-09-30 03:21:00+00:00,,7.818993126201719,UNSCORED,,,REAL ESA MISSION 1 — verified downloaded archive
2013-09-30 03:22:00+00:00,,7.818993126201719,UNSCORED,,,REAL ESA MISSION 1 — verified downloaded archive
2013-09-30 03:23:00+00:00,,7.818993126201719,UNSCORED,,,REAL ESA MISSION 1 — verified downloaded archive
2013-09-30 03:24:00+00:00,,7.818993126201719,UNSCORED,,,REAL ESA MISSION 1 — verified downloaded archive
2013-09-30 03:25:00+00:00,,7.818993126201719,UNSCORED,,,REAL ESA MISSION 1 — verified downloaded archive
2013-09-30 03:26:00+00:00,,7.818993126201719,UNSCORED,,,REAL ESA MISSION 1 — verified downloaded archive
2013-09-30 03:27:00+00:00,,7.818993126201719,UNSCORED,,,REAL ESA MISSION 1 — verified downloaded archive
2013-09-30 03:28:00+00:00,,7.818993126201719,UNSCORED,,,REAL ESA MISSION 1 — verified downloaded archive
2013-09-30 03:29:00+00:00,,7.818993126201719,UNSCORED,,,REAL ESA MISSION 1 — verified downloaded archive
2013-09-30 03:30:00+00:00,,7.818993126201719,UNSCORED,,,REAL ESA MISSION 1 — verified downloaded archive
2013-09-30 03:31:00+00:00,,7.818993126201719,UNSCORED,,,REAL ESA MISSION 1 — verified downloaded archive
2013-09-30 03:32:00+00:00,,7.818993126201719,UNSCORED,,,REAL ESA MISSION 1 — verified downloaded archive
2013-09-30 03:33:00+00:00,,7.818993126201719,UNSCORED,,,REAL ESA MISSION 1 — verified downloaded archive
2013-09-30 03:34:00+00:00,,7.818993126201719,UNSCORED,,,REAL ESA MISSION 1 — verified downloaded archive
2013-09-30 03:35:00+00:00,,7.818993126201719,UNSCORED,,,REAL ESA MISSION 1 — verified downloaded archive
2013-09-30 03:36:00+00:00,,7.818993126201719,UNSCORED,,,REAL ESA MISSION 1 — verified downloaded archive
2013-09-30 03:37:00+00:00,,7.818993126201719,UNSCORED,,,REAL ESA MISSION 1 — verified downloaded archive
2013-09-30 03:38:00+00:00,,7.818993126201719,UNSCORED,,,REAL ESA MISSION 1 — verified downloaded archive
2013-09-30 03:39:00+00:00,,7.818993126201719,UNSCORED,,,REAL ESA MISSION 1 — verified downloaded archive
2013-09-30 03:40:00+00:00,,7.818993126201719,UNSCORED,,,REAL ESA MISSION 1 — verified downloaded archive
2013-09-30 03:41:00+00:00,,7.818993126201719,UNSCORED,,,REAL ESA MISSION 1 — verified downloaded archive
2013-09-30 03:42:00+00:00,,7.818993126201719,UNSCORED,,,REAL ESA MISSION 1 — verified downloaded archive
2013-09-30 03:43:00+00:00,,7.818993126201719,UNSCORED,,,REAL ESA MISSION 1 — verified downloaded archive
2013-09-30 03:44:00+00:00,,7.818993126201719,UNSCORED,,,REAL ESA MISSION 1 — verified downloaded archive
2013-09-30 03:45:00+00:00,,7.818993126201719,UNSCORED,,,REAL ESA MISSION 1 — verified downloaded archive
2013-09-30 03:46:00+00:00,,7.818993126201719,UNSCORED,,,REAL ESA MISSION 1 — verified downloaded archive
2013-09-30 03:47:00+00:00,,7.818993126201719,UNSCORED,,,REAL ESA MISSION 1 — verified downloaded archive
2013-09-30 03:48:00+00:00,,7.818993126201719,UNSCORED,,,REAL ESA MISSION 1 — verified downloaded archive
2013-09-30 03:49:00+00:00,,7.818993126201719,UNSCORED,,,REAL ESA MISSION 1 — verified downloaded archive
2013-09-30 03:50:00+00:00,,7.818993126201719,UNSCORED,,,REAL ESA MISSION 1 — verified downloaded archive
2013-09-30 03:51:00+00:00,,7.818993126201719,UNSCORED,,,REAL ESA MISSION 1 — verified downloaded archive
2013-09-30 03:52:00+00:00,,7.818993126201719,UNSCORED,,,REAL ESA MISSION 1 — verified downloaded archive
2013-09-30 03:53:00+00:00,,7.818993126201719,UNSCORED,,,REAL ESA MISSION 1 — verified downloaded archive
2013-09-30 03:54:00+00:00,,7.818993126201719,UNSCORED,,,REAL ESA MISSION 1 — verified downloaded archive
2013-09-30 03:55:00+00:00,,7.818993126201719,UNSCORED,,,REAL ESA MISSION 1 — verified downloaded archive
2013-09-30 03:56:00+00:00,,7.818993126201719,UNSCORED,,,REAL ESA MISSION 1 — verified downloaded archive
2013-09-30 03:57:00+00:00,,7.818993126201719,UNSCORED,,,REAL ESA MISSION 1 — verified downloaded archive
2013-09-30 03:58:00+00:00,,7.818993126201719,UNSCORED,,,REAL ESA MISSION 1 — verified downloaded archive
2013-09-30 03:59:00+00:00,,7.818993126201719,UNSCORED,,,REAL ESA MISSION 1 — verified downloaded archive
2013-09-30 04:00:00+00:00,,7.818993126201719,UNSCORED,,,REAL ESA MISSION 1 — verified downloaded archive
2013-09-30 04:01:00+00:00,,7.818993126201719,UNSCORED,,,REAL ESA MISSION 1 — verified downloaded archive
2013-09-30 04:02:00+00:00,,7.818993126201719,UNSCORED,,,REAL ESA MISSION 1 — verified downloaded archive
2013-09-30 04:03:00+00:00,,7.818993126201719,UNSCORED,,,REAL ESA MISSION 1 — verified downloaded archive
2013-09-30 04:04:00+00:00,,7.818993126201719,UNSCORED,,,REAL ESA MISSION 1 — verified downloaded archive
2013-09-30 04:05:00+00:00,,7.818993126201719,UNSCORED,,,REAL ESA MISSION 1 — verified downloaded archive
2013-09-30 04:06:00+00:00,,7.818993126201719,UNSCORED,,,REAL ESA MISSION 1 — verified downloaded archive
2013-09-30 04:07:00+00:00,,7.818993126201719,UNSCORED,,,REAL ESA MISSION 1 — verified downloaded archive
2013-09-30 04:08:00+00:00,,7.818993126201719,UNSCORED,,,REAL ESA MISSION 1 — verified downloaded archive
2013-09-30 04:09:00+00:00,,7.818993126201719,UNSCORED,,,REAL ESA MISSION 1 — verified downloaded archive
2013-09-30 04:10:00+00:00,,7.818993126201719,UNSCORED,,,REAL ESA MISSION 1 — verified downloaded archive
2013-09-30 04:11:00+00:00,,7.818993126201719,UNSCORED,,,REAL ESA MISSION 1 — verified downloaded archive
2013-09-30 04:12:00+00:00,,7.818993126201719,UNSCORED,,,REAL ESA MISSION 1 — verified downloaded archive
2013-09-30 04:13:00+00:00,,7.818993126201719,UNSCORED,,,REAL ESA MISSION 1 — verified downloaded archive
2013-09-30 04:14:00+00:00,,7.818993126201719,UNSCORED,,,REAL ESA MISSION 1 — verified downloaded archive
2013-09-30 04:15:00+00:00,,7.818993126201719,UNSCORED,,,REAL ESA MISSION 1 — verified downloaded archive
2013-09-30 04:16:00+00:00,,7.818993126201719,UNSCORED,,,REAL ESA MISSION 1 — verified downloaded archive
2013-09-30 04:17:00+00:00,,7.818993126201719,UNSCORED,,,REAL ESA MISSION 1 — verified downloaded archive
2013-09-30 04:18:00+00:00,,7.818993126201719,UNSCORED,,,REAL ESA MISSION 1 — verified downloaded archive
2013-09-30 04:19:00+00:00,,7.818993126201719,UNSCORED,,,REAL ESA MISSION 1 — verified downloaded archive
2013-09-30 04:20:00+00:00,,7.818993126201719,UNSCORED,,,REAL ESA MISSION 1 — verified downloaded archive
2013-09-30 04:21:00+00:00,,7.818993126201719,UNSCORED,,,REAL ESA MISSION 1 — verified downloaded archive
2013-09-30 04:22:00+00:00,,7.818993126201719,UNSCORED,,,REAL ESA MISSION 1 — verified downloaded archive
2013-09-30 04:23:00+00:00,,7.818993126201719,UNSCORED,,,REAL ESA MISSION 1 — verified downloaded archive
2013-09-30 04:24:00+00:00,,7.818993126201719,UNSCORED,,,REAL ESA MISSION 1 — verified downloaded archive
2013-09-30 04:25:00+00:00,,7.818993126201719,UNSCORED,,,REAL ESA MISSION 1 — verified downloaded archive
2013-09-30 04:26:00+00:00,,7.818993126201719,UNSCORED,,,REAL ESA MISSION 1 — verified downloaded archive
2013-09-30 04:27:00+00:00,,7.818993126201719,UNSCORED,,,REAL ESA MISSION 1 — verified downloaded archive
2013-09-30 04:28:00+00:00,,7.818993126201719,UNSCORED,,,REAL ESA MISSION 1 — verified downloaded archive
2013-09-30 04:29:00+00:00,,7.818993126201719,UNSCORED,,,REAL ESA MISSION 1 — verified downloaded archive
2013-09-30 04:30:00+00:00,,7.818993126201719,UNSCORED,,,REAL ESA MISSION 1 — verified downloaded archive
2013-09-30 04:31:00+00:00,,7.818993126201719,UNSCORED,,,REAL ESA MISSION 1 — verified downloaded archive
2013-09-30 04:32:00+00:00,,7.818993126201719,UNSCORED,,,REAL ESA MISSION 1 — verified downloaded archive
2013-09-30 04:33:00+00:00,,7.818993126201719,UNSCORED,,,REAL ESA MISSION 1 — verified downloaded archive
2013-09-30 04:34:00+00:00,,7.818993126201719,UNSCORED,,,REAL ESA MISSION 1 — verified downloaded archive
2013-09-30 04:35:00+00:00,,7.818993126201719,UNSCORED,,,REAL ESA MISSION 1 — verified downloaded archive
2013-09-30 04:36:00+00:00,,7.818993126201719,UNSCORED,,,REAL ESA MISSION 1 — verified downloaded archive
2013-09-30 04:37:00+00:00,,7.818993126201719,UNSCORED,,,REAL ESA MISSION 1 — verified downloaded archive
2013-09-30 04:38:00+00:00,,7.818993126201719,UNSCORED,,,REAL ESA MISSION 1 — verified downloaded archive
2013-09-30 04:39:00+00:00,,7.818993126201719,UNSCORED,,,REAL ESA MISSION 1 — verified downloaded archive
2013-09-30 04:40:00+00:00,,7.818993126201719,UNSCORED,,,REAL ESA MISSION 1 — verified downloaded archive
2013-09-30 04:41:00+00:00,,7.818993126201719,UNSCORED,,,REAL ESA MISSION 1 — verified downloaded archive
2013-09-30 04:42:00+00:00,,7.818993126201719,UNSCORED,,,REAL ESA MISSION 1 — verified downloaded archive
2013-09-30 04:43:00+00:00,,7.818993126201719,UNSCORED,,,REAL ESA MISSION 1 — verified downloaded archive
2013-09-30 04:44:00+00:00,,7.818993126201719,UNSCORED,,,REAL ESA MISSION 1 — verified downloaded archive
2013-09-30 04:45:00+00:00,,7.818993126201719,UNSCORED,,,REAL ESA MISSION 1 — verified downloaded archive
2013-09-30 04:46:00+00:00,,7.818993126201719,UNSCORED,,,REAL ESA MISSION 1 — verified downloaded archive
2013-09-30 04:47:00+00:00,,7.818993126201719,UNSCORED,,,REAL ESA MISSION 1 — verified downloaded archive
2013-09-30 04:48:00+00:00,,7.818993126201719,UNSCORED,,,REAL ESA MISSION 1 — verified downloaded archive
2013-09-30 04:49:00+00:00,,7.818993126201719,UNSCORED,,,REAL ESA MISSION 1 — verified downloaded archive
2013-09-30 04:50:00+00:00,,7.818993126201719,UNSCORED,,,REAL ESA MISSION 1 — verified downloaded archive
2013-09-30 04:51:00+00:00,,7.818993126201719,UNSCORED,,,REAL ESA MISSION 1 — verified downloaded archive
2013-09-30 04:52:00+00:00,,7.818993126201719,UNSCORED,,,REAL ESA MISSION 1 — verified downloaded archive
2013-09-30 04:53:00+00:00,,7.818993126201719,UNSCORED,,,REAL ESA MISSION 1 — verified downloaded archive
2013-09-30 04:54:00+00:00,,7.818993126201719,UNSCORED,,,REAL ESA MISSION 1 — verified downloaded archive
2013-09-30 04:55:00+00:00,,7.818993126201719,UNSCORED,,,REAL ESA MISSION 1 — verified downloaded archive
2013-09-30 04:56:00+00:00,,7.818993126201719,UNSCORED,,,REAL ESA MISSION 1 — verified downloaded archive
2013-09-30 04:57:00+00:00,,7.818993126201719,UNSCORED,,,REAL ESA MISSION 1 — verified downloaded archive
2013-09-30 04:58:00+00:00,,7.818993126201719,UNSCORED,,,REAL ESA MISSION 1 — verified downloaded archive
2013-09-30 04:59:00+00:00,,7.818993126201719,UNSCORED,,,REAL ESA MISSION 1 — verified downloaded archive
2013-09-30 05:00:00+00:00,,7.818993126201719,UNSCORED,,,REAL ESA MISSION 1 — verified downloaded archive
2013-09-30 05:01:00+00:00,,7.818993126201719,UNSCORED,,,REAL ESA MISSION 1 — verified downloaded archive
2013-09-30 05:02:00+00:00,,7.818993126201719,UNSCORED,,,REAL ESA MISSION 1 — verified downloaded archive
2013-09-30 05:03:00+00:00,,7.818993126201719,UNSCORED,,,REAL ESA MISSION 1 — verified downloaded archive
2013-09-30 05:04:00+00:00,,7.818993126201719,UNSCORED,,,REAL ESA MISSION 1 — verified downloaded archive
2013-09-30 05:05:00+00:00,,7.818993126201719,UNSCORED,,,REAL ESA MISSION 1 — verified downloaded archive
2013-09-30 05:06:00+00:00,,7.818993126201719,UNSCORED,,,REAL ESA MISSION 1 — verified downloaded archive
2013-09-30 05:07:00+00:00,,7.818993126201719,UNSCORED,,,REAL ESA MISSION 1 — verified downloaded archive
2013-09-30 05:08:00+00:00,,7.818993126201719,UNSCORED,,,REAL ESA MISSION 1 — verified downloaded archive
2013-09-30 05:09:00+00:00,,7.818993126201719,UNSCORED,,,REAL ESA MISSION 1 — verified downloaded archive
2013-09-30 05:10:00+00:00,,7.818993126201719,UNSCORED,,,REAL ESA MISSION 1 — verified downloaded archive
2013-09-30 05:11:00+00:00,,7.818993126201719,UNSCORED,,,REAL ESA MISSION 1 — verified downloaded archive
2013-09-30 05:12:00+00:00,,7.818993126201719,UNSCORED,,,REAL ESA MISSION 1 — verified downloaded archive
2013-09-30 05:13:00+00:00,,7.818993126201719,UNSCORED,,,REAL ESA MISSION 1 — verified downloaded archive
2013-09-30 05:14:00+00:00,,7.818993126201719,UNSCORED,,,REAL ESA MISSION 1 — verified downloaded archive
2013-09-30 05:15:00+00:00,,7.818993126201719,UNSCORED,,,REAL ESA MISSION 1 — verified downloaded archive
2013-09-30 05:16:00+00:00,,7.818993126201719,UNSCORED,,,REAL ESA MISSION 1 — verified downloaded archive
2013-09-30 05:17:00+00:00,,7.818993126201719,UNSCORED,,,REAL ESA MISSION 1 — verified downloaded archive
2013-09-30 05:18:00+00:00,,7.818993126201719,UNSCORED,,,REAL ESA MISSION 1 — verified downloaded archive
2013-09-30 05:19:00+00:00,,7.818993126201719,UNSCORED,,,REAL ESA MISSION 1 — verified downloaded archive
2013-09-30 05:20:00+00:00,,7.818993126201719,UNSCORED,,,REAL ESA MISSION 1 — verified downloaded archive
2013-09-30 05:21:00+00:00,,7.818993126201719,UNSCORED,,,REAL ESA MISSION 1 — verified downloaded archive
2013-09-30 05:22:00+00:00,,7.818993126201719,UNSCORED,,,REAL ESA MISSION 1 — verified downloaded archive
2013-09-30 05:23:00+00:00,,7.818993126201719,UNSCORED,,,REAL ESA MISSION 1 — verified downloaded archive
2013-09-30 05:24:00+00:00,,7.818993126201719,UNSCORED,,,REAL ESA MISSION 1 — verified downloaded archive
2013-09-30 05:25:00+00:00,,7.818993126201719,UNSCORED,,,REAL ESA MISSION 1 — verified downloaded archive
2013-09-30 05:26:00+00:00,,7.818993126201719,UNSCORED,,,REAL ESA MISSION 1 — verified downloaded archive
2013-09-30 05:27:00+00:00,,7.818993126201719,UNSCORED,,,REAL ESA MISSION 1 — verified downloaded archive
2013-09-30 05:28:00+00:00,,7.818993126201719,UNSCORED,,,REAL ESA MISSION 1 — verified downloaded archive
2013-09-30 05:29:00+00:00,,7.818993126201719,UNSCORED,,,REAL ESA MISSION 1 — verified downloaded archive
2013-09-30 05:30:00+00:00,,7.818993126201719,UNSCORED,,,REAL ESA MISSION 1 — verified downloaded archive
2013-09-30 05:31:00+00:00,,7.818993126201719,UNSCORED,,,REAL ESA MISSION 1 — verified downloaded archive
2013-09-30 05:32:00+00:00,,7.818993126201719,UNSCORED,,,REAL ESA MISSION 1 — verified downloaded archive
2013-09-30 05:33:00+00:00,,7.818993126201719,UNSCORED,,,REAL ESA MISSION 1 — verified downloaded archive
2013-09-30 05:34:00+00:00,,7.818993126201719,UNSCORED,,,REAL ESA MISSION 1 — verified downloaded archive
2013-09-30 05:35:00+00:00,,7.818993126201719,UNSCORED,,,REAL ESA MISSION 1 — verified downloaded archive
2013-09-30 05:36:00+00:00,,7.818993126201719,UNSCORED,,,REAL ESA MISSION 1 — verified downloaded archive
2013-09-30 05:37:00+00:00,,7.818993126201719,UNSCORED,,,REAL ESA MISSION 1 — verified downloaded archive
2013-09-30 05:38:00+00:00,,7.818993126201719,UNSCORED,,,REAL ESA MISSION 1 — verified downloaded archive
2013-09-30 05:39:00+00:00,,7.818993126201719,UNSCORED,,,REAL ESA MISSION 1 — verified downloaded archive
2013-09-30 05:40:00+00:00,,7.818993126201719,UNSCORED,,,REAL ESA MISSION 1 — verified downloaded archive
2013-09-30 05:41:00+00:00,,7.818993126201719,UNSCORED,,,REAL ESA MISSION 1 — verified downloaded archive
2013-09-30 05:42:00+00:00,,7.818993126201719,UNSCORED,,,REAL ESA MISSION 1 — verified downloaded archive
2013-09-30 05:43:00+00:00,,7.818993126201719,UNSCORED,,,REAL ESA MISSION 1 — verified downloaded archive
2013-09-30 05:44:00+00:00,,7.818993126201719,UNSCORED,,,REAL ESA MISSION 1 — verified downloaded archive
2013-09-30 05:45:00+00:00,,7.818993126201719,UNSCORED,,,REAL ESA MISSION 1 — verified downloaded archive
2013-09-30 05:46:00+00:00,,7.818993126201719,UNSCORED,,,REAL ESA MISSION 1 — verified downloaded archive
2013-09-30 05:47:00+00:00,,7.818993126201719,UNSCORED,,,REAL ESA MISSION 1 — verified downloaded archive
2013-09-30 05:48:00+00:00,,7.818993126201719,UNSCORED,,,REAL ESA MISSION 1 — verified downloaded archive
2013-09-30 05:49:00+00:00,,7.818993126201719,UNSCORED,,,REAL ESA MISSION 1 — verified downloaded archive
2013-09-30 05:50:00+00:00,,7.818993126201719,UNSCORED,,,REAL ESA MISSION 1 — verified downloaded archive
2013-09-30 05:51:00+00:00,,7.818993126201719,UNSCORED,,,REAL ESA MISSION 1 — verified downloaded archive
2013-09-30 05:52:00+00:00,,7.818993126201719,UNSCORED,,,REAL ESA MISSION 1 — verified downloaded archive
2013-09-30 05:53:00+00:00,,7.818993126201719,UNSCORED,,,REAL ESA MISSION 1 — verified downloaded archive
2013-09-30 05:54:00+00:00,,7.818993126201719,UNSCORED,,,REAL ESA MISSION 1 — verified downloaded archive
2013-09-30 05:55:00+00:00,,7.818993126201719,UNSCORED,,,REAL ESA MISSION 1 — verified downloaded archive
2013-09-30 05:56:00+00:00,,7.818993126201719,UNSCORED,,,REAL ESA MISSION 1 — verified downloaded archive
2013-09-30 05:57:00+00:00,,7.818993126201719,UNSCORED,,,REAL ESA MISSION 1 — verified downloaded archive
2013-09-30 05:58:00+00:00,,7.818993126201719,UNSCORED,,,REAL ESA MISSION 1 — verified downloaded archive
2013-09-30 05:59:00+00:00,,7.818993126201719,UNSCORED,,,REAL ESA MISSION 1 — verified downloaded archive
2013-09-30 06:00:00+00:00,,7.818993126201719,UNSCORED,,,REAL ESA MISSION 1 — verified downloaded archive
2013-09-30 06:01:00+00:00,,7.818993126201719,UNSCORED,,,REAL ESA MISSION 1 — verified downloaded archive
2013-09-30 06:02:00+00:00,,7.818993126201719,UNSCORED,,,REAL ESA MISSION 1 — verified downloaded archive
2013-09-30 06:03:00+00:00,,7.818993126201719,UNSCORED,,,REAL ESA MISSION 1 — verified downloaded archive
2013-09-30 06:04:00+00:00,,7.818993126201719,UNSCORED,,,REAL ESA MISSION 1 — verified downloaded archive
2013-09-30 06:05:00+00:00,,7.818993126201719,UNSCORED,,,REAL ESA MISSION 1 — verified downloaded archive
2013-09-30 06:06:00+00:00,,7.818993126201719,UNSCORED,,,REAL ESA MISSION 1 — verified downloaded archive
2013-09-30 06:07:00+00:00,,7.818993126201719,UNSCORED,,,REAL ESA MISSION 1 — verified downloaded archive
2013-09-30 06:08:00+00:00,,7.818993126201719,UNSCORED,,,REAL ESA MISSION 1 — verified downloaded archive
2013-09-30 06:09:00+00:00,,7.818993126201719,UNSCORED,,,REAL ESA MISSION 1 — verified downloaded archive
2013-09-30 06:10:00+00:00,,7.818993126201719,UNSCORED,,,REAL ESA MISSION 1 — verified downloaded archive
2013-09-30 06:11:00+00:00,,7.818993126201719,UNSCORED,,,REAL ESA MISSION 1 — verified downloaded archive
2013-09-30 06:12:00+00:00,,7.818993126201719,UNSCORED,,,REAL ESA MISSION 1 — verified downloaded archive
2013-09-30 06:13:00+00:00,,7.818993126201719,UNSCORED,,,REAL ESA MISSION 1 — verified downloaded archive
2013-09-30 06:14:00+00:00,,7.818993126201719,UNSCORED,,,REAL ESA MISSION 1 — verified downloaded archive
2013-09-30 06:15:00+00:00,,7.818993126201719,UNSCORED,,,REAL ESA MISSION 1 — verified downloaded archive
2013-09-30 06:16:00+00:00,,7.818993126201719,UNSCORED,,,REAL ESA MISSION 1 — verified downloaded archive
2013-09-30 06:17:00+00:00,,7.818993126201719,UNSCORED,,,REAL ESA MISSION 1 — verified downloaded archive
2013-09-30 06:18:00+00:00,,7.818993126201719,UNSCORED,,,REAL ESA MISSION 1 — verified downloaded archive
2013-09-30 06:19:00+00:00,,7.818993126201719,UNSCORED,,,REAL ESA MISSION 1 — verified downloaded archive
2013-09-30 06:20:00+00:00,,7.818993126201719,UNSCORED,,,REAL ESA MISSION 1 — verified downloaded archive
2013-09-30 06:21:00+00:00,,7.818993126201719,UNSCORED,,,REAL ESA MISSION 1 — verified downloaded archive
2013-09-30 06:22:00+00:00,,7.818993126201719,UNSCORED,,,REAL ESA MISSION 1 — verified downloaded archive
2013-09-30 06:23:00+00:00,,7.818993126201719,UNSCORED,,,REAL ESA MISSION 1 — verified downloaded archive
2013-09-30 06:24:00+00:00,,7.818993126201719,UNSCORED,,,REAL ESA MISSION 1 — verified downloaded archive
2013-09-30 06:25:00+00:00,,7.818993126201719,UNSCORED,,,REAL ESA MISSION 1 — verified downloaded archive
2013-09-30 06:26:00+00:00,,7.818993126201719,UNSCORED,,,REAL ESA MISSION 1 — verified downloaded archive
2013-09-30 06:27:00+00:00,,7.818993126201719,UNSCORED,,,REAL ESA MISSION 1 — verified downloaded archive
2013-09-30 06:28:00+00:00,,7.818993126201719,UNSCORED,,,REAL ESA MISSION 1 — verified downloaded archive
2013-09-30 06:29:00+00:00,,7.818993126201719,UNSCORED,,,REAL ESA MISSION 1 — verified downloaded archive
2013-09-30 06:30:00+00:00,,7.818993126201719,UNSCORED,,,REAL ESA MISSION 1 — verified downloaded archive
2013-09-30 06:31:00+00:00,,7.818993126201719,UNSCORED,,,REAL ESA MISSION 1 — verified downloaded archive
2013-09-30 06:32:00+00:00,,7.818993126201719,UNSCORED,,,REAL ESA MISSION 1 — verified downloaded archive
2013-09-30 06:33:00+00:00,,7.818993126201719,UNSCORED,,,REAL ESA MISSION 1 — verified downloaded archive
2013-09-30 06:34:00+00:00,,7.818993126201719,UNSCORED,,,REAL ESA MISSION 1 — verified downloaded archive
2013-09-30 06:35:00+00:00,,7.818993126201719,UNSCORED,,,REAL ESA MISSION 1 — verified downloaded archive
2013-09-30 06:36:00+00:00,,7.818993126201719,UNSCORED,,,REAL ESA MISSION 1 — verified downloaded archive
2013-09-30 06:37:00+00:00,,7.818993126201719,UNSCORED,,,REAL ESA MISSION 1 — verified downloaded archive
2013-09-30 06:38:00+00:00,,7.818993126201719,UNSCORED,,,REAL ESA MISSION 1 — verified downloaded archive
2013-09-30 06:39:00+00:00,,7.818993126201719,UNSCORED,,,REAL ESA MISSION 1 — verified downloaded archive
2013-09-30 06:40:00+00:00,,7.818993126201719,UNSCORED,,,REAL ESA MISSION 1 — verified downloaded archive
2013-09-30 06:41:00+00:00,,7.818993126201719,UNSCORED,,,REAL ESA MISSION 1 — verified downloaded archive
2013-09-30 06:42:00+00:00,,7.818993126201719,UNSCORED,,,REAL ESA MISSION 1 — verified downloaded archive
2013-09-30 06:43:00+00:00,,7.818993126201719,UNSCORED,,,REAL ESA MISSION 1 — verified downloaded archive
2013-09-30 06:44:00+00:00,,7.818993126201719,UNSCORED,,,REAL ESA MISSION 1 — verified downloaded archive
2013-09-30 06:45:00+00:00,,7.818993126201719,UNSCORED,,,REAL ESA MISSION 1 — verified downloaded archive
2013-09-30 06:46:00+00:00,,7.818993126201719,UNSCORED,,,REAL ESA MISSION 1 — verified downloaded archive
2013-09-30 06:47:00+00:00,,7.818993126201719,UNSCORED,,,REAL ESA MISSION 1 — verified downloaded archive
2013-09-30 06:48:00+00:00,,7.818993126201719,UNSCORED,,,REAL ESA MISSION 1 — verified downloaded archive
2013-09-30 06:49:00+00:00,,7.818993126201719,UNSCORED,,,REAL ESA MISSION 1 — verified downloaded archive
2013-09-30 06:50:00+00:00,,7.818993126201719,UNSCORED,,,REAL ESA MISSION 1 — verified downloaded archive
2013-09-30 06:51:00+00:00,,7.818993126201719,UNSCORED,,,REAL ESA MISSION 1 — verified downloaded archive
2013-09-30 06:52:00+00:00,,7.818993126201719,UNSCORED,,,REAL ESA MISSION 1 — verified downloaded archive
2013-09-30 06:53:00+00:00,,7.818993126201719,UNSCORED,,,REAL ESA MISSION 1 — verified downloaded archive
2013-09-30 06:54:00+00:00,,7.818993126201719,UNSCORED,,,REAL ESA MISSION 1 — verified downloaded archive
2013-09-30 06:55:00+00:00,,7.818993126201719,UNSCORED,,,REAL ESA MISSION 1 — verified downloaded archive
2013-09-30 06:56:00+00:00,,7.818993126201719,UNSCORED,,,REAL ESA MISSION 1 — verified downloaded archive
2013-09-30 06:57:00+00:00,,7.818993126201719,UNSCORED,,,REAL ESA MISSION 1 — verified downloaded archive
2013-09-30 06:58:00+00:00,,7.818993126201719,UNSCORED,,,REAL ESA MISSION 1 — verified downloaded archive
2013-09-30 06:59:00+00:00,,7.818993126201719,UNSCORED,,,REAL ESA MISSION 1 — verified downloaded archive
2013-09-30 07:00:00+00:00,,7.818993126201719,UNSCORED,,,REAL ESA MISSION 1 — verified downloaded archive
2013-09-30 07:01:00+00:00,,7.818993126201719,UNSCORED,,,REAL ESA MISSION 1 — verified downloaded archive
2013-09-30 07:02:00+00:00,,7.818993126201719,UNSCORED,,,REAL ESA MISSION 1 — verified downloaded archive
2013-09-30 07:03:00+00:00,,7.818993126201719,UNSCORED,,,REAL ESA MISSION 1 — verified downloaded archive
2013-09-30 07:04:00+00:00,,7.818993126201719,UNSCORED,,,REAL ESA MISSION 1 — verified downloaded archive
2013-09-30 07:05:00+00:00,,7.818993126201719,UNSCORED,,,REAL ESA MISSION 1 — verified downloaded archive
2013-09-30 07:06:00+00:00,,7.818993126201719,UNSCORED,,,REAL ESA MISSION 1 — verified downloaded archive
2013-09-30 07:07:00+00:00,,7.818993126201719,UNSCORED,,,REAL ESA MISSION 1 — verified downloaded archive
2013-09-30 07:08:00+00:00,,7.818993126201719,UNSCORED,,,REAL ESA MISSION 1 — verified downloaded archive
2013-09-30 07:09:00+00:00,,7.818993126201719,UNSCORED,,,REAL ESA MISSION 1 — verified downloaded archive
2013-09-30 07:10:00+00:00,,7.818993126201719,UNSCORED,,,REAL ESA MISSION 1 — verified downloaded archive
2013-09-30 07:11:00+00:00,,7.818993126201719,UNSCORED,,,REAL ESA MISSION 1 — verified downloaded archive
2013-09-30 07:12:00+00:00,,7.818993126201719,UNSCORED,,,REAL ESA MISSION 1 — verified downloaded archive
2013-09-30 07:13:00+00:00,,7.818993126201719,UNSCORED,,,REAL ESA MISSION 1 — verified downloaded archive
2013-09-30 07:14:00+00:00,,7.818993126201719,UNSCORED,,,REAL ESA MISSION 1 — verified downloaded archive
2013-09-30 07:15:00+00:00,,7.818993126201719,UNSCORED,,,REAL ESA MISSION 1 — verified downloaded archive
2013-09-30 07:16:00+00:00,,7.818993126201719,UNSCORED,,,REAL ESA MISSION 1 — verified downloaded archive
2013-09-30 07:17:00+00:00,,7.818993126201719,UNSCORED,,,REAL ESA MISSION 1 — verified downloaded archive
2013-09-30 07:18:00+00:00,,7.818993126201719,UNSCORED,,,REAL ESA MISSION 1 — verified downloaded archive
2013-09-30 07:19:00+00:00,,7.818993126201719,UNSCORED,,,REAL ESA MISSION 1 — verified downloaded archive
2013-09-30 07:20:00+00:00,,7.818993126201719,UNSCORED,,,REAL ESA MISSION 1 — verified downloaded archive
2013-09-30 07:21:00+00:00,,7.818993126201719,UNSCORED,,,REAL ESA MISSION 1 — verified downloaded archive
2013-09-30 07:22:00+00:00,,7.818993126201719,UNSCORED,,,REAL ESA MISSION 1 — verified downloaded archive
2013-09-30 07:23:00+00:00,,7.818993126201719,UNSCORED,,,REAL ESA MISSION 1 — verified downloaded archive
2013-09-30 07:24:00+00:00,,7.818993126201719,UNSCORED,,,REAL ESA MISSION 1 — verified downloaded archive
2013-09-30 07:25:00+00:00,,7.818993126201719,UNSCORED,,,REAL ESA MISSION 1 — verified downloaded archive
2013-09-30 07:26:00+00:00,,7.818993126201719,UNSCORED,,,REAL ESA MISSION 1 — verified downloaded archive
2013-09-30 07:27:00+00:00,,7.818993126201719,UNSCORED,,,REAL ESA MISSION 1 — verified downloaded archive
2013-09-30 07:28:00+00:00,,7.818993126201719,UNSCORED,,,REAL ESA MISSION 1 — verified downloaded archive
2013-09-30 07:29:00+00:00,,7.818993126201719,UNSCORED,,,REAL ESA MISSION 1 — verified downloaded archive
2013-09-30 07:30:00+00:00,,7.818993126201719,UNSCORED,,,REAL ESA MISSION 1 — verified downloaded archive
2013-09-30 07:31:00+00:00,,7.818993126201719,UNSCORED,,,REAL ESA MISSION 1 — verified downloaded archive
2013-09-30 07:32:00+00:00,,7.818993126201719,UNSCORED,,,REAL ESA MISSION 1 — verified downloaded archive
2013-09-30 07:33:00+00:00,,7.818993126201719,UNSCORED,,,REAL ESA MISSION 1 — verified downloaded archive
2013-09-30 07:34:00+00:00,,7.818993126201719,UNSCORED,,,REAL ESA MISSION 1 — verified downloaded archive
2013-09-30 07:35:00+00:00,,7.818993126201719,UNSCORED,,,REAL ESA MISSION 1 — verified downloaded archive
2013-09-30 07:36:00+00:00,,7.818993126201719,UNSCORED,,,REAL ESA MISSION 1 — verified downloaded archive
2013-09-30 07:37:00+00:00,,7.818993126201719,UNSCORED,,,REAL ESA MISSION 1 — verified downloaded archive
2013-09-30 07:38:00+00:00,,7.818993126201719,UNSCORED,,,REAL ESA MISSION 1 — verified downloaded archive
2013-09-30 07:39:00+00:00,,7.818993126201719,UNSCORED,,,REAL ESA MISSION 1 — verified downloaded archive
2013-09-30 07:40:00+00:00,,7.818993126201719,UNSCORED,,,REAL ESA MISSION 1 — verified downloaded archive
2013-09-30 07:41:00+00:00,,7.818993126201719,UNSCORED,,,REAL ESA MISSION 1 — verified downloaded archive
2013-09-30 07:42:00+00:00,,7.818993126201719,UNSCORED,,,REAL ESA MISSION 1 — verified downloaded archive
2013-09-30 07:43:00+00:00,,7.818993126201719,UNSCORED,,,REAL ESA MISSION 1 — verified downloaded archive
2013-09-30 07:44:00+00:00,,7.818993126201719,UNSCORED,,,REAL ESA MISSION 1 — verified downloaded archive
2013-09-30 07:45:00+00:00,,7.818993126201719,UNSCORED,,,REAL ESA MISSION 1 — verified downloaded archive
2013-09-30 07:46:00+00:00,,7.818993126201719,UNSCORED,,,REAL ESA MISSION 1 — verified downloaded archive
2013-09-30 07:47:00+00:00,,7.818993126201719,UNSCORED,,,REAL ESA MISSION 1 — verified downloaded archive
2013-09-30 07:48:00+00:00,,7.818993126201719,UNSCORED,,,REAL ESA MISSION 1 — verified downloaded archive
2013-09-30 07:49:00+00:00,,7.818993126201719,UNSCORED,,,REAL ESA MISSION 1 — verified downloaded archive
2013-09-30 07:50:00+00:00,,7.818993126201719,UNSCORED,,,REAL ESA MISSION 1 — verified downloaded archive
2013-09-30 07:51:00+00:00,,7.818993126201719,UNSCORED,,,REAL ESA MISSION 1 — verified downloaded archive
2013-09-30 07:52:00+00:00,,7.818993126201719,UNSCORED,,,REAL ESA MISSION 1 — verified downloaded archive
2013-09-30 07:53:00+00:00,,7.818993126201719,UNSCORED,,,REAL ESA MISSION 1 — verified downloaded archive
2013-09-30 07:54:00+00:00,,7.818993126201719,UNSCORED,,,REAL ESA MISSION 1 — verified downloaded archive
2013-09-30 07:55:00+00:00,,7.818993126201719,UNSCORED,,,REAL ESA MISSION 1 — verified downloaded archive
2013-09-30 07:56:00+00:00,,7.818993126201719,UNSCORED,,,REAL ESA MISSION 1 — verified downloaded archive
2013-09-30 07:57:00+00:00,,7.818993126201719,UNSCORED,,,REAL ESA MISSION 1 — verified downloaded archive
2013-09-30 07:58:00+00:00,,7.818993126201719,UNSCORED,,,REAL ESA MISSION 1 — verified downloaded archive
2013-09-30 07:59:00+00:00,,7.818993126201719,UNSCORED,,,REAL ESA MISSION 1 — verified downloaded archive
2013-09-30 08:00:00+00:00,,7.818993126201719,UNSCORED,,,REAL ESA MISSION 1 — verified downloaded archive
2013-09-30 08:01:00+00:00,,7.818993126201719,UNSCORED,,,REAL ESA MISSION 1 — verified downloaded archive
2013-09-30 08:02:00+00:00,,7.818993126201719,UNSCORED,,,REAL ESA MISSION 1 — verified downloaded archive
2013-09-30 08:03:00+00:00,,7.818993126201719,UNSCORED,,,REAL ESA MISSION 1 — verified downloaded archive
2013-09-30 08:04:00+00:00,,7.818993126201719,UNSCORED,,,REAL ESA MISSION 1 — verified downloaded archive
2013-09-30 08:05:00+00:00,,7.818993126201719,UNSCORED,,,REAL ESA MISSION 1 — verified downloaded archive
2013-09-30 08:06:00+00:00,,7.818993126201719,UNSCORED,,,REAL ESA MISSION 1 — verified downloaded archive
2013-09-30 08:07:00+00:00,,7.818993126201719,UNSCORED,,,REAL ESA MISSION 1 — verified downloaded archive
2013-09-30 08:08:00+00:00,,7.818993126201719,UNSCORED,,,REAL ESA MISSION 1 — verified downloaded archive
2013-09-30 08:09:00+00:00,,7.818993126201719,UNSCORED,,,REAL ESA MISSION 1 — verified downloaded archive
2013-09-30 08:10:00+00:00,,7.818993126201719,UNSCORED,,,REAL ESA MISSION 1 — verified downloaded archive
2013-09-30 08:11:00+00:00,,7.818993126201719,UNSCORED,,,REAL ESA MISSION 1 — verified downloaded archive
2013-09-30 08:12:00+00:00,,7.818993126201719,UNSCORED,,,REAL ESA MISSION 1 — verified downloaded archive
2013-09-30 08:13:00+00:00,,7.818993126201719,UNSCORED,,,REAL ESA MISSION 1 — verified downloaded archive
2013-09-30 08:14:00+00:00,,7.818993126201719,UNSCORED,,,REAL ESA MISSION 1 — verified downloaded archive
2013-09-30 08:15:00+00:00,,7.818993126201719,UNSCORED,,,REAL ESA MISSION 1 — verified downloaded archive
2013-09-30 08:16:00+00:00,,7.818993126201719,UNSCORED,,,REAL ESA MISSION 1 — verified downloaded archive
2013-09-30 08:17:00+00:00,,7.818993126201719,UNSCORED,,,REAL ESA MISSION 1 — verified downloaded archive
2013-09-30 08:18:00+00:00,,7.818993126201719,UNSCORED,,,REAL ESA MISSION 1 — verified downloaded archive
2013-09-30 08:19:00+00:00,,7.818993126201719,UNSCORED,,,REAL ESA MISSION 1 — verified downloaded archive
2013-09-30 08:20:00+00:00,,7.818993126201719,UNSCORED,,,REAL ESA MISSION 1 — verified downloaded archive
2013-09-30 08:21:00+00:00,,7.818993126201719,UNSCORED,,,REAL ESA MISSION 1 — verified downloaded archive
2013-09-30 08:22:00+00:00,,7.818993126201719,UNSCORED,,,REAL ESA MISSION 1 — verified downloaded archive
2013-09-30 08:23:00+00:00,,7.818993126201719,UNSCORED,,,REAL ESA MISSION 1 — verified downloaded archive
2013-09-30 08:24:00+00:00,,7.818993126201719,UNSCORED,,,REAL ESA MISSION 1 — verified downloaded archive
2013-09-30 08:25:00+00:00,,7.818993126201719,UNSCORED,,,REAL ESA MISSION 1 — verified downloaded archive
2013-09-30 08:26:00+00:00,,7.818993126201719,UNSCORED,,,REAL ESA MISSION 1 — verified downloaded archive
2013-09-30 08:27:00+00:00,,7.818993126201719,UNSCORED,,,REAL ESA MISSION 1 — verified downloaded archive
2013-09-30 08:28:00+00:00,,7.818993126201719,UNSCORED,,,REAL ESA MISSION 1 — verified downloaded archive
2013-09-30 08:29:00+00:00,,7.818993126201719,UNSCORED,,,REAL ESA MISSION 1 — verified downloaded archive
2013-09-30 08:30:00+00:00,,7.818993126201719,UNSCORED,,,REAL ESA MISSION 1 — verified downloaded archive
2013-09-30 08:31:00+00:00,,7.818993126201719,UNSCORED,,,REAL ESA MISSION 1 — verified downloaded archive
2013-09-30 08:32:00+00:00,,7.818993126201719,UNSCORED,,,REAL ESA MISSION 1 — verified downloaded archive
2013-09-30 08:33:00+00:00,,7.818993126201719,UNSCORED,,,REAL ESA MISSION 1 — verified downloaded archive
2013-09-30 08:34:00+00:00,,7.818993126201719,UNSCORED,,,REAL ESA MISSION 1 — verified downloaded archive
2013-09-30 08:35:00+00:00,,7.818993126201719,UNSCORED,,,REAL ESA MISSION 1 — verified downloaded archive
2013-09-30 08:36:00+00:00,,7.818993126201719,UNSCORED,,,REAL ESA MISSION 1 — verified downloaded archive
2013-09-30 08:37:00+00:00,,7.818993126201719,UNSCORED,,,REAL ESA MISSION 1 — verified downloaded archive
2013-09-30 08:38:00+00:00,,7.818993126201719,UNSCORED,,,REAL ESA MISSION 1 — verified downloaded archive
2013-09-30 08:39:00+00:00,,7.818993126201719,UNSCORED,,,REAL ESA MISSION 1 — verified downloaded archive
2013-09-30 08:40:00+00:00,,7.818993126201719,UNSCORED,,,REAL ESA MISSION 1 — verified downloaded archive
2013-09-30 08:41:00+00:00,,7.818993126201719,UNSCORED,,,REAL ESA MISSION 1 — verified downloaded archive
2013-09-30 08:42:00+00:00,,7.818993126201719,UNSCORED,,,REAL ESA MISSION 1 — verified downloaded archive
2013-09-30 08:43:00+00:00,,7.818993126201719,UNSCORED,,,REAL ESA MISSION 1 — verified downloaded archive
2013-09-30 08:44:00+00:00,,7.818993126201719,UNSCORED,,,REAL ESA MISSION 1 — verified downloaded archive
2013-09-30 08:45:00+00:00,,7.818993126201719,UNSCORED,,,REAL ESA MISSION 1 — verified downloaded archive
2013-09-30 08:46:00+00:00,,7.818993126201719,UNSCORED,,,REAL ESA MISSION 1 — verified downloaded archive
2013-09-30 08:47:00+00:00,,7.818993126201719,UNSCORED,,,REAL ESA MISSION 1 — verified downloaded archive
2013-09-30 08:48:00+00:00,,7.818993126201719,UNSCORED,,,REAL ESA MISSION 1 — verified downloaded archive
2013-09-30 08:49:00+00:00,,7.818993126201719,UNSCORED,,,REAL ESA MISSION 1 — verified downloaded archive
2013-09-30 08:50:00+00:00,,7.818993126201719,UNSCORED,,,REAL ESA MISSION 1 — verified downloaded archive
2013-09-30 08:51:00+00:00,,7.818993126201719,UNSCORED,,,REAL ESA MISSION 1 — verified downloaded archive
2013-09-30 08:52:00+00:00,,7.818993126201719,UNSCORED,,,REAL ESA MISSION 1 — verified downloaded archive
2013-09-30 08:53:00+00:00,,7.818993126201719,UNSCORED,,,REAL ESA MISSION 1 — verified downloaded archive
2013-09-30 08:54:00+00:00,,7.818993126201719,UNSCORED,,,REAL ESA MISSION 1 — verified downloaded archive
2013-09-30 08:55:00+00:00,,7.818993126201719,UNSCORED,,,REAL ESA MISSION 1 — verified downloaded archive
2013-09-30 08:56:00+00:00,,7.818993126201719,UNSCORED,,,REAL ESA MISSION 1 — verified downloaded archive
2013-09-30 08:57:00+00:00,,7.818993126201719,UNSCORED,,,REAL ESA MISSION 1 — verified downloaded archive
2013-09-30 08:58:00+00:00,,7.818993126201719,UNSCORED,,,REAL ESA MISSION 1 — verified downloaded archive
2013-09-30 08:59:00+00:00,,7.818993126201719,UNSCORED,,,REAL ESA MISSION 1 — verified downloaded archive
2013-09-30 09:00:00+00:00,,7.818993126201719,UNSCORED,,,REAL ESA MISSION 1 — verified downloaded archive
2013-09-30 09:01:00+00:00,,7.818993126201719,UNSCORED,,,REAL ESA MISSION 1 — verified downloaded archive
2013-09-30 09:02:00+00:00,,7.818993126201719,UNSCORED,,,REAL ESA MISSION 1 — verified downloaded archive
2013-09-30 09:03:00+00:00,,7.818993126201719,UNSCORED,,,REAL ESA MISSION 1 — verified downloaded archive
2013-09-30 09:04:00+00:00,,7.818993126201719,UNSCORED,,,REAL ESA MISSION 1 — verified downloaded archive
2013-09-30 09:05:00+00:00,,7.818993126201719,UNSCORED,,,REAL ESA MISSION 1 — verified downloaded archive
2013-09-30 09:06:00+00:00,,7.818993126201719,UNSCORED,,,REAL ESA MISSION 1 — verified downloaded archive
2013-09-30 09:07:00+00:00,,7.818993126201719,UNSCORED,,,REAL ESA MISSION 1 — verified downloaded archive
2013-09-30 09:08:00+00:00,,7.818993126201719,UNSCORED,,,REAL ESA MISSION 1 — verified downloaded archive
2013-09-30 09:09:00+00:00,,7.818993126201719,UNSCORED,,,REAL ESA MISSION 1 — verified downloaded archive
2013-09-30 09:10:00+00:00,,7.818993126201719,UNSCORED,,,REAL ESA MISSION 1 — verified downloaded archive
2013-09-30 09:11:00+00:00,,7.818993126201719,UNSCORED,,,REAL ESA MISSION 1 — verified downloaded archive
2013-09-30 09:12:00+00:00,,7.818993126201719,UNSCORED,,,REAL ESA MISSION 1 — verified downloaded archive
2013-09-30 09:13:00+00:00,,7.818993126201719,UNSCORED,,,REAL ESA MISSION 1 — verified downloaded archive
2013-09-30 09:14:00+00:00,,7.818993126201719,UNSCORED,,,REAL ESA MISSION 1 — verified downloaded archive
2013-09-30 09:15:00+00:00,,7.818993126201719,UNSCORED,,,REAL ESA MISSION 1 — verified downloaded archive
2013-09-30 09:16:00+00:00,,7.818993126201719,UNSCORED,,,REAL ESA MISSION 1 — verified downloaded archive
2013-09-30 09:17:00+00:00,,7.818993126201719,UNSCORED,,,REAL ESA MISSION 1 — verified downloaded archive
2013-09-30 09:18:00+00:00,,7.818993126201719,UNSCORED,,,REAL ESA MISSION 1 — verified downloaded archive
2013-09-30 09:19:00+00:00,,7.818993126201719,UNSCORED,,,REAL ESA MISSION 1 — verified downloaded archive
2013-09-30 09:20:00+00:00,,7.818993126201719,UNSCORED,,,REAL ESA MISSION 1 — verified downloaded archive
2013-09-30 09:21:00+00:00,,7.818993126201719,UNSCORED,,,REAL ESA MISSION 1 — verified downloaded archive
2013-09-30 09:22:00+00:00,,7.818993126201719,UNSCORED,,,REAL ESA MISSION 1 — verified downloaded archive
2013-09-30 09:23:00+00:00,,7.818993126201719,UNSCORED,,,REAL ESA MISSION 1 — verified downloaded archive
2013-09-30 09:24:00+00:00,,7.818993126201719,UNSCORED,,,REAL ESA MISSION 1 — verified downloaded archive
2013-09-30 09:25:00+00:00,,7.818993126201719,UNSCORED,,,REAL ESA MISSION 1 — verified downloaded archive
2013-09-30 09:26:00+00:00,,7.818993126201719,UNSCORED,,,REAL ESA MISSION 1 — verified downloaded archive
2013-09-30 09:27:00+00:00,,7.818993126201719,UNSCORED,,,REAL ESA MISSION 1 — verified downloaded archive
2013-09-30 09:28:00+00:00,,7.818993126201719,UNSCORED,,,REAL ESA MISSION 1 — verified downloaded archive
2013-09-30 09:29:00+00:00,,7.818993126201719,UNSCORED,,,REAL ESA MISSION 1 — verified downloaded archive
2013-09-30 09:30:00+00:00,,7.818993126201719,UNSCORED,,,REAL ESA MISSION 1 — verified downloaded archive
2013-09-30 09:31:00+00:00,,7.818993126201719,UNSCORED,,,REAL ESA MISSION 1 — verified downloaded archive
2013-09-30 09:32:00+00:00,,7.818993126201719,UNSCORED,,,REAL ESA MISSION 1 — verified downloaded archive
2013-09-30 09:33:00+00:00,,7.818993126201719,UNSCORED,,,REAL ESA MISSION 1 — verified downloaded archive
2013-09-30 09:34:00+00:00,,7.818993126201719,UNSCORED,,,REAL ESA MISSION 1 — verified downloaded archive
2013-09-30 09:35:00+00:00,,7.818993126201719,UNSCORED,,,REAL ESA MISSION 1 — verified downloaded archive
2013-09-30 09:36:00+00:00,,7.818993126201719,UNSCORED,,,REAL ESA MISSION 1 — verified downloaded archive
2013-09-30 09:37:00+00:00,,7.818993126201719,UNSCORED,,,REAL ESA MISSION 1 — verified downloaded archive
2013-09-30 09:38:00+00:00,,7.818993126201719,UNSCORED,,,REAL ESA MISSION 1 — verified downloaded archive
2013-09-30 09:39:00+00:00,,7.818993126201719,UNSCORED,,,REAL ESA MISSION 1 — verified downloaded archive
2013-09-30 09:40:00+00:00,,7.818993126201719,UNSCORED,,,REAL ESA MISSION 1 — verified downloaded archive
2013-09-30 09:41:00+00:00,,7.818993126201719,UNSCORED,,,REAL ESA MISSION 1 — verified downloaded archive
2013-09-30 09:42:00+00:00,,7.818993126201719,UNSCORED,,,REAL ESA MISSION 1 — verified downloaded archive
2013-09-30 09:43:00+00:00,,7.818993126201719,UNSCORED,,,REAL ESA MISSION 1 — verified downloaded archive
2013-09-30 09:44:00+00:00,,7.818993126201719,UNSCORED,,,REAL ESA MISSION 1 — verified downloaded archive
2013-09-30 09:45:00+00:00,,7.818993126201719,UNSCORED,,,REAL ESA MISSION 1 — verified downloaded archive
2013-09-30 09:46:00+00:00,,7.818993126201719,UNSCORED,,,REAL ESA MISSION 1 — verified downloaded archive
2013-09-30 09:47:00+00:00,,7.818993126201719,UNSCORED,,,REAL ESA MISSION 1 — verified downloaded archive
2013-09-30 09:48:00+00:00,,7.818993126201719,UNSCORED,,,REAL ESA MISSION 1 — verified downloaded archive
2013-09-30 09:49:00+00:00,,7.818993126201719,UNSCORED,,,REAL ESA MISSION 1 — verified downloaded archive
2013-09-30 09:50:00+00:00,,7.818993126201719,UNSCORED,,,REAL ESA MISSION 1 — verified downloaded archive
2013-09-30 09:51:00+00:00,,7.818993126201719,UNSCORED,,,REAL ESA MISSION 1 — verified downloaded archive
2013-09-30 09:52:00+00:00,,7.818993126201719,UNSCORED,,,REAL ESA MISSION 1 — verified downloaded archive
2013-09-30 09:53:00+00:00,,7.818993126201719,UNSCORED,,,REAL ESA MISSION 1 — verified downloaded archive
2013-09-30 09:54:00+00:00,,7.818993126201719,UNSCORED,,,REAL ESA MISSION 1 — verified downloaded archive
2013-09-30 09:55:00+00:00,,7.818993126201719,UNSCORED,,,REAL ESA MISSION 1 — verified downloaded archive
2013-09-30 09:56:00+00:00,,7.818993126201719,UNSCORED,,,REAL ESA MISSION 1 — verified downloaded archive
2013-09-30 09:57:00+00:00,,7.818993126201719,UNSCORED,,,REAL ESA MISSION 1 — verified downloaded archive
2013-09-30 09:58:00+00:00,,7.818993126201719,UNSCORED,,,REAL ESA MISSION 1 — verified downloaded archive
2013-09-30 09:59:00+00:00,,7.818993126201719,UNSCORED,,,REAL ESA MISSION 1 — verified downloaded archive
2013-09-30 10:00:00+00:00,,7.818993126201719,UNSCORED,,,REAL ESA MISSION 1 — verified downloaded archive
2013-09-30 10:01:00+00:00,,7.818993126201719,UNSCORED,,,REAL ESA MISSION 1 — verified downloaded archive
2013-09-30 10:02:00+00:00,,7.818993126201719,UNSCORED,,,REAL ESA MISSION 1 — verified downloaded archive
2013-09-30 10:03:00+00:00,,7.818993126201719,UNSCORED,,,REAL ESA MISSION 1 — verified downloaded archive
2013-09-30 10:04:00+00:00,,7.818993126201719,UNSCORED,,,REAL ESA MISSION 1 — verified downloaded archive
2013-09-30 10:05:00+00:00,,7.818993126201719,UNSCORED,,,REAL ESA MISSION 1 — verified downloaded archive
2013-09-30 10:06:00+00:00,,7.818993126201719,UNSCORED,,,REAL ESA MISSION 1 — verified downloaded archive
2013-09-30 10:07:00+00:00,,7.818993126201719,UNSCORED,,,REAL ESA MISSION 1 — verified downloaded archive
2013-09-30 10:08:00+00:00,,7.818993126201719,UNSCORED,,,REAL ESA MISSION 1 — verified downloaded archive
2013-09-30 10:09:00+00:00,,7.818993126201719,UNSCORED,,,REAL ESA MISSION 1 — verified downloaded archive
2013-09-30 10:10:00+00:00,,7.818993126201719,UNSCORED,,,REAL ESA MISSION 1 — verified downloaded archive
2013-09-30 10:11:00+00:00,,7.818993126201719,UNSCORED,,,REAL ESA MISSION 1 — verified downloaded archive
2013-09-30 10:12:00+00:00,,7.818993126201719,UNSCORED,,,REAL ESA MISSION 1 — verified downloaded archive
2013-09-30 10:13:00+00:00,,7.818993126201719,UNSCORED,,,REAL ESA MISSION 1 — verified downloaded archive
2013-09-30 10:14:00+00:00,,7.818993126201719,UNSCORED,,,REAL ESA MISSION 1 — verified downloaded archive
2013-09-30 10:15:00+00:00,,7.818993126201719,UNSCORED,,,REAL ESA MISSION 1 — verified downloaded archive
2013-09-30 10:16:00+00:00,,7.818993126201719,UNSCORED,,,REAL ESA MISSION 1 — verified downloaded archive
2013-09-30 10:17:00+00:00,,7.818993126201719,UNSCORED,,,REAL ESA MISSION 1 — verified downloaded archive
2013-09-30 10:18:00+00:00,,7.818993126201719,UNSCORED,,,REAL ESA MISSION 1 — verified downloaded archive
2013-09-30 10:19:00+00:00,,7.818993126201719,UNSCORED,,,REAL ESA MISSION 1 — verified downloaded archive
2013-09-30 10:20:00+00:00,,7.818993126201719,UNSCORED,,,REAL ESA MISSION 1 — verified downloaded archive
2013-09-30 10:21:00+00:00,,7.818993126201719,UNSCORED,,,REAL ESA MISSION 1 — verified downloaded archive
2013-09-30 10:22:00+00:00,,7.818993126201719,UNSCORED,,,REAL ESA MISSION 1 — verified downloaded archive
2013-09-30 10:23:00+00:00,,7.818993126201719,UNSCORED,,,REAL ESA MISSION 1 — verified downloaded archive
2013-09-30 10:24:00+00:00,,7.818993126201719,UNSCORED,,,REAL ESA MISSION 1 — verified downloaded archive
2013-09-30 10:25:00+00:00,,7.818993126201719,UNSCORED,,,REAL ESA MISSION 1 — verified downloaded archive
2013-09-30 10:26:00+00:00,,7.818993126201719,UNSCORED,,,REAL ESA MISSION 1 — verified downloaded archive
2013-09-30 10:27:00+00:00,,7.818993126201719,UNSCORED,,,REAL ESA MISSION 1 — verified downloaded archive
2013-09-30 10:28:00+00:00,,7.818993126201719,UNSCORED,,,REAL ESA MISSION 1 — verified downloaded archive
2013-09-30 10:29:00+00:00,,7.818993126201719,UNSCORED,,,REAL ESA MISSION 1 — verified downloaded archive
2013-09-30 10:30:00+00:00,,7.818993126201719,UNSCORED,,,REAL ESA MISSION 1 — verified downloaded archive
2013-09-30 10:31:00+00:00,,7.818993126201719,UNSCORED,,,REAL ESA MISSION 1 — verified downloaded archive
2013-09-30 10:32:00+00:00,,7.818993126201719,UNSCORED,,,REAL ESA MISSION 1 — verified downloaded archive
2013-09-30 10:33:00+00:00,,7.818993126201719,UNSCORED,,,REAL ESA MISSION 1 — verified downloaded archive
2013-09-30 10:34:00+00:00,,7.818993126201719,UNSCORED,,,REAL ESA MISSION 1 — verified downloaded archive
2013-09-30 10:35:00+00:00,,7.818993126201719,UNSCORED,,,REAL ESA MISSION 1 — verified downloaded archive
2013-09-30 10:36:00+00:00,,7.818993126201719,UNSCORED,,,REAL ESA MISSION 1 — verified downloaded archive
2013-09-30 10:37:00+00:00,,7.818993126201719,UNSCORED,,,REAL ESA MISSION 1 — verified downloaded archive
2013-09-30 10:38:00+00:00,,7.818993126201719,UNSCORED,,,REAL ESA MISSION 1 — verified downloaded archive
2013-09-30 10:39:00+00:00,,7.818993126201719,UNSCORED,,,REAL ESA MISSION 1 — verified downloaded archive
2013-09-30 10:40:00+00:00,,7.818993126201719,UNSCORED,,,REAL ESA MISSION 1 — verified downloaded archive
2013-09-30 10:41:00+00:00,,7.818993126201719,UNSCORED,,,REAL ESA MISSION 1 — verified downloaded archive
2013-09-30 10:42:00+00:00,,7.818993126201719,UNSCORED,,,REAL ESA MISSION 1 — verified downloaded archive
2013-09-30 10:43:00+00:00,,7.818993126201719,UNSCORED,,,REAL ESA MISSION 1 — verified downloaded archive
2013-09-30 10:44:00+00:00,,7.818993126201719,UNSCORED,,,REAL ESA MISSION 1 — verified downloaded archive
2013-09-30 10:45:00+00:00,,7.818993126201719,UNSCORED,,,REAL ESA MISSION 1 — verified downloaded archive
2013-09-30 10:46:00+00:00,,7.818993126201719,UNSCORED,,,REAL ESA MISSION 1 — verified downloaded archive
2013-09-30 10:47:00+00:00,,7.818993126201719,UNSCORED,,,REAL ESA MISSION 1 — verified downloaded archive
2013-09-30 10:48:00+00:00,,7.818993126201719,UNSCORED,,,REAL ESA MISSION 1 — verified downloaded archive
2013-09-30 10:49:00+00:00,,7.818993126201719,UNSCORED,,,REAL ESA MISSION 1 — verified downloaded archive
2013-09-30 10:50:00+00:00,,7.818993126201719,UNSCORED,,,REAL ESA MISSION 1 — verified downloaded archive
2013-09-30 10:51:00+00:00,,7.818993126201719,UNSCORED,,,REAL ESA MISSION 1 — verified downloaded archive
2013-09-30 10:52:00+00:00,,7.818993126201719,UNSCORED,,,REAL ESA MISSION 1 — verified downloaded archive
2013-09-30 10:53:00+00:00,,7.818993126201719,UNSCORED,,,REAL ESA MISSION 1 — verified downloaded archive
2013-09-30 10:54:00+00:00,,7.818993126201719,UNSCORED,,,REAL ESA MISSION 1 — verified downloaded archive
2013-09-30 10:55:00+00:00,,7.818993126201719,UNSCORED,,,REAL ESA MISSION 1 — verified downloaded archive
2013-09-30 10:56:00+00:00,,7.818993126201719,UNSCORED,,,REAL ESA MISSION 1 — verified downloaded archive
2013-09-30 10:57:00+00:00,,7.818993126201719,UNSCORED,,,REAL ESA MISSION 1 — verified downloaded archive
2013-09-30 10:58:00+00:00,,7.818993126201719,UNSCORED,,,REAL ESA MISSION 1 — verified downloaded archive
2013-09-30 10:59:00+00:00,,7.818993126201719,UNSCORED,,,REAL ESA MISSION 1 — verified downloaded archive
2013-09-30 11:00:00+00:00,,7.818993126201719,UNSCORED,,,REAL ESA MISSION 1 — verified downloaded archive
2013-09-30 11:01:00+00:00,,7.818993126201719,UNSCORED,,,REAL ESA MISSION 1 — verified downloaded archive
2013-09-30 11:02:00+00:00,,7.818993126201719,UNSCORED,,,REAL ESA MISSION 1 — verified downloaded archive
2013-09-30 11:03:00+00:00,,7.818993126201719,UNSCORED,,,REAL ESA MISSION 1 — verified downloaded archive
2013-09-30 11:04:00+00:00,,7.818993126201719,UNSCORED,,,REAL ESA MISSION 1 — verified downloaded archive
2013-09-30 11:05:00+00:00,,7.818993126201719,UNSCORED,,,REAL ESA MISSION 1 — verified downloaded archive
2013-09-30 11:06:00+00:00,,7.818993126201719,UNSCORED,,,REAL ESA MISSION 1 — verified downloaded archive
2013-09-30 11:07:00+00:00,,7.818993126201719,UNSCORED,,,REAL ESA MISSION 1 — verified downloaded archive
2013-09-30 11:08:00+00:00,,7.818993126201719,UNSCORED,,,REAL ESA MISSION 1 — verified downloaded archive
2013-09-30 11:09:00+00:00,,7.818993126201719,UNSCORED,,,REAL ESA MISSION 1 — verified downloaded archive
2013-09-30 11:10:00+00:00,,7.818993126201719,UNSCORED,,,REAL ESA MISSION 1 — verified downloaded archive
2013-09-30 11:11:00+00:00,,7.818993126201719,UNSCORED,,,REAL ESA MISSION 1 — verified downloaded archive
2013-09-30 11:12:00+00:00,,7.818993126201719,UNSCORED,,,REAL ESA MISSION 1 — verified downloaded archive
2013-09-30 11:13:00+00:00,,7.818993126201719,UNSCORED,,,REAL ESA MISSION 1 — verified downloaded archive
2013-09-30 11:14:00+00:00,,7.818993126201719,UNSCORED,,,REAL ESA MISSION 1 — verified downloaded archive
2013-09-30 11:15:00+00:00,,7.818993126201719,UNSCORED,,,REAL ESA MISSION 1 — verified downloaded archive
2013-09-30 11:16:00+00:00,,7.818993126201719,UNSCORED,,,REAL ESA MISSION 1 — verified downloaded archive
2013-09-30 11:17:00+00:00,,7.818993126201719,UNSCORED,,,REAL ESA MISSION 1 — verified downloaded archive
2013-09-30 11:18:00+00:00,,7.818993126201719,UNSCORED,,,REAL ESA MISSION 1 — verified downloaded archive
2013-09-30 11:19:00+00:00,,7.818993126201719,UNSCORED,,,REAL ESA MISSION 1 — verified downloaded archive
2013-09-30 11:20:00+00:00,,7.818993126201719,UNSCORED,,,REAL ESA MISSION 1 — verified downloaded archive
2013-09-30 11:21:00+00:00,,7.818993126201719,UNSCORED,,,REAL ESA MISSION 1 — verified downloaded archive
2013-09-30 11:22:00+00:00,,7.818993126201719,UNSCORED,,,REAL ESA MISSION 1 — verified downloaded archive
2013-09-30 11:23:00+00:00,,7.818993126201719,UNSCORED,,,REAL ESA MISSION 1 — verified downloaded archive
2013-09-30 11:24:00+00:00,,7.818993126201719,UNSCORED,,,REAL ESA MISSION 1 — verified downloaded archive
2013-09-30 11:25:00+00:00,,7.818993126201719,UNSCORED,,,REAL ESA MISSION 1 — verified downloaded archive
2013-09-30 11:26:00+00:00,,7.818993126201719,UNSCORED,,,REAL ESA MISSION 1 — verified downloaded archive
2013-09-30 11:27:00+00:00,,7.818993126201719,UNSCORED,,,REAL ESA MISSION 1 — verified downloaded archive
2013-09-30 11:28:00+00:00,,7.818993126201719,UNSCORED,,,REAL ESA MISSION 1 — verified downloaded archive
2013-09-30 11:29:00+00:00,,7.818993126201719,UNSCORED,,,REAL ESA MISSION 1 — verified downloaded archive
2013-09-30 11:30:00+00:00,,7.818993126201719,UNSCORED,,,REAL ESA MISSION 1 — verified downloaded archive
2013-09-30 11:31:00+00:00,,7.818993126201719,UNSCORED,,,REAL ESA MISSION 1 — verified downloaded archive
2013-09-30 11:32:00+00:00,,7.818993126201719,UNSCORED,,,REAL ESA MISSION 1 — verified downloaded archive
2013-09-30 11:33:00+00:00,,7.818993126201719,UNSCORED,,,REAL ESA MISSION 1 — verified downloaded archive
2013-09-30 11:34:00+00:00,,7.818993126201719,UNSCORED,,,REAL ESA MISSION 1 — verified downloaded archive
2013-09-30 11:35:00+00:00,,7.818993126201719,UNSCORED,,,REAL ESA MISSION 1 — verified downloaded archive
2013-09-30 11:36:00+00:00,,7.818993126201719,UNSCORED,,,REAL ESA MISSION 1 — verified downloaded archive
2013-09-30 11:37:00+00:00,,7.818993126201719,UNSCORED,,,REAL ESA MISSION 1 — verified downloaded archive
2013-09-30 11:38:00+00:00,,7.818993126201719,UNSCORED,,,REAL ESA MISSION 1 — verified downloaded archive
2013-09-30 11:39:00+00:00,,7.818993126201719,UNSCORED,,,REAL ESA MISSION 1 — verified downloaded archive
2013-09-30 11:40:00+00:00,,7.818993126201719,UNSCORED,,,REAL ESA MISSION 1 — verified downloaded archive
2013-09-30 11:41:00+00:00,,7.818993126201719,UNSCORED,,,REAL ESA MISSION 1 — verified downloaded archive
2013-09-30 11:42:00+00:00,,7.818993126201719,UNSCORED,,,REAL ESA MISSION 1 — verified downloaded archive
2013-09-30 11:43:00+00:00,,7.818993126201719,UNSCORED,,,REAL ESA MISSION 1 — verified downloaded archive
2013-09-30 11:44:00+00:00,,7.818993126201719,UNSCORED,,,REAL ESA MISSION 1 — verified downloaded archive
2013-09-30 11:45:00+00:00,,7.818993126201719,UNSCORED,,,REAL ESA MISSION 1 — verified downloaded archive
2013-09-30 11:46:00+00:00,,7.818993126201719,UNSCORED,,,REAL ESA MISSION 1 — verified downloaded archive
2013-09-30 11:47:00+00:00,,7.818993126201719,UNSCORED,,,REAL ESA MISSION 1 — verified downloaded archive
2013-09-30 11:48:00+00:00,,7.818993126201719,UNSCORED,,,REAL ESA MISSION 1 — verified downloaded archive
2013-09-30 11:49:00+00:00,,7.818993126201719,UNSCORED,,,REAL ESA MISSION 1 — verified downloaded archive
2013-09-30 11:50:00+00:00,,7.818993126201719,UNSCORED,,,REAL ESA MISSION 1 — verified downloaded archive
2013-09-30 11:51:00+00:00,,7.818993126201719,UNSCORED,,,REAL ESA MISSION 1 — verified downloaded archive
2013-09-30 11:52:00+00:00,,7.818993126201719,UNSCORED,,,REAL ESA MISSION 1 — verified downloaded archive
2013-09-30 11:53:00+00:00,,7.818993126201719,UNSCORED,,,REAL ESA MISSION 1 — verified downloaded archive
2013-09-30 11:54:00+00:00,,7.818993126201719,UNSCORED,,,REAL ESA MISSION 1 — verified downloaded archive
2013-09-30 11:55:00+00:00,,7.818993126201719,UNSCORED,,,REAL ESA MISSION 1 — verified downloaded archive
2013-09-30 11:56:00+00:00,,7.818993126201719,UNSCORED,,,REAL ESA MISSION 1 — verified downloaded archive
2013-09-30 11:57:00+00:00,,7.818993126201719,UNSCORED,,,REAL ESA MISSION 1 — verified downloaded archive
2013-09-30 11:58:00+00:00,,7.818993126201719,UNSCORED,,,REAL ESA MISSION 1 — verified downloaded archive
2013-09-30 11:59:00+00:00,,7.818993126201719,UNSCORED,,,REAL ESA MISSION 1 — verified downloaded archive
2013-09-30 12:00:00+00:00,,7.818993126201719,UNSCORED,,,REAL ESA MISSION 1 — verified downloaded archive
2013-09-30 12:01:00+00:00,,7.818993126201719,UNSCORED,,,REAL ESA MISSION 1 — verified downloaded archive
2013-09-30 12:02:00+00:00,,7.818993126201719,UNSCORED,,,REAL ESA MISSION 1 — verified downloaded archive
2013-09-30 12:03:00+00:00,,7.818993126201719,UNSCORED,,,REAL ESA MISSION 1 — verified downloaded archive
2013-09-30 12:04:00+00:00,,7.818993126201719,UNSCORED,,,REAL ESA MISSION 1 — verified downloaded archive
2013-09-30 12:05:00+00:00,,7.818993126201719,UNSCORED,,,REAL ESA MISSION 1 — verified downloaded archive
2013-09-30 12:06:00+00:00,,7.818993126201719,UNSCORED,,,REAL ESA MISSION 1 — verified downloaded archive
2013-09-30 12:07:00+00:00,,7.818993126201719,UNSCORED,,,REAL ESA MISSION 1 — verified downloaded archive
2013-09-30 12:08:00+00:00,,7.818993126201719,UNSCORED,,,REAL ESA MISSION 1 — verified downloaded archive
2013-09-30 12:09:00+00:00,,7.818993126201719,UNSCORED,,,REAL ESA MISSION 1 — verified downloaded archive
2013-09-30 12:10:00+00:00,,7.818993126201719,UNSCORED,,,REAL ESA MISSION 1 — verified downloaded archive
2013-09-30 12:11:00+00:00,,7.818993126201719,UNSCORED,,,REAL ESA MISSION 1 — verified downloaded archive
2013-09-30 12:12:00+00:00,,7.818993126201719,UNSCORED,,,REAL ESA MISSION 1 — verified downloaded archive
2013-09-30 12:13:00+00:00,,7.818993126201719,UNSCORED,,,REAL ESA MISSION 1 — verified downloaded archive
2013-09-30 12:14:00+00:00,,7.818993126201719,UNSCORED,,,REAL ESA MISSION 1 — verified downloaded archive
2013-09-30 12:15:00+00:00,,7.818993126201719,UNSCORED,,,REAL ESA MISSION 1 — verified downloaded archive
2013-09-30 12:16:00+00:00,,7.818993126201719,UNSCORED,,,REAL ESA MISSION 1 — verified downloaded archive
2013-09-30 12:17:00+00:00,,7.818993126201719,UNSCORED,,,REAL ESA MISSION 1 — verified downloaded archive
2013-09-30 12:18:00+00:00,,7.818993126201719,UNSCORED,,,REAL ESA MISSION 1 — verified downloaded archive
2013-09-30 12:19:00+00:00,,7.818993126201719,UNSCORED,,,REAL ESA MISSION 1 — verified downloaded archive
2013-09-30 12:20:00+00:00,,7.818993126201719,UNSCORED,,,REAL ESA MISSION 1 — verified downloaded archive
2013-09-30 12:21:00+00:00,,7.818993126201719,UNSCORED,,,REAL ESA MISSION 1 — verified downloaded archive
2013-09-30 12:22:00+00:00,,7.818993126201719,UNSCORED,,,REAL ESA MISSION 1 — verified downloaded archive
2013-09-30 12:23:00+00:00,,7.818993126201719,UNSCORED,,,REAL ESA MISSION 1 — verified downloaded archive
2013-09-30 12:24:00+00:00,,7.818993126201719,UNSCORED,,,REAL ESA MISSION 1 — verified downloaded archive
2013-09-30 12:25:00+00:00,,7.818993126201719,UNSCORED,,,REAL ESA MISSION 1 — verified downloaded archive
2013-09-30 12:26:00+00:00,,7.818993126201719,UNSCORED,,,REAL ESA MISSION 1 — verified downloaded archive
2013-09-30 12:27:00+00:00,,7.818993126201719,UNSCORED,,,REAL ESA MISSION 1 — verified downloaded archive
2013-09-30 12:28:00+00:00,,7.818993126201719,UNSCORED,,,REAL ESA MISSION 1 — verified downloaded archive
2013-09-30 12:29:00+00:00,,7.818993126201719,UNSCORED,,,REAL ESA MISSION 1 — verified downloaded archive
2013-09-30 12:30:00+00:00,,7.818993126201719,UNSCORED,,,REAL ESA MISSION 1 — verified downloaded archive
2013-09-30 12:31:00+00:00,,7.818993126201719,UNSCORED,,,REAL ESA MISSION 1 — verified downloaded archive
2013-09-30 12:32:00+00:00,,7.818993126201719,UNSCORED,,,REAL ESA MISSION 1 — verified downloaded archive
2013-09-30 12:33:00+00:00,,7.818993126201719,UNSCORED,,,REAL ESA MISSION 1 — verified downloaded archive
2013-09-30 12:34:00+00:00,,7.818993126201719,UNSCORED,,,REAL ESA MISSION 1 — verified downloaded archive
2013-09-30 12:35:00+00:00,,7.818993126201719,UNSCORED,,,REAL ESA MISSION 1 — verified downloaded archive
2013-09-30 12:36:00+00:00,,7.818993126201719,UNSCORED,,,REAL ESA MISSION 1 — verified downloaded archive
2013-09-30 12:37:00+00:00,,7.818993126201719,UNSCORED,,,REAL ESA MISSION 1 — verified downloaded archive
2013-09-30 12:38:00+00:00,,7.818993126201719,UNSCORED,,,REAL ESA MISSION 1 — verified downloaded archive
2013-09-30 12:39:00+00:00,,7.818993126201719,UNSCORED,,,REAL ESA MISSION 1 — verified downloaded archive
2013-09-30 12:40:00+00:00,,7.818993126201719,UNSCORED,,,REAL ESA MISSION 1 — verified downloaded archive
2013-09-30 12:41:00+00:00,,7.818993126201719,UNSCORED,,,REAL ESA MISSION 1 — verified downloaded archive
2013-09-30 12:42:00+00:00,,7.818993126201719,UNSCORED,,,REAL ESA MISSION 1 — verified downloaded archive
2013-09-30 12:43:00+00:00,,7.818993126201719,UNSCORED,,,REAL ESA MISSION 1 — verified downloaded archive
2013-09-30 12:44:00+00:00,,7.818993126201719,UNSCORED,,,REAL ESA MISSION 1 — verified downloaded archive
2013-09-30 12:45:00+00:00,,7.818993126201719,UNSCORED,,,REAL ESA MISSION 1 — verified downloaded archive
2013-09-30 12:46:00+00:00,,7.818993126201719,UNSCORED,,,REAL ESA MISSION 1 — verified downloaded archive
2013-09-30 12:47:00+00:00,,7.818993126201719,UNSCORED,,,REAL ESA MISSION 1 — verified downloaded archive
2013-09-30 12:48:00+00:00,,7.818993126201719,UNSCORED,,,REAL ESA MISSION 1 — verified downloaded archive
2013-09-30 12:49:00+00:00,,7.818993126201719,UNSCORED,,,REAL ESA MISSION 1 — verified downloaded archive
2013-09-30 12:50:00+00:00,,7.818993126201719,UNSCORED,,,REAL ESA MISSION 1 — verified downloaded archive
2013-09-30 12:51:00+00:00,,7.818993126201719,UNSCORED,,,REAL ESA MISSION 1 — verified downloaded archive
2013-09-30 12:52:00+00:00,,7.818993126201719,UNSCORED,,,REAL ESA MISSION 1 — verified downloaded archive
2013-09-30 12:53:00+00:00,,7.818993126201719,UNSCORED,,,REAL ESA MISSION 1 — verified downloaded archive
2013-09-30 12:54:00+00:00,,7.818993126201719,UNSCORED,,,REAL ESA MISSION 1 — verified downloaded archive
2013-09-30 12:55:00+00:00,,7.818993126201719,UNSCORED,,,REAL ESA MISSION 1 — verified downloaded archive
2013-09-30 12:56:00+00:00,,7.818993126201719,UNSCORED,,,REAL ESA MISSION 1 — verified downloaded archive
2013-09-30 12:57:00+00:00,,7.818993126201719,UNSCORED,,,REAL ESA MISSION 1 — verified downloaded archive
2013-09-30 12:58:00+00:00,,7.818993126201719,UNSCORED,,,REAL ESA MISSION 1 — verified downloaded archive
2013-09-30 12:59:00+00:00,,7.818993126201719,UNSCORED,,,REAL ESA MISSION 1 — verified downloaded archive
2013-09-30 13:00:00+00:00,,7.818993126201719,UNSCORED,,,REAL ESA MISSION 1 — verified downloaded archive
2013-09-30 13:01:00+00:00,,7.818993126201719,UNSCORED,,,REAL ESA MISSION 1 — verified downloaded archive
2013-09-30 13:02:00+00:00,,7.818993126201719,UNSCORED,,,REAL ESA MISSION 1 — verified downloaded archive
2013-09-30 13:03:00+00:00,,7.818993126201719,UNSCORED,,,REAL ESA MISSION 1 — verified downloaded archive
2013-09-30 13:04:00+00:00,,7.818993126201719,UNSCORED,,,REAL ESA MISSION 1 — verified downloaded archive
2013-09-30 13:05:00+00:00,,7.818993126201719,UNSCORED,,,REAL ESA MISSION 1 — verified downloaded archive
2013-09-30 13:06:00+00:00,,7.818993126201719,UNSCORED,,,REAL ESA MISSION 1 — verified downloaded archive
2013-09-30 13:07:00+00:00,,7.818993126201719,UNSCORED,,,REAL ESA MISSION 1 — verified downloaded archive
2013-09-30 13:08:00+00:00,,7.818993126201719,UNSCORED,,,REAL ESA MISSION 1 — verified downloaded archive
2013-09-30 13:09:00+00:00,,7.818993126201719,UNSCORED,,,REAL ESA MISSION 1 — verified downloaded archive
2013-09-30 13:10:00+00:00,,7.818993126201719,UNSCORED,,,REAL ESA MISSION 1 — verified downloaded archive
2013-09-30 13:11:00+00:00,,7.818993126201719,UNSCORED,,,REAL ESA MISSION 1 — verified downloaded archive
2013-09-30 13:12:00+00:00,,7.818993126201719,UNSCORED,,,REAL ESA MISSION 1 — verified downloaded archive
2013-09-30 13:13:00+00:00,,7.818993126201719,UNSCORED,,,REAL ESA MISSION 1 — verified downloaded archive
2013-09-30 13:14:00+00:00,,7.818993126201719,UNSCORED,,,REAL ESA MISSION 1 — verified downloaded archive
2013-09-30 13:15:00+00:00,,7.818993126201719,UNSCORED,,,REAL ESA MISSION 1 — verified downloaded archive
2013-09-30 13:16:00+00:00,,7.818993126201719,UNSCORED,,,REAL ESA MISSION 1 — verified downloaded archive
2013-09-30 13:17:00+00:00,,7.818993126201719,UNSCORED,,,REAL ESA MISSION 1 — verified downloaded archive
2013-09-30 13:18:00+00:00,,7.818993126201719,UNSCORED,,,REAL ESA MISSION 1 — verified downloaded archive
2013-09-30 13:19:00+00:00,,7.818993126201719,UNSCORED,,,REAL ESA MISSION 1 — verified downloaded archive
2013-09-30 13:20:00+00:00,,7.818993126201719,UNSCORED,,,REAL ESA MISSION 1 — verified downloaded archive
2013-09-30 13:21:00+00:00,,7.818993126201719,UNSCORED,,,REAL ESA MISSION 1 — verified downloaded archive
2013-09-30 13:22:00+00:00,,7.818993126201719,UNSCORED,,,REAL ESA MISSION 1 — verified downloaded archive
2013-09-30 13:23:00+00:00,,7.818993126201719,UNSCORED,,,REAL ESA MISSION 1 — verified downloaded archive
2013-09-30 13:24:00+00:00,,7.818993126201719,UNSCORED,,,REAL ESA MISSION 1 — verified downloaded archive
2013-09-30 13:25:00+00:00,,7.818993126201719,UNSCORED,,,REAL ESA MISSION 1 — verified downloaded archive
2013-09-30 13:26:00+00:00,,7.818993126201719,UNSCORED,,,REAL ESA MISSION 1 — verified downloaded archive
2013-09-30 13:27:00+00:00,,7.818993126201719,UNSCORED,,,REAL ESA MISSION 1 — verified downloaded archive
2013-09-30 13:28:00+00:00,,7.818993126201719,UNSCORED,,,REAL ESA MISSION 1 — verified downloaded archive
2013-09-30 13:29:00+00:00,,7.818993126201719,UNSCORED,,,REAL ESA MISSION 1 — verified downloaded archive
2013-09-30 13:30:00+00:00,,7.818993126201719,UNSCORED,,,REAL ESA MISSION 1 — verified downloaded archive
2013-09-30 13:31:00+00:00,,7.818993126201719,UNSCORED,,,REAL ESA MISSION 1 — verified downloaded archive
2013-09-30 13:32:00+00:00,,7.818993126201719,UNSCORED,,,REAL ESA MISSION 1 — verified downloaded archive
2013-09-30 13:33:00+00:00,,7.818993126201719,UNSCORED,,,REAL ESA MISSION 1 — verified downloaded archive
2013-09-30 13:34:00+00:00,,7.818993126201719,UNSCORED,,,REAL ESA MISSION 1 — verified downloaded archive
2013-09-30 13:35:00+00:00,,7.818993126201719,UNSCORED,,,REAL ESA MISSION 1 — verified downloaded archive
2013-09-30 13:36:00+00:00,,7.818993126201719,UNSCORED,,,REAL ESA MISSION 1 — verified downloaded archive
2013-09-30 13:37:00+00:00,,7.818993126201719,UNSCORED,,,REAL ESA MISSION 1 — verified downloaded archive
2013-09-30 13:38:00+00:00,,7.818993126201719,UNSCORED,,,REAL ESA MISSION 1 — verified downloaded archive
2013-09-30 13:39:00+00:00,,7.818993126201719,UNSCORED,,,REAL ESA MISSION 1 — verified downloaded archive
2013-09-30 13:40:00+00:00,,7.818993126201719,UNSCORED,,,REAL ESA MISSION 1 — verified downloaded archive
2013-09-30 13:41:00+00:00,,7.818993126201719,UNSCORED,,,REAL ESA MISSION 1 — verified downloaded archive
2013-09-30 13:42:00+00:00,,7.818993126201719,UNSCORED,,,REAL ESA MISSION 1 — verified downloaded archive
2013-09-30 13:43:00+00:00,,7.818993126201719,UNSCORED,,,REAL ESA MISSION 1 — verified downloaded archive
2013-09-30 13:44:00+00:00,,7.818993126201719,UNSCORED,,,REAL ESA MISSION 1 — verified downloaded archive
2013-09-30 13:45:00+00:00,,7.818993126201719,UNSCORED,,,REAL ESA MISSION 1 — verified downloaded archive
2013-09-30 13:46:00+00:00,,7.818993126201719,UNSCORED,,,REAL ESA MISSION 1 — verified downloaded archive
2013-09-30 13:47:00+00:00,,7.818993126201719,UNSCORED,,,REAL ESA MISSION 1 — verified downloaded archive
2013-09-30 13:48:00+00:00,,7.818993126201719,UNSCORED,,,REAL ESA MISSION 1 — verified downloaded archive
2013-09-30 13:49:00+00:00,,7.818993126201719,UNSCORED,,,REAL ESA MISSION 1 — verified downloaded archive
2013-09-30 13:50:00+00:00,,7.818993126201719,UNSCORED,,,REAL ESA MISSION 1 — verified downloaded archive
2013-09-30 13:51:00+00:00,,7.818993126201719,UNSCORED,,,REAL ESA MISSION 1 — verified downloaded archive
2013-09-30 13:52:00+00:00,,7.818993126201719,UNSCORED,,,REAL ESA MISSION 1 — verified downloaded archive
2013-09-30 13:53:00+00:00,,7.818993126201719,UNSCORED,,,REAL ESA MISSION 1 — verified downloaded archive
2013-09-30 13:54:00+00:00,,7.818993126201719,UNSCORED,,,REAL ESA MISSION 1 — verified downloaded archive
2013-09-30 13:55:00+00:00,,7.818993126201719,UNSCORED,,,REAL ESA MISSION 1 — verified downloaded archive
2013-09-30 13:56:00+00:00,,7.818993126201719,UNSCORED,,,REAL ESA MISSION 1 — verified downloaded archive
2013-09-30 13:57:00+00:00,,7.818993126201719,UNSCORED,,,REAL ESA MISSION 1 — verified downloaded archive
2013-09-30 13:58:00+00:00,,7.818993126201719,UNSCORED,,,REAL ESA MISSION 1 — verified downloaded archive
2013-09-30 13:59:00+00:00,,7.818993126201719,UNSCORED,,,REAL ESA MISSION 1 — verified downloaded archive
2013-09-30 14:00:00+00:00,,7.818993126201719,UNSCORED,,,REAL ESA MISSION 1 — verified downloaded archive
2013-09-30 14:01:00+00:00,,7.818993126201719,UNSCORED,,,REAL ESA MISSION 1 — verified downloaded archive
2013-09-30 14:02:00+00:00,,7.818993126201719,UNSCORED,,,REAL ESA MISSION 1 — verified downloaded archive
2013-09-30 14:03:00+00:00,,7.818993126201719,UNSCORED,,,REAL ESA MISSION 1 — verified downloaded archive
2013-09-30 14:04:00+00:00,,7.818993126201719,UNSCORED,,,REAL ESA MISSION 1 — verified downloaded archive
2013-09-30 14:05:00+00:00,,7.818993126201719,UNSCORED,,,REAL ESA MISSION 1 — verified downloaded archive
2013-09-30 14:06:00+00:00,,7.818993126201719,UNSCORED,,,REAL ESA MISSION 1 — verified downloaded archive
2013-09-30 14:07:00+00:00,,7.818993126201719,UNSCORED,,,REAL ESA MISSION 1 — verified downloaded archive
2013-09-30 14:08:00+00:00,,7.818993126201719,UNSCORED,,,REAL ESA MISSION 1 — verified downloaded archive
2013-09-30 14:09:00+00:00,,7.818993126201719,UNSCORED,,,REAL ESA MISSION 1 — verified downloaded archive
2013-09-30 14:10:00+00:00,,7.818993126201719,UNSCORED,,,REAL ESA MISSION 1 — verified downloaded archive
2013-09-30 14:11:00+00:00,,7.818993126201719,UNSCORED,,,REAL ESA MISSION 1 — verified downloaded archive
2013-09-30 14:12:00+00:00,,7.818993126201719,UNSCORED,,,REAL ESA MISSION 1 — verified downloaded archive
2013-09-30 14:13:00+00:00,,7.818993126201719,UNSCORED,,,REAL ESA MISSION 1 — verified downloaded archive
2013-09-30 14:14:00+00:00,,7.818993126201719,UNSCORED,,,REAL ESA MISSION 1 — verified downloaded archive
2013-09-30 14:15:00+00:00,,7.818993126201719,UNSCORED,,,REAL ESA MISSION 1 — verified downloaded archive
2013-09-30 14:16:00+00:00,,7.818993126201719,UNSCORED,,,REAL ESA MISSION 1 — verified downloaded archive
2013-09-30 14:17:00+00:00,,7.818993126201719,UNSCORED,,,REAL ESA MISSION 1 — verified downloaded archive
2013-09-30 14:18:00+00:00,,7.818993126201719,UNSCORED,,,REAL ESA MISSION 1 — verified downloaded archive
2013-09-30 14:19:00+00:00,,7.818993126201719,UNSCORED,,,REAL ESA MISSION 1 — verified downloaded archive
2013-09-30 14:20:00+00:00,,7.818993126201719,UNSCORED,,,REAL ESA MISSION 1 — verified downloaded archive
2013-09-30 14:21:00+00:00,,7.818993126201719,UNSCORED,,,REAL ESA MISSION 1 — verified downloaded archive
2013-09-30 14:22:00+00:00,,7.818993126201719,UNSCORED,,,REAL ESA MISSION 1 — verified downloaded archive
2013-09-30 14:23:00+00:00,,7.818993126201719,UNSCORED,,,REAL ESA MISSION 1 — verified downloaded archive
2013-09-30 14:24:00+00:00,,7.818993126201719,UNSCORED,,,REAL ESA MISSION 1 — verified downloaded archive
2013-09-30 14:25:00+00:00,,7.818993126201719,UNSCORED,,,REAL ESA MISSION 1 — verified downloaded archive
2013-09-30 14:26:00+00:00,,7.818993126201719,UNSCORED,,,REAL ESA MISSION 1 — verified downloaded archive
2013-09-30 14:27:00+00:00,,7.818993126201719,UNSCORED,,,REAL ESA MISSION 1 — verified downloaded archive
2013-09-30 14:28:00+00:00,,7.818993126201719,UNSCORED,,,REAL ESA MISSION 1 — verified downloaded archive
2013-09-30 14:29:00+00:00,,7.818993126201719,UNSCORED,,,REAL ESA MISSION 1 — verified downloaded archive
2013-09-30 14:30:00+00:00,,7.818993126201719,UNSCORED,,,REAL ESA MISSION 1 — verified downloaded archive
2013-09-30 14:31:00+00:00,,7.818993126201719,UNSCORED,,,REAL ESA MISSION 1 — verified downloaded archive
2013-09-30 14:32:00+00:00,,7.818993126201719,UNSCORED,,,REAL ESA MISSION 1 — verified downloaded archive
2013-09-30 14:33:00+00:00,,7.818993126201719,UNSCORED,,,REAL ESA MISSION 1 — verified downloaded archive
2013-09-30 14:34:00+00:00,,7.818993126201719,UNSCORED,,,REAL ESA MISSION 1 — verified downloaded archive
2013-09-30 14:35:00+00:00,,7.818993126201719,UNSCORED,,,REAL ESA MISSION 1 — verified downloaded archive
2013-09-30 14:36:00+00:00,,7.818993126201719,UNSCORED,,,REAL ESA MISSION 1 — verified downloaded archive
2013-09-30 14:37:00+00:00,,7.818993126201719,UNSCORED,,,REAL ESA MISSION 1 — verified downloaded archive
2013-09-30 14:38:00+00:00,,7.818993126201719,UNSCORED,,,REAL ESA MISSION 1 — verified downloaded archive
2013-09-30 14:39:00+00:00,,7.818993126201719,UNSCORED,,,REAL ESA MISSION 1 — verified downloaded archive
2013-09-30 14:40:00+00:00,,7.818993126201719,UNSCORED,,,REAL ESA MISSION 1 — verified downloaded archive
2013-09-30 14:41:00+00:00,,7.818993126201719,UNSCORED,,,REAL ESA MISSION 1 — verified downloaded archive
2013-09-30 14:42:00+00:00,,7.818993126201719,UNSCORED,,,REAL ESA MISSION 1 — verified downloaded archive
2013-09-30 14:43:00+00:00,,7.818993126201719,UNSCORED,,,REAL ESA MISSION 1 — verified downloaded archive
2013-09-30 14:44:00+00:00,,7.818993126201719,UNSCORED,,,REAL ESA MISSION 1 — verified downloaded archive
2013-09-30 14:45:00+00:00,,7.818993126201719,UNSCORED,,,REAL ESA MISSION 1 — verified downloaded archive
2013-09-30 14:46:00+00:00,,7.818993126201719,UNSCORED,,,REAL ESA MISSION 1 — verified downloaded archive
2013-09-30 14:47:00+00:00,,7.818993126201719,UNSCORED,,,REAL ESA MISSION 1 — verified downloaded archive
2013-09-30 14:48:00+00:00,,7.818993126201719,UNSCORED,,,REAL ESA MISSION 1 — verified downloaded archive
2013-09-30 14:49:00+00:00,,7.818993126201719,UNSCORED,,,REAL ESA MISSION 1 — verified downloaded archive
2013-09-30 14:50:00+00:00,,7.818993126201719,UNSCORED,,,REAL ESA MISSION 1 — verified downloaded archive
2013-09-30 14:51:00+00:00,,7.818993126201719,UNSCORED,,,REAL ESA MISSION 1 — verified downloaded archive
2013-09-30 14:52:00+00:00,,7.818993126201719,UNSCORED,,,REAL ESA MISSION 1 — verified downloaded archive
2013-09-30 14:53:00+00:00,,7.818993126201719,UNSCORED,,,REAL ESA MISSION 1 — verified downloaded archive
2013-09-30 14:54:00+00:00,,7.818993126201719,UNSCORED,,,REAL ESA MISSION 1 — verified downloaded archive
2013-09-30 14:55:00+00:00,,7.818993126201719,UNSCORED,,,REAL ESA MISSION 1 — verified downloaded archive
2013-09-30 14:56:00+00:00,,7.818993126201719,UNSCORED,,,REAL ESA MISSION 1 — verified downloaded archive
2013-09-30 14:57:00+00:00,,7.818993126201719,UNSCORED,,,REAL ESA MISSION 1 — verified downloaded archive
2013-09-30 14:58:00+00:00,,7.818993126201719,UNSCORED,,,REAL ESA MISSION 1 — verified downloaded archive
2013-09-30 14:59:00+00:00,,7.818993126201719,UNSCORED,,,REAL ESA MISSION 1 — verified downloaded archive
2013-09-30 15:00:00+00:00,,7.818993126201719,UNSCORED,,,REAL ESA MISSION 1 — verified downloaded archive
2013-09-30 15:01:00+00:00,,7.818993126201719,UNSCORED,,,REAL ESA MISSION 1 — verified downloaded archive
2013-09-30 15:02:00+00:00,,7.818993126201719,UNSCORED,,,REAL ESA MISSION 1 — verified downloaded archive
2013-09-30 15:03:00+00:00,,7.818993126201719,UNSCORED,,,REAL ESA MISSION 1 — verified downloaded archive
2013-09-30 15:04:00+00:00,,7.818993126201719,UNSCORED,,,REAL ESA MISSION 1 — verified downloaded archive
2013-09-30 15:05:00+00:00,,7.818993126201719,UNSCORED,,,REAL ESA MISSION 1 — verified downloaded archive
2013-09-30 15:06:00+00:00,,7.818993126201719,UNSCORED,,,REAL ESA MISSION 1 — verified downloaded archive
2013-09-30 15:07:00+00:00,,7.818993126201719,UNSCORED,,,REAL ESA MISSION 1 — verified downloaded archive
2013-09-30 15:08:00+00:00,,7.818993126201719,UNSCORED,,,REAL ESA MISSION 1 — verified downloaded archive
2013-09-30 15:09:00+00:00,,7.818993126201719,UNSCORED,,,REAL ESA MISSION 1 — verified downloaded archive
2013-09-30 15:10:00+00:00,,7.818993126201719,UNSCORED,,,REAL ESA MISSION 1 — verified downloaded archive
2013-09-30 15:11:00+00:00,,7.818993126201719,UNSCORED,,,REAL ESA MISSION 1 — verified downloaded archive
2013-09-30 15:12:00+00:00,,7.818993126201719,UNSCORED,,,REAL ESA MISSION 1 — verified downloaded archive
2013-09-30 15:13:00+00:00,,7.818993126201719,UNSCORED,,,REAL ESA MISSION 1 — verified downloaded archive
2013-09-30 15:14:00+00:00,,7.818993126201719,UNSCORED,,,REAL ESA MISSION 1 — verified downloaded archive
2013-09-30 15:15:00+00:00,,7.818993126201719,UNSCORED,,,REAL ESA MISSION 1 — verified downloaded archive
2013-09-30 15:16:00+00:00,,7.818993126201719,UNSCORED,,,REAL ESA MISSION 1 — verified downloaded archive
2013-09-30 15:17:00+00:00,,7.818993126201719,UNSCORED,,,REAL ESA MISSION 1 — verified downloaded archive
2013-09-30 15:18:00+00:00,,7.818993126201719,UNSCORED,,,REAL ESA MISSION 1 — verified downloaded archive
2013-09-30 15:19:00+00:00,,7.818993126201719,UNSCORED,,,REAL ESA MISSION 1 — verified downloaded archive
2013-09-30 15:20:00+00:00,,7.818993126201719,UNSCORED,,,REAL ESA MISSION 1 — verified downloaded archive
2013-09-30 15:21:00+00:00,,7.818993126201719,UNSCORED,,,REAL ESA MISSION 1 — verified downloaded archive
2013-09-30 15:22:00+00:00,,7.818993126201719,UNSCORED,,,REAL ESA MISSION 1 — verified downloaded archive
2013-09-30 15:23:00+00:00,,7.818993126201719,UNSCORED,,,REAL ESA MISSION 1 — verified downloaded archive
2013-09-30 15:24:00+00:00,,7.818993126201719,UNSCORED,,,REAL ESA MISSION 1 — verified downloaded archive
2013-09-30 15:25:00+00:00,,7.818993126201719,UNSCORED,,,REAL ESA MISSION 1 — verified downloaded archive
2013-09-30 15:26:00+00:00,,7.818993126201719,UNSCORED,,,REAL ESA MISSION 1 — verified downloaded archive
2013-09-30 15:27:00+00:00,,7.818993126201719,UNSCORED,,,REAL ESA MISSION 1 — verified downloaded archive
2013-09-30 15:28:00+00:00,,7.818993126201719,UNSCORED,,,REAL ESA MISSION 1 — verified downloaded archive
2013-09-30 15:29:00+00:00,,7.818993126201719,UNSCORED,,,REAL ESA MISSION 1 — verified downloaded archive
2013-09-30 15:30:00+00:00,,7.818993126201719,UNSCORED,,,REAL ESA MISSION 1 — verified downloaded archive
2013-09-30 15:31:00+00:00,,7.818993126201719,UNSCORED,,,REAL ESA MISSION 1 — verified downloaded archive
2013-09-30 15:32:00+00:00,,7.818993126201719,UNSCORED,,,REAL ESA MISSION 1 — verified downloaded archive
2013-09-30 15:33:00+00:00,,7.818993126201719,UNSCORED,,,REAL ESA MISSION 1 — verified downloaded archive
2013-09-30 15:34:00+00:00,,7.818993126201719,UNSCORED,,,REAL ESA MISSION 1 — verified downloaded archive
2013-09-30 15:35:00+00:00,,7.818993126201719,UNSCORED,,,REAL ESA MISSION 1 — verified downloaded archive
2013-09-30 15:36:00+00:00,,7.818993126201719,UNSCORED,,,REAL ESA MISSION 1 — verified downloaded archive
2013-09-30 15:37:00+00:00,,7.818993126201719,UNSCORED,,,REAL ESA MISSION 1 — verified downloaded archive
2013-09-30 15:38:00+00:00,,7.818993126201719,UNSCORED,,,REAL ESA MISSION 1 — verified downloaded archive
2013-09-30 15:39:00+00:00,,7.818993126201719,UNSCORED,,,REAL ESA MISSION 1 — verified downloaded archive
2013-09-30 15:40:00+00:00,,7.818993126201719,UNSCORED,,,REAL ESA MISSION 1 — verified downloaded archive
2013-09-30 15:41:00+00:00,,7.818993126201719,UNSCORED,,,REAL ESA MISSION 1 — verified downloaded archive
2013-09-30 15:42:00+00:00,,7.818993126201719,UNSCORED,,,REAL ESA MISSION 1 — verified downloaded archive
2013-09-30 15:43:00+00:00,,7.818993126201719,UNSCORED,,,REAL ESA MISSION 1 — verified downloaded archive
2013-09-30 15:44:00+00:00,,7.818993126201719,UNSCORED,,,REAL ESA MISSION 1 — verified downloaded archive
2013-09-30 15:45:00+00:00,,7.818993126201719,UNSCORED,,,REAL ESA MISSION 1 — verified downloaded archive
2013-09-30 15:46:00+00:00,,7.818993126201719,UNSCORED,,,REAL ESA MISSION 1 — verified downloaded archive
2013-09-30 15:47:00+00:00,,7.818993126201719,UNSCORED,,,REAL ESA MISSION 1 — verified downloaded archive
2013-09-30 15:48:00+00:00,,7.818993126201719,UNSCORED,,,REAL ESA MISSION 1 — verified downloaded archive
2013-09-30 15:49:00+00:00,,7.818993126201719,UNSCORED,,,REAL ESA MISSION 1 — verified downloaded archive
2013-09-30 15:50:00+00:00,,7.818993126201719,UNSCORED,,,REAL ESA MISSION 1 — verified downloaded archive
2013-09-30 15:51:00+00:00,,7.818993126201719,UNSCORED,,,REAL ESA MISSION 1 — verified downloaded archive
2013-09-30 15:52:00+00:00,,7.818993126201719,UNSCORED,,,REAL ESA MISSION 1 — verified downloaded archive
2013-09-30 15:53:00+00:00,,7.818993126201719,UNSCORED,,,REAL ESA MISSION 1 — verified downloaded archive
2013-09-30 15:54:00+00:00,,7.818993126201719,UNSCORED,,,REAL ESA MISSION 1 — verified downloaded archive
2013-09-30 15:55:00+00:00,,7.818993126201719,UNSCORED,,,REAL ESA MISSION 1 — verified downloaded archive
2013-09-30 15:56:00+00:00,,7.818993126201719,UNSCORED,,,REAL ESA MISSION 1 — verified downloaded archive
2013-09-30 15:57:00+00:00,,7.818993126201719,UNSCORED,,,REAL ESA MISSION 1 — verified downloaded archive
2013-09-30 15:58:00+00:00,,7.818993126201719,UNSCORED,,,REAL ESA MISSION 1 — verified downloaded archive
2013-09-30 15:59:00+00:00,,7.818993126201719,UNSCORED,,,REAL ESA MISSION 1 — verified downloaded archive
2013-09-30 16:00:00+00:00,,7.818993126201719,UNSCORED,,,REAL ESA MISSION 1 — verified downloaded archive
2013-09-30 16:01:00+00:00,,7.818993126201719,UNSCORED,,,REAL ESA MISSION 1 — verified downloaded archive
2013-09-30 16:02:00+00:00,,7.818993126201719,UNSCORED,,,REAL ESA MISSION 1 — verified downloaded archive
2013-09-30 16:03:00+00:00,,7.818993126201719,UNSCORED,,,REAL ESA MISSION 1 — verified downloaded archive
2013-09-30 16:04:00+00:00,,7.818993126201719,UNSCORED,,,REAL ESA MISSION 1 — verified downloaded archive
2013-09-30 16:05:00+00:00,,7.818993126201719,UNSCORED,,,REAL ESA MISSION 1 — verified downloaded archive
2013-09-30 16:06:00+00:00,,7.818993126201719,UNSCORED,,,REAL ESA MISSION 1 — verified downloaded archive
2013-09-30 16:07:00+00:00,,7.818993126201719,UNSCORED,,,REAL ESA MISSION 1 — verified downloaded archive
2013-09-30 16:08:00+00:00,,7.818993126201719,UNSCORED,,,REAL ESA MISSION 1 — verified downloaded archive
2013-09-30 16:09:00+00:00,,7.818993126201719,UNSCORED,,,REAL ESA MISSION 1 — verified downloaded archive
2013-09-30 16:10:00+00:00,,7.818993126201719,UNSCORED,,,REAL ESA MISSION 1 — verified downloaded archive
2013-09-30 16:11:00+00:00,,7.818993126201719,UNSCORED,,,REAL ESA MISSION 1 — verified downloaded archive
2013-09-30 16:12:00+00:00,,7.818993126201719,UNSCORED,,,REAL ESA MISSION 1 — verified downloaded archive
2013-09-30 16:13:00+00:00,,7.818993126201719,UNSCORED,,,REAL ESA MISSION 1 — verified downloaded archive
2013-09-30 16:14:00+00:00,,7.818993126201719,UNSCORED,,,REAL ESA MISSION 1 — verified downloaded archive
2013-09-30 16:15:00+00:00,,7.818993126201719,UNSCORED,,,REAL ESA MISSION 1 — verified downloaded archive
2013-09-30 16:16:00+00:00,,7.818993126201719,UNSCORED,,,REAL ESA MISSION 1 — verified downloaded archive
2013-09-30 16:17:00+00:00,,7.818993126201719,UNSCORED,,,REAL ESA MISSION 1 — verified downloaded archive
2013-09-30 16:18:00+00:00,,7.818993126201719,UNSCORED,,,REAL ESA MISSION 1 — verified downloaded archive
2013-09-30 16:19:00+00:00,,7.818993126201719,UNSCORED,,,REAL ESA MISSION 1 — verified downloaded archive
2013-09-30 16:20:00+00:00,,7.818993126201719,UNSCORED,,,REAL ESA MISSION 1 — verified downloaded archive
2013-09-30 16:21:00+00:00,,7.818993126201719,UNSCORED,,,REAL ESA MISSION 1 — verified downloaded archive
2013-09-30 16:22:00+00:00,,7.818993126201719,UNSCORED,,,REAL ESA MISSION 1 — verified downloaded archive
2013-09-30 16:23:00+00:00,,7.818993126201719,UNSCORED,,,REAL ESA MISSION 1 — verified downloaded archive
2013-09-30 16:24:00+00:00,,7.818993126201719,UNSCORED,,,REAL ESA MISSION 1 — verified downloaded archive
2013-09-30 16:25:00+00:00,,7.818993126201719,UNSCORED,,,REAL ESA MISSION 1 — verified downloaded archive
2013-09-30 16:26:00+00:00,,7.818993126201719,UNSCORED,,,REAL ESA MISSION 1 — verified downloaded archive
2013-09-30 16:27:00+00:00,,7.818993126201719,UNSCORED,,,REAL ESA MISSION 1 — verified downloaded archive
2013-09-30 16:28:00+00:00,,7.818993126201719,UNSCORED,,,REAL ESA MISSION 1 — verified downloaded archive
2013-09-30 16:29:00+00:00,,7.818993126201719,UNSCORED,,,REAL ESA MISSION 1 — verified downloaded archive
2013-09-30 16:30:00+00:00,,7.818993126201719,UNSCORED,,,REAL ESA MISSION 1 — verified downloaded archive
2013-09-30 16:31:00+00:00,,7.818993126201719,UNSCORED,,,REAL ESA MISSION 1 — verified downloaded archive
2013-09-30 16:32:00+00:00,,7.818993126201719,UNSCORED,,,REAL ESA MISSION 1 — verified downloaded archive
2013-09-30 16:33:00+00:00,,7.818993126201719,UNSCORED,,,REAL ESA MISSION 1 — verified downloaded archive
2013-09-30 16:34:00+00:00,,7.818993126201719,UNSCORED,,,REAL ESA MISSION 1 — verified downloaded archive
2013-09-30 16:35:00+00:00,,7.818993126201719,UNSCORED,,,REAL ESA MISSION 1 — verified downloaded archive
2013-09-30 16:36:00+00:00,,7.818993126201719,UNSCORED,,,REAL ESA MISSION 1 — verified downloaded archive
2013-09-30 16:37:00+00:00,,7.818993126201719,UNSCORED,,,REAL ESA MISSION 1 — verified downloaded archive
2013-09-30 16:38:00+00:00,,7.818993126201719,UNSCORED,,,REAL ESA MISSION 1 — verified downloaded archive
2013-09-30 16:39:00+00:00,,7.818993126201719,UNSCORED,,,REAL ESA MISSION 1 — verified downloaded archive
2013-09-30 16:40:00+00:00,,7.818993126201719,UNSCORED,,,REAL ESA MISSION 1 — verified downloaded archive
2013-09-30 16:41:00+00:00,,7.818993126201719,UNSCORED,,,REAL ESA MISSION 1 — verified downloaded archive
2013-09-30 16:42:00+00:00,,7.818993126201719,UNSCORED,,,REAL ESA MISSION 1 — verified downloaded archive
2013-09-30 16:43:00+00:00,,7.818993126201719,UNSCORED,,,REAL ESA MISSION 1 — verified downloaded archive
2013-09-30 16:44:00+00:00,,7.818993126201719,UNSCORED,,,REAL ESA MISSION 1 — verified downloaded archive
2013-09-30 16:45:00+00:00,,7.818993126201719,UNSCORED,,,REAL ESA MISSION 1 — verified downloaded archive
2013-09-30 16:46:00+00:00,,7.818993126201719,UNSCORED,,,REAL ESA MISSION 1 — verified downloaded archive
2013-09-30 16:47:00+00:00,,7.818993126201719,UNSCORED,,,REAL ESA MISSION 1 — verified downloaded archive
2013-09-30 16:48:00+00:00,,7.818993126201719,UNSCORED,,,REAL ESA MISSION 1 — verified downloaded archive
2013-09-30 16:49:00+00:00,,7.818993126201719,UNSCORED,,,REAL ESA MISSION 1 — verified downloaded archive
2013-09-30 16:50:00+00:00,,7.818993126201719,UNSCORED,,,REAL ESA MISSION 1 — verified downloaded archive
2013-09-30 16:51:00+00:00,,7.818993126201719,UNSCORED,,,REAL ESA MISSION 1 — verified downloaded archive
2013-09-30 16:52:00+00:00,,7.818993126201719,UNSCORED,,,REAL ESA MISSION 1 — verified downloaded archive
2013-09-30 16:53:00+00:00,,7.818993126201719,UNSCORED,,,REAL ESA MISSION 1 — verified downloaded archive
2013-09-30 16:54:00+00:00,,7.818993126201719,UNSCORED,,,REAL ESA MISSION 1 — verified downloaded archive
2013-09-30 16:55:00+00:00,,7.818993126201719,UNSCORED,,,REAL ESA MISSION 1 — verified downloaded archive
2013-09-30 16:56:00+00:00,,7.818993126201719,UNSCORED,,,REAL ESA MISSION 1 — verified downloaded archive
2013-09-30 16:57:00+00:00,,7.818993126201719,UNSCORED,,,REAL ESA MISSION 1 — verified downloaded archive
2013-09-30 16:58:00+00:00,,7.818993126201719,UNSCORED,,,REAL ESA MISSION 1 — verified downloaded archive
2013-09-30 16:59:00+00:00,,7.818993126201719,UNSCORED,,,REAL ESA MISSION 1 — verified downloaded archive
2013-09-30 17:00:00+00:00,,7.818993126201719,UNSCORED,,,REAL ESA MISSION 1 — verified downloaded archive
2013-09-30 17:01:00+00:00,,7.818993126201719,UNSCORED,,,REAL ESA MISSION 1 — verified downloaded archive
2013-09-30 17:02:00+00:00,,7.818993126201719,UNSCORED,,,REAL ESA MISSION 1 — verified downloaded archive
2013-09-30 17:03:00+00:00,,7.818993126201719,UNSCORED,,,REAL ESA MISSION 1 — verified downloaded archive
2013-09-30 17:04:00+00:00,,7.818993126201719,UNSCORED,,,REAL ESA MISSION 1 — verified downloaded archive
2013-09-30 17:05:00+00:00,,7.818993126201719,UNSCORED,,,REAL ESA MISSION 1 — verified downloaded archive
2013-09-30 17:06:00+00:00,,7.818993126201719,UNSCORED,,,REAL ESA MISSION 1 — verified downloaded archive
2013-09-30 17:07:00+00:00,,7.818993126201719,UNSCORED,,,REAL ESA MISSION 1 — verified downloaded archive
2013-09-30 17:08:00+00:00,,7.818993126201719,UNSCORED,,,REAL ESA MISSION 1 — verified downloaded archive
2013-09-30 17:09:00+00:00,,7.818993126201719,UNSCORED,,,REAL ESA MISSION 1 — verified downloaded archive
2013-09-30 17:10:00+00:00,,7.818993126201719,UNSCORED,,,REAL ESA MISSION 1 — verified downloaded archive
2013-09-30 17:11:00+00:00,,7.818993126201719,UNSCORED,,,REAL ESA MISSION 1 — verified downloaded archive
2013-09-30 17:12:00+00:00,,7.818993126201719,UNSCORED,,,REAL ESA MISSION 1 — verified downloaded archive
2013-09-30 17:13:00+00:00,,7.818993126201719,UNSCORED,,,REAL ESA MISSION 1 — verified downloaded archive
2013-09-30 17:14:00+00:00,,7.818993126201719,UNSCORED,,,REAL ESA MISSION 1 — verified downloaded archive
2013-09-30 17:15:00+00:00,,7.818993126201719,UNSCORED,,,REAL ESA MISSION 1 — verified downloaded archive
2013-09-30 17:16:00+00:00,,7.818993126201719,UNSCORED,,,REAL ESA MISSION 1 — verified downloaded archive
2013-09-30 17:17:00+00:00,,7.818993126201719,UNSCORED,,,REAL ESA MISSION 1 — verified downloaded archive
2013-09-30 17:18:00+00:00,,7.818993126201719,UNSCORED,,,REAL ESA MISSION 1 — verified downloaded archive
2013-09-30 17:19:00+00:00,,7.818993126201719,UNSCORED,,,REAL ESA MISSION 1 — verified downloaded archive
2013-09-30 17:20:00+00:00,,7.818993126201719,UNSCORED,,,REAL ESA MISSION 1 — verified downloaded archive
2013-09-30 17:21:00+00:00,,7.818993126201719,UNSCORED,,,REAL ESA MISSION 1 — verified downloaded archive
2013-09-30 17:22:00+00:00,,7.818993126201719,UNSCORED,,,REAL ESA MISSION 1 — verified downloaded archive
2013-09-30 17:23:00+00:00,,7.818993126201719,UNSCORED,,,REAL ESA MISSION 1 — verified downloaded archive
2013-09-30 17:24:00+00:00,,7.818993126201719,UNSCORED,,,REAL ESA MISSION 1 — verified downloaded archive
2013-09-30 17:25:00+00:00,,7.818993126201719,UNSCORED,,,REAL ESA MISSION 1 — verified downloaded archive
2013-09-30 17:26:00+00:00,,7.818993126201719,UNSCORED,,,REAL ESA MISSION 1 — verified downloaded archive
2013-09-30 17:27:00+00:00,,7.818993126201719,UNSCORED,,,REAL ESA MISSION 1 — verified downloaded archive
2013-09-30 17:28:00+00:00,,7.818993126201719,UNSCORED,,,REAL ESA MISSION 1 — verified downloaded archive
2013-09-30 17:29:00+00:00,,7.818993126201719,UNSCORED,,,REAL ESA MISSION 1 — verified downloaded archive
2013-09-30 17:30:00+00:00,,7.818993126201719,UNSCORED,,,REAL ESA MISSION 1 — verified downloaded archive
2013-09-30 17:31:00+00:00,,7.818993126201719,UNSCORED,,,REAL ESA MISSION 1 — verified downloaded archive
2013-09-30 17:32:00+00:00,,7.818993126201719,UNSCORED,,,REAL ESA MISSION 1 — verified downloaded archive
2013-09-30 17:33:00+00:00,,7.818993126201719,UNSCORED,,,REAL ESA MISSION 1 — verified downloaded archive
2013-09-30 17:34:00+00:00,,7.818993126201719,UNSCORED,,,REAL ESA MISSION 1 — verified downloaded archive
2013-09-30 17:35:00+00:00,,7.818993126201719,UNSCORED,,,REAL ESA MISSION 1 — verified downloaded archive
2013-09-30 17:36:00+00:00,,7.818993126201719,UNSCORED,,,REAL ESA MISSION 1 — verified downloaded archive
2013-09-30 17:37:00+00:00,,7.818993126201719,UNSCORED,,,REAL ESA MISSION 1 — verified downloaded archive
2013-09-30 17:38:00+00:00,,7.818993126201719,UNSCORED,,,REAL ESA MISSION 1 — verified downloaded archive
2013-09-30 17:39:00+00:00,,7.818993126201719,UNSCORED,,,REAL ESA MISSION 1 — verified downloaded archive
2013-09-30 17:40:00+00:00,,7.818993126201719,UNSCORED,,,REAL ESA MISSION 1 — verified downloaded archive
2013-09-30 17:41:00+00:00,,7.818993126201719,UNSCORED,,,REAL ESA MISSION 1 — verified downloaded archive
2013-09-30 17:42:00+00:00,,7.818993126201719,UNSCORED,,,REAL ESA MISSION 1 — verified downloaded archive
2013-09-30 17:43:00+00:00,,7.818993126201719,UNSCORED,,,REAL ESA MISSION 1 — verified downloaded archive
2013-09-30 17:44:00+00:00,,7.818993126201719,UNSCORED,,,REAL ESA MISSION 1 — verified downloaded archive
2013-09-30 17:45:00+00:00,,7.818993126201719,UNSCORED,,,REAL ESA MISSION 1 — verified downloaded archive
2013-09-30 17:46:00+00:00,,7.818993126201719,UNSCORED,,,REAL ESA MISSION 1 — verified downloaded archive
2013-09-30 17:47:00+00:00,,7.818993126201719,UNSCORED,,,REAL ESA MISSION 1 — verified downloaded archive
2013-09-30 17:48:00+00:00,,7.818993126201719,UNSCORED,,,REAL ESA MISSION 1 — verified downloaded archive
2013-09-30 17:49:00+00:00,,7.818993126201719,UNSCORED,,,REAL ESA MISSION 1 — verified downloaded archive
2013-09-30 17:50:00+00:00,,7.818993126201719,UNSCORED,,,REAL ESA MISSION 1 — verified downloaded archive
2013-09-30 17:51:00+00:00,,7.818993126201719,UNSCORED,,,REAL ESA MISSION 1 — verified downloaded archive
2013-09-30 17:52:00+00:00,,7.818993126201719,UNSCORED,,,REAL ESA MISSION 1 — verified downloaded archive
2013-09-30 17:53:00+00:00,,7.818993126201719,UNSCORED,,,REAL ESA MISSION 1 — verified downloaded archive
2013-09-30 17:54:00+00:00,,7.818993126201719,UNSCORED,,,REAL ESA MISSION 1 — verified downloaded archive
2013-09-30 17:55:00+00:00,,7.818993126201719,UNSCORED,,,REAL ESA MISSION 1 — verified downloaded archive
2013-09-30 17:56:00+00:00,,7.818993126201719,UNSCORED,,,REAL ESA MISSION 1 — verified downloaded archive
2013-09-30 17:57:00+00:00,,7.818993126201719,UNSCORED,,,REAL ESA MISSION 1 — verified downloaded archive
2013-09-30 17:58:00+00:00,,7.818993126201719,UNSCORED,,,REAL ESA MISSION 1 — verified downloaded archive
2013-09-30 17:59:00+00:00,,7.818993126201719,UNSCORED,,,REAL ESA MISSION 1 — verified downloaded archive
2013-09-30 18:00:00+00:00,,7.818993126201719,UNSCORED,,,REAL ESA MISSION 1 — verified downloaded archive
2013-09-30 18:01:00+00:00,,7.818993126201719,UNSCORED,,,REAL ESA MISSION 1 — verified downloaded archive
2013-09-30 18:02:00+00:00,,7.818993126201719,UNSCORED,,,REAL ESA MISSION 1 — verified downloaded archive
2013-09-30 18:03:00+00:00,,7.818993126201719,UNSCORED,,,REAL ESA MISSION 1 — verified downloaded archive
2013-09-30 18:04:00+00:00,,7.818993126201719,UNSCORED,,,REAL ESA MISSION 1 — verified downloaded archive
2013-09-30 18:05:00+00:00,,7.818993126201719,UNSCORED,,,REAL ESA MISSION 1 — verified downloaded archive
2013-09-30 18:06:00+00:00,,7.818993126201719,UNSCORED,,,REAL ESA MISSION 1 — verified downloaded archive
2013-09-30 18:07:00+00:00,,7.818993126201719,UNSCORED,,,REAL ESA MISSION 1 — verified downloaded archive
2013-09-30 18:08:00+00:00,,7.818993126201719,UNSCORED,,,REAL ESA MISSION 1 — verified downloaded archive
2013-09-30 18:09:00+00:00,,7.818993126201719,UNSCORED,,,REAL ESA MISSION 1 — verified downloaded archive
2013-09-30 18:10:00+00:00,,7.818993126201719,UNSCORED,,,REAL ESA MISSION 1 — verified downloaded archive
2013-09-30 18:11:00+00:00,,7.818993126201719,UNSCORED,,,REAL ESA MISSION 1 — verified downloaded archive
2013-09-30 18:12:00+00:00,,7.818993126201719,UNSCORED,,,REAL ESA MISSION 1 — verified downloaded archive
2013-09-30 18:13:00+00:00,,7.818993126201719,UNSCORED,,,REAL ESA MISSION 1 — verified downloaded archive
2013-09-30 18:14:00+00:00,,7.818993126201719,UNSCORED,,,REAL ESA MISSION 1 — verified downloaded archive
2013-09-30 18:15:00+00:00,,7.818993126201719,UNSCORED,,,REAL ESA MISSION 1 — verified downloaded archive
2013-09-30 18:16:00+00:00,,7.818993126201719,UNSCORED,,,REAL ESA MISSION 1 — verified downloaded archive
2013-09-30 18:17:00+00:00,,7.818993126201719,UNSCORED,,,REAL ESA MISSION 1 — verified downloaded archive
2013-09-30 18:18:00+00:00,,7.818993126201719,UNSCORED,,,REAL ESA MISSION 1 — verified downloaded archive
2013-09-30 18:19:00+00:00,,7.818993126201719,UNSCORED,,,REAL ESA MISSION 1 — verified downloaded archive
2013-09-30 18:20:00+00:00,,7.818993126201719,UNSCORED,,,REAL ESA MISSION 1 — verified downloaded archive
2013-09-30 18:21:00+00:00,,7.818993126201719,UNSCORED,,,REAL ESA MISSION 1 — verified downloaded archive
2013-09-30 18:22:00+00:00,,7.818993126201719,UNSCORED,,,REAL ESA MISSION 1 — verified downloaded archive
2013-09-30 18:23:00+00:00,,7.818993126201719,UNSCORED,,,REAL ESA MISSION 1 — verified downloaded archive
2013-09-30 18:24:00+00:00,,7.818993126201719,UNSCORED,,,REAL ESA MISSION 1 — verified downloaded archive
2013-09-30 18:25:00+00:00,,7.818993126201719,UNSCORED,,,REAL ESA MISSION 1 — verified downloaded archive
2013-09-30 18:26:00+00:00,,7.818993126201719,UNSCORED,,,REAL ESA MISSION 1 — verified downloaded archive
2013-09-30 18:27:00+00:00,,7.818993126201719,UNSCORED,,,REAL ESA MISSION 1 — verified downloaded archive
2013-09-30 18:28:00+00:00,,7.818993126201719,UNSCORED,,,REAL ESA MISSION 1 — verified downloaded archive
2013-09-30 18:29:00+00:00,,7.818993126201719,UNSCORED,,,REAL ESA MISSION 1 — verified downloaded archive
2013-09-30 18:30:00+00:00,,7.818993126201719,UNSCORED,,,REAL ESA MISSION 1 — verified downloaded archive
2013-09-30 18:31:00+00:00,,7.818993126201719,UNSCORED,,,REAL ESA MISSION 1 — verified downloaded archive
2013-09-30 18:32:00+00:00,,7.818993126201719,UNSCORED,,,REAL ESA MISSION 1 — verified downloaded archive
2013-09-30 18:33:00+00:00,,7.818993126201719,UNSCORED,,,REAL ESA MISSION 1 — verified downloaded archive
2013-09-30 18:34:00+00:00,,7.818993126201719,UNSCORED,,,REAL ESA MISSION 1 — verified downloaded archive
2013-09-30 18:35:00+00:00,,7.818993126201719,UNSCORED,,,REAL ESA MISSION 1 — verified downloaded archive
2013-09-30 18:36:00+00:00,,7.818993126201719,UNSCORED,,,REAL ESA MISSION 1 — verified downloaded archive
2013-09-30 18:37:00+00:00,,7.818993126201719,UNSCORED,,,REAL ESA MISSION 1 — verified downloaded archive
2013-09-30 18:38:00+00:00,,7.818993126201719,UNSCORED,,,REAL ESA MISSION 1 — verified downloaded archive
2013-09-30 18:39:00+00:00,,7.818993126201719,UNSCORED,,,REAL ESA MISSION 1 — verified downloaded archive
2013-09-30 18:40:00+00:00,,7.818993126201719,UNSCORED,,,REAL ESA MISSION 1 — verified downloaded archive
2013-09-30 18:41:00+00:00,,7.818993126201719,UNSCORED,,,REAL ESA MISSION 1 — verified downloaded archive
2013-09-30 18:42:00+00:00,,7.818993126201719,UNSCORED,,,REAL ESA MISSION 1 — verified downloaded archive
2013-09-30 18:43:00+00:00,,7.818993126201719,UNSCORED,,,REAL ESA MISSION 1 — verified downloaded archive
2013-09-30 18:44:00+00:00,,7.818993126201719,UNSCORED,,,REAL ESA MISSION 1 — verified downloaded archive
2013-09-30 18:45:00+00:00,,7.818993126201719,UNSCORED,,,REAL ESA MISSION 1 — verified downloaded archive
2013-09-30 18:46:00+00:00,,7.818993126201719,UNSCORED,,,REAL ESA MISSION 1 — verified downloaded archive
2013-09-30 18:47:00+00:00,,7.818993126201719,UNSCORED,,,REAL ESA MISSION 1 — verified downloaded archive
2013-09-30 18:48:00+00:00,,7.818993126201719,UNSCORED,,,REAL ESA MISSION 1 — verified downloaded archive
2013-09-30 18:49:00+00:00,,7.818993126201719,UNSCORED,,,REAL ESA MISSION 1 — verified downloaded archive
2013-09-30 18:50:00+00:00,,7.818993126201719,UNSCORED,,,REAL ESA MISSION 1 — verified downloaded archive
2013-09-30 18:51:00+00:00,,7.818993126201719,UNSCORED,,,REAL ESA MISSION 1 — verified downloaded archive
2013-09-30 18:52:00+00:00,,7.818993126201719,UNSCORED,,,REAL ESA MISSION 1 — verified downloaded archive
2013-09-30 18:53:00+00:00,,7.818993126201719,UNSCORED,,,REAL ESA MISSION 1 — verified downloaded archive
2013-09-30 18:54:00+00:00,,7.818993126201719,UNSCORED,,,REAL ESA MISSION 1 — verified downloaded archive
2013-09-30 18:55:00+00:00,,7.818993126201719,UNSCORED,,,REAL ESA MISSION 1 — verified downloaded archive
2013-09-30 18:56:00+00:00,,7.818993126201719,UNSCORED,,,REAL ESA MISSION 1 — verified downloaded archive
2013-09-30 18:57:00+00:00,,7.818993126201719,UNSCORED,,,REAL ESA MISSION 1 — verified downloaded archive
2013-09-30 18:58:00+00:00,,7.818993126201719,UNSCORED,,,REAL ESA MISSION 1 — verified downloaded archive
2013-09-30 18:59:00+00:00,,7.818993126201719,UNSCORED,,,REAL ESA MISSION 1 — verified downloaded archive
2013-09-30 19:00:00+00:00,,7.818993126201719,UNSCORED,,,REAL ESA MISSION 1 — verified downloaded archive
2013-09-30 19:01:00+00:00,,7.818993126201719,UNSCORED,,,REAL ESA MISSION 1 — verified downloaded archive
2013-09-30 19:02:00+00:00,,7.818993126201719,UNSCORED,,,REAL ESA MISSION 1 — verified downloaded archive
2013-09-30 19:03:00+00:00,,7.818993126201719,UNSCORED,,,REAL ESA MISSION 1 — verified downloaded archive
2013-09-30 19:04:00+00:00,,7.818993126201719,UNSCORED,,,REAL ESA MISSION 1 — verified downloaded archive
2013-09-30 19:05:00+00:00,,7.818993126201719,UNSCORED,,,REAL ESA MISSION 1 — verified downloaded archive
2013-09-30 19:06:00+00:00,,7.818993126201719,UNSCORED,,,REAL ESA MISSION 1 — verified downloaded archive
2013-09-30 19:07:00+00:00,,7.818993126201719,UNSCORED,,,REAL ESA MISSION 1 — verified downloaded archive
2013-09-30 19:08:00+00:00,,7.818993126201719,UNSCORED,,,REAL ESA MISSION 1 — verified downloaded archive
2013-09-30 19:09:00+00:00,,7.818993126201719,UNSCORED,,,REAL ESA MISSION 1 — verified downloaded archive
2013-09-30 19:10:00+00:00,,7.818993126201719,UNSCORED,,,REAL ESA MISSION 1 — verified downloaded archive
2013-09-30 19:11:00+00:00,,7.818993126201719,UNSCORED,,,REAL ESA MISSION 1 — verified downloaded archive
2013-09-30 19:12:00+00:00,,7.818993126201719,UNSCORED,,,REAL ESA MISSION 1 — verified downloaded archive
2013-09-30 19:13:00+00:00,,7.818993126201719,UNSCORED,,,REAL ESA MISSION 1 — verified downloaded archive
2013-09-30 19:14:00+00:00,,7.818993126201719,UNSCORED,,,REAL ESA MISSION 1 — verified downloaded archive
2013-09-30 19:15:00+00:00,,7.818993126201719,UNSCORED,,,REAL ESA MISSION 1 — verified downloaded archive
2013-09-30 19:16:00+00:00,,7.818993126201719,UNSCORED,,,REAL ESA MISSION 1 — verified downloaded archive
2013-09-30 19:17:00+00:00,,7.818993126201719,UNSCORED,,,REAL ESA MISSION 1 — verified downloaded archive
2013-09-30 19:18:00+00:00,,7.818993126201719,UNSCORED,,,REAL ESA MISSION 1 — verified downloaded archive
2013-09-30 19:19:00+00:00,,7.818993126201719,UNSCORED,,,REAL ESA MISSION 1 — verified downloaded archive
2013-09-30 19:20:00+00:00,,7.818993126201719,UNSCORED,,,REAL ESA MISSION 1 — verified downloaded archive
2013-09-30 19:21:00+00:00,,7.818993126201719,UNSCORED,,,REAL ESA MISSION 1 — verified downloaded archive
2013-09-30 19:22:00+00:00,,7.818993126201719,UNSCORED,,,REAL ESA MISSION 1 — verified downloaded archive
2013-09-30 19:23:00+00:00,,7.818993126201719,UNSCORED,,,REAL ESA MISSION 1 — verified downloaded archive
2013-09-30 19:24:00+00:00,,7.818993126201719,UNSCORED,,,REAL ESA MISSION 1 — verified downloaded archive
2013-09-30 19:25:00+00:00,,7.818993126201719,UNSCORED,,,REAL ESA MISSION 1 — verified downloaded archive
2013-09-30 19:26:00+00:00,,7.818993126201719,UNSCORED,,,REAL ESA MISSION 1 — verified downloaded archive
2013-09-30 19:27:00+00:00,,7.818993126201719,UNSCORED,,,REAL ESA MISSION 1 — verified downloaded archive
2013-09-30 19:28:00+00:00,,7.818993126201719,UNSCORED,,,REAL ESA MISSION 1 — verified downloaded archive
2013-09-30 19:29:00+00:00,,7.818993126201719,UNSCORED,,,REAL ESA MISSION 1 — verified downloaded archive
2013-09-30 19:30:00+00:00,,7.818993126201719,UNSCORED,,,REAL ESA MISSION 1 — verified downloaded archive
2013-09-30 19:31:00+00:00,,7.818993126201719,UNSCORED,,,REAL ESA MISSION 1 — verified downloaded archive
2013-09-30 19:32:00+00:00,,7.818993126201719,UNSCORED,,,REAL ESA MISSION 1 — verified downloaded archive
2013-09-30 19:33:00+00:00,,7.818993126201719,UNSCORED,,,REAL ESA MISSION 1 — verified downloaded archive
2013-09-30 19:34:00+00:00,,7.818993126201719,UNSCORED,,,REAL ESA MISSION 1 — verified downloaded archive
2013-09-30 19:35:00+00:00,,7.818993126201719,UNSCORED,,,REAL ESA MISSION 1 — verified downloaded archive
2013-09-30 19:36:00+00:00,,7.818993126201719,UNSCORED,,,REAL ESA MISSION 1 — verified downloaded archive
2013-09-30 19:37:00+00:00,,7.818993126201719,UNSCORED,,,REAL ESA MISSION 1 — verified downloaded archive
2013-09-30 19:38:00+00:00,,7.818993126201719,UNSCORED,,,REAL ESA MISSION 1 — verified downloaded archive
2013-09-30 19:39:00+00:00,,7.818993126201719,UNSCORED,,,REAL ESA MISSION 1 — verified downloaded archive
2013-09-30 19:40:00+00:00,,7.818993126201719,UNSCORED,,,REAL ESA MISSION 1 — verified downloaded archive
2013-09-30 19:41:00+00:00,,7.818993126201719,UNSCORED,,,REAL ESA MISSION 1 — verified downloaded archive
2013-09-30 19:42:00+00:00,,7.818993126201719,UNSCORED,,,REAL ESA MISSION 1 — verified downloaded archive
2013-09-30 19:43:00+00:00,,7.818993126201719,UNSCORED,,,REAL ESA MISSION 1 — verified downloaded archive
2013-09-30 19:44:00+00:00,,7.818993126201719,UNSCORED,,,REAL ESA MISSION 1 — verified downloaded archive
2013-09-30 19:45:00+00:00,,7.818993126201719,UNSCORED,,,REAL ESA MISSION 1 — verified downloaded archive
2013-09-30 19:46:00+00:00,,7.818993126201719,UNSCORED,,,REAL ESA MISSION 1 — verified downloaded archive
2013-09-30 19:47:00+00:00,,7.818993126201719,UNSCORED,,,REAL ESA MISSION 1 — verified downloaded archive
2013-09-30 19:48:00+00:00,,7.818993126201719,UNSCORED,,,REAL ESA MISSION 1 — verified downloaded archive
2013-09-30 19:49:00+00:00,,7.818993126201719,UNSCORED,,,REAL ESA MISSION 1 — verified downloaded archive
2013-09-30 19:50:00+00:00,,7.818993126201719,UNSCORED,,,REAL ESA MISSION 1 — verified downloaded archive
2013-09-30 19:51:00+00:00,,7.818993126201719,UNSCORED,,,REAL ESA MISSION 1 — verified downloaded archive
2013-09-30 19:52:00+00:00,,7.818993126201719,UNSCORED,,,REAL ESA MISSION 1 — verified downloaded archive
2013-09-30 19:53:00+00:00,,7.818993126201719,UNSCORED,,,REAL ESA MISSION 1 — verified downloaded archive
2013-09-30 19:54:00+00:00,,7.818993126201719,UNSCORED,,,REAL ESA MISSION 1 — verified downloaded archive
2013-09-30 19:55:00+00:00,,7.818993126201719,UNSCORED,,,REAL ESA MISSION 1 — verified downloaded archive
2013-09-30 19:56:00+00:00,,7.818993126201719,UNSCORED,,,REAL ESA MISSION 1 — verified downloaded archive
2013-09-30 19:57:00+00:00,,7.818993126201719,UNSCORED,,,REAL ESA MISSION 1 — verified downloaded archive
2013-09-30 19:58:00+00:00,,7.818993126201719,UNSCORED,,,REAL ESA MISSION 1 — verified downloaded archive
2013-09-30 19:59:00+00:00,,7.818993126201719,UNSCORED,,,REAL ESA MISSION 1 — verified downloaded archive
2013-09-30 20:00:00+00:00,,7.818993126201719,UNSCORED,,,REAL ESA MISSION 1 — verified downloaded archive
2013-09-30 20:01:00+00:00,,7.818993126201719,UNSCORED,,,REAL ESA MISSION 1 — verified downloaded archive
2013-09-30 20:02:00+00:00,,7.818993126201719,UNSCORED,,,REAL ESA MISSION 1 — verified downloaded archive
2013-09-30 20:03:00+00:00,,7.818993126201719,UNSCORED,,,REAL ESA MISSION 1 — verified downloaded archive
2013-09-30 20:04:00+00:00,,7.818993126201719,UNSCORED,,,REAL ESA MISSION 1 — verified downloaded archive
2013-09-30 20:05:00+00:00,,7.818993126201719,UNSCORED,,,REAL ESA MISSION 1 — verified downloaded archive
2013-09-30 20:06:00+00:00,,7.818993126201719,UNSCORED,,,REAL ESA MISSION 1 — verified downloaded archive
2013-09-30 20:07:00+00:00,,7.818993126201719,UNSCORED,,,REAL ESA MISSION 1 — verified downloaded archive
2013-09-30 20:08:00+00:00,,7.818993126201719,UNSCORED,,,REAL ESA MISSION 1 — verified downloaded archive
2013-09-30 20:09:00+00:00,,7.818993126201719,UNSCORED,,,REAL ESA MISSION 1 — verified downloaded archive
2013-09-30 20:10:00+00:00,,7.818993126201719,UNSCORED,,,REAL ESA MISSION 1 — verified downloaded archive
2013-09-30 20:11:00+00:00,,7.818993126201719,UNSCORED,,,REAL ESA MISSION 1 — verified downloaded archive
2013-09-30 20:12:00+00:00,,7.818993126201719,UNSCORED,,,REAL ESA MISSION 1 — verified downloaded archive
2013-09-30 20:13:00+00:00,,7.818993126201719,UNSCORED,,,REAL ESA MISSION 1 — verified downloaded archive
2013-09-30 20:14:00+00:00,,7.818993126201719,UNSCORED,,,REAL ESA MISSION 1 — verified downloaded archive
2013-09-30 20:15:00+00:00,,7.818993126201719,UNSCORED,,,REAL ESA MISSION 1 — verified downloaded archive
2013-09-30 20:16:00+00:00,,7.818993126201719,UNSCORED,,,REAL ESA MISSION 1 — verified downloaded archive
2013-09-30 20:17:00+00:00,,7.818993126201719,UNSCORED,,,REAL ESA MISSION 1 — verified downloaded archive
2013-09-30 20:18:00+00:00,,7.818993126201719,UNSCORED,,,REAL ESA MISSION 1 — verified downloaded archive
2013-09-30 20:19:00+00:00,,7.818993126201719,UNSCORED,,,REAL ESA MISSION 1 — verified downloaded archive
2013-09-30 20:20:00+00:00,,7.818993126201719,UNSCORED,,,REAL ESA MISSION 1 — verified downloaded archive
2013-09-30 20:21:00+00:00,,7.818993126201719,UNSCORED,,,REAL ESA MISSION 1 — verified downloaded archive
2013-09-30 20:22:00+00:00,,7.818993126201719,UNSCORED,,,REAL ESA MISSION 1 — verified downloaded archive
2013-09-30 20:23:00+00:00,,7.818993126201719,UNSCORED,,,REAL ESA MISSION 1 — verified downloaded archive
2013-09-30 20:24:00+00:00,,7.818993126201719,UNSCORED,,,REAL ESA MISSION 1 — verified downloaded archive
2013-09-30 20:25:00+00:00,,7.818993126201719,UNSCORED,,,REAL ESA MISSION 1 — verified downloaded archive
2013-09-30 20:26:00+00:00,,7.818993126201719,UNSCORED,,,REAL ESA MISSION 1 — verified downloaded archive
2013-09-30 20:27:00+00:00,,7.818993126201719,UNSCORED,,,REAL ESA MISSION 1 — verified downloaded archive
2013-09-30 20:28:00+00:00,,7.818993126201719,UNSCORED,,,REAL ESA MISSION 1 — verified downloaded archive
2013-09-30 20:29:00+00:00,,7.818993126201719,UNSCORED,,,REAL ESA MISSION 1 — verified downloaded archive
2013-09-30 20:30:00+00:00,,7.818993126201719,UNSCORED,,,REAL ESA MISSION 1 — verified downloaded archive
2013-09-30 20:31:00+00:00,,7.818993126201719,UNSCORED,,,REAL ESA MISSION 1 — verified downloaded archive
2013-09-30 20:32:00+00:00,,7.818993126201719,UNSCORED,,,REAL ESA MISSION 1 — verified downloaded archive
2013-09-30 20:33:00+00:00,,7.818993126201719,UNSCORED,,,REAL ESA MISSION 1 — verified downloaded archive
2013-09-30 20:34:00+00:00,,7.818993126201719,UNSCORED,,,REAL ESA MISSION 1 — verified downloaded archive
2013-09-30 20:35:00+00:00,,7.818993126201719,UNSCORED,,,REAL ESA MISSION 1 — verified downloaded archive
2013-09-30 20:36:00+00:00,,7.818993126201719,UNSCORED,,,REAL ESA MISSION 1 — verified downloaded archive
2013-09-30 20:37:00+00:00,,7.818993126201719,UNSCORED,,,REAL ESA MISSION 1 — verified downloaded archive
2013-09-30 20:38:00+00:00,,7.818993126201719,UNSCORED,,,REAL ESA MISSION 1 — verified downloaded archive
2013-09-30 20:39:00+00:00,,7.818993126201719,UNSCORED,,,REAL ESA MISSION 1 — verified downloaded archive
2013-09-30 20:40:00+00:00,,7.818993126201719,UNSCORED,,,REAL ESA MISSION 1 — verified downloaded archive
2013-09-30 20:41:00+00:00,,7.818993126201719,UNSCORED,,,REAL ESA MISSION 1 — verified downloaded archive
2013-09-30 20:42:00+00:00,,7.818993126201719,UNSCORED,,,REAL ESA MISSION 1 — verified downloaded archive
2013-09-30 20:43:00+00:00,,7.818993126201719,UNSCORED,,,REAL ESA MISSION 1 — verified downloaded archive
2013-09-30 20:44:00+00:00,,7.818993126201719,UNSCORED,,,REAL ESA MISSION 1 — verified downloaded archive
2013-09-30 20:45:00+00:00,,7.818993126201719,UNSCORED,,,REAL ESA MISSION 1 — verified downloaded archive
2013-09-30 20:46:00+00:00,,7.818993126201719,UNSCORED,,,REAL ESA MISSION 1 — verified downloaded archive
2013-09-30 20:47:00+00:00,,7.818993126201719,UNSCORED,,,REAL ESA MISSION 1 — verified downloaded archive
2013-09-30 20:48:00+00:00,,7.818993126201719,UNSCORED,,,REAL ESA MISSION 1 — verified downloaded archive
2013-09-30 20:49:00+00:00,,7.818993126201719,UNSCORED,,,REAL ESA MISSION 1 — verified downloaded archive
2013-09-30 20:50:00+00:00,,7.818993126201719,UNSCORED,,,REAL ESA MISSION 1 — verified downloaded archive
2013-09-30 20:51:00+00:00,,7.818993126201719,UNSCORED,,,REAL ESA MISSION 1 — verified downloaded archive
2013-09-30 20:52:00+00:00,,7.818993126201719,UNSCORED,,,REAL ESA MISSION 1 — verified downloaded archive
2013-09-30 20:53:00+00:00,,7.818993126201719,UNSCORED,,,REAL ESA MISSION 1 — verified downloaded archive
2013-09-30 20:54:00+00:00,,7.818993126201719,UNSCORED,,,REAL ESA MISSION 1 — verified downloaded archive
2013-09-30 20:55:00+00:00,,7.818993126201719,UNSCORED,,,REAL ESA MISSION 1 — verified downloaded archive
2013-09-30 20:56:00+00:00,,7.818993126201719,UNSCORED,,,REAL ESA MISSION 1 — verified downloaded archive
2013-09-30 20:57:00+00:00,,7.818993126201719,UNSCORED,,,REAL ESA MISSION 1 — verified downloaded archive
2013-09-30 20:58:00+00:00,,7.818993126201719,UNSCORED,,,REAL ESA MISSION 1 — verified downloaded archive
2013-09-30 20:59:00+00:00,,7.818993126201719,UNSCORED,,,REAL ESA MISSION 1 — verified downloaded archive
2013-09-30 21:00:00+00:00,,7.818993126201719,UNSCORED,,,REAL ESA MISSION 1 — verified downloaded archive
2013-09-30 21:01:00+00:00,,7.818993126201719,UNSCORED,,,REAL ESA MISSION 1 — verified downloaded archive
2013-09-30 21:02:00+00:00,,7.818993126201719,UNSCORED,,,REAL ESA MISSION 1 — verified downloaded archive
2013-09-30 21:03:00+00:00,,7.818993126201719,UNSCORED,,,REAL ESA MISSION 1 — verified downloaded archive
2013-09-30 21:04:00+00:00,,7.818993126201719,UNSCORED,,,REAL ESA MISSION 1 — verified downloaded archive
2013-09-30 21:05:00+00:00,,7.818993126201719,UNSCORED,,,REAL ESA MISSION 1 — verified downloaded archive
2013-09-30 21:06:00+00:00,,7.818993126201719,UNSCORED,,,REAL ESA MISSION 1 — verified downloaded archive
2013-09-30 21:07:00+00:00,,7.818993126201719,UNSCORED,,,REAL ESA MISSION 1 — verified downloaded archive
2013-09-30 21:08:00+00:00,,7.818993126201719,UNSCORED,,,REAL ESA MISSION 1 — verified downloaded archive
2013-09-30 21:09:00+00:00,,7.818993126201719,UNSCORED,,,REAL ESA MISSION 1 — verified downloaded archive
2013-09-30 21:10:00+00:00,,7.818993126201719,UNSCORED,,,REAL ESA MISSION 1 — verified downloaded archive
2013-09-30 21:11:00+00:00,,7.818993126201719,UNSCORED,,,REAL ESA MISSION 1 — verified downloaded archive
2013-09-30 21:12:00+00:00,,7.818993126201719,UNSCORED,,,REAL ESA MISSION 1 — verified downloaded archive
2013-09-30 21:13:00+00:00,,7.818993126201719,UNSCORED,,,REAL ESA MISSION 1 — verified downloaded archive
2013-09-30 21:14:00+00:00,,7.818993126201719,UNSCORED,,,REAL ESA MISSION 1 — verified downloaded archive
2013-09-30 21:15:00+00:00,,7.818993126201719,UNSCORED,,,REAL ESA MISSION 1 — verified downloaded archive
2013-09-30 21:16:00+00:00,,7.818993126201719,UNSCORED,,,REAL ESA MISSION 1 — verified downloaded archive
2013-09-30 21:17:00+00:00,,7.818993126201719,UNSCORED,,,REAL ESA MISSION 1 — verified downloaded archive
2013-09-30 21:18:00+00:00,,7.818993126201719,UNSCORED,,,REAL ESA MISSION 1 — verified downloaded archive
2013-09-30 21:19:00+00:00,,7.818993126201719,UNSCORED,,,REAL ESA MISSION 1 — verified downloaded archive
2013-09-30 21:20:00+00:00,,7.818993126201719,UNSCORED,,,REAL ESA MISSION 1 — verified downloaded archive
2013-09-30 21:21:00+00:00,,7.818993126201719,UNSCORED,,,REAL ESA MISSION 1 — verified downloaded archive
2013-09-30 21:22:00+00:00,,7.818993126201719,UNSCORED,,,REAL ESA MISSION 1 — verified downloaded archive
2013-09-30 21:23:00+00:00,,7.818993126201719,UNSCORED,,,REAL ESA MISSION 1 — verified downloaded archive
2013-09-30 21:24:00+00:00,,7.818993126201719,UNSCORED,,,REAL ESA MISSION 1 — verified downloaded archive
2013-09-30 21:25:00+00:00,,7.818993126201719,UNSCORED,,,REAL ESA MISSION 1 — verified downloaded archive
2013-09-30 21:26:00+00:00,,7.818993126201719,UNSCORED,,,REAL ESA MISSION 1 — verified downloaded archive
2013-09-30 21:27:00+00:00,,7.818993126201719,UNSCORED,,,REAL ESA MISSION 1 — verified downloaded archive
2013-09-30 21:28:00+00:00,,7.818993126201719,UNSCORED,,,REAL ESA MISSION 1 — verified downloaded archive
2013-09-30 21:29:00+00:00,,7.818993126201719,UNSCORED,,,REAL ESA MISSION 1 — verified downloaded archive
2013-09-30 21:30:00+00:00,,7.818993126201719,UNSCORED,,,REAL ESA MISSION 1 — verified downloaded archive
2013-09-30 21:31:00+00:00,,7.818993126201719,UNSCORED,,,REAL ESA MISSION 1 — verified downloaded archive
2013-09-30 21:32:00+00:00,,7.818993126201719,UNSCORED,,,REAL ESA MISSION 1 — verified downloaded archive
2013-09-30 21:33:00+00:00,,7.818993126201719,UNSCORED,,,REAL ESA MISSION 1 — verified downloaded archive
2013-09-30 21:34:00+00:00,,7.818993126201719,UNSCORED,,,REAL ESA MISSION 1 — verified downloaded archive
2013-09-30 21:35:00+00:00,,7.818993126201719,UNSCORED,,,REAL ESA MISSION 1 — verified downloaded archive
2013-09-30 21:36:00+00:00,-1.8283532,7.818993126201719,NO ALERT,channel_46,1.8424474,REAL ESA MISSION 1 — verified downloaded archive
2013-09-30 21:37:00+00:00,-1.7459913,7.818993126201719,NO ALERT,channel_46,1.4541066,REAL ESA MISSION 1 — verified downloaded archive
2013-09-30 21:38:00+00:00,-0.5874816,7.818993126201719,NO ALERT,channel_43,1.611236,REAL ESA MISSION 1 — verified downloaded archive
2013-09-30 21:39:00+00:00,-2.1143124,7.818993126201719,NO ALERT,channel_46,1.646814,REAL ESA MISSION 1 — verified downloaded archive
2013-09-30 21:40:00+00:00,-1.0938216,7.818993126201719,NO ALERT,channel_44,1.2731606,REAL ESA MISSION 1 — verified downloaded archive
2013-09-30 21:41:00+00:00,-0.7961581,7.818993126201719,NO ALERT,channel_44,1.5012367,REAL ESA MISSION 1 — verified downloaded archive
2013-09-30 21:42:00+00:00,-1.5261482,7.818993126201719,NO ALERT,channel_44,1.459737,REAL ESA MISSION 1 — verified downloaded archive
2013-09-30 21:43:00+00:00,-1.472465,7.818993126201719,NO ALERT,channel_44,1.8410187,REAL ESA MISSION 1 — verified downloaded archive
2013-09-30 21:44:00+00:00,-2.1125686,7.818993126201719,NO ALERT,channel_44,1.5403395,REAL ESA MISSION 1 — verified downloaded archive
2013-09-30 21:45:00+00:00,-1.554334,7.818993126201719,NO ALERT,channel_41,1.5540987,REAL ESA MISSION 1 — verified downloaded archive
2013-09-30 21:46:00+00:00,-1.4953327,7.818993126201719,NO ALERT,channel_41,1.5273769,REAL ESA MISSION 1 — verified downloaded archive
2013-09-30 21:47:00+00:00,-1.4165872,7.818993126201719,NO ALERT,channel_42,1.7071356,REAL ESA MISSION 1 — verified downloaded archive
2013-09-30 21:48:00+00:00,-0.70266795,7.818993126201719,NO ALERT,channel_44,1.8826065,REAL ESA MISSION 1 — verified downloaded archive
2013-09-30 21:49:00+00:00,-1.4287694,7.818993126201719,NO ALERT,channel_41,1.4681185,REAL ESA MISSION 1 — verified downloaded archive
2013-09-30 21:50:00+00:00,-1.3001944,7.818993126201719,NO ALERT,channel_42,1.6176128,REAL ESA MISSION 1 — verified downloaded archive
2013-09-30 21:51:00+00:00,-1.932908,7.818993126201719,NO ALERT,channel_42,1.5811603,REAL ESA MISSION 1 — verified downloaded archive
2013-09-30 21:52:00+00:00,-0.6329107,7.818993126201719,NO ALERT,channel_42,1.5602322,REAL ESA MISSION 1 — verified downloaded archive
2013-09-30 21:53:00+00:00,-1.2763664,7.818993126201719,NO ALERT,channel_45,1.5545951,REAL ESA MISSION 1 — verified downloaded archive
2013-09-30 21:54:00+00:00,-1.7697575,7.818993126201719,NO ALERT,channel_45,1.3810424,REAL ESA MISSION 1 — verified downloaded archive
2013-09-30 21:55:00+00:00,-1.3312341,7.818993126201719,NO ALERT,channel_45,1.5012622,REAL ESA MISSION 1 — verified downloaded archive
2013-09-30 21:56:00+00:00,-1.2449919,7.818993126201719,NO ALERT,channel_46,1.7792437,REAL ESA MISSION 1 — verified downloaded archive
2013-09-30 21:57:00+00:00,-1.885768,7.818993126201719,NO ALERT,channel_42,1.5834827,REAL ESA MISSION 1 — verified downloaded archive
2013-09-30 21:58:00+00:00,-1.5872706,7.818993126201719,NO ALERT,channel_42,1.78619,REAL ESA MISSION 1 — verified downloaded archive
2013-09-30 21:59:00+00:00,-1.5136081,7.818993126201719,NO ALERT,channel_46,1.1034536,REAL ESA MISSION 1 — verified downloaded archive
2013-09-30 22:00:00+00:00,-0.76296604,7.818993126201719,NO ALERT,channel_46,1.6579746,REAL ESA MISSION 1 — verified downloaded archive
2013-09-30 22:01:00+00:00,-0.707764,7.818993126201719,NO ALERT,channel_46,1.8753161,REAL ESA MISSION 1 — verified downloaded archive
2013-09-30 22:02:00+00:00,-1.8817881,7.818993126201719,NO ALERT,channel_43,1.331909,REAL ESA MISSION 1 — verified downloaded archive
2013-09-30 22:03:00+00:00,-1.2035539,7.818993126201719,NO ALERT,channel_46,1.2491354,REAL ESA MISSION 1 — verified downloaded archive
2013-09-30 22:04:00+00:00,-0.8781566,7.818993126201719,NO ALERT,channel_44,1.6369511,REAL ESA MISSION 1 — verified downloaded archive
2013-09-30 22:05:00+00:00,-0.8797654,7.818993126201719,NO ALERT,channel_43,1.2746828,REAL ESA MISSION 1 — verified downloaded archive
2013-09-30 22:06:00+00:00,-1.7046558,7.818993126201719,NO ALERT,channel_43,1.2554469,REAL ESA MISSION 1 — verified downloaded archive
2013-09-30 22:07:00+00:00,-0.43497604,7.818993126201719,NO ALERT,channel_44,1.4183491,REAL ESA MISSION 1 — verified downloaded archive
2013-09-30 22:08:00+00:00,-0.20893127,7.818993126201719,NO ALERT,channel_44,1.9539026,REAL ESA MISSION 1 — verified downloaded archive
2013-09-30 22:09:00+00:00,-1.1906034,7.818993126201719,NO ALERT,channel_41,1.0200766,REAL ESA MISSION 1 — verified downloaded archive
2013-09-30 22:10:00+00:00,-1.573984,7.818993126201719,NO ALERT,channel_42,0.96089274,REAL ESA MISSION 1 — verified downloaded archive
2013-09-30 22:11:00+00:00,-0.83041227,7.818993126201719,NO ALERT,channel_42,1.6060617,REAL ESA MISSION 1 — verified downloaded archive
2013-09-30 22:12:00+00:00,-0.92206424,7.818993126201719,NO ALERT,channel_42,1.918781,REAL ESA MISSION 1 — verified downloaded archive
2013-09-30 22:13:00+00:00,-1.5940943,7.818993126201719,NO ALERT,channel_45,1.4266198,REAL ESA MISSION 1 — verified downloaded archive
2013-09-30 22:14:00+00:00,-1.2264704,7.818993126201719,NO ALERT,channel_42,1.5342478,REAL ESA MISSION 1 — verified downloaded archive
2013-09-30 22:15:00+00:00,-1.0965617,7.818993126201719,NO ALERT,channel_42,1.7351792,REAL ESA MISSION 1 — verified downloaded archive
2013-09-30 22:16:00+00:00,-1.8215894,7.818993126201719,NO ALERT,channel_46,2.2837262,REAL ESA MISSION 1 — verified downloaded archive
2013-09-30 22:17:00+00:00,-1.3629322,7.818993126201719,NO ALERT,channel_42,1.348397,REAL ESA MISSION 1 — verified downloaded archive
2013-09-30 22:18:00+00:00,-1.279494,7.818993126201719,NO ALERT,channel_42,1.4483838,REAL ESA MISSION 1 — verified downloaded archive
2013-09-30 22:19:00+00:00,-1.5468847,7.818993126201719,NO ALERT,channel_42,1.409258,REAL ESA MISSION 1 — verified downloaded archive
2013-09-30 22:20:00+00:00,-1.0941051,7.818993126201719,NO ALERT,channel_43,1.384751,REAL ESA MISSION 1 — verified downloaded archive
2013-09-30 22:21:00+00:00,-1.0330844,7.818993126201719,NO ALERT,channel_46,1.7911519,REAL ESA MISSION 1 — verified downloaded archive
2013-09-30 22:22:00+00:00,-2.1171572,7.818993126201719,NO ALERT,channel_43,1.4578235,REAL ESA MISSION 1 — verified downloaded archive
2013-09-30 22:23:00+00:00,-0.38894498,7.818993126201719,NO ALERT,channel_43,1.5874939,REAL ESA MISSION 1 — verified downloaded archive
2013-09-30 22:24:00+00:00,-1.4212742,7.818993126201719,NO ALERT,channel_43,1.0716709,REAL ESA MISSION 1 — verified downloaded archive
2013-09-30 22:25:00+00:00,-1.1858175,7.818993126201719,NO ALERT,channel_43,1.5232177,REAL ESA MISSION 1 — verified downloaded archive
2013-09-30 22:26:00+00:00,-1.9092247,7.818993126201719,NO ALERT,channel_46,1.5244601,REAL ESA MISSION 1 — verified downloaded archive
2013-09-30 22:27:00+00:00,-1.2734661,7.818993126201719,NO ALERT,channel_43,1.6275302,REAL ESA MISSION 1 — verified downloaded archive
2013-09-30 22:28:00+00:00,-0.90694857,7.818993126201719,NO ALERT,channel_44,1.4708072,REAL ESA MISSION 1 — verified downloaded archive
2013-09-30 22:29:00+00:00,-1.1929717,7.818993126201719,NO ALERT,channel_43,1.5862985,REAL ESA MISSION 1 — verified downloaded archive
2013-09-30 22:30:00+00:00,-1.4835564,7.818993126201719,NO ALERT,channel_46,2.323742,REAL ESA MISSION 1 — verified downloaded archive
2013-09-30 22:31:00+00:00,-0.6523421,7.818993126201719,NO ALERT,channel_43,1.5567051,REAL ESA MISSION 1 — verified downloaded archive
2013-09-30 22:32:00+00:00,-1.3859466,7.818993126201719,NO ALERT,channel_44,1.3226739,REAL ESA MISSION 1 — verified downloaded archive
2013-09-30 22:33:00+00:00,-0.96652013,7.818993126201719,NO ALERT,channel_44,1.4166123,REAL ESA MISSION 1 — verified downloaded archive
2013-09-30 22:34:00+00:00,-1.6556705,7.818993126201719,NO ALERT,channel_41,1.626743,REAL ESA MISSION 1 — verified downloaded archive
2013-09-30 22:35:00+00:00,-1.9534677,7.818993126201719,NO ALERT,channel_41,1.2807386,REAL ESA MISSION 1 — verified downloaded archive
2013-09-30 22:36:00+00:00,-1.7804965,7.818993126201719,NO ALERT,channel_44,1.5881114,REAL ESA MISSION 1 — verified downloaded archive
2013-09-30 22:37:00+00:00,-1.2123133,7.818993126201719,NO ALERT,channel_42,1.2309499,REAL ESA MISSION 1 — verified downloaded archive
2013-09-30 22:38:00+00:00,-1.9957317,7.818993126201719,NO ALERT,channel_44,1.9105698,REAL ESA MISSION 1 — verified downloaded archive
2013-09-30 22:39:00+00:00,-0.48951218,7.818993126201719,NO ALERT,channel_42,1.9458767,REAL ESA MISSION 1 — verified downloaded archive
2013-09-30 22:40:00+00:00,-0.7065098,7.818993126201719,NO ALERT,channel_45,1.3922938,REAL ESA MISSION 1 — verified downloaded archive
2013-09-30 22:41:00+00:00,-0.19064473,7.818993126201719,NO ALERT,channel_42,1.5457838,REAL ESA MISSION 1 — verified downloaded archive
2013-09-30 22:42:00+00:00,-0.47899768,7.818993126201719,NO ALERT,channel_45,1.324552,REAL ESA MISSION 1 — verified downloaded archive
2013-09-30 22:43:00+00:00,-1.0806541,7.818993126201719,NO ALERT,channel_45,1.3043885,REAL ESA MISSION 1 — verified downloaded archive
2013-09-30 22:44:00+00:00,-0.33538738,7.818993126201719,NO ALERT,channel_45,1.4374125,REAL ESA MISSION 1 — verified downloaded archive
2013-09-30 22:45:00+00:00,-0.1361842,7.818993126201719,NO ALERT,channel_42,1.0260457,REAL ESA MISSION 1 — verified downloaded archive
2013-09-30 22:46:00+00:00,-0.28223994,7.818993126201719,NO ALERT,channel_45,2.010456,REAL ESA MISSION 1 — verified downloaded archive
2013-09-30 22:47:00+00:00,-0.07761882,7.818993126201719,NO ALERT,channel_46,1.5117623,REAL ESA MISSION 1 — verified downloaded archive
2013-09-30 22:48:00+00:00,-1.8883978,7.818993126201719,NO ALERT,channel_46,1.4719465,REAL ESA MISSION 1 — verified downloaded archive
2013-09-30 22:49:00+00:00,-0.54251754,7.818993126201719,NO ALERT,channel_46,1.3636898,REAL ESA MISSION 1 — verified downloaded archive
2013-09-30 22:50:00+00:00,-1.3643199,7.818993126201719,NO ALERT,channel_43,1.3738083,REAL ESA MISSION 1 — verified downloaded archive
2013-09-30 22:51:00+00:00,-0.781057,7.818993126201719,NO ALERT,channel_46,1.6946403,REAL ESA MISSION 1 — verified downloaded archive
2013-09-30 22:52:00+00:00,0.023223061,7.818993126201719,NO ALERT,channel_41,1.3841434,REAL ESA MISSION 1 — verified downloaded archive
2013-09-30 22:53:00+00:00,-0.49554598,7.818993126201719,NO ALERT,channel_46,1.8920698,REAL ESA MISSION 1 — verified downloaded archive
2013-09-30 22:54:00+00:00,0.6419661,7.818993126201719,NO ALERT,channel_41,1.30847,REAL ESA MISSION 1 — verified downloaded archive
2013-09-30 22:55:00+00:00,-0.849102,7.818993126201719,NO ALERT,channel_46,1.2752119,REAL ESA MISSION 1 — verified downloaded archive
2013-09-30 22:56:00+00:00,-0.7038591,7.818993126201719,NO ALERT,channel_46,1.2730926,REAL ESA MISSION 1 — verified downloaded archive
2013-09-30 22:57:00+00:00,-0.6542642,7.818993126201719,NO ALERT,channel_44,1.9877058,REAL ESA MISSION 1 — verified downloaded archive
2013-09-30 22:58:00+00:00,0.15665081,7.818993126201719,NO ALERT,channel_41,1.7630439,REAL ESA MISSION 1 — verified downloaded archive
2013-09-30 22:59:00+00:00,-0.17341064,7.818993126201719,NO ALERT,channel_46,1.3131282,REAL ESA MISSION 1 — verified downloaded archive
2013-09-30 23:00:00+00:00,-1.0327824,7.818993126201719,NO ALERT,channel_42,1.7400615,REAL ESA MISSION 1 — verified downloaded archive
2013-09-30 23:01:00+00:00,-0.010604363,7.818993126201719,NO ALERT,channel_42,1.7197689,REAL ESA MISSION 1 — verified downloaded archive
2013-09-30 23:02:00+00:00,-0.6815722,7.818993126201719,NO ALERT,channel_42,1.2348175,REAL ESA MISSION 1 — verified downloaded archive
2013-09-30 23:03:00+00:00,-0.66639555,7.818993126201719,NO ALERT,channel_42,1.5348135,REAL ESA MISSION 1 — verified downloaded archive
2013-09-30 23:04:00+00:00,-1.5287853,7.818993126201719,NO ALERT,channel_42,1.6103184,REAL ESA MISSION 1 — verified downloaded archive
2013-09-30 23:05:00+00:00,-1.290668,7.818993126201719,NO ALERT,channel_42,1.4783398,REAL ESA MISSION 1 — verified downloaded archive
2013-09-30 23:06:00+00:00,-0.32136962,7.818993126201719,NO ALERT,channel_42,1.468307,REAL ESA MISSION 1 — verified downloaded archive
2013-09-30 23:07:00+00:00,-0.64540184,7.818993126201719,NO ALERT,channel_42,1.6581206,REAL ESA MISSION 1 — verified downloaded archive
2013-09-30 23:08:00+00:00,0.7237593,7.818993126201719,NO ALERT,channel_45,2.386393,REAL ESA MISSION 1 — verified downloaded archive
2013-09-30 23:09:00+00:00,-0.61731833,7.818993126201719,NO ALERT,channel_46,1.7221421,REAL ESA MISSION 1 — verified downloaded archive
2013-09-30 23:10:00+00:00,-0.45635363,7.818993126201719,NO ALERT,channel_46,2.152912,REAL ESA MISSION 1 — verified downloaded archive
2013-09-30 23:11:00+00:00,-1.4905814,7.818993126201719,NO ALERT,channel_46,2.127106,REAL ESA MISSION 1 — verified downloaded archive
2013-09-30 23:12:00+00:00,-0.5276505,7.818993126201719,NO ALERT,channel_42,1.568693,REAL ESA MISSION 1 — verified downloaded archive
2013-09-30 23:13:00+00:00,-1.1522623,7.818993126201719,NO ALERT,channel_43,1.217856,REAL ESA MISSION 1 — verified downloaded archive
2013-09-30 23:14:00+00:00,-1.2516704,7.818993126201719,NO ALERT,channel_46,1.2331742,REAL ESA MISSION 1 — verified downloaded archive
2013-09-30 23:15:00+00:00,-1.1784602,7.818993126201719,NO ALERT,channel_43,1.3312091,REAL ESA MISSION 1 — verified downloaded archive
2013-09-30 23:16:00+00:00,-1.1078912,7.818993126201719,NO ALERT,channel_46,1.3174134,REAL ESA MISSION 1 — verified downloaded archive
2013-09-30 23:17:00+00:00,-0.9936239,7.818993126201719,NO ALERT,channel_46,2.1633744,REAL ESA MISSION 1 — verified downloaded archive
2013-09-30 23:18:00+00:00,-0.8110479,7.818993126201719,NO ALERT,channel_43,1.5727965,REAL ESA MISSION 1 — verified downloaded archive
2013-09-30 23:19:00+00:00,-0.9071286,7.818993126201719,NO ALERT,channel_41,1.3343518,REAL ESA MISSION 1 — verified downloaded archive
2013-09-30 23:20:00+00:00,-1.2024285,7.818993126201719,NO ALERT,channel_46,2.0146215,REAL ESA MISSION 1 — verified downloaded archive
2013-09-30 23:21:00+00:00,-0.5691979,7.818993126201719,NO ALERT,channel_41,1.5880404,REAL ESA MISSION 1 — verified downloaded archive
2013-09-30 23:22:00+00:00,-1.5972939,7.818993126201719,NO ALERT,channel_44,1.939528,REAL ESA MISSION 1 — verified downloaded archive
2013-09-30 23:23:00+00:00,-1.187826,7.818993126201719,NO ALERT,channel_42,1.7017643,REAL ESA MISSION 1 — verified downloaded archive
2013-09-30 23:24:00+00:00,-0.6275978,7.818993126201719,NO ALERT,channel_41,1.642092,REAL ESA MISSION 1 — verified downloaded archive
2013-09-30 23:25:00+00:00,-0.7295385,7.818993126201719,NO ALERT,channel_44,1.8804233,REAL ESA MISSION 1 — verified downloaded archive
2013-09-30 23:26:00+00:00,-0.94166064,7.818993126201719,NO ALERT,channel_41,0.97354037,REAL ESA MISSION 1 — verified downloaded archive
2013-09-30 23:27:00+00:00,-0.7061466,7.818993126201719,NO ALERT,channel_42,1.3631326,REAL ESA MISSION 1 — verified downloaded archive
2013-09-30 23:28:00+00:00,-0.50176764,7.818993126201719,NO ALERT,channel_44,2.5514603,REAL ESA MISSION 1 — verified downloaded archive
2013-09-30 23:29:00+00:00,-1.3396662,7.818993126201719,NO ALERT,channel_45,1.2727822,REAL ESA MISSION 1 — verified downloaded archive
2013-09-30 23:30:00+00:00,-0.3016679,7.818993126201719,NO ALERT,channel_42,1.7462361,REAL ESA MISSION 1 — verified downloaded archive
2013-09-30 23:31:00+00:00,-1.1769959,7.818993126201719,NO ALERT,channel_42,1.625892,REAL ESA MISSION 1 — verified downloaded archive
2013-09-30 23:32:00+00:00,0.015990812,7.818993126201719,NO ALERT,channel_41,1.2671589,REAL ESA MISSION 1 — verified downloaded archive
2013-09-30 23:33:00+00:00,-1.0741009,7.818993126201719,NO ALERT,channel_45,2.0714817,REAL ESA MISSION 1 — verified downloaded archive
2013-09-30 23:34:00+00:00,-0.4516239,7.818993126201719,NO ALERT,channel_46,1.4702172,REAL ESA MISSION 1 — verified downloaded archive
2013-09-30 23:35:00+00:00,-1.0122529,7.818993126201719,NO ALERT,channel_45,1.2962197,REAL ESA MISSION 1 — verified downloaded archive
2013-09-30 23:36:00+00:00,-0.13490085,7.818993126201719,NO ALERT,channel_46,1.29804,REAL ESA MISSION 1 — verified downloaded archive
2013-09-30 23:37:00+00:00,-0.91435134,7.818993126201719,NO ALERT,channel_46,1.7520163,REAL ESA MISSION 1 — verified downloaded archive
2013-09-30 23:38:00+00:00,-0.25033227,7.818993126201719,NO ALERT,channel_46,1.593008,REAL ESA MISSION 1 — verified downloaded archive
2013-09-30 23:39:00+00:00,-0.8996557,7.818993126201719,NO ALERT,channel_43,1.1083472,REAL ESA MISSION 1 — verified downloaded archive
2013-09-30 23:40:00+00:00,-0.80789816,7.818993126201719,NO ALERT,channel_44,1.3213079,REAL ESA MISSION 1 — verified downloaded archive
2013-09-30 23:41:00+00:00,-0.726938,7.818993126201719,NO ALERT,channel_46,1.2900184,REAL ESA MISSION 1 — verified downloaded archive
2013-09-30 23:42:00+00:00,-1.3262016,7.818993126201719,NO ALERT,channel_46,1.6341648,REAL ESA MISSION 1 — verified downloaded archive
2013-09-30 23:43:00+00:00,-1.4873722,7.818993126201719,NO ALERT,channel_43,1.6493207,REAL ESA MISSION 1 — verified downloaded archive
2013-09-30 23:44:00+00:00,-0.5210219,7.818993126201719,NO ALERT,channel_43,1.0045111,REAL ESA MISSION 1 — verified downloaded archive
2013-09-30 23:45:00+00:00,-0.87800443,7.818993126201719,NO ALERT,channel_43,1.0045215,REAL ESA MISSION 1 — verified downloaded archive
2013-09-30 23:46:00+00:00,-0.50343835,7.818993126201719,NO ALERT,channel_44,1.4095806,REAL ESA MISSION 1 — verified downloaded archive
2013-09-30 23:47:00+00:00,-0.10138331,7.818993126201719,NO ALERT,channel_46,1.6074727,REAL ESA MISSION 1 — verified downloaded archive
2013-09-30 23:48:00+00:00,-0.5063591,7.818993126201719,NO ALERT,channel_41,1.3192503,REAL ESA MISSION 1 — verified downloaded archive
2013-09-30 23:49:00+00:00,-0.5125552,7.818993126201719,NO ALERT,channel_44,1.3626457,REAL ESA MISSION 1 — verified downloaded archive
2013-09-30 23:50:00+00:00,-1.1536034,7.818993126201719,NO ALERT,channel_42,0.8747114,REAL ESA MISSION 1 — verified downloaded archive
2013-09-30 23:51:00+00:00,-0.38985544,7.818993126201719,NO ALERT,channel_45,1.3293468,REAL ESA MISSION 1 — verified downloaded archive
2013-09-30 23:52:00+00:00,-0.950392,7.818993126201719,NO ALERT,channel_42,1.2739036,REAL ESA MISSION 1 — verified downloaded archive
2013-09-30 23:53:00+00:00,-1.1001307,7.818993126201719,NO ALERT,channel_46,1.397852,REAL ESA MISSION 1 — verified downloaded archive
2013-09-30 23:54:00+00:00,-0.73301005,7.818993126201719,NO ALERT,channel_45,1.2505507,REAL ESA MISSION 1 — verified downloaded archive
2013-09-30 23:55:00+00:00,-0.50775516,7.818993126201719,NO ALERT,channel_42,1.4480772,REAL ESA MISSION 1 — verified downloaded archive
2013-09-30 23:56:00+00:00,-1.4404821,7.818993126201719,NO ALERT,channel_45,1.2082647,REAL ESA MISSION 1 — verified downloaded archive
2013-09-30 23:57:00+00:00,-0.833433,7.818993126201719,NO ALERT,channel_41,1.1275268,REAL ESA MISSION 1 — verified downloaded archive
2013-09-30 23:58:00+00:00,-0.82444453,7.818993126201719,NO ALERT,channel_45,1.6202993,REAL ESA MISSION 1 — verified downloaded archive
2013-09-30 23:59:00+00:00,-0.90104115,7.818993126201719,NO ALERT,channel_46,1.9821876,REAL ESA MISSION 1 — verified downloaded archive
2013-10-01 00:00:00+00:00,-1.32756,7.818993126201719,NO ALERT,channel_45,1.428446,REAL ESA MISSION 1 — verified downloaded archive
2013-10-01 00:01:00+00:00,-0.37475684,7.818993126201719,NO ALERT,channel_45,1.1244526,REAL ESA MISSION 1 — verified downloaded archive
2013-10-01 00:02:00+00:00,-1.1791749,7.818993126201719,NO ALERT,channel_46,1.3232801,REAL ESA MISSION 1 — verified downloaded archive
2013-10-01 00:03:00+00:00,-0.59757406,7.818993126201719,NO ALERT,channel_45,1.116099,REAL ESA MISSION 1 — verified downloaded archive
2013-10-01 00:04:00+00:00,-0.9075513,7.818993126201719,NO ALERT,channel_45,1.1232752,REAL ESA MISSION 1 — verified downloaded archive
2013-10-01 00:05:00+00:00,-0.43111482,7.818993126201719,NO ALERT,channel_42,1.0785506,REAL ESA MISSION 1 — verified downloaded archive
2013-10-01 00:06:00+00:00,-1.1139929,7.818993126201719,NO ALERT,channel_46,1.2869867,REAL ESA MISSION 1 — verified downloaded archive
2013-10-01 00:07:00+00:00,-1.4649833,7.818993126201719,NO ALERT,channel_43,1.1966896,REAL ESA MISSION 1 — verified downloaded archive
2013-10-01 00:08:00+00:00,-0.41742098,7.818993126201719,NO ALERT,channel_43,1.6543772,REAL ESA MISSION 1 — verified downloaded archive
2013-10-01 00:09:00+00:00,-1.7604407,7.818993126201719,NO ALERT,channel_46,1.6519976,REAL ESA MISSION 1 — verified downloaded archive
2013-10-01 00:10:00+00:00,-1.2970191,7.818993126201719,NO ALERT,channel_46,1.768387,REAL ESA MISSION 1 — verified downloaded archive
2013-10-01 00:11:00+00:00,-1.3700596,7.818993126201719,NO ALERT,channel_44,1.3154969,REAL ESA MISSION 1 — verified downloaded archive
2013-10-01 00:12:00+00:00,-1.2840894,7.818993126201719,NO ALERT,channel_44,1.2845932,REAL ESA MISSION 1 — verified downloaded archive
2013-10-01 00:13:00+00:00,-2.4584067,7.818993126201719,NO ALERT,channel_46,1.6605163,REAL ESA MISSION 1 — verified downloaded archive
2013-10-01 00:14:00+00:00,-0.3616701,7.818993126201719,NO ALERT,channel_41,1.3225799,REAL ESA MISSION 1 — verified downloaded archive
2013-10-01 00:15:00+00:00,-1.1829722,7.818993126201719,NO ALERT,channel_41,1.4509146,REAL ESA MISSION 1 — verified downloaded archive
2013-10-01 00:16:00+00:00,-0.69108266,7.818993126201719,NO ALERT,channel_45,1.1751366,REAL ESA MISSION 1 — verified downloaded archive
2013-10-01 00:17:00+00:00,-0.7349589,7.818993126201719,NO ALERT,channel_42,1.3766352,REAL ESA MISSION 1 — verified downloaded archive
2013-10-01 00:18:00+00:00,-1.8835856,7.818993126201719,NO ALERT,channel_41,1.692407,REAL ESA MISSION 1 — verified downloaded archive
2013-10-01 00:19:00+00:00,-0.07522716,7.818993126201719,NO ALERT,channel_45,1.540585,REAL ESA MISSION 1 — verified downloaded archive
2013-10-01 00:20:00+00:00,-1.5889201,7.818993126201719,NO ALERT,channel_44,1.3698112,REAL ESA MISSION 1 — verified downloaded archive
2013-10-01 00:21:00+00:00,-1.3951056,7.818993126201719,NO ALERT,channel_45,1.3357993,REAL ESA MISSION 1 — verified downloaded archive
2013-10-01 00:22:00+00:00,-0.6866133,7.818993126201719,NO ALERT,channel_45,1.1617074,REAL ESA MISSION 1 — verified downloaded archive
2013-10-01 00:23:00+00:00,-1.3844026,7.818993126201719,NO ALERT,channel_42,1.4018967,REAL ESA MISSION 1 — verified downloaded archive
2013-10-01 00:24:00+00:00,-0.59717834,7.818993126201719,NO ALERT,channel_46,1.452755,REAL ESA MISSION 1 — verified downloaded archive
2013-10-01 00:25:00+00:00,-0.7980772,7.818993126201719,NO ALERT,channel_42,1.4866906,REAL ESA MISSION 1 — verified downloaded archive
2013-10-01 00:26:00+00:00,-1.9546402,7.818993126201719,NO ALERT,channel_42,1.0489949,REAL ESA MISSION 1 — verified downloaded archive
2013-10-01 00:27:00+00:00,-0.82216644,7.818993126201719,NO ALERT,channel_45,1.3954868,REAL ESA MISSION 1 — verified downloaded archive
2013-10-01 00:28:00+00:00,-0.51534444,7.818993126201719,NO ALERT,channel_46,1.7371528,REAL ESA MISSION 1 — verified downloaded archive
2013-10-01 00:29:00+00:00,-1.1792749,7.818993126201719,NO ALERT,channel_43,1.4597602,REAL ESA MISSION 1 — verified downloaded archive
2013-10-01 00:30:00+00:00,-1.3105189,7.818993126201719,NO ALERT,channel_46,1.4058956,REAL ESA MISSION 1 — verified downloaded archive
2013-10-01 00:31:00+00:00,-0.541501,7.818993126201719,NO ALERT,channel_44,1.2372465,REAL ESA MISSION 1 — verified downloaded archive
2013-10-01 00:32:00+00:00,-1.4627563,7.818993126201719,NO ALERT,channel_44,1.3360531,REAL ESA MISSION 1 — verified downloaded archive
2013-10-01 00:33:00+00:00,-0.19913702,7.818993126201719,NO ALERT,channel_41,1.3995732,REAL ESA MISSION 1 — verified downloaded archive
2013-10-01 00:34:00+00:00,-0.55317277,7.818993126201719,NO ALERT,channel_44,1.5458994,REAL ESA MISSION 1 — verified downloaded archive
2013-10-01 00:35:00+00:00,-0.43059772,7.818993126201719,NO ALERT,channel_44,1.4033403,REAL ESA MISSION 1 — verified downloaded archive
2013-10-01 00:36:00+00:00,-0.90449494,7.818993126201719,NO ALERT,channel_41,1.4681462,REAL ESA MISSION 1 — verified downloaded archive
2013-10-01 00:37:00+00:00,-0.51928914,7.818993126201719,NO ALERT,channel_44,1.7614816,REAL ESA MISSION 1 — verified downloaded archive
2013-10-01 00:38:00+00:00,-1.0444534,7.818993126201719,NO ALERT,channel_41,2.0007331,REAL ESA MISSION 1 — verified downloaded archive
2013-10-01 00:39:00+00:00,-0.8022214,7.818993126201719,NO ALERT,channel_44,2.0000584,REAL ESA MISSION 1 — verified downloaded archive
2013-10-01 00:40:00+00:00,-0.7090324,7.818993126201719,NO ALERT,channel_44,1.7155224,REAL ESA MISSION 1 — verified downloaded archive
2013-10-01 00:41:00+00:00,-1.0663114,7.818993126201719,NO ALERT,channel_42,1.3429029,REAL ESA MISSION 1 — verified downloaded archive
2013-10-01 00:42:00+00:00,-1.5199109,7.818993126201719,NO ALERT,channel_45,1.4702901,REAL ESA MISSION 1 — verified downloaded archive
2013-10-01 00:43:00+00:00,-1.326506,7.818993126201719,NO ALERT,channel_42,1.5141118,REAL ESA MISSION 1 — verified downloaded archive
2013-10-01 00:44:00+00:00,-1.3204622,7.818993126201719,NO ALERT,channel_42,1.2627115,REAL ESA MISSION 1 — verified downloaded archive
2013-10-01 00:45:00+00:00,-1.2685404,7.818993126201719,NO ALERT,channel_45,1.3860066,REAL ESA MISSION 1 — verified downloaded archive
2013-10-01 00:46:00+00:00,-0.7035011,7.818993126201719,NO ALERT,channel_46,1.8874015,REAL ESA MISSION 1 — verified downloaded archive
2013-10-01 00:47:00+00:00,-1.2957455,7.818993126201719,NO ALERT,channel_46,2.5712972,REAL ESA MISSION 1 — verified downloaded archive
2013-10-01 00:48:00+00:00,-0.6828675,7.818993126201719,NO ALERT,channel_42,1.7325664,REAL ESA MISSION 1 — verified downloaded archive
2013-10-01 00:49:00+00:00,-0.39314395,7.818993126201719,NO ALERT,channel_42,1.2686428,REAL ESA MISSION 1 — verified downloaded archive
2013-10-01 00:50:00+00:00,-1.2941824,7.818993126201719,NO ALERT,channel_42,1.5935591,REAL ESA MISSION 1 — verified downloaded archive
2013-10-01 00:51:00+00:00,-1.6022135,7.818993126201719,NO ALERT,channel_46,1.4798577,REAL ESA MISSION 1 — verified downloaded archive
2013-10-01 00:52:00+00:00,-0.6284332,7.818993126201719,NO ALERT,channel_46,1.9258276,REAL ESA MISSION 1 — verified downloaded archive
2013-10-01 00:53:00+00:00,-1.1902698,7.818993126201719,NO ALERT,channel_43,1.5239418,REAL ESA MISSION 1 — verified downloaded archive
2013-10-01 00:54:00+00:00,-0.8581259,7.818993126201719,NO ALERT,channel_43,1.491207,REAL ESA MISSION 1 — verified downloaded archive
2013-10-01 00:55:00+00:00,-1.7678715,7.818993126201719,NO ALERT,channel_46,1.8574685,REAL ESA MISSION 1 — verified downloaded archive
2013-10-01 00:56:00+00:00,-2.1091194,7.818993126201719,NO ALERT,channel_46,2.4275002,REAL ESA MISSION 1 — verified downloaded archive
2013-10-01 00:57:00+00:00,-0.13846698,7.818993126201719,NO ALERT,channel_43,1.4171934,REAL ESA MISSION 1 — verified downloaded archive
2013-10-01 00:58:00+00:00,-0.03459723,7.818993126201719,NO ALERT,channel_44,1.826156,REAL ESA MISSION 1 — verified downloaded archive
2013-10-01 00:59:00+00:00,-0.94750154,7.818993126201719,NO ALERT,channel_44,1.2763537,REAL ESA MISSION 1 — verified downloaded archive
2013-10-01 01:00:00+00:00,-1.3101096,7.818993126201719,NO ALERT,channel_41,1.5052713,REAL ESA MISSION 1 — verified downloaded archive
2013-10-01 01:01:00+00:00,0.40543365,7.818993126201719,NO ALERT,channel_41,1.3229153,REAL ESA MISSION 1 — verified downloaded archive
2013-10-01 01:02:00+00:00,-0.75963676,7.818993126201719,NO ALERT,channel_41,1.6105098,REAL ESA MISSION 1 — verified downloaded archive
2013-10-01 01:03:00+00:00,-0.62044215,7.818993126201719,NO ALERT,channel_41,1.4200919,REAL ESA MISSION 1 — verified downloaded archive
2013-10-01 01:04:00+00:00,-0.25455946,7.818993126201719,NO ALERT,channel_42,1.646634,REAL ESA MISSION 1 — verified downloaded archive
2013-10-01 01:05:00+00:00,-0.36946252,7.818993126201719,NO ALERT,channel_42,1.382375,REAL ESA MISSION 1 — verified downloaded archive
2013-10-01 01:06:00+00:00,-0.42761403,7.818993126201719,NO ALERT,channel_44,1.6549824,REAL ESA MISSION 1 — verified downloaded archive
2013-10-01 01:07:00+00:00,-0.55266035,7.818993126201719,NO ALERT,channel_45,1.5325776,REAL ESA MISSION 1 — verified downloaded archive
2013-10-01 01:08:00+00:00,-1.1470625,7.818993126201719,NO ALERT,channel_41,1.6158458,REAL ESA MISSION 1 — verified downloaded archive
2013-10-01 01:09:00+00:00,-0.945679,7.818993126201719,NO ALERT,channel_45,1.4730233,REAL ESA MISSION 1 — verified downloaded archive
2013-10-01 01:10:00+00:00,-0.39449278,7.818993126201719,NO ALERT,channel_45,2.0354729,REAL ESA MISSION 1 — verified downloaded archive
2013-10-01 01:11:00+00:00,-0.155094,7.818993126201719,NO ALERT,channel_45,1.5442104,REAL ESA MISSION 1 — verified downloaded archive
2013-10-01 01:12:00+00:00,-0.91449976,7.818993126201719,NO ALERT,channel_45,1.5287708,REAL ESA MISSION 1 — verified downloaded archive
2013-10-01 01:13:00+00:00,-0.8418408,7.818993126201719,NO ALERT,channel_46,1.259062,REAL ESA MISSION 1 — verified downloaded archive
2013-10-01 01:14:00+00:00,41.21242,7.818993126201719,ANOMALY,channel_43,100.0,REAL ESA MISSION 1 — verified downloaded archive
2013-10-01 01:15:00+00:00,1.44591,7.818993126201719,NO ALERT,channel_42,1.397967,REAL ESA MISSION 1 — verified downloaded archive
2013-10-01 01:16:00+00:00,2.839089,7.818993126201719,NO ALERT,channel_42,1.3077672,REAL ESA MISSION 1 — verified downloaded archive
2013-10-01 01:17:00+00:00,4.4330883,7.818993126201719,NO ALERT,channel_42,1.304276,REAL ESA MISSION 1 — verified downloaded archive
2013-10-01 01:18:00+00:00,4.6158185,7.818993126201719,NO ALERT,channel_46,1.9728631,REAL ESA MISSION 1 — verified downloaded archive
2013-10-01 01:19:00+00:00,2.5859196,7.818993126201719,NO ALERT,channel_44,1.0479175,REAL ESA MISSION 1 — verified downloaded archive
2013-10-01 01:20:00+00:00,4.539907,7.818993126201719,NO ALERT,channel_44,1.6762536,REAL ESA MISSION 1 — verified downloaded archive
2013-10-01 01:21:00+00:00,2.003408,7.818993126201719,NO ALERT,channel_44,1.4138039,REAL ESA MISSION 1 — verified downloaded archive
2013-10-01 01:22:00+00:00,3.3922808,7.818993126201719,NO ALERT,channel_44,1.2853292,REAL ESA MISSION 1 — verified downloaded archive
2013-10-01 01:23:00+00:00,3.489506,7.818993126201719,NO ALERT,channel_41,1.3111277,REAL ESA MISSION 1 — verified downloaded archive
2013-10-01 01:24:00+00:00,1.9705244,7.818993126201719,NO ALERT,channel_44,1.4606262,REAL ESA MISSION 1 — verified downloaded archive
2013-10-01 01:25:00+00:00,3.2010214,7.818993126201719,NO ALERT,channel_44,1.5467983,REAL ESA MISSION 1 — verified downloaded archive
2013-10-01 01:26:00+00:00,3.7417963,7.818993126201719,NO ALERT,channel_41,1.3680648,REAL ESA MISSION 1 — verified downloaded archive
2013-10-01 01:27:00+00:00,3.0778663,7.818993126201719,NO ALERT,channel_41,1.4738399,REAL ESA MISSION 1 — verified downloaded archive
2013-10-01 01:28:00+00:00,4.314791,7.818993126201719,NO ALERT,channel_41,1.4526522,REAL ESA MISSION 1 — verified downloaded archive
2013-10-01 01:29:00+00:00,3.1606076,7.818993126201719,NO ALERT,channel_44,1.5009953,REAL ESA MISSION 1 — verified downloaded archive
2013-10-01 01:30:00+00:00,3.226606,7.818993126201719,NO ALERT,channel_44,1.1570065,REAL ESA MISSION 1 — verified downloaded archive
2013-10-01 01:31:00+00:00,3.2849517,7.818993126201719,NO ALERT,channel_42,1.3238983,REAL ESA MISSION 1 — verified downloaded archive
2013-10-01 01:32:00+00:00,4.0459247,7.818993126201719,NO ALERT,channel_42,1.5904341,REAL ESA MISSION 1 — verified downloaded archive
2013-10-01 01:33:00+00:00,3.0539827,7.818993126201719,NO ALERT,channel_42,1.7485675,REAL ESA MISSION 1 — verified downloaded archive
2013-10-01 01:34:00+00:00,3.7395778,7.818993126201719,NO ALERT,channel_46,1.5977243,REAL ESA MISSION 1 — verified downloaded archive
2013-10-01 01:35:00+00:00,4.401152,7.818993126201719,NO ALERT,channel_41,1.1875567,REAL ESA MISSION 1 — verified downloaded archive
2013-10-01 01:36:00+00:00,2.7070506,7.818993126201719,NO ALERT,channel_46,1.1508777,REAL ESA MISSION 1 — verified downloaded archive
2013-10-01 01:37:00+00:00,4.537538,7.818993126201719,NO ALERT,channel_46,1.0279443,REAL ESA MISSION 1 — verified downloaded archive
2013-10-01 01:38:00+00:00,3.6046667,7.818993126201719,NO ALERT,channel_45,1.6058452,REAL ESA MISSION 1 — verified downloaded archive
2013-10-01 01:39:00+00:00,5.3613343,7.818993126201719,NO ALERT,channel_46,1.3890458,REAL ESA MISSION 1 — verified downloaded archive
2013-10-01 01:40:00+00:00,4.3734193,7.818993126201719,NO ALERT,channel_46,1.3796623,REAL ESA MISSION 1 — verified downloaded archive
2013-10-01 01:41:00+00:00,3.4981513,7.818993126201719,NO ALERT,channel_46,1.0549276,REAL ESA MISSION 1 — verified downloaded archive
2013-10-01 01:42:00+00:00,4.0779715,7.818993126201719,NO ALERT,channel_46,1.3472947,REAL ESA MISSION 1 — verified downloaded archive
2013-10-01 01:43:00+00:00,2.1833389,7.818993126201719,NO ALERT,channel_46,1.5227231,REAL ESA MISSION 1 — verified downloaded archive
2013-10-01 01:44:00+00:00,3.7686832,7.818993126201719,NO ALERT,channel_46,1.3145334,REAL ESA MISSION 1 — verified downloaded archive
2013-10-01 01:45:00+00:00,3.2946506,7.818993126201719,NO ALERT,channel_46,1.3038067,REAL ESA MISSION 1 — verified downloaded archive
2013-10-01 01:46:00+00:00,4.7887306,7.818993126201719,NO ALERT,channel_46,0.9965533,REAL ESA MISSION 1 — verified downloaded archive
2013-10-01 01:47:00+00:00,3.4610007,7.818993126201719,NO ALERT,channel_42,1.1863716,REAL ESA MISSION 1 — verified downloaded archive
2013-10-01 01:48:00+00:00,4.2053432,7.818993126201719,NO ALERT,channel_44,1.9329046,REAL ESA MISSION 1 — verified downloaded archive
2013-10-01 01:49:00+00:00,3.4541526,7.818993126201719,NO ALERT,channel_42,0.9133213,REAL ESA MISSION 1 — verified downloaded archive
2013-10-01 01:50:00+00:00,3.3404772,7.818993126201719,NO ALERT,channel_42,1.2858171,REAL ESA MISSION 1 — verified downloaded archive
2013-10-01 01:51:00+00:00,3.132994,7.818993126201719,NO ALERT,channel_42,1.4423984,REAL ESA MISSION 1 — verified downloaded archive
2013-10-01 01:52:00+00:00,4.5412517,7.818993126201719,NO ALERT,channel_42,1.7077826,REAL ESA MISSION 1 — verified downloaded archive
2013-10-01 01:53:00+00:00,4.1342335,7.818993126201719,NO ALERT,channel_42,1.7755677,REAL ESA MISSION 1 — verified downloaded archive
2013-10-01 01:54:00+00:00,6.267924,7.818993126201719,NO ALERT,channel_42,1.4454786,REAL ESA MISSION 1 — verified downloaded archive
2013-10-01 01:55:00+00:00,2.5173268,7.818993126201719,NO ALERT,channel_42,1.6129745,REAL ESA MISSION 1 — verified downloaded archive
2013-10-01 01:56:00+00:00,3.6091409,7.818993126201719,NO ALERT,channel_42,1.6864887,REAL ESA MISSION 1 — verified downloaded archive
2013-10-01 01:57:00+00:00,5.275406,7.818993126201719,NO ALERT,channel_45,1.4494507,REAL ESA MISSION 1 — verified downloaded archive
2013-10-01 01:58:00+00:00,5.309869,7.818993126201719,NO ALERT,channel_45,1.7859862,REAL ESA MISSION 1 — verified downloaded archive
2013-10-01 01:59:00+00:00,3.6912596,7.818993126201719,NO ALERT,channel_45,1.1596345,REAL ESA MISSION 1 — verified downloaded archive
2013-10-01 02:00:00+00:00,3.9604194,7.818993126201719,NO ALERT,channel_45,1.3937689,REAL ESA MISSION 1 — verified downloaded archive
2013-10-01 02:01:00+00:00,5.0094543,7.818993126201719,NO ALERT,channel_45,1.497401,REAL ESA MISSION 1 — verified downloaded archive
2013-10-01 02:02:00+00:00,2.50458,7.818993126201719,NO ALERT,channel_45,1.6065146,REAL ESA MISSION 1 — verified downloaded archive
2013-10-01 02:03:00+00:00,4.0647388,7.818993126201719,NO ALERT,channel_42,1.2720666,REAL ESA MISSION 1 — verified downloaded archive
2013-10-01 02:04:00+00:00,4.942635,7.818993126201719,NO ALERT,channel_45,1.225275,REAL ESA MISSION 1 — verified downloaded archive
2013-10-01 02:05:00+00:00,3.1585815,7.818993126201719,NO ALERT,channel_45,1.4585907,REAL ESA MISSION 1 — verified downloaded archive
2013-10-01 02:06:00+00:00,3.385936,7.818993126201719,NO ALERT,channel_44,1.2564998,REAL ESA MISSION 1 — verified downloaded archive
2013-10-01 02:07:00+00:00,3.6046317,7.818993126201719,NO ALERT,channel_45,1.2097445,REAL ESA MISSION 1 — verified downloaded archive
2013-10-01 02:08:00+00:00,5.022318,7.818993126201719,NO ALERT,channel_46,2.0918553,REAL ESA MISSION 1 — verified downloaded archive
2013-10-01 02:09:00+00:00,2.8504386,7.818993126201719,NO ALERT,channel_44,1.4034472,REAL ESA MISSION 1 — verified downloaded archive
2013-10-01 02:10:00+00:00,4.8430724,7.818993126201719,NO ALERT,channel_44,1.5911086,REAL ESA MISSION 1 — verified downloaded archive
2013-10-01 02:11:00+00:00,3.8576686,7.818993126201719,NO ALERT,channel_44,1.8844771,REAL ESA MISSION 1 — verified downloaded archive
2013-10-01 02:12:00+00:00,5.1592436,7.818993126201719,NO ALERT,channel_44,1.6516049,REAL ESA MISSION 1 — verified downloaded archive
2013-10-01 02:13:00+00:00,4.2644377,7.818993126201719,NO ALERT,channel_41,1.5083187,REAL ESA MISSION 1 — verified downloaded archive
2013-10-01 02:14:00+00:00,2.6013668,7.818993126201719,NO ALERT,channel_44,2.1598542,REAL ESA MISSION 1 — verified downloaded archive
2013-10-01 02:15:00+00:00,2.9384658,7.818993126201719,NO ALERT,channel_44,1.4787232,REAL ESA MISSION 1 — verified downloaded archive
2013-10-01 02:16:00+00:00,2.6034658,7.818993126201719,NO ALERT,channel_44,1.3553815,REAL ESA MISSION 1 — verified downloaded archive
2013-10-01 02:17:00+00:00,1.9092039,7.818993126201719,NO ALERT,channel_44,1.1353338,REAL ESA MISSION 1 — verified downloaded archive
2013-10-01 02:18:00+00:00,3.7742584,7.818993126201719,NO ALERT,channel_44,1.5692519,REAL ESA MISSION 1 — verified downloaded archive
2013-10-01 02:19:00+00:00,1.275603,7.818993126201719,NO ALERT,channel_42,1.1318674,REAL ESA MISSION 1 — verified downloaded archive
2013-10-01 02:20:00+00:00,0.7177695,7.818993126201719,NO ALERT,channel_42,1.105679,REAL ESA MISSION 1 — verified downloaded archive
2013-10-01 02:21:00+00:00,4.554771,7.818993126201719,NO ALERT,channel_42,1.5781308,REAL ESA MISSION 1 — verified downloaded archive
2013-10-01 02:22:00+00:00,4.354221,7.818993126201719,NO ALERT,channel_42,1.8452209,REAL ESA MISSION 1 — verified downloaded archive
2013-10-01 02:23:00+00:00,0.5532089,7.818993126201719,NO ALERT,channel_42,1.028181,REAL ESA MISSION 1 — verified downloaded archive
2013-10-01 02:24:00+00:00,1.480431,7.818993126201719,NO ALERT,channel_42,1.3064018,REAL ESA MISSION 1 — verified downloaded archive
2013-10-01 02:25:00+00:00,2.0442739,7.818993126201719,NO ALERT,channel_42,0.98129296,REAL ESA MISSION 1 — verified downloaded archive
2013-10-01 02:26:00+00:00,2.8364532,7.818993126201719,NO ALERT,channel_46,1.2719593,REAL ESA MISSION 1 — verified downloaded archive
2013-10-01 02:27:00+00:00,4.5434604,7.818993126201719,NO ALERT,channel_46,1.3363992,REAL ESA MISSION 1 — verified downloaded archive
2013-10-01 02:28:00+00:00,3.4707468,7.818993126201719,NO ALERT,channel_46,1.4775848,REAL ESA MISSION 1 — verified downloaded archive
2013-10-01 02:29:00+00:00,2.4212422,7.818993126201719,NO ALERT,channel_45,1.0695465,REAL ESA MISSION 1 — verified downloaded archive
2013-10-01 02:30:00+00:00,2.887032,7.818993126201719,NO ALERT,channel_46,0.97388434,REAL ESA MISSION 1 — verified downloaded archive
2013-10-01 02:31:00+00:00,3.212187,7.818993126201719,NO ALERT,channel_46,0.9587525,REAL ESA MISSION 1 — verified downloaded archive
2013-10-01 02:32:00+00:00,4.7134805,7.818993126201719,NO ALERT,channel_46,1.541294,REAL ESA MISSION 1 — verified downloaded archive
2013-10-01 02:33:00+00:00,2.8133652,7.818993126201719,NO ALERT,channel_44,1.0780663,REAL ESA MISSION 1 — verified downloaded archive
2013-10-01 02:34:00+00:00,2.4694211,7.818993126201719,NO ALERT,channel_44,0.94868547,REAL ESA MISSION 1 — verified downloaded archive
2013-10-01 02:35:00+00:00,3.7977464,7.818993126201719,NO ALERT,channel_44,0.93256915,REAL ESA MISSION 1 — verified downloaded archive
2013-10-01 02:36:00+00:00,1.0798916,7.818993126201719,NO ALERT,channel_46,1.1136773,REAL ESA MISSION 1 — verified downloaded archive
2013-10-01 02:37:00+00:00,4.174253,7.818993126201719,NO ALERT,channel_42,1.0100548,REAL ESA MISSION 1 — verified downloaded archive
2013-10-01 02:38:00+00:00,3.4221728,7.818993126201719,NO ALERT,channel_44,1.2775769,REAL ESA MISSION 1 — verified downloaded archive
2013-10-01 02:39:00+00:00,1.7972362,7.818993126201719,NO ALERT,channel_44,1.4105587,REAL ESA MISSION 1 — verified downloaded archive
2013-10-01 02:40:00+00:00,3.8318589,7.818993126201719,NO ALERT,channel_44,1.1669352,REAL ESA MISSION 1 — verified downloaded archive
2013-10-01 02:41:00+00:00,2.4932706,7.818993126201719,NO ALERT,channel_44,1.1593668,REAL ESA MISSION 1 — verified downloaded archive
2013-10-01 02:42:00+00:00,2.0383337,7.818993126201719,NO ALERT,channel_44,1.3622297,REAL ESA MISSION 1 — verified downloaded archive
2013-10-01 02:43:00+00:00,2.3189137,7.818993126201719,NO ALERT,channel_42,2.0478084,REAL ESA MISSION 1 — verified downloaded archive
2013-10-01 02:44:00+00:00,1.3710523,7.818993126201719,NO ALERT,channel_41,1.2110422,REAL ESA MISSION 1 — verified downloaded archive
2013-10-01 02:45:00+00:00,3.3319046,7.818993126201719,NO ALERT,channel_44,1.231387,REAL ESA MISSION 1 — verified downloaded archive
2013-10-01 02:46:00+00:00,2.0214238,7.818993126201719,NO ALERT,channel_41,0.94674766,REAL ESA MISSION 1 — verified downloaded archive
2013-10-01 02:47:00+00:00,4.1474223,7.818993126201719,NO ALERT,channel_42,1.6466036,REAL ESA MISSION 1 — verified downloaded archive
2013-10-01 02:48:00+00:00,4.4513173,7.818993126201719,NO ALERT,channel_45,1.2986292,REAL ESA MISSION 1 — verified downloaded archive
2013-10-01 02:49:00+00:00,1.5752994,7.818993126201719,NO ALERT,channel_42,1.4499439,REAL ESA MISSION 1 — verified downloaded archive
2013-10-01 02:50:00+00:00,-0.036761444,7.818993126201719,NO ALERT,channel_42,1.2535113,REAL ESA MISSION 1 — verified downloaded archive
2013-10-01 02:51:00+00:00,2.160235,7.818993126201719,NO ALERT,channel_42,1.734943,REAL ESA MISSION 1 — verified downloaded archive
2013-10-01 02:52:00+00:00,2.4598572,7.818993126201719,NO ALERT,channel_46,1.326271,REAL ESA MISSION 1 — verified downloaded archive
2013-10-01 02:53:00+00:00,1.8296098,7.818993126201719,NO ALERT,channel_45,1.5089344,REAL ESA MISSION 1 — verified downloaded archive
2013-10-01 02:54:00+00:00,2.0431795,7.818993126201719,NO ALERT,channel_46,1.1904885,REAL ESA MISSION 1 — verified downloaded archive
2013-10-01 02:55:00+00:00,2.4906948,7.818993126201719,NO ALERT,channel_46,1.4655683,REAL ESA MISSION 1 — verified downloaded archive
2013-10-01 02:56:00+00:00,3.159607,7.818993126201719,NO ALERT,channel_46,1.5388931,REAL ESA MISSION 1 — verified downloaded archive
2013-10-01 02:57:00+00:00,2.100629,7.818993126201719,NO ALERT,channel_44,1.268032,REAL ESA MISSION 1 — verified downloaded archive
2013-10-01 02:58:00+00:00,3.0006223,7.818993126201719,NO ALERT,channel_46,1.4611106,REAL ESA MISSION 1 — verified downloaded archive
2013-10-01 02:59:00+00:00,3.5381823,7.818993126201719,NO ALERT,channel_46,1.5002598,REAL ESA MISSION 1 — verified downloaded archive
2013-10-01 03:00:00+00:00,2.2697415,7.818993126201719,NO ALERT,channel_44,1.1666274,REAL ESA MISSION 1 — verified downloaded archive
2013-10-01 03:01:00+00:00,2.1608355,7.818993126201719,NO ALERT,channel_44,1.4609203,REAL ESA MISSION 1 — verified downloaded archive
2013-10-01 03:02:00+00:00,2.1135316,7.818993126201719,NO ALERT,channel_44,1.121244,REAL ESA MISSION 1 — verified downloaded archive
2013-10-01 03:03:00+00:00,1.2138675,7.818993126201719,NO ALERT,channel_44,1.427944,REAL ESA MISSION 1 — verified downloaded archive
2013-10-01 03:04:00+00:00,0.8019711,7.818993126201719,NO ALERT,channel_41,1.1935145,REAL ESA MISSION 1 — verified downloaded archive
2013-10-01 03:05:00+00:00,-0.104924515,7.818993126201719,NO ALERT,channel_44,1.0820028,REAL ESA MISSION 1 — verified downloaded archive
2013-10-01 03:06:00+00:00,3.825609,7.818993126201719,NO ALERT,channel_42,1.2488456,REAL ESA MISSION 1 — verified downloaded archive
2013-10-01 03:07:00+00:00,2.6470897,7.818993126201719,NO ALERT,channel_45,1.1592231,REAL ESA MISSION 1 — verified downloaded archive
2013-10-01 03:08:00+00:00,2.964214,7.818993126201719,NO ALERT,channel_41,1.5421573,REAL ESA MISSION 1 — verified downloaded archive
2013-10-01 03:09:00+00:00,2.906531,7.818993126201719,NO ALERT,channel_44,1.8000425,REAL ESA MISSION 1 — verified downloaded archive
2013-10-01 03:10:00+00:00,2.8970292,7.818993126201719,NO ALERT,channel_42,1.3496677,REAL ESA MISSION 1 — verified downloaded archive
2013-10-01 03:11:00+00:00,3.586323,7.818993126201719,NO ALERT,channel_42,1.4208521,REAL ESA MISSION 1 — verified downloaded archive
2013-10-01 03:12:00+00:00,2.8765352,7.818993126201719,NO ALERT,channel_42,1.2988008,REAL ESA MISSION 1 — verified downloaded archive
2013-10-01 03:13:00+00:00,2.9328299,7.818993126201719,NO ALERT,channel_42,1.6928749,REAL ESA MISSION 1 — verified downloaded archive
2013-10-01 03:14:00+00:00,3.208107,7.818993126201719,NO ALERT,channel_46,1.2255784,REAL ESA MISSION 1 — verified downloaded archive
2013-10-01 03:15:00+00:00,2.5364175,7.818993126201719,NO ALERT,channel_42,1.4842448,REAL ESA MISSION 1 — verified downloaded archive
2013-10-01 03:16:00+00:00,4.4559536,7.818993126201719,NO ALERT,channel_45,1.0946805,REAL ESA MISSION 1 — verified downloaded archive
2013-10-01 03:17:00+00:00,3.2740438,7.818993126201719,NO ALERT,channel_45,1.0843008,REAL ESA MISSION 1 — verified downloaded archive
2013-10-01 03:18:00+00:00,3.5453966,7.818993126201719,NO ALERT,channel_46,1.5173789,REAL ESA MISSION 1 — verified downloaded archive
2013-10-01 03:19:00+00:00,3.8033564,7.818993126201719,NO ALERT,channel_46,1.0981779,REAL ESA MISSION 1 — verified downloaded archive
2013-10-01 03:20:00+00:00,2.2509923,7.818993126201719,NO ALERT,channel_44,1.31463,REAL ESA MISSION 1 — verified downloaded archive
2013-10-01 03:21:00+00:00,2.8398304,7.818993126201719,NO ALERT,channel_46,1.5506915,REAL ESA MISSION 1 — verified downloaded archive
2013-10-01 03:22:00+00:00,2.5450368,7.818993126201719,NO ALERT,channel_44,0.9408472,REAL ESA MISSION 1 — verified downloaded archive
2013-10-01 03:23:00+00:00,2.1618354,7.818993126201719,NO ALERT,channel_46,1.029767,REAL ESA MISSION 1 — verified downloaded archive
2013-10-01 03:24:00+00:00,2.6849055,7.818993126201719,NO ALERT,channel_44,1.6419905,REAL ESA MISSION 1 — verified downloaded archive
2013-10-01 03:25:00+00:00,1.9694017,7.818993126201719,NO ALERT,channel_44,1.1883122,REAL ESA MISSION 1 — verified downloaded archive
2013-10-01 03:26:00+00:00,3.0454242,7.818993126201719,NO ALERT,channel_44,1.2633303,REAL ESA MISSION 1 — verified downloaded archive
2013-10-01 03:27:00+00:00,2.7640855,7.818993126201719,NO ALERT,channel_46,1.7182065,REAL ESA MISSION 1 — verified downloaded archive
2013-10-01 03:28:00+00:00,4.559097,7.818993126201719,NO ALERT,channel_46,1.6520145,REAL ESA MISSION 1 — verified downloaded archive
2013-10-01 03:29:00+00:00,2.00135,7.818993126201719,NO ALERT,channel_44,0.9871568,REAL ESA MISSION 1 — verified downloaded archive
2013-10-01 03:30:00+00:00,0.59891987,7.818993126201719,NO ALERT,channel_42,1.396027,REAL ESA MISSION 1 — verified downloaded archive
2013-10-01 03:31:00+00:00,1.7650403,7.818993126201719,NO ALERT,channel_41,1.1137952,REAL ESA MISSION 1 — verified downloaded archive
2013-10-01 03:32:00+00:00,2.705954,7.818993126201719,NO ALERT,channel_44,1.2908195,REAL ESA MISSION 1 — verified downloaded archive
2013-10-01 03:33:00+00:00,1.745359,7.818993126201719,NO ALERT,channel_45,1.2586762,REAL ESA MISSION 1 — verified downloaded archive
2013-10-01 03:34:00+00:00,2.0152583,7.818993126201719,NO ALERT,channel_45,1.1169468,REAL ESA MISSION 1 — verified downloaded archive
2013-10-01 03:35:00+00:00,2.195257,7.818993126201719,NO ALERT,channel_42,1.8527001,REAL ESA MISSION 1 — verified downloaded archive
2013-10-01 03:36:00+00:00,1.4665669,7.818993126201719,NO ALERT,channel_42,1.5359441,REAL ESA MISSION 1 — verified downloaded archive
2013-10-01 03:37:00+00:00,0.58595276,7.818993126201719,NO ALERT,channel_42,1.4087392,REAL ESA MISSION 1 — verified downloaded archive
2013-10-01 03:38:00+00:00,5.2130938,7.818993126201719,NO ALERT,channel_45,1.3763629,REAL ESA MISSION 1 — verified downloaded archive
2013-10-01 03:39:00+00:00,1.6847892,7.818993126201719,NO ALERT,channel_42,1.1619208,REAL ESA MISSION 1 — verified downloaded archive
2013-10-01 03:40:00+00:00,0.84593445,7.818993126201719,NO ALERT,channel_42,1.3577484,REAL ESA MISSION 1 — verified downloaded archive
2013-10-01 03:41:00+00:00,1.4352481,7.818993126201719,NO ALERT,channel_46,1.0344208,REAL ESA MISSION 1 — verified downloaded archive
2013-10-01 03:42:00+00:00,2.482199,7.818993126201719,NO ALERT,channel_46,1.2092812,REAL ESA MISSION 1 — verified downloaded archive
2013-10-01 03:43:00+00:00,1.0031273,7.818993126201719,NO ALERT,channel_46,1.6824915,REAL ESA MISSION 1 — verified downloaded archive
2013-10-01 03:44:00+00:00,1.1650056,7.818993126201719,NO ALERT,channel_44,0.9523377,REAL ESA MISSION 1 — verified downloaded archive
2013-10-01 03:45:00+00:00,2.2692688,7.818993126201719,NO ALERT,channel_46,1.4475551,REAL ESA MISSION 1 — verified downloaded archive
2013-10-01 03:46:00+00:00,2.1228242,7.818993126201719,NO ALERT,channel_46,1.3424296,REAL ESA MISSION 1 — verified downloaded archive
2013-10-01 03:47:00+00:00,0.78451866,7.818993126201719,NO ALERT,channel_46,0.9402779,REAL ESA MISSION 1 — verified downloaded archive
2013-10-01 03:48:00+00:00,3.9262269,7.818993126201719,NO ALERT,channel_46,1.4295979,REAL ESA MISSION 1 — verified downloaded archive
2013-10-01 03:49:00+00:00,0.97146404,7.818993126201719,NO ALERT,channel_44,1.2673993,REAL ESA MISSION 1 — verified downloaded archive
2013-10-01 03:50:00+00:00,0.60098046,7.818993126201719,NO ALERT,channel_44,0.9330684,REAL ESA MISSION 1 — verified downloaded archive
2013-10-01 03:51:00+00:00,1.3152376,7.818993126201719,NO ALERT,channel_44,1.0120935,REAL ESA MISSION 1 — verified downloaded archive
2013-10-01 03:52:00+00:00,2.5223515,7.818993126201719,NO ALERT,channel_46,0.9316873,REAL ESA MISSION 1 — verified downloaded archive
2013-10-01 03:53:00+00:00,1.7415363,7.818993126201719,NO ALERT,channel_44,2.1619043,REAL ESA MISSION 1 — verified downloaded archive
2013-10-01 03:54:00+00:00,2.3348424,7.818993126201719,NO ALERT,channel_42,1.482809,REAL ESA MISSION 1 — verified downloaded archive
2013-10-01 03:55:00+00:00,2.0710475,7.818993126201719,NO ALERT,channel_42,1.2774276,REAL ESA MISSION 1 — verified downloaded archive
2013-10-01 03:56:00+00:00,2.8500388,7.818993126201719,NO ALERT,channel_44,1.157784,REAL ESA MISSION 1 — verified downloaded archive
2013-10-01 03:57:00+00:00,1.9237924,7.818993126201719,NO ALERT,channel_44,1.3705398,REAL ESA MISSION 1 — verified downloaded archive
2013-10-01 03:58:00+00:00,3.2716162,7.818993126201719,NO ALERT,channel_41,1.3397349,REAL ESA MISSION 1 — verified downloaded archive
2013-10-01 03:59:00+00:00,4.1901937,7.818993126201719,NO ALERT,channel_42,1.4026064,REAL ESA MISSION 1 — verified downloaded archive
2013-10-01 04:00:00+00:00,2.629741,7.818993126201719,NO ALERT,channel_44,1.5001177,REAL ESA MISSION 1 — verified downloaded archive
2013-10-01 04:01:00+00:00,2.7694018,7.818993126201719,NO ALERT,channel_42,1.1718473,REAL ESA MISSION 1 — verified downloaded archive
2013-10-01 04:02:00+00:00,4.052574,7.818993126201719,NO ALERT,channel_46,1.5404443,REAL ESA MISSION 1 — verified downloaded archive
2013-10-01 04:03:00+00:00,3.1855843,7.818993126201719,NO ALERT,channel_46,1.4933523,REAL ESA MISSION 1 — verified downloaded archive
2013-10-01 04:04:00+00:00,2.5853243,7.818993126201719,NO ALERT,channel_42,1.1376442,REAL ESA MISSION 1 — verified downloaded archive
2013-10-01 04:05:00+00:00,1.6565832,7.818993126201719,NO ALERT,channel_46,1.444001,REAL ESA MISSION 1 — verified downloaded archive
2013-10-01 04:06:00+00:00,1.9291389,7.818993126201719,NO ALERT,channel_46,1.111623,REAL ESA MISSION 1 — verified downloaded archive
2013-10-01 04:07:00+00:00,1.4743751,7.818993126201719,NO ALERT,channel_42,0.9324156,REAL ESA MISSION 1 — verified downloaded archive
2013-10-01 04:08:00+00:00,3.9279654,7.818993126201719,NO ALERT,channel_46,1.9556856,REAL ESA MISSION 1 — verified downloaded archive
2013-10-01 04:09:00+00:00,2.2258813,7.818993126201719,NO ALERT,channel_45,0.8062936,REAL ESA MISSION 1 — verified downloaded archive
2013-10-01 04:10:00+00:00,2.4388487,7.818993126201719,NO ALERT,channel_46,0.83570844,REAL ESA MISSION 1 — verified downloaded archive
2013-10-01 04:11:00+00:00,3.4578662,7.818993126201719,NO ALERT,channel_46,0.91768914,REAL ESA MISSION 1 — verified downloaded archive
2013-10-01 04:12:00+00:00,2.235388,7.818993126201719,NO ALERT,channel_46,1.0060985,REAL ESA MISSION 1 — verified downloaded archive
2013-10-01 04:13:00+00:00,2.4505453,7.818993126201719,NO ALERT,channel_46,1.2953339,REAL ESA MISSION 1 — verified downloaded archive
2013-10-01 04:14:00+00:00,1.3625747,7.818993126201719,NO ALERT,channel_44,1.2316551,REAL ESA MISSION 1 — verified downloaded archive
2013-10-01 04:15:00+00:00,3.074178,7.818993126201719,NO ALERT,channel_42,1.1851183,REAL ESA MISSION 1 — verified downloaded archive
2013-10-01 04:16:00+00:00,0.053977985,7.818993126201719,NO ALERT,channel_44,1.6290202,REAL ESA MISSION 1 — verified downloaded archive
2013-10-01 04:17:00+00:00,2.821527,7.818993126201719,NO ALERT,channel_41,1.2208126,REAL ESA MISSION 1 — verified downloaded archive
2013-10-01 04:18:00+00:00,3.4346669,7.818993126201719,NO ALERT,channel_41,1.0705812,REAL ESA MISSION 1 — verified downloaded archive
2013-10-01 04:19:00+00:00,3.2349057,7.818993126201719,NO ALERT,channel_41,1.1738567,REAL ESA MISSION 1 — verified downloaded archive
2013-10-01 04:20:00+00:00,0.4249228,7.818993126201719,NO ALERT,channel_44,1.3372859,REAL ESA MISSION 1 — verified downloaded archive
2013-10-01 04:21:00+00:00,2.952232,7.818993126201719,NO ALERT,channel_45,1.0078225,REAL ESA MISSION 1 — verified downloaded archive
2013-10-01 04:22:00+00:00,1.3885105,7.818993126201719,NO ALERT,channel_44,1.5418124,REAL ESA MISSION 1 — verified downloaded archive
2013-10-01 04:23:00+00:00,3.2732415,7.818993126201719,NO ALERT,channel_44,1.0996172,REAL ESA MISSION 1 — verified downloaded archive
2013-10-01 04:24:00+00:00,2.9706218,7.818993126201719,NO ALERT,channel_45,1.0535454,REAL ESA MISSION 1 — verified downloaded archive
2013-10-01 04:25:00+00:00,1.5462797,7.818993126201719,NO ALERT,channel_42,1.5034467,REAL ESA MISSION 1 — verified downloaded archive
2013-10-01 04:26:00+00:00,1.28548,7.818993126201719,NO ALERT,channel_45,1.1310141,REAL ESA MISSION 1 — verified downloaded archive
2013-10-01 04:27:00+00:00,2.3632066,7.818993126201719,NO ALERT,channel_45,1.2300351,REAL ESA MISSION 1 — verified downloaded archive
2013-10-01 04:28:00+00:00,4.723258,7.818993126201719,NO ALERT,channel_45,1.1836071,REAL ESA MISSION 1 — verified downloaded archive
2013-10-01 04:29:00+00:00,2.3827734,7.818993126201719,NO ALERT,channel_46,1.2275529,REAL ESA MISSION 1 — verified downloaded archive
2013-10-01 04:30:00+00:00,2.177807,7.818993126201719,NO ALERT,channel_42,1.4291283,REAL ESA MISSION 1 — verified downloaded archive
2013-10-01 04:31:00+00:00,0.90778005,7.818993126201719,NO ALERT,channel_42,1.14003,REAL ESA MISSION 1 — verified downloaded archive
2013-10-01 04:32:00+00:00,1.759692,7.818993126201719,NO ALERT,channel_46,1.1784453,REAL ESA MISSION 1 — verified downloaded archive
2013-10-01 04:33:00+00:00,3.6989567,7.818993126201719,NO ALERT,channel_46,1.3576221,REAL ESA MISSION 1 — verified downloaded archive
2013-10-01 04:34:00+00:00,1.861089,7.818993126201719,NO ALERT,channel_45,1.0336671,REAL ESA MISSION 1 — verified downloaded archive
2013-10-01 04:35:00+00:00,1.6831857,7.818993126201719,NO ALERT,channel_44,0.9268674,REAL ESA MISSION 1 — verified downloaded archive
2013-10-01 04:36:00+00:00,3.3524573,7.818993126201719,NO ALERT,channel_46,1.4246347,REAL ESA MISSION 1 — verified downloaded archive
2013-10-01 04:37:00+00:00,1.2225785,7.818993126201719,NO ALERT,channel_46,1.0258753,REAL ESA MISSION 1 — verified downloaded archive
2013-10-01 04:38:00+00:00,2.9625196,7.818993126201719,NO ALERT,channel_46,1.1588824,REAL ESA MISSION 1 — verified downloaded archive
2013-10-01 04:39:00+00:00,3.0343645,7.818993126201719,NO ALERT,channel_46,1.0222306,REAL ESA MISSION 1 — verified downloaded archive
2013-10-01 04:40:00+00:00,1.7477995,7.818993126201719,NO ALERT,channel_44,1.4609704,REAL ESA MISSION 1 — verified downloaded archive
2013-10-01 04:41:00+00:00,1.8450524,7.818993126201719,NO ALERT,channel_41,0.96440893,REAL ESA MISSION 1 — verified downloaded archive
2013-10-01 04:42:00+00:00,1.4190397,7.818993126201719,NO ALERT,channel_42,0.8878807,REAL ESA MISSION 1 — verified downloaded archive
2013-10-01 04:43:00+00:00,1.4056185,7.818993126201719,NO ALERT,channel_44,0.97665286,REAL ESA MISSION 1 — verified downloaded archive
2013-10-01 04:44:00+00:00,2.246979,7.818993126201719,NO ALERT,channel_42,1.6310941,REAL ESA MISSION 1 — verified downloaded archive
2013-10-01 04:45:00+00:00,2.7664292,7.818993126201719,NO ALERT,channel_42,1.0048299,REAL ESA MISSION 1 — verified downloaded archive
2013-10-01 04:46:00+00:00,2.0997696,7.818993126201719,NO ALERT,channel_42,1.0751535,REAL ESA MISSION 1 — verified downloaded archive
2013-10-01 04:47:00+00:00,3.8353384,7.818993126201719,NO ALERT,channel_42,2.0401957,REAL ESA MISSION 1 — verified downloaded archive
2013-10-01 04:48:00+00:00,3.3517132,7.818993126201719,NO ALERT,channel_41,1.1672313,REAL ESA MISSION 1 — verified downloaded archive
2013-10-01 04:49:00+00:00,2.4083352,7.818993126201719,NO ALERT,channel_42,1.191927,REAL ESA MISSION 1 — verified downloaded archive
2013-10-01 04:50:00+00:00,4.4220133,7.818993126201719,NO ALERT,channel_42,1.3785709,REAL ESA MISSION 1 — verified downloaded archive
2013-10-01 04:51:00+00:00,2.8566773,7.818993126201719,NO ALERT,channel_42,1.3669044,REAL ESA MISSION 1 — verified downloaded archive
2013-10-01 04:52:00+00:00,3.003206,7.818993126201719,NO ALERT,channel_42,1.5428284,REAL ESA MISSION 1 — verified downloaded archive
2013-10-01 04:53:00+00:00,2.6561499,7.818993126201719,NO ALERT,channel_42,1.6201358,REAL ESA MISSION 1 — verified downloaded archive
2013-10-01 04:54:00+00:00,3.41416,7.818993126201719,NO ALERT,channel_42,1.3933457,REAL ESA MISSION 1 — verified downloaded archive
2013-10-01 04:55:00+00:00,3.874652,7.818993126201719,NO ALERT,channel_45,1.2583755,REAL ESA MISSION 1 — verified downloaded archive
2013-10-01 04:56:00+00:00,2.7054398,7.818993126201719,NO ALERT,channel_42,1.1737815,REAL ESA MISSION 1 — verified downloaded archive
2013-10-01 04:57:00+00:00,2.699817,7.818993126201719,NO ALERT,channel_42,1.0655352,REAL ESA MISSION 1 — verified downloaded archive
2013-10-01 04:58:00+00:00,3.0853107,7.818993126201719,NO ALERT,channel_46,1.2164904,REAL ESA MISSION 1 — verified downloaded archive
2013-10-01 04:59:00+00:00,2.1569138,7.818993126201719,NO ALERT,channel_46,0.81027573,REAL ESA MISSION 1 — verified downloaded archive
2013-10-01 05:00:00+00:00,2.1951683,7.818993126201719,NO ALERT,channel_46,1.1994376,REAL ESA MISSION 1 — verified downloaded archive
2013-10-01 05:01:00+00:00,1.6455804,7.818993126201719,NO ALERT,channel_46,0.9859105,REAL ESA MISSION 1 — verified downloaded archive
2013-10-01 05:02:00+00:00,1.1705352,7.818993126201719,NO ALERT,channel_41,0.7823869,REAL ESA MISSION 1 — verified downloaded archive
2013-10-01 05:03:00+00:00,1.2608547,7.818993126201719,NO ALERT,channel_44,1.3516365,REAL ESA MISSION 1 — verified downloaded archive
2013-10-01 05:04:00+00:00,3.1476521,7.818993126201719,NO ALERT,channel_44,0.99967885,REAL ESA MISSION 1 — verified downloaded archive
2013-10-01 05:05:00+00:00,2.239861,7.818993126201719,NO ALERT,channel_44,0.86210036,REAL ESA MISSION 1 — verified downloaded archive
2013-10-01 05:06:00+00:00,3.6394587,7.818993126201719,NO ALERT,channel_44,1.4880478,REAL ESA MISSION 1 — verified downloaded archive
2013-10-01 05:07:00+00:00,2.7143896,7.818993126201719,NO ALERT,channel_44,1.7766569,REAL ESA MISSION 1 — verified downloaded archive
2013-10-01 05:08:00+00:00,4.664746,7.818993126201719,NO ALERT,channel_46,1.427612,REAL ESA MISSION 1 — verified downloaded archive
2013-10-01 05:09:00+00:00,4.953483,7.818993126201719,NO ALERT,channel_42,1.180556,REAL ESA MISSION 1 — verified downloaded archive
2013-10-01 05:10:00+00:00,1.3144494,7.818993126201719,NO ALERT,channel_44,1.2857735,REAL ESA MISSION 1 — verified downloaded archive
2013-10-01 05:11:00+00:00,2.7947395,7.818993126201719,NO ALERT,channel_41,1.1115102,REAL ESA MISSION 1 — verified downloaded archive
2013-10-01 05:12:00+00:00,2.6058743,7.818993126201719,NO ALERT,channel_44,1.3740729,REAL ESA MISSION 1 — verified downloaded archive
2013-10-01 05:13:00+00:00,4.1110225,7.818993126201719,NO ALERT,channel_44,1.1448851,REAL ESA MISSION 1 — verified downloaded archive
2013-10-01 05:14:00+00:00,3.4273665,7.818993126201719,NO ALERT,channel_42,1.0099688,REAL ESA MISSION 1 — verified downloaded archive
2013-10-01 05:15:00+00:00,2.9916143,7.818993126201719,NO ALERT,channel_42,1.1918576,REAL ESA MISSION 1 — verified downloaded archive
2013-10-01 05:16:00+00:00,2.8848047,7.818993126201719,NO ALERT,channel_45,0.8938366,REAL ESA MISSION 1 — verified downloaded archive
2013-10-01 05:17:00+00:00,2.5449796,7.818993126201719,NO ALERT,channel_45,0.8795437,REAL ESA MISSION 1 — verified downloaded archive
2013-10-01 05:18:00+00:00,5.744183,7.818993126201719,NO ALERT,channel_42,1.2673374,REAL ESA MISSION 1 — verified downloaded archive
2013-10-01 05:19:00+00:00,1.5124516,7.818993126201719,NO ALERT,channel_42,1.393321,REAL ESA MISSION 1 — verified downloaded archive
2013-10-01 05:20:00+00:00,1.9115083,7.818993126201719,NO ALERT,channel_46,1.0286922,REAL ESA MISSION 1 — verified downloaded archive
2013-10-01 05:21:00+00:00,0.23454155,7.818993126201719,NO ALERT,channel_42,0.7974929,REAL ESA MISSION 1 — verified downloaded archive
2013-10-01 05:22:00+00:00,1.860747,7.818993126201719,NO ALERT,channel_46,0.88969976,REAL ESA MISSION 1 — verified downloaded archive
2013-10-01 05:23:00+00:00,-0.41971675,7.818993126201719,NO ALERT,channel_46,0.9855562,REAL ESA MISSION 1 — verified downloaded archive
2013-10-01 05:24:00+00:00,2.07843,7.818993126201719,NO ALERT,channel_44,0.97921085,REAL ESA MISSION 1 — verified downloaded archive
2013-10-01 05:25:00+00:00,2.2680764,7.818993126201719,NO ALERT,channel_46,0.97220874,REAL ESA MISSION 1 — verified downloaded archive
2013-10-01 05:26:00+00:00,0.11074738,7.818993126201719,NO ALERT,channel_46,1.1517555,REAL ESA MISSION 1 — verified downloaded archive
2013-10-01 05:27:00+00:00,1.6571065,7.818993126201719,NO ALERT,channel_46,1.1447445,REAL ESA MISSION 1 — verified downloaded archive
2013-10-01 05:28:00+00:00,3.7536967,7.818993126201719,NO ALERT,channel_44,1.2147332,REAL ESA MISSION 1 — verified downloaded archive
2013-10-01 05:29:00+00:00,1.7663922,7.818993126201719,NO ALERT,channel_44,1.2083759,REAL ESA MISSION 1 — verified downloaded archive
2013-10-01 05:30:00+00:00,0.72796285,7.818993126201719,NO ALERT,channel_44,1.1792638,REAL ESA MISSION 1 — verified downloaded archive
2013-10-01 05:31:00+00:00,1.3713634,7.818993126201719,NO ALERT,channel_41,0.9629556,REAL ESA MISSION 1 — verified downloaded archive
2013-10-01 05:32:00+00:00,-0.30997658,7.818993126201719,NO ALERT,channel_41,0.9443647,REAL ESA MISSION 1 — verified downloaded archive
2013-10-01 05:33:00+00:00,0.9481007,7.818993126201719,NO ALERT,channel_41,1.1740927,REAL ESA MISSION 1 — verified downloaded archive
2013-10-01 05:34:00+00:00,-0.12134026,7.818993126201719,NO ALERT,channel_44,0.9022873,REAL ESA MISSION 1 — verified downloaded archive
2013-10-01 05:35:00+00:00,0.67132586,7.818993126201719,NO ALERT,channel_41,1.020795,REAL ESA MISSION 1 — verified downloaded archive
2013-10-01 05:36:00+00:00,2.9212224,7.818993126201719,NO ALERT,channel_44,1.0019783,REAL ESA MISSION 1 — verified downloaded archive
2013-10-01 05:37:00+00:00,2.6020105,7.818993126201719,NO ALERT,channel_44,1.1037378,REAL ESA MISSION 1 — verified downloaded archive
2013-10-01 05:38:00+00:00,2.865143,7.818993126201719,NO ALERT,channel_42,1.4893755,REAL ESA MISSION 1 — verified downloaded archive
2013-10-01 05:39:00+00:00,3.5972805,7.818993126201719,NO ALERT,channel_42,1.257333,REAL ESA MISSION 1 — verified downloaded archive
2013-10-01 05:40:00+00:00,1.0387352,7.818993126201719,NO ALERT,channel_46,1.3553029,REAL ESA MISSION 1 — verified downloaded archive
2013-10-01 05:41:00+00:00,2.479602,7.818993126201719,NO ALERT,channel_42,1.0189741,REAL ESA MISSION 1 — verified downloaded archive
2013-10-01 05:42:00+00:00,2.5000541,7.818993126201719,NO ALERT,channel_46,1.2926793,REAL ESA MISSION 1 — verified downloaded archive
2013-10-01 05:43:00+00:00,3.1164954,7.818993126201719,NO ALERT,channel_42,1.1854094,REAL ESA MISSION 1 — verified downloaded archive
2013-10-01 05:44:00+00:00,2.3963337,7.818993126201719,NO ALERT,channel_46,1.060644,REAL ESA MISSION 1 — verified downloaded archive
2013-10-01 05:45:00+00:00,2.1639612,7.818993126201719,NO ALERT,channel_45,0.94585943,REAL ESA MISSION 1 — verified downloaded archive
2013-10-01 05:46:00+00:00,3.151438,7.818993126201719,NO ALERT,channel_42,1.0727936,REAL ESA MISSION 1 — verified downloaded archive
2013-10-01 05:47:00+00:00,1.2901074,7.818993126201719,NO ALERT,channel_46,1.1101363,REAL ESA MISSION 1 — verified downloaded archive
2013-10-01 05:48:00+00:00,3.8210022,7.818993126201719,NO ALERT,channel_42,1.3883439,REAL ESA MISSION 1 — verified downloaded archive
2013-10-01 05:49:00+00:00,1.8730031,7.818993126201719,NO ALERT,channel_46,1.5785598,REAL ESA MISSION 1 — verified downloaded archive
2013-10-01 05:50:00+00:00,3.0817947,7.818993126201719,NO ALERT,channel_46,1.1578873,REAL ESA MISSION 1 — verified downloaded archive
2013-10-01 05:51:00+00:00,2.0729108,7.818993126201719,NO ALERT,channel_44,0.90527236,REAL ESA MISSION 1 — verified downloaded archive
2013-10-01 05:52:00+00:00,0.80069494,7.818993126201719,NO ALERT,channel_44,0.9859887,REAL ESA MISSION 1 — verified downloaded archive
2013-10-01 05:53:00+00:00,2.5504572,7.818993126201719,NO ALERT,channel_44,1.0756522,REAL ESA MISSION 1 — verified downloaded archive
2013-10-01 05:54:00+00:00,3.2113879,7.818993126201719,NO ALERT,channel_44,1.260332,REAL ESA MISSION 1 — verified downloaded archive
2013-10-01 05:55:00+00:00,0.74234605,7.818993126201719,NO ALERT,channel_42,0.95170575,REAL ESA MISSION 1 — verified downloaded archive
2013-10-01 05:56:00+00:00,3.666256,7.818993126201719,NO ALERT,channel_44,1.530976,REAL ESA MISSION 1 — verified downloaded archive
2013-10-01 05:57:00+00:00,0.5354751,7.818993126201719,NO ALERT,channel_42,1.3888087,REAL ESA MISSION 1 — verified downloaded archive
2013-10-01 05:58:00+00:00,3.7349997,7.818993126201719,NO ALERT,channel_44,1.5142015,REAL ESA MISSION 1 — verified downloaded archive
2013-10-01 05:59:00+00:00,1.9234861,7.818993126201719,NO ALERT,channel_44,1.2537812,REAL ESA MISSION 1 — verified downloaded archive
2013-10-01 06:00:00+00:00,1.6614664,7.818993126201719,NO ALERT,channel_44,1.2431508,REAL ESA MISSION 1 — verified downloaded archive
2013-10-01 06:01:00+00:00,1.9731861,7.818993126201719,NO ALERT,channel_44,1.2298527,REAL ESA MISSION 1 — verified downloaded archive
2013-10-01 06:02:00+00:00,-0.19767843,7.818993126201719,NO ALERT,channel_42,0.96732324,REAL ESA MISSION 1 — verified downloaded archive
2013-10-01 06:03:00+00:00,1.2086084,7.818993126201719,NO ALERT,channel_42,1.0456623,REAL ESA MISSION 1 — verified downloaded archive
2013-10-01 06:04:00+00:00,1.1154376,7.818993126201719,NO ALERT,channel_45,1.1300297,REAL ESA MISSION 1 — verified downloaded archive
2013-10-01 06:05:00+00:00,3.4437778,7.818993126201719,NO ALERT,channel_45,1.3505349,REAL ESA MISSION 1 — verified downloaded archive
2013-10-01 06:06:00+00:00,1.519761,7.818993126201719,NO ALERT,channel_45,1.2040958,REAL ESA MISSION 1 — verified downloaded archive
2013-10-01 06:07:00+00:00,2.7881794,7.818993126201719,NO ALERT,channel_46,1.2507457,REAL ESA MISSION 1 — verified downloaded archive
2013-10-01 06:08:00+00:00,3.5443463,7.818993126201719,NO ALERT,channel_44,1.5470086,REAL ESA MISSION 1 — verified downloaded archive
2013-10-01 06:09:00+00:00,1.9068859,7.818993126201719,NO ALERT,channel_45,1.0316961,REAL ESA MISSION 1 — verified downloaded archive
2013-10-01 06:10:00+00:00,1.8235965,7.818993126201719,NO ALERT,channel_46,1.0765771,REAL ESA MISSION 1 — verified downloaded archive
2013-10-01 06:11:00+00:00,4.0243106,7.818993126201719,NO ALERT,channel_46,1.2597877,REAL ESA MISSION 1 — verified downloaded archive
2013-10-01 06:12:00+00:00,0.44117185,7.818993126201719,NO ALERT,channel_46,1.2294192,REAL ESA MISSION 1 — verified downloaded archive
2013-10-01 06:13:00+00:00,2.3517084,7.818993126201719,NO ALERT,channel_46,1.007819,REAL ESA MISSION 1 — verified downloaded archive
2013-10-01 06:14:00+00:00,3.3427408,7.818993126201719,NO ALERT,channel_46,1.5829536,REAL ESA MISSION 1 — verified downloaded archive
2013-10-01 06:15:00+00:00,1.0280037,7.818993126201719,NO ALERT,channel_42,1.1979443,REAL ESA MISSION 1 — verified downloaded archive
2013-10-01 06:16:00+00:00,2.1827328,7.818993126201719,NO ALERT,channel_41,1.4231193,REAL ESA MISSION 1 — verified downloaded archive
2013-10-01 06:17:00+00:00,4.456265,7.818993126201719,NO ALERT,channel_44,1.2200538,REAL ESA MISSION 1 — verified downloaded archive
2013-10-01 06:18:00+00:00,3.6783974,7.818993126201719,NO ALERT,channel_46,1.3287442,REAL ESA MISSION 1 — verified downloaded archive
2013-10-01 06:19:00+00:00,2.6768947,7.818993126201719,NO ALERT,channel_44,1.0675967,REAL ESA MISSION 1 — verified downloaded archive
2013-10-01 06:20:00+00:00,3.4663186,7.818993126201719,NO ALERT,channel_44,1.5846152,REAL ESA MISSION 1 — verified downloaded archive
2013-10-01 06:21:00+00:00,2.1745923,7.818993126201719,NO ALERT,channel_41,0.93993807,REAL ESA MISSION 1 — verified downloaded archive
2013-10-01 06:22:00+00:00,3.545629,7.818993126201719,NO ALERT,channel_41,1.16271,REAL ESA MISSION 1 — verified downloaded archive
2013-10-01 06:23:00+00:00,4.300877,7.818993126201719,NO ALERT,channel_41,1.2635468,REAL ESA MISSION 1 — verified downloaded archive
2013-10-01 06:24:00+00:00,2.9843059,7.818993126201719,NO ALERT,channel_41,1.118642,REAL ESA MISSION 1 — verified downloaded archive
2013-10-01 06:25:00+00:00,3.7532275,7.818993126201719,NO ALERT,channel_42,1.5720962,REAL ESA MISSION 1 — verified downloaded archive
2013-10-01 06:26:00+00:00,2.3933148,7.818993126201719,NO ALERT,channel_46,1.1630061,REAL ESA MISSION 1 — verified downloaded archive
2013-10-01 06:27:00+00:00,5.161026,7.818993126201719,NO ALERT,channel_45,1.4097204,REAL ESA MISSION 1 — verified downloaded archive
2013-10-01 06:28:00+00:00,3.8801484,7.818993126201719,NO ALERT,channel_44,1.6133742,REAL ESA MISSION 1 — verified downloaded archive
2013-10-01 06:29:00+00:00,3.5407739,7.818993126201719,NO ALERT,channel_42,1.3955703,REAL ESA MISSION 1 — verified downloaded archive
2013-10-01 06:30:00+00:00,1.9621114,7.818993126201719,NO ALERT,channel_45,1.2098503,REAL ESA MISSION 1 — verified downloaded archive
2013-10-01 06:31:00+00:00,2.838013,7.818993126201719,NO ALERT,channel_42,1.3599056,REAL ESA MISSION 1 — verified downloaded archive
2013-10-01 06:32:00+00:00,3.1733415,7.818993126201719,NO ALERT,channel_42,1.1400478,REAL ESA MISSION 1 — verified downloaded archive
2013-10-01 06:33:00+00:00,2.0077236,7.818993126201719,NO ALERT,channel_45,1.1491485,REAL ESA MISSION 1 — verified downloaded archive
2013-10-01 06:34:00+00:00,1.7244471,7.818993126201719,NO ALERT,channel_46,1.0496752,REAL ESA MISSION 1 — verified downloaded archive
2013-10-01 06:35:00+00:00,3.001283,7.818993126201719,NO ALERT,channel_46,1.126944,REAL ESA MISSION 1 — verified downloaded archive
2013-10-01 06:36:00+00:00,4.3462462,7.818993126201719,NO ALERT,channel_46,0.9996365,REAL ESA MISSION 1 — verified downloaded archive
2013-10-01 06:37:00+00:00,2.3602633,7.818993126201719,NO ALERT,channel_46,1.1838398,REAL ESA MISSION 1 — verified downloaded archive
2013-10-01 06:38:00+00:00,4.204768,7.818993126201719,NO ALERT,channel_44,1.3463867,REAL ESA MISSION 1 — verified downloaded archive
2013-10-01 06:39:00+00:00,1.7272232,7.818993126201719,NO ALERT,channel_46,1.2758533,REAL ESA MISSION 1 — verified downloaded archive
2013-10-01 06:40:00+00:00,4.325624,7.818993126201719,NO ALERT,channel_44,1.1721059,REAL ESA MISSION 1 — verified downloaded archive
2013-10-01 06:41:00+00:00,3.087711,7.818993126201719,NO ALERT,channel_46,1.1662679,REAL ESA MISSION 1 — verified downloaded archive
2013-10-01 06:42:00+00:00,3.59698,7.818993126201719,NO ALERT,channel_44,1.5523471,REAL ESA MISSION 1 — verified downloaded archive
2013-10-01 06:43:00+00:00,2.9790041,7.818993126201719,NO ALERT,channel_41,0.96513313,REAL ESA MISSION 1 — verified downloaded archive
2013-10-01 06:44:00+00:00,1.8916435,7.818993126201719,NO ALERT,channel_41,1.3140008,REAL ESA MISSION 1 — verified downloaded archive
2013-10-01 06:45:00+00:00,2.0015833,7.818993126201719,NO ALERT,channel_42,1.3664445,REAL ESA MISSION 1 — verified downloaded archive
2013-10-01 06:46:00+00:00,1.8378309,7.818993126201719,NO ALERT,channel_44,1.2437676,REAL ESA MISSION 1 — verified downloaded archive
2013-10-01 06:47:00+00:00,3.2841332,7.818993126201719,NO ALERT,channel_44,1.3294721,REAL ESA MISSION 1 — verified downloaded archive
2013-10-01 06:48:00+00:00,2.735158,7.818993126201719,NO ALERT,channel_44,1.4847325,REAL ESA MISSION 1 — verified downloaded archive
2013-10-01 06:49:00+00:00,2.3066466,7.818993126201719,NO ALERT,channel_42,1.8468022,REAL ESA MISSION 1 — verified downloaded archive
2013-10-01 06:50:00+00:00,0.78546256,7.818993126201719,NO ALERT,channel_42,1.3363444,REAL ESA MISSION 1 — verified downloaded archive
2013-10-01 06:51:00+00:00,3.4972582,7.818993126201719,NO ALERT,channel_41,1.0642481,REAL ESA MISSION 1 — verified downloaded archive
2013-10-01 06:52:00+00:00,2.5470269,7.818993126201719,NO ALERT,channel_45,1.0210171,REAL ESA MISSION 1 — verified downloaded archive
2013-10-01 06:53:00+00:00,1.4561695,7.818993126201719,NO ALERT,channel_45,1.0028964,REAL ESA MISSION 1 — verified downloaded archive
2013-10-01 06:54:00+00:00,0.91560423,7.818993126201719,NO ALERT,channel_42,1.5448023,REAL ESA MISSION 1 — verified downloaded archive
2013-10-01 06:55:00+00:00,1.7498847,7.818993126201719,NO ALERT,channel_42,1.1472173,REAL ESA MISSION 1 — verified downloaded archive
2013-10-01 06:56:00+00:00,2.7487378,7.818993126201719,NO ALERT,channel_42,1.1382087,REAL ESA MISSION 1 — verified downloaded archive
2013-10-01 06:57:00+00:00,1.7107422,7.818993126201719,NO ALERT,channel_46,1.3185815,REAL ESA MISSION 1 — verified downloaded archive
2013-10-01 06:58:00+00:00,5.965854,7.818993126201719,NO ALERT,channel_46,2.0517213,REAL ESA MISSION 1 — verified downloaded archive
2013-10-01 06:59:00+00:00,1.3842366,7.818993126201719,NO ALERT,channel_46,1.2892437,REAL ESA MISSION 1 — verified downloaded archive
2013-10-01 07:00:00+00:00,3.579568,7.818993126201719,NO ALERT,channel_46,1.4658775,REAL ESA MISSION 1 — verified downloaded archive
2013-10-01 07:01:00+00:00,0.33785844,7.818993126201719,NO ALERT,channel_46,1.0425104,REAL ESA MISSION 1 — verified downloaded archive
2013-10-01 07:02:00+00:00,-0.3448991,7.818993126201719,NO ALERT,channel_46,0.93159646,REAL ESA MISSION 1 — verified downloaded archive
2013-10-01 07:03:00+00:00,1.9394618,7.818993126201719,NO ALERT,channel_46,1.6139905,REAL ESA MISSION 1 — verified downloaded archive
2013-10-01 07:04:00+00:00,1.0686924,7.818993126201719,NO ALERT,channel_46,0.9044314,REAL ESA MISSION 1 — verified downloaded archive
2013-10-01 07:05:00+00:00,2.9975169,7.818993126201719,NO ALERT,channel_46,1.2747381,REAL ESA MISSION 1 — verified downloaded archive
2013-10-01 07:06:00+00:00,1.6557249,7.818993126201719,NO ALERT,channel_44,1.1052841,REAL ESA MISSION 1 — verified downloaded archive
2013-10-01 07:07:00+00:00,1.4431227,7.818993126201719,NO ALERT,channel_44,1.4049453,REAL ESA MISSION 1 — verified downloaded archive
2013-10-01 07:08:00+00:00,3.8424957,7.818993126201719,NO ALERT,channel_44,1.2032999,REAL ESA MISSION 1 — verified downloaded archive
2013-10-01 07:09:00+00:00,2.3476503,7.818993126201719,NO ALERT,channel_44,1.3679056,REAL ESA MISSION 1 — verified downloaded archive
2013-10-01 07:10:00+00:00,2.462681,7.818993126201719,NO ALERT,channel_41,1.3388454,REAL ESA MISSION 1 — verified downloaded archive
2013-10-01 07:11:00+00:00,2.9719307,7.818993126201719,NO ALERT,channel_42,1.3447908,REAL ESA MISSION 1 — verified downloaded archive
2013-10-01 07:12:00+00:00,2.3213944,7.818993126201719,NO ALERT,channel_44,1.4381826,REAL ESA MISSION 1 — verified downloaded archive
2013-10-01 07:13:00+00:00,2.2986174,7.818993126201719,NO ALERT,channel_42,0.99459106,REAL ESA MISSION 1 — verified downloaded archive
2013-10-01 07:14:00+00:00,3.391606,7.818993126201719,NO ALERT,channel_42,1.1625065,REAL ESA MISSION 1 — verified downloaded archive
2013-10-01 07:15:00+00:00,1.2098391,7.818993126201719,NO ALERT,channel_45,1.2046467,REAL ESA MISSION 1 — verified downloaded archive
2013-10-01 07:16:00+00:00,2.7963376,7.818993126201719,NO ALERT,channel_42,1.103708,REAL ESA MISSION 1 — verified downloaded archive
2013-10-01 07:17:00+00:00,2.916505,7.818993126201719,NO ALERT,channel_44,1.1943945,REAL ESA MISSION 1 — verified downloaded archive
2013-10-01 07:18:00+00:00,3.0950503,7.818993126201719,NO ALERT,channel_42,1.2612159,REAL ESA MISSION 1 — verified downloaded archive
2013-10-01 07:19:00+00:00,2.4753466,7.818993126201719,NO ALERT,channel_42,1.3446794,REAL ESA MISSION 1 — verified downloaded archive
2013-10-01 07:20:00+00:00,1.790999,7.818993126201719,NO ALERT,channel_42,1.0389754,REAL ESA MISSION 1 — verified downloaded archive
2013-10-01 07:21:00+00:00,3.2090595,7.818993126201719,NO ALERT,channel_42,1.1374797,REAL ESA MISSION 1 — verified downloaded archive
2013-10-01 07:22:00+00:00,3.7439506,7.818993126201719,NO ALERT,channel_45,1.1963017,REAL ESA MISSION 1 — verified downloaded archive
2013-10-01 07:23:00+00:00,3.0346122,7.818993126201719,NO ALERT,channel_42,1.1154015,REAL ESA MISSION 1 — verified downloaded archive
2013-10-01 07:24:00+00:00,4.7692523,7.818993126201719,NO ALERT,channel_42,1.4038736,REAL ESA MISSION 1 — verified downloaded archive
2013-10-01 07:25:00+00:00,3.0568852,7.818993126201719,NO ALERT,channel_46,1.6135477,REAL ESA MISSION 1 — verified downloaded archive
2013-10-01 07:26:00+00:00,2.8831413,7.818993126201719,NO ALERT,channel_46,1.6846174,REAL ESA MISSION 1 — verified downloaded archive
2013-10-01 07:27:00+00:00,4.1598577,7.818993126201719,NO ALERT,channel_46,0.9773358,REAL ESA MISSION 1 — verified downloaded archive
2013-10-01 07:28:00+00:00,4.79164,7.818993126201719,NO ALERT,channel_46,1.5973004,REAL ESA MISSION 1 — verified downloaded archive
2013-10-01 07:29:00+00:00,3.0900412,7.818993126201719,NO ALERT,channel_46,1.5585307,REAL ESA MISSION 1 — verified downloaded archive
2013-10-01 07:30:00+00:00,2.591432,7.818993126201719,NO ALERT,channel_42,1.009484,REAL ESA MISSION 1 — verified downloaded archive
2013-10-01 07:31:00+00:00,1.1066122,7.818993126201719,NO ALERT,channel_44,1.645448,REAL ESA MISSION 1 — verified downloaded archive
2013-10-01 07:32:00+00:00,4.112697,7.818993126201719,NO ALERT,channel_41,0.8968848,REAL ESA MISSION 1 — verified downloaded archive
2013-10-01 07:33:00+00:00,2.128164,7.818993126201719,NO ALERT,channel_44,0.96186274,REAL ESA MISSION 1 — verified downloaded archive
2013-10-01 07:34:00+00:00,3.1935947,7.818993126201719,NO ALERT,channel_41,0.8581625,REAL ESA MISSION 1 — verified downloaded archive
2013-10-01 07:35:00+00:00,1.7822429,7.818993126201719,NO ALERT,channel_44,1.255579,REAL ESA MISSION 1 — verified downloaded archive
2013-10-01 07:36:00+00:00,2.2691302,7.818993126201719,NO ALERT,channel_44,1.1442682,REAL ESA MISSION 1 — verified downloaded archive
2013-10-01 07:37:00+00:00,2.870156,7.818993126201719,NO ALERT,channel_44,1.2425815,REAL ESA MISSION 1 — verified downloaded archive
2013-10-01 07:38:00+00:00,4.548043,7.818993126201719,NO ALERT,channel_42,1.7353976,REAL ESA MISSION 1 — verified downloaded archive
2013-10-01 07:39:00+00:00,2.0171402,7.818993126201719,NO ALERT,channel_42,1.0232887,REAL ESA MISSION 1 — verified downloaded archive
2013-10-01 07:40:00+00:00,0.7097609,7.818993126201719,NO ALERT,channel_42,1.8878552,REAL ESA MISSION 1 — verified downloaded archive
2013-10-01 07:41:00+00:00,3.142286,7.818993126201719,NO ALERT,channel_42,1.1549357,REAL ESA MISSION 1 — verified downloaded archive
2013-10-01 07:42:00+00:00,3.548459,7.818993126201719,NO ALERT,channel_42,1.4459467,REAL ESA MISSION 1 — verified downloaded archive
2013-10-01 07:43:00+00:00,3.814761,7.818993126201719,NO ALERT,channel_46,1.1899217,REAL ESA MISSION 1 — verified downloaded archive
2013-10-01 07:44:00+00:00,2.8001287,7.818993126201719,NO ALERT,channel_42,1.5983263,REAL ESA MISSION 1 — verified downloaded archive
2013-10-01 07:45:00+00:00,1.0953124,7.818993126201719,NO ALERT,channel_42,1.5961959,REAL ESA MISSION 1 — verified downloaded archive
2013-10-01 07:46:00+00:00,2.6083646,7.818993126201719,NO ALERT,channel_46,1.6173989,REAL ESA MISSION 1 — verified downloaded archive
2013-10-01 07:47:00+00:00,3.3605764,7.818993126201719,NO ALERT,channel_42,1.2082087,REAL ESA MISSION 1 — verified downloaded archive
2013-10-01 07:48:00+00:00,4.974075,7.818993126201719,NO ALERT,channel_45,1.5413352,REAL ESA MISSION 1 — verified downloaded archive
2013-10-01 07:49:00+00:00,3.7763903,7.818993126201719,NO ALERT,channel_45,1.5277989,REAL ESA MISSION 1 — verified downloaded archive
2013-10-01 07:50:00+00:00,2.2315712,7.818993126201719,NO ALERT,channel_42,0.99749875,REAL ESA MISSION 1 — verified downloaded archive
2013-10-01 07:51:00+00:00,3.5806193,7.818993126201719,NO ALERT,channel_46,1.5259066,REAL ESA MISSION 1 — verified downloaded archive
2013-10-01 07:52:00+00:00,1.5285498,7.818993126201719,NO ALERT,channel_44,0.8246625,REAL ESA MISSION 1 — verified downloaded archive
2013-10-01 07:53:00+00:00,1.5968003,7.818993126201719,NO ALERT,channel_44,1.2323142,REAL ESA MISSION 1 — verified downloaded archive
2013-10-01 07:54:00+00:00,0.14962538,7.818993126201719,NO ALERT,channel_46,1.188972,REAL ESA MISSION 1 — verified downloaded archive
2013-10-01 07:55:00+00:00,-0.07431732,7.818993126201719,NO ALERT,channel_46,1.1783986,REAL ESA MISSION 1 — verified downloaded archive
2013-10-01 07:56:00+00:00,1.472207,7.818993126201719,NO ALERT,channel_41,0.9535592,REAL ESA MISSION 1 — verified downloaded archive
2013-10-01 07:57:00+00:00,2.9116118,7.818993126201719,NO ALERT,channel_44,1.2389748,REAL ESA MISSION 1 — verified downloaded archive
2013-10-01 07:58:00+00:00,3.318368,7.818993126201719,NO ALERT,channel_44,1.4301147,REAL ESA MISSION 1 — verified downloaded archive
2013-10-01 07:59:00+00:00,2.3197863,7.818993126201719,NO ALERT,channel_44,0.9688745,REAL ESA MISSION 1 — verified downloaded archive
2013-10-01 08:00:00+00:00,1.6434468,7.818993126201719,NO ALERT,channel_42,1.280156,REAL ESA MISSION 1 — verified downloaded archive
2013-10-01 08:01:00+00:00,1.3945048,7.818993126201719,NO ALERT,channel_44,0.9394976,REAL ESA MISSION 1 — verified downloaded archive
2013-10-01 08:02:00+00:00,3.6726828,7.818993126201719,NO ALERT,channel_44,1.1340799,REAL ESA MISSION 1 — verified downloaded archive
2013-10-01 08:03:00+00:00,4.156827,7.818993126201719,NO ALERT,channel_45,0.9194657,REAL ESA MISSION 1 — verified downloaded archive
2013-10-01 08:04:00+00:00,3.0098095,7.818993126201719,NO ALERT,channel_44,1.1192307,REAL ESA MISSION 1 — verified downloaded archive
2013-10-01 08:05:00+00:00,1.4909904,7.818993126201719,NO ALERT,channel_42,1.086849,REAL ESA MISSION 1 — verified downloaded archive
2013-10-01 08:06:00+00:00,4.4329963,7.818993126201719,NO ALERT,channel_45,1.344796,REAL ESA MISSION 1 — verified downloaded archive
2013-10-01 08:07:00+00:00,2.9664004,7.818993126201719,NO ALERT,channel_42,1.8414844,REAL ESA MISSION 1 — verified downloaded archive
2013-10-01 08:08:00+00:00,3.9334702,7.818993126201719,NO ALERT,channel_42,1.2284608,REAL ESA MISSION 1 — verified downloaded archive
2013-10-01 08:09:00+00:00,1.0524191,7.818993126201719,NO ALERT,channel_45,1.2763036,REAL ESA MISSION 1 — verified downloaded archive
2013-10-01 08:10:00+00:00,2.5972464,7.818993126201719,NO ALERT,channel_46,1.601388,REAL ESA MISSION 1 — verified downloaded archive
2013-10-01 08:11:00+00:00,2.5804942,7.818993126201719,NO ALERT,channel_44,1.5899411,REAL ESA MISSION 1 — verified downloaded archive
2013-10-01 08:12:00+00:00,2.6317513,7.818993126201719,NO ALERT,channel_45,1.1117626,REAL ESA MISSION 1 — verified downloaded archive
2013-10-01 08:13:00+00:00,4.436477,7.818993126201719,NO ALERT,channel_46,1.5357641,REAL ESA MISSION 1 — verified downloaded archive
2013-10-01 08:14:00+00:00,2.3781679,7.818993126201719,NO ALERT,channel_42,1.1027734,REAL ESA MISSION 1 — verified downloaded archive
2013-10-01 08:15:00+00:00,4.419747,7.818993126201719,NO ALERT,channel_46,1.6066774,REAL ESA MISSION 1 — verified downloaded archive
2013-10-01 08:16:00+00:00,4.9247704,7.818993126201719,NO ALERT,channel_44,1.2371825,REAL ESA MISSION 1 — verified downloaded archive
2013-10-01 08:17:00+00:00,3.4406486,7.818993126201719,NO ALERT,channel_44,0.9976831,REAL ESA MISSION 1 — verified downloaded archive
2013-10-01 08:18:00+00:00,4.534552,7.818993126201719,NO ALERT,channel_46,1.0031222,REAL ESA MISSION 1 — verified downloaded archive
2013-10-01 08:19:00+00:00,2.0075908,7.818993126201719,NO ALERT,channel_41,1.0634693,REAL ESA MISSION 1 — verified downloaded archive
2013-10-01 08:20:00+00:00,3.5042508,7.818993126201719,NO ALERT,channel_41,0.9175438,REAL ESA MISSION 1 — verified downloaded archive
2013-10-01 08:21:00+00:00,3.524831,7.818993126201719,NO ALERT,channel_44,1.130213,REAL ESA MISSION 1 — verified downloaded archive
2013-10-01 08:22:00+00:00,3.306884,7.818993126201719,NO ALERT,channel_44,1.5383457,REAL ESA MISSION 1 — verified downloaded archive
2013-10-01 08:23:00+00:00,2.3038185,7.818993126201719,NO ALERT,channel_44,0.88652956,REAL ESA MISSION 1 — verified downloaded archive
2013-10-01 08:24:00+00:00,4.966738,7.818993126201719,NO ALERT,channel_44,1.5240228,REAL ESA MISSION 1 — verified downloaded archive
2013-10-01 08:25:00+00:00,0.81319267,7.818993126201719,NO ALERT,channel_44,1.0682844,REAL ESA MISSION 1 — verified downloaded archive
2013-10-01 08:26:00+00:00,3.5044792,7.818993126201719,NO ALERT,channel_44,0.7335971,REAL ESA MISSION 1 — verified downloaded archive
2013-10-01 08:27:00+00:00,2.9572625,7.818993126201719,NO ALERT,channel_44,1.2736777,REAL ESA MISSION 1 — verified downloaded archive
2013-10-01 08:28:00+00:00,3.6213167,7.818993126201719,NO ALERT,channel_44,1.2754049,REAL ESA MISSION 1 — verified downloaded archive
2013-10-01 08:29:00+00:00,2.1665182,7.818993126201719,NO ALERT,channel_42,1.7128422,REAL ESA MISSION 1 — verified downloaded archive
2013-10-01 08:30:00+00:00,2.8871517,7.818993126201719,NO ALERT,channel_41,1.0135274,REAL ESA MISSION 1 — verified downloaded archive
2013-10-01 08:31:00+00:00,1.5949153,7.818993126201719,NO ALERT,channel_45,0.7430699,REAL ESA MISSION 1 — verified downloaded archive
2013-10-01 08:32:00+00:00,4.491908,7.818993126201719,NO ALERT,channel_42,0.8727463,REAL ESA MISSION 1 — verified downloaded archive
2013-10-01 08:33:00+00:00,1.5730914,7.818993126201719,NO ALERT,channel_44,1.2776057,REAL ESA MISSION 1 — verified downloaded archive
2013-10-01 08:34:00+00:00,4.045011,7.818993126201719,NO ALERT,channel_45,0.9708143,REAL ESA MISSION 1 — verified downloaded archive
2013-10-01 08:35:00+00:00,2.6966717,7.818993126201719,NO ALERT,channel_46,0.91920537,REAL ESA MISSION 1 — verified downloaded archive
2013-10-01 08:36:00+00:00,3.001063,7.818993126201719,NO ALERT,channel_45,0.83848846,REAL ESA MISSION 1 — verified downloaded archive
2013-10-01 08:37:00+00:00,2.9540322,7.818993126201719,NO ALERT,channel_46,0.9789904,REAL ESA MISSION 1 — verified downloaded archive
2013-10-01 08:38:00+00:00,4.886402,7.818993126201719,NO ALERT,channel_42,1.4935267,REAL ESA MISSION 1 — verified downloaded archive
2013-10-01 08:39:00+00:00,3.9120123,7.818993126201719,NO ALERT,channel_46,1.0485196,REAL ESA MISSION 1 — verified downloaded archive
2013-10-01 08:40:00+00:00,0.96795094,7.818993126201719,NO ALERT,channel_46,1.1310662,REAL ESA MISSION 1 — verified downloaded archive
2013-10-01 08:41:00+00:00,0.19904305,7.818993126201719,NO ALERT,channel_46,0.8245806,REAL ESA MISSION 1 — verified downloaded archive
2013-10-01 08:42:00+00:00,1.4790665,7.818993126201719,NO ALERT,channel_46,0.9139274,REAL ESA MISSION 1 — verified downloaded archive
2013-10-01 08:43:00+00:00,1.7818986,7.818993126201719,NO ALERT,channel_46,1.3075649,REAL ESA MISSION 1 — verified downloaded archive
2013-10-01 08:44:00+00:00,-1.3623861,7.818993126201719,NO ALERT,channel_46,0.70623404,REAL ESA MISSION 1 — verified downloaded archive
2013-10-01 08:45:00+00:00,1.993249,7.818993126201719,NO ALERT,channel_46,0.8996025,REAL ESA MISSION 1 — verified downloaded archive
2013-10-01 08:46:00+00:00,2.0849745,7.818993126201719,NO ALERT,channel_46,0.6909897,REAL ESA MISSION 1 — verified downloaded archive
2013-10-01 08:47:00+00:00,0.39631698,7.818993126201719,NO ALERT,channel_46,0.59672415,REAL ESA MISSION 1 — verified downloaded archive
2013-10-01 08:48:00+00:00,3.2226055,7.818993126201719,NO ALERT,channel_44,1.0094472,REAL ESA MISSION 1 — verified downloaded archive
2013-10-01 08:49:00+00:00,0.3821601,7.818993126201719,NO ALERT,channel_41,0.7191492,REAL ESA MISSION 1 — verified downloaded archive
2013-10-01 08:50:00+00:00,3.3363047,7.818993126201719,NO ALERT,channel_46,0.8151501,REAL ESA MISSION 1 — verified downloaded archive
2013-10-01 08:51:00+00:00,0.70391923,7.818993126201719,NO ALERT,channel_44,1.3311576,REAL ESA MISSION 1 — verified downloaded archive
2013-10-01 08:52:00+00:00,2.0986688,7.818993126201719,NO ALERT,channel_42,1.2504802,REAL ESA MISSION 1 — verified downloaded archive
2013-10-01 08:53:00+00:00,2.4840968,7.818993126201719,NO ALERT,channel_42,1.0207317,REAL ESA MISSION 1 — verified downloaded archive
2013-10-01 08:54:00+00:00,3.071495,7.818993126201719,NO ALERT,channel_41,0.9256087,REAL ESA MISSION 1 — verified downloaded archive
2013-10-01 08:55:00+00:00,2.4541526,7.818993126201719,NO ALERT,channel_42,1.5676906,REAL ESA MISSION 1 — verified downloaded archive
2013-10-01 08:56:00+00:00,2.6927726,7.818993126201719,NO ALERT,channel_42,1.1401664,REAL ESA MISSION 1 — verified downloaded archive
2013-10-01 08:57:00+00:00,2.855551,7.818993126201719,NO ALERT,channel_42,1.6155093,REAL ESA MISSION 1 — verified downloaded archive
2013-10-01 08:58:00+00:00,3.393879,7.818993126201719,NO ALERT,channel_42,1.980122,REAL ESA MISSION 1 — verified downloaded archive
2013-10-01 08:59:00+00:00,2.2236488,7.818993126201719,NO ALERT,channel_45,0.9309701,REAL ESA MISSION 1 — verified downloaded archive
2013-10-01 09:00:00+00:00,1.9145628,7.818993126201719,NO ALERT,channel_45,0.91461116,REAL ESA MISSION 1 — verified downloaded archive
2013-10-01 09:01:00+00:00,3.2054315,7.818993126201719,NO ALERT,channel_45,0.9103363,REAL ESA MISSION 1 — verified downloaded archive
2013-10-01 09:02:00+00:00,2.9887292,7.818993126201719,NO ALERT,channel_45,1.0240479,REAL ESA MISSION 1 — verified downloaded archive
2013-10-01 09:03:00+00:00,3.1014614,7.818993126201719,NO ALERT,channel_46,0.7312086,REAL ESA MISSION 1 — verified downloaded archive
2013-10-01 09:04:00+00:00,1.6162946,7.818993126201719,NO ALERT,channel_46,0.92174673,REAL ESA MISSION 1 — verified downloaded archive
2013-10-01 09:05:00+00:00,0.15185894,7.818993126201719,NO ALERT,channel_44,0.69330996,REAL ESA MISSION 1 — verified downloaded archive
2013-10-01 09:06:00+00:00,1.5746539,7.818993126201719,NO ALERT,channel_44,0.7812812,REAL ESA MISSION 1 — verified downloaded archive
2013-10-01 09:07:00+00:00,1.6042461,7.818993126201719,NO ALERT,channel_44,0.97208935,REAL ESA MISSION 1 — verified downloaded archive
2013-10-01 09:08:00+00:00,3.5236084,7.818993126201719,NO ALERT,channel_44,1.2058055,REAL ESA MISSION 1 — verified downloaded archive
2013-10-01 09:09:00+00:00,3.8425531,7.818993126201719,NO ALERT,channel_41,0.7207132,REAL ESA MISSION 1 — verified downloaded archive
2013-10-01 09:10:00+00:00,2.453344,7.818993126201719,NO ALERT,channel_41,0.698301,REAL ESA MISSION 1 — verified downloaded archive
2013-10-01 09:11:00+00:00,1.2292933,7.818993126201719,NO ALERT,channel_44,0.99227214,REAL ESA MISSION 1 — verified downloaded archive
2013-10-01 09:12:00+00:00,2.8254645,7.818993126201719,NO ALERT,channel_44,1.4828272,REAL ESA MISSION 1 — verified downloaded archive
2013-10-01 09:13:00+00:00,1.3242708,7.818993126201719,NO ALERT,channel_42,1.1307935,REAL ESA MISSION 1 — verified downloaded archive
2013-10-01 09:14:00+00:00,3.4188106,7.818993126201719,NO ALERT,channel_41,0.9832857,REAL ESA MISSION 1 — verified downloaded archive
2013-10-01 09:15:00+00:00,2.7002726,7.818993126201719,NO ALERT,channel_41,1.2087021,REAL ESA MISSION 1 — verified downloaded archive
2013-10-01 09:16:00+00:00,1.4721729,7.818993126201719,NO ALERT,channel_45,1.0084976,REAL ESA MISSION 1 — verified downloaded archive
2013-10-01 09:17:00+00:00,1.8582478,7.818993126201719,NO ALERT,channel_42,1.0720557,REAL ESA MISSION 1 — verified downloaded archive
2013-10-01 09:18:00+00:00,3.3546648,7.818993126201719,NO ALERT,channel_44,1.3002557,REAL ESA MISSION 1 — verified downloaded archive
2013-10-01 09:19:00+00:00,1.0645355,7.818993126201719,NO ALERT,channel_45,1.0531807,REAL ESA MISSION 1 — verified downloaded archive
2013-10-01 09:20:00+00:00,3.6103315,7.818993126201719,NO ALERT,channel_46,0.9461307,REAL ESA MISSION 1 — verified downloaded archive
2013-10-01 09:21:00+00:00,2.022473,7.818993126201719,NO ALERT,channel_45,0.8968368,REAL ESA MISSION 1 — verified downloaded archive
2013-10-01 09:22:00+00:00,1.3205117,7.818993126201719,NO ALERT,channel_46,1.1942067,REAL ESA MISSION 1 — verified downloaded archive
2013-10-01 09:23:00+00:00,2.4622533,7.818993126201719,NO ALERT,channel_42,1.9929209,REAL ESA MISSION 1 — verified downloaded archive
2013-10-01 09:24:00+00:00,0.97924984,7.818993126201719,NO ALERT,channel_45,1.0906986,REAL ESA MISSION 1 — verified downloaded archive
2013-10-01 09:25:00+00:00,0.37778565,7.818993126201719,NO ALERT,channel_46,1.1023837,REAL ESA MISSION 1 — verified downloaded archive
2013-10-01 09:26:00+00:00,1.6900765,7.818993126201719,NO ALERT,channel_46,1.0738236,REAL ESA MISSION 1 — verified downloaded archive
2013-10-01 09:27:00+00:00,3.0367968,7.818993126201719,NO ALERT,channel_46,1.0674708,REAL ESA MISSION 1 — verified downloaded archive
2013-10-01 09:28:00+00:00,5.413152,7.818993126201719,NO ALERT,channel_46,1.1471224,REAL ESA MISSION 1 — verified downloaded archive
2013-10-01 09:29:00+00:00,2.0923543,7.818993126201719,NO ALERT,channel_46,0.8244627,REAL ESA MISSION 1 — verified downloaded archive
2013-10-01 09:30:00+00:00,2.8257432,7.818993126201719,NO ALERT,channel_45,0.8112309,REAL ESA MISSION 1 — verified downloaded archive
2013-10-01 09:31:00+00:00,1.6263894,7.818993126201719,NO ALERT,channel_46,1.3860418,REAL ESA MISSION 1 — verified downloaded archive
2013-10-01 09:32:00+00:00,3.50538,7.818993126201719,NO ALERT,channel_46,1.3635482,REAL ESA MISSION 1 — verified downloaded archive
2013-10-01 09:33:00+00:00,0.8542267,7.818993126201719,NO ALERT,channel_44,1.2067322,REAL ESA MISSION 1 — verified downloaded archive
2013-10-01 09:34:00+00:00,2.4661417,7.818993126201719,NO ALERT,channel_46,0.84815264,REAL ESA MISSION 1 — verified downloaded archive
2013-10-01 09:35:00+00:00,1.9494644,7.818993126201719,NO ALERT,channel_44,2.2226503,REAL ESA MISSION 1 — verified downloaded archive
2013-10-01 09:36:00+00:00,2.5342557,7.818993126201719,NO ALERT,channel_44,0.9927732,REAL ESA MISSION 1 — verified downloaded archive
2013-10-01 09:37:00+00:00,2.5448005,7.818993126201719,NO ALERT,channel_44,1.2028439,REAL ESA MISSION 1 — verified downloaded archive
2013-10-01 09:38:00+00:00,4.006643,7.818993126201719,NO ALERT,channel_44,1.5110015,REAL ESA MISSION 1 — verified downloaded archive
2013-10-01 09:39:00+00:00,3.8019278,7.818993126201719,NO ALERT,channel_44,1.2676532,REAL ESA MISSION 1 — verified downloaded archive
2013-10-01 09:40:00+00:00,2.3581052,7.818993126201719,NO ALERT,channel_44,1.2509389,REAL ESA MISSION 1 — verified downloaded archive
2013-10-01 09:41:00+00:00,2.0667233,7.818993126201719,NO ALERT,channel_42,1.2452644,REAL ESA MISSION 1 — verified downloaded archive
2013-10-01 09:42:00+00:00,3.2132008,7.818993126201719,NO ALERT,channel_41,1.4404161,REAL ESA MISSION 1 — verified downloaded archive
2013-10-01 09:43:00+00:00,2.7882457,7.818993126201719,NO ALERT,channel_45,0.82044363,REAL ESA MISSION 1 — verified downloaded archive
2013-10-01 09:44:00+00:00,1.7447666,7.818993126201719,NO ALERT,channel_42,1.1841302,REAL ESA MISSION 1 — verified downloaded archive
2013-10-01 09:45:00+00:00,3.0706542,7.818993126201719,NO ALERT,channel_45,1.2669313,REAL ESA MISSION 1 — verified downloaded archive
2013-10-01 09:46:00+00:00,3.0795114,7.818993126201719,NO ALERT,channel_45,1.2423114,REAL ESA MISSION 1 — verified downloaded archive
2013-10-01 09:47:00+00:00,2.167683,7.818993126201719,NO ALERT,channel_42,1.4301256,REAL ESA MISSION 1 — verified downloaded archive
2013-10-01 09:48:00+00:00,5.075909,7.818993126201719,NO ALERT,channel_42,1.6779251,REAL ESA MISSION 1 — verified downloaded archive
2013-10-01 09:49:00+00:00,3.6554687,7.818993126201719,NO ALERT,channel_46,1.7213265,REAL ESA MISSION 1 — verified downloaded archive
2013-10-01 09:50:00+00:00,1.850298,7.818993126201719,NO ALERT,channel_46,1.18719,REAL ESA MISSION 1 — verified downloaded archive
2013-10-01 09:51:00+00:00,5.2676473,7.818993126201719,NO ALERT,channel_46,1.1653535,REAL ESA MISSION 1 — verified downloaded archive
2013-10-01 09:52:00+00:00,2.197489,7.818993126201719,NO ALERT,channel_42,0.8770044,REAL ESA MISSION 1 — verified downloaded archive
2013-10-01 09:53:00+00:00,4.503137,7.818993126201719,NO ALERT,channel_46,1.0362029,REAL ESA MISSION 1 — verified downloaded archive
2013-10-01 09:54:00+00:00,3.2897432,7.818993126201719,NO ALERT,channel_46,1.0158702,REAL ESA MISSION 1 — verified downloaded archive
2013-10-01 09:55:00+00:00,3.6212642,7.818993126201719,NO ALERT,channel_46,1.398784,REAL ESA MISSION 1 — verified downloaded archive
2013-10-01 09:56:00+00:00,1.9930984,7.818993126201719,NO ALERT,channel_44,1.0345595,REAL ESA MISSION 1 — verified downloaded archive
2013-10-01 09:57:00+00:00,1.8940016,7.818993126201719,NO ALERT,channel_44,1.2200564,REAL ESA MISSION 1 — verified downloaded archive
2013-10-01 09:58:00+00:00,4.223363,7.818993126201719,NO ALERT,channel_44,1.5160244,REAL ESA MISSION 1 — verified downloaded archive
2013-10-01 09:59:00+00:00,3.436393,7.818993126201719,NO ALERT,channel_44,1.2748153,REAL ESA MISSION 1 — verified downloaded archive
2013-10-01 10:00:00+00:00,2.1031747,7.818993126201719,NO ALERT,channel_41,0.9635897,REAL ESA MISSION 1 — verified downloaded archive
2013-10-01 10:01:00+00:00,2.3010938,7.818993126201719,NO ALERT,channel_44,2.2999246,REAL ESA MISSION 1 — verified downloaded archive
2013-10-01 10:02:00+00:00,2.5672026,7.818993126201719,NO ALERT,channel_44,1.5225699,REAL ESA MISSION 1 — verified downloaded archive
2013-10-01 10:03:00+00:00,3.2959955,7.818993126201719,NO ALERT,channel_44,1.3904077,REAL ESA MISSION 1 — verified downloaded archive
2013-10-01 10:04:00+00:00,2.3434608,7.818993126201719,NO ALERT,channel_44,1.6915301,REAL ESA MISSION 1 — verified downloaded archive
2013-10-01 10:05:00+00:00,1.3445112,7.818993126201719,NO ALERT,channel_44,1.1233634,REAL ESA MISSION 1 — verified downloaded archive
2013-10-01 10:06:00+00:00,1.450064,7.818993126201719,NO ALERT,channel_42,0.9882746,REAL ESA MISSION 1 — verified downloaded archive
2013-10-01 10:07:00+00:00,1.022014,7.818993126201719,NO ALERT,channel_42,1.276213,REAL ESA MISSION 1 — verified downloaded archive
2013-10-01 10:08:00+00:00,2.631076,7.818993126201719,NO ALERT,channel_41,1.7224263,REAL ESA MISSION 1 — verified downloaded archive
2013-10-01 10:09:00+00:00,0.06701316,7.818993126201719,NO ALERT,channel_45,1.1126374,REAL ESA MISSION 1 — verified downloaded archive
2013-10-01 10:10:00+00:00,-0.38665017,7.818993126201719,NO ALERT,channel_42,0.9431244,REAL ESA MISSION 1 — verified downloaded archive
2013-10-01 10:11:00+00:00,2.8603373,7.818993126201719,NO ALERT,channel_42,1.0259659,REAL ESA MISSION 1 — verified downloaded archive
2013-10-01 10:12:00+00:00,1.5862063,7.818993126201719,NO ALERT,channel_42,1.4113466,REAL ESA MISSION 1 — verified downloaded archive
2013-10-01 10:13:00+00:00,2.3410435,7.818993126201719,NO ALERT,channel_46,1.0979546,REAL ESA MISSION 1 — verified downloaded archive
2013-10-01 10:14:00+00:00,2.2511055,7.818993126201719,NO ALERT,channel_46,1.3685721,REAL ESA MISSION 1 — verified downloaded archive
2013-10-01 10:15:00+00:00,1.063206,7.818993126201719,NO ALERT,channel_46,1.2427697,REAL ESA MISSION 1 — verified downloaded archive
2013-10-01 10:16:00+00:00,3.1245153,7.818993126201719,NO ALERT,channel_46,1.6299835,REAL ESA MISSION 1 — verified downloaded archive
2013-10-01 10:17:00+00:00,1.2014817,7.818993126201719,NO ALERT,channel_44,0.9204823,REAL ESA MISSION 1 — verified downloaded archive
2013-10-01 10:18:00+00:00,4.701197,7.818993126201719,NO ALERT,channel_46,1.2901634,REAL ESA MISSION 1 — verified downloaded archive
2013-10-01 10:19:00+00:00,-0.7084403,7.818993126201719,NO ALERT,channel_46,1.176512,REAL ESA MISSION 1 — verified downloaded archive
2013-10-01 10:20:00+00:00,0.89550215,7.818993126201719,NO ALERT,channel_46,1.0694276,REAL ESA MISSION 1 — verified downloaded archive
2013-10-01 10:21:00+00:00,0.029721368,7.818993126201719,NO ALERT,channel_46,1.3637004,REAL ESA MISSION 1 — verified downloaded archive
2013-10-01 10:22:00+00:00,3.2183378,7.818993126201719,NO ALERT,channel_46,1.149679,REAL ESA MISSION 1 — verified downloaded archive
2013-10-01 10:23:00+00:00,3.0432582,7.818993126201719,NO ALERT,channel_46,1.2491274,REAL ESA MISSION 1 — verified downloaded archive
2013-10-01 10:24:00+00:00,3.4991198,7.818993126201719,NO ALERT,channel_41,1.1365174,REAL ESA MISSION 1 — verified downloaded archive
2013-10-01 10:25:00+00:00,3.0210018,7.818993126201719,NO ALERT,channel_44,1.242756,REAL ESA MISSION 1 — verified downloaded archive
2013-10-01 10:26:00+00:00,2.371106,7.818993126201719,NO ALERT,channel_41,1.2155406,REAL ESA MISSION 1 — verified downloaded archive
2013-10-01 10:27:00+00:00,3.1070125,7.818993126201719,NO ALERT,channel_44,1.1036025,REAL ESA MISSION 1 — verified downloaded archive
2013-10-01 10:28:00+00:00,2.8600984,7.818993126201719,NO ALERT,channel_44,1.1893046,REAL ESA MISSION 1 — verified downloaded archive
2013-10-01 10:29:00+00:00,2.5352151,7.818993126201719,NO ALERT,channel_44,1.2837753,REAL ESA MISSION 1 — verified downloaded archive
2013-10-01 10:30:00+00:00,2.1355903,7.818993126201719,NO ALERT,channel_44,1.0518603,REAL ESA MISSION 1 — verified downloaded archive
2013-10-01 10:31:00+00:00,3.5370882,7.818993126201719,NO ALERT,channel_44,1.1575004,REAL ESA MISSION 1 — verified downloaded archive
2013-10-01 10:32:00+00:00,2.1184213,7.818993126201719,NO ALERT,channel_42,1.4753014,REAL ESA MISSION 1 — verified downloaded archive
2013-10-01 10:33:00+00:00,2.963699,7.818993126201719,NO ALERT,channel_42,1.6511623,REAL ESA MISSION 1 — verified downloaded archive
2013-10-01 10:34:00+00:00,5.157127,7.818993126201719,NO ALERT,channel_42,1.3185923,REAL ESA MISSION 1 — verified downloaded archive
2013-10-01 10:35:00+00:00,3.4075625,7.818993126201719,NO ALERT,channel_42,1.6943055,REAL ESA MISSION 1 — verified downloaded archive
2013-10-01 10:36:00+00:00,3.031095,7.818993126201719,NO ALERT,channel_42,1.5726206,REAL ESA MISSION 1 — verified downloaded archive
2013-10-01 10:37:00+00:00,3.6158502,7.818993126201719,NO ALERT,channel_45,1.2161906,REAL ESA MISSION 1 — verified downloaded archive
2013-10-01 10:38:00+00:00,4.675135,7.818993126201719,NO ALERT,channel_42,1.5333391,REAL ESA MISSION 1 — verified downloaded archive
2013-10-01 10:39:00+00:00,2.0440602,7.818993126201719,NO ALERT,channel_42,2.0367508,REAL ESA MISSION 1 — verified downloaded archive
2013-10-01 10:40:00+00:00,2.9974027,7.818993126201719,NO ALERT,channel_46,1.2521595,REAL ESA MISSION 1 — verified downloaded archive
2013-10-01 10:41:00+00:00,2.9395888,7.818993126201719,NO ALERT,channel_46,0.82556885,REAL ESA MISSION 1 — verified downloaded archive
2013-10-01 10:42:00+00:00,0.9850999,7.818993126201719,NO ALERT,channel_46,0.9085902,REAL ESA MISSION 1 — verified downloaded archive
2013-10-01 10:43:00+00:00,3.15941,7.818993126201719,NO ALERT,channel_46,1.5970243,REAL ESA MISSION 1 — verified downloaded archive
2013-10-01 10:44:00+00:00,5.059041,7.818993126201719,NO ALERT,channel_46,1.5798094,REAL ESA MISSION 1 — verified downloaded archive
2013-10-01 10:45:00+00:00,3.4750319,7.818993126201719,NO ALERT,channel_41,1.0479172,REAL ESA MISSION 1 — verified downloaded archive
2013-10-01 10:46:00+00:00,0.6276501,7.818993126201719,NO ALERT,channel_44,1.3064669,REAL ESA MISSION 1 — verified downloaded archive
2013-10-01 10:47:00+00:00,2.1238773,7.818993126201719,NO ALERT,channel_44,1.3796854,REAL ESA MISSION 1 — verified downloaded archive
2013-10-01 10:48:00+00:00,4.067522,7.818993126201719,NO ALERT,channel_44,1.5786862,REAL ESA MISSION 1 — verified downloaded archive
2013-10-01 10:49:00+00:00,2.0753472,7.818993126201719,NO ALERT,channel_41,1.0770576,REAL ESA MISSION 1 — verified downloaded archive
2013-10-01 10:50:00+00:00,1.5934253,7.818993126201719,NO ALERT,channel_44,1.5533355,REAL ESA MISSION 1 — verified downloaded archive
2013-10-01 10:51:00+00:00,2.1349401,7.818993126201719,NO ALERT,channel_41,1.2697103,REAL ESA MISSION 1 — verified downloaded archive
2013-10-01 10:52:00+00:00,3.8978107,7.818993126201719,NO ALERT,channel_44,1.2942264,REAL ESA MISSION 1 — verified downloaded archive
2013-10-01 10:53:00+00:00,3.4112155,7.818993126201719,NO ALERT,channel_44,1.5096406,REAL ESA MISSION 1 — verified downloaded archive
2013-10-01 10:54:00+00:00,2.4502017,7.818993126201719,NO ALERT,channel_42,1.5404761,REAL ESA MISSION 1 — verified downloaded archive
2013-10-01 10:55:00+00:00,3.7512376,7.818993126201719,NO ALERT,channel_42,1.1329803,REAL ESA MISSION 1 — verified downloaded archive
2013-10-01 10:56:00+00:00,0.0880173,7.818993126201719,NO ALERT,channel_44,1.2635303,REAL ESA MISSION 1 — verified downloaded archive
2013-10-01 10:57:00+00:00,1.1809675,7.818993126201719,NO ALERT,channel_42,2.2842832,REAL ESA MISSION 1 — verified downloaded archive
2013-10-01 10:58:00+00:00,3.4562123,7.818993126201719,NO ALERT,channel_42,1.3188004,REAL ESA MISSION 1 — verified downloaded archive
2013-10-01 10:59:00+00:00,1.5301992,7.818993126201719,NO ALERT,channel_42,1.364105,REAL ESA MISSION 1 — verified downloaded archive
2013-10-01 11:00:00+00:00,2.5777657,7.818993126201719,NO ALERT,channel_42,1.4430203,REAL ESA MISSION 1 — verified downloaded archive
2013-10-01 11:01:00+00:00,3.0267403,7.818993126201719,NO ALERT,channel_42,1.5183325,REAL ESA MISSION 1 — verified downloaded archive
2013-10-01 11:02:00+00:00,2.8821182,7.818993126201719,NO ALERT,channel_42,1.7090758,REAL ESA MISSION 1 — verified downloaded archive
2013-10-01 11:03:00+00:00,2.5069883,7.818993126201719,NO ALERT,channel_46,1.2427678,REAL ESA MISSION 1 — verified downloaded archive
2013-10-01 11:04:00+00:00,1.2406849,7.818993126201719,NO ALERT,channel_42,1.1881016,REAL ESA MISSION 1 — verified downloaded archive
2013-10-01 11:05:00+00:00,2.3625708,7.818993126201719,NO ALERT,channel_46,1.2976456,REAL ESA MISSION 1 — verified downloaded archive
2013-10-01 11:06:00+00:00,0.92219675,7.818993126201719,NO ALERT,channel_46,1.3754637,REAL ESA MISSION 1 — verified downloaded archive
2013-10-01 11:07:00+00:00,3.2101903,7.818993126201719,NO ALERT,channel_42,1.3998624,REAL ESA MISSION 1 — verified downloaded archive
2013-10-01 11:08:00+00:00,4.9592266,7.818993126201719,NO ALERT,channel_46,1.3290339,REAL ESA MISSION 1 — verified downloaded archive
2013-10-01 11:09:00+00:00,1.6041547,7.818993126201719,NO ALERT,channel_46,1.3133303,REAL ESA MISSION 1 — verified downloaded archive
2013-10-01 11:10:00+00:00,0.46078232,7.818993126201719,NO ALERT,channel_46,0.7979871,REAL ESA MISSION 1 — verified downloaded archive
2013-10-01 11:11:00+00:00,3.1781678,7.818993126201719,NO ALERT,channel_46,1.169176,REAL ESA MISSION 1 — verified downloaded archive
2013-10-01 11:12:00+00:00,1.6340389,7.818993126201719,NO ALERT,channel_46,0.96114475,REAL ESA MISSION 1 — verified downloaded archive
2013-10-01 11:13:00+00:00,1.5392728,7.818993126201719,NO ALERT,channel_44,1.2486562,REAL ESA MISSION 1 — verified downloaded archive
2013-10-01 11:14:00+00:00,4.060171,7.818993126201719,NO ALERT,channel_44,1.6686977,REAL ESA MISSION 1 — verified downloaded archive
2013-10-01 11:15:00+00:00,0.19263507,7.818993126201719,NO ALERT,channel_42,1.3609966,REAL ESA MISSION 1 — verified downloaded archive
2013-10-01 11:16:00+00:00,2.8063483,7.818993126201719,NO ALERT,channel_41,1.0848917,REAL ESA MISSION 1 — verified downloaded archive
2013-10-01 11:17:00+00:00,4.0821123,7.818993126201719,NO ALERT,channel_42,1.1037998,REAL ESA MISSION 1 — verified downloaded archive
2013-10-01 11:18:00+00:00,3.9806473,7.818993126201719,NO ALERT,channel_41,1.2451737,REAL ESA MISSION 1 — verified downloaded archive
2013-10-01 11:19:00+00:00,3.869767,7.818993126201719,NO ALERT,channel_42,1.461853,REAL ESA MISSION 1 — verified downloaded archive
2013-10-01 11:20:00+00:00,3.8004167,7.818993126201719,NO ALERT,channel_42,1.2437202,REAL ESA MISSION 1 — verified downloaded archive
2013-10-01 11:21:00+00:00,4.38156,7.818993126201719,NO ALERT,channel_42,1.2217598,REAL ESA MISSION 1 — verified downloaded archive
2013-10-01 11:22:00+00:00,5.13788,7.818993126201719,NO ALERT,channel_45,1.0085396,REAL ESA MISSION 1 — verified downloaded archive
2013-10-01 11:23:00+00:00,2.9761772,7.818993126201719,NO ALERT,channel_46,1.1131946,REAL ESA MISSION 1 — verified downloaded archive
2013-10-01 11:24:00+00:00,2.198885,7.818993126201719,NO ALERT,channel_42,1.1789616,REAL ESA MISSION 1 — verified downloaded archive
2013-10-01 11:25:00+00:00,3.1042645,7.818993126201719,NO ALERT,channel_42,1.658347,REAL ESA MISSION 1 — verified downloaded archive
2013-10-01 11:26:00+00:00,3.8069625,7.818993126201719,NO ALERT,channel_45,0.930763,REAL ESA MISSION 1 — verified downloaded archive
2013-10-01 11:27:00+00:00,4.0931263,7.818993126201719,NO ALERT,channel_45,1.1607804,REAL ESA MISSION 1 — verified downloaded archive
2013-10-01 11:28:00+00:00,5.384059,7.818993126201719,NO ALERT,channel_46,1.8879776,REAL ESA MISSION 1 — verified downloaded archive
2013-10-01 11:29:00+00:00,2.3426173,7.818993126201719,NO ALERT,channel_45,1.0154928,REAL ESA MISSION 1 — verified downloaded archive
2013-10-01 11:30:00+00:00,1.7516785,7.818993126201719,NO ALERT,channel_44,1.1792859,REAL ESA MISSION 1 — verified downloaded archive
2013-10-01 11:31:00+00:00,3.52729,7.818993126201719,NO ALERT,channel_46,1.0234791,REAL ESA MISSION 1 — verified downloaded archive
2013-10-01 11:32:00+00:00,1.9141662,7.818993126201719,NO ALERT,channel_42,1.129027,REAL ESA MISSION 1 — verified downloaded archive
2013-10-01 11:33:00+00:00,2.8647053,7.818993126201719,NO ALERT,channel_46,1.0977846,REAL ESA MISSION 1 — verified downloaded archive
2013-10-01 11:34:00+00:00,3.2647796,7.818993126201719,NO ALERT,channel_46,0.89718956,REAL ESA MISSION 1 — verified downloaded archive
2013-10-01 11:35:00+00:00,4.1044683,7.818993126201719,NO ALERT,channel_44,1.9411548,REAL ESA MISSION 1 — verified downloaded archive
2013-10-01 11:36:00+00:00,2.5017822,7.818993126201719,NO ALERT,channel_44,1.5630156,REAL ESA MISSION 1 — verified downloaded archive
2013-10-01 11:37:00+00:00,3.5094466,7.818993126201719,NO ALERT,channel_41,1.132706,REAL ESA MISSION 1 — verified downloaded archive
2013-10-01 11:38:00+00:00,3.586011,7.818993126201719,NO ALERT,channel_44,1.2855885,REAL ESA MISSION 1 — verified downloaded archive
2013-10-01 11:39:00+00:00,3.775946,7.818993126201719,NO ALERT,channel_42,1.406634,REAL ESA MISSION 1 — verified downloaded archive
2013-10-01 11:40:00+00:00,3.546143,7.818993126201719,NO ALERT,channel_44,1.2584167,REAL ESA MISSION 1 — verified downloaded archive
2013-10-01 11:41:00+00:00,3.7163665,7.818993126201719,NO ALERT,channel_41,1.1768316,REAL ESA MISSION 1 — verified downloaded archive
2013-10-01 11:42:00+00:00,1.768109,7.818993126201719,NO ALERT,channel_42,1.7531999,REAL ESA MISSION 1 — verified downloaded archive
2013-10-01 11:43:00+00:00,1.8684808,7.818993126201719,NO ALERT,channel_44,1.3230194,REAL ESA MISSION 1 — verified downloaded archive
2013-10-01 11:44:00+00:00,4.622238,7.818993126201719,NO ALERT,channel_41,1.0189409,REAL ESA MISSION 1 — verified downloaded archive
2013-10-01 11:45:00+00:00,2.7025306,7.818993126201719,NO ALERT,channel_44,1.629698,REAL ESA MISSION 1 — verified downloaded archive
2013-10-01 11:46:00+00:00,0.91330284,7.818993126201719,NO ALERT,channel_45,1.3833429,REAL ESA MISSION 1 — verified downloaded archive
2013-10-01 11:47:00+00:00,2.920012,7.818993126201719,NO ALERT,channel_45,1.1225835,REAL ESA MISSION 1 — verified downloaded archive
2013-10-01 11:48:00+00:00,5.228945,7.818993126201719,NO ALERT,channel_45,1.3569117,REAL ESA MISSION 1 — verified downloaded archive
2013-10-01 11:49:00+00:00,2.4730434,7.818993126201719,NO ALERT,channel_42,1.1056241,REAL ESA MISSION 1 — verified downloaded archive
2013-10-01 11:50:00+00:00,2.552562,7.818993126201719,NO ALERT,channel_46,0.93377614,REAL ESA MISSION 1 — verified downloaded archive
2013-10-01 11:51:00+00:00,5.802375,7.818993126201719,NO ALERT,channel_46,1.5054296,REAL ESA MISSION 1 — verified downloaded archive
2013-10-01 11:52:00+00:00,1.4594367,7.818993126201719,NO ALERT,channel_42,1.1762836,REAL ESA MISSION 1 — verified downloaded archive
2013-10-01 11:53:00+00:00,2.8038783,7.818993126201719,NO ALERT,channel_46,1.2649964,REAL ESA MISSION 1 — verified downloaded archive
2013-10-01 11:54:00+00:00,2.641408,7.818993126201719,NO ALERT,channel_46,1.4293578,REAL ESA MISSION 1 — verified downloaded archive
2013-10-01 11:55:00+00:00,2.492729,7.818993126201719,NO ALERT,channel_46,1.1986438,REAL ESA MISSION 1 — verified downloaded archive
2013-10-01 11:56:00+00:00,0.3094572,7.818993126201719,NO ALERT,channel_46,1.078285,REAL ESA MISSION 1 — verified downloaded archive
2013-10-01 11:57:00+00:00,2.3154619,7.818993126201719,NO ALERT,channel_44,1.4409095,REAL ESA MISSION 1 — verified downloaded archive
2013-10-01 11:58:00+00:00,5.804831,7.818993126201719,NO ALERT,channel_46,1.9433783,REAL ESA MISSION 1 — verified downloaded archive
2013-10-01 11:59:00+00:00,1.947193,7.818993126201719,NO ALERT,channel_46,1.0515119,REAL ESA MISSION 1 — verified downloaded archive
2013-10-01 12:00:00+00:00,0.6125123,7.818993126201719,NO ALERT,channel_46,1.0393857,REAL ESA MISSION 1 — verified downloaded archive
2013-10-01 12:01:00+00:00,0.68278444,7.818993126201719,NO ALERT,channel_46,1.2284659,REAL ESA MISSION 1 — verified downloaded archive
2013-10-01 12:02:00+00:00,2.3101056,7.818993126201719,NO ALERT,channel_46,1.3238211,REAL ESA MISSION 1 — verified downloaded archive
2013-10-01 12:03:00+00:00,3.8291993,7.818993126201719,NO ALERT,channel_44,1.7373911,REAL ESA MISSION 1 — verified downloaded archive
2013-10-01 12:04:00+00:00,0.5379199,7.818993126201719,NO ALERT,channel_44,1.1825178,REAL ESA MISSION 1 — verified downloaded archive
2013-10-01 12:05:00+00:00,2.671672,7.818993126201719,NO ALERT,channel_42,1.2851692,REAL ESA MISSION 1 — verified downloaded archive
2013-10-01 12:06:00+00:00,5.0006456,7.818993126201719,NO ALERT,channel_42,1.2485682,REAL ESA MISSION 1 — verified downloaded archive
2013-10-01 12:07:00+00:00,3.121512,7.818993126201719,NO ALERT,channel_42,1.4148858,REAL ESA MISSION 1 — verified downloaded archive
2013-10-01 12:08:00+00:00,3.8051858,7.818993126201719,NO ALERT,channel_44,1.7748915,REAL ESA MISSION 1 — verified downloaded archive
2013-10-01 12:09:00+00:00,2.8068006,7.818993126201719,NO ALERT,channel_44,1.2117248,REAL ESA MISSION 1 — verified downloaded archive
2013-10-01 12:10:00+00:00,3.1862278,7.818993126201719,NO ALERT,channel_45,1.2496043,REAL ESA MISSION 1 — verified downloaded archive
2013-10-01 12:11:00+00:00,0.48362973,7.818993126201719,NO ALERT,channel_42,1.0013256,REAL ESA MISSION 1 — verified downloaded archive
2013-10-01 12:12:00+00:00,4.434795,7.818993126201719,NO ALERT,channel_42,1.6833035,REAL ESA MISSION 1 — verified downloaded archive
2013-10-01 12:13:00+00:00,4.79082,7.818993126201719,NO ALERT,channel_42,1.2584789,REAL ESA MISSION 1 — verified downloaded archive
2013-10-01 12:14:00+00:00,3.7698264,7.818993126201719,NO ALERT,channel_42,1.6353326,REAL ESA MISSION 1 — verified downloaded archive
2013-10-01 12:15:00+00:00,2.2555397,7.818993126201719,NO ALERT,channel_46,1.1474457,REAL ESA MISSION 1 — verified downloaded archive
2013-10-01 12:16:00+00:00,1.4401442,7.818993126201719,NO ALERT,channel_42,1.2192641,REAL ESA MISSION 1 — verified downloaded archive
2013-10-01 12:17:00+00:00,4.647997,7.818993126201719,NO ALERT,channel_45,1.1069789,REAL ESA MISSION 1 — verified downloaded archive
2013-10-01 12:18:00+00:00,4.4744754,7.818993126201719,NO ALERT,channel_46,1.2251571,REAL ESA MISSION 1 — verified downloaded archive
2013-10-01 12:19:00+00:00,4.4336324,7.818993126201719,NO ALERT,channel_42,1.0719286,REAL ESA MISSION 1 — verified downloaded archive
2013-10-01 12:20:00+00:00,4.430364,7.818993126201719,NO ALERT,channel_46,1.1454138,REAL ESA MISSION 1 — verified downloaded archive
2013-10-01 12:21:00+00:00,3.108636,7.818993126201719,NO ALERT,channel_44,1.1470991,REAL ESA MISSION 1 — verified downloaded archive
2013-10-01 12:22:00+00:00,0.97018564,7.818993126201719,NO ALERT,channel_46,0.80726004,REAL ESA MISSION 1 — verified downloaded archive
2013-10-01 12:23:00+00:00,3.9538186,7.818993126201719,NO ALERT,channel_42,1.0852851,REAL ESA MISSION 1 — verified downloaded archive
2013-10-01 12:24:00+00:00,2.649395,7.818993126201719,NO ALERT,channel_46,1.2935644,REAL ESA MISSION 1 — verified downloaded archive
2013-10-01 12:25:00+00:00,2.6504762,7.818993126201719,NO ALERT,channel_44,1.1524645,REAL ESA MISSION 1 — verified downloaded archive
2013-10-01 12:26:00+00:00,0.6763114,7.818993126201719,NO ALERT,channel_44,1.251282,REAL ESA MISSION 1 — verified downloaded archive
2013-10-01 12:27:00+00:00,2.4200213,7.818993126201719,NO ALERT,channel_41,1.0354295,REAL ESA MISSION 1 — verified downloaded archive
2013-10-01 12:28:00+00:00,4.6744866,7.818993126201719,NO ALERT,channel_42,1.5723366,REAL ESA MISSION 1 — verified downloaded archive
2013-10-01 12:29:00+00:00,5.347998,7.818993126201719,NO ALERT,channel_42,1.3292012,REAL ESA MISSION 1 — verified downloaded archive
2013-10-01 12:30:00+00:00,1.2210664,7.818993126201719,NO ALERT,channel_41,0.9614273,REAL ESA MISSION 1 — verified downloaded archive
2013-10-01 12:31:00+00:00,0.5861033,7.818993126201719,NO ALERT,channel_44,1.814096,REAL ESA MISSION 1 — verified downloaded archive
2013-10-01 12:32:00+00:00,2.8475769,7.818993126201719,NO ALERT,channel_44,1.1177448,REAL ESA MISSION 1 — verified downloaded archive
2013-10-01 12:33:00+00:00,4.2571974,7.818993126201719,NO ALERT,channel_41,1.1626685,REAL ESA MISSION 1 — verified downloaded archive
2013-10-01 12:34:00+00:00,2.2815113,7.818993126201719,NO ALERT,channel_42,1.719701,REAL ESA MISSION 1 — verified downloaded archive
2013-10-01 12:35:00+00:00,3.0083299,7.818993126201719,NO ALERT,channel_42,0.87977743,REAL ESA MISSION 1 — verified downloaded archive
2013-10-01 12:36:00+00:00,2.6431339,7.818993126201719,NO ALERT,channel_45,1.3625481,REAL ESA MISSION 1 — verified downloaded archive
2013-10-01 12:37:00+00:00,2.3222067,7.818993126201719,NO ALERT,channel_45,0.9772372,REAL ESA MISSION 1 — verified downloaded archive
2013-10-01 12:38:00+00:00,5.367243,7.818993126201719,NO ALERT,channel_42,2.0277073,REAL ESA MISSION 1 — verified downloaded archive
2013-10-01 12:39:00+00:00,4.2578025,7.818993126201719,NO ALERT,channel_42,1.1384901,REAL ESA MISSION 1 — verified downloaded archive
2013-10-01 12:40:00+00:00,0.46501508,7.818993126201719,NO ALERT,channel_42,1.2239854,REAL ESA MISSION 1 — verified downloaded archive
2013-10-01 12:41:00+00:00,0.58722866,7.818993126201719,NO ALERT,channel_46,1.1996092,REAL ESA MISSION 1 — verified downloaded archive
2013-10-01 12:42:00+00:00,1.8425692,7.818993126201719,NO ALERT,channel_46,1.2950782,REAL ESA MISSION 1 — verified downloaded archive
2013-10-01 12:43:00+00:00,2.5317698,7.818993126201719,NO ALERT,channel_46,1.1711823,REAL ESA MISSION 1 — verified downloaded archive
2013-10-01 12:44:00+00:00,3.3214045,7.818993126201719,NO ALERT,channel_46,1.1393497,REAL ESA MISSION 1 — verified downloaded archive
2013-10-01 12:45:00+00:00,2.062321,7.818993126201719,NO ALERT,channel_46,1.6207023,REAL ESA MISSION 1 — verified downloaded archive
2013-10-01 12:46:00+00:00,3.4124217,7.818993126201719,NO ALERT,channel_46,1.2015007,REAL ESA MISSION 1 — verified downloaded archive
2013-10-01 12:47:00+00:00,1.5683211,7.818993126201719,NO ALERT,channel_46,1.0872408,REAL ESA MISSION 1 — verified downloaded archive
2013-10-01 12:48:00+00:00,4.8162193,7.818993126201719,NO ALERT,channel_44,1.270687,REAL ESA MISSION 1 — verified downloaded archive
2013-10-01 12:49:00+00:00,2.0113108,7.818993126201719,NO ALERT,channel_44,1.0312461,REAL ESA MISSION 1 — verified downloaded archive
2013-10-01 12:50:00+00:00,0.6967423,7.818993126201719,NO ALERT,channel_46,1.1408775,REAL ESA MISSION 1 — verified downloaded archive
2013-10-01 12:51:00+00:00,2.498033,7.818993126201719,NO ALERT,channel_41,1.1842439,REAL ESA MISSION 1 — verified downloaded archive
2013-10-01 12:52:00+00:00,2.2751365,7.818993126201719,NO ALERT,channel_41,1.042247,REAL ESA MISSION 1 — verified downloaded archive
2013-10-01 12:53:00+00:00,0.7216445,7.818993126201719,NO ALERT,channel_44,1.163098,REAL ESA MISSION 1 — verified downloaded archive
2013-10-01 12:54:00+00:00,3.1981885,7.818993126201719,NO ALERT,channel_44,1.6889187,REAL ESA MISSION 1 — verified downloaded archive
2013-10-01 12:55:00+00:00,1.0347239,7.818993126201719,NO ALERT,channel_44,0.91875416,REAL ESA MISSION 1 — verified downloaded archive
2013-10-01 12:56:00+00:00,4.9473915,7.818993126201719,NO ALERT,channel_41,1.2217432,REAL ESA MISSION 1 — verified downloaded archive
2013-10-01 12:57:00+00:00,3.6815965,7.818993126201719,NO ALERT,channel_42,1.3233919,REAL ESA MISSION 1 — verified downloaded archive
2013-10-01 12:58:00+00:00,3.2686927,7.818993126201719,NO ALERT,channel_42,1.5875711,REAL ESA MISSION 1 — verified downloaded archive
2013-10-01 12:59:00+00:00,2.0711126,7.818993126201719,NO ALERT,channel_42,1.4626952,REAL ESA MISSION 1 — verified downloaded archive
2013-10-01 13:00:00+00:00,3.155202,7.818993126201719,NO ALERT,channel_42,1.3273842,REAL ESA MISSION 1 — verified downloaded archive
2013-10-01 13:01:00+00:00,4.0675364,7.818993126201719,NO ALERT,channel_42,1.6036412,REAL ESA MISSION 1 — verified downloaded archive
2013-10-01 13:02:00+00:00,2.4616737,7.818993126201719,NO ALERT,channel_41,1.4447384,REAL ESA MISSION 1 — verified downloaded archive
2013-10-01 13:03:00+00:00,3.922979,7.818993126201719,NO ALERT,channel_42,1.1586683,REAL ESA MISSION 1 — verified downloaded archive
2013-10-01 13:04:00+00:00,2.9220264,7.818993126201719,NO ALERT,channel_42,1.2569811,REAL ESA MISSION 1 — verified downloaded archive
2013-10-01 13:05:00+00:00,4.3424563,7.818993126201719,NO ALERT,channel_45,1.3677053,REAL ESA MISSION 1 — verified downloaded archive
2013-10-01 13:06:00+00:00,2.9492967,7.818993126201719,NO ALERT,channel_45,1.1107253,REAL ESA MISSION 1 — verified downloaded archive
2013-10-01 13:07:00+00:00,3.6916244,7.818993126201719,NO ALERT,channel_46,1.1767997,REAL ESA MISSION 1 — verified downloaded archive
2013-10-01 13:08:00+00:00,4.1425734,7.818993126201719,NO ALERT,channel_45,1.1754955,REAL ESA MISSION 1 — verified downloaded archive
2013-10-01 13:09:00+00:00,3.4951437,7.818993126201719,NO ALERT,channel_46,1.0269793,REAL ESA MISSION 1 — verified downloaded archive
2013-10-01 13:10:00+00:00,2.2556248,7.818993126201719,NO ALERT,channel_46,2.0209851,REAL ESA MISSION 1 — verified downloaded archive
2013-10-01 13:11:00+00:00,2.2099297,7.818993126201719,NO ALERT,channel_44,1.3814286,REAL ESA MISSION 1 — verified downloaded archive
2013-10-01 13:12:00+00:00,3.0478196,7.818993126201719,NO ALERT,channel_46,1.3830848,REAL ESA MISSION 1 — verified downloaded archive
2013-10-01 13:13:00+00:00,3.296465,7.818993126201719,NO ALERT,channel_44,1.0999725,REAL ESA MISSION 1 — verified downloaded archive
2013-10-01 13:14:00+00:00,2.5871744,7.818993126201719,NO ALERT,channel_44,1.5001633,REAL ESA MISSION 1 — verified downloaded archive
2013-10-01 13:15:00+00:00,3.04555,7.818993126201719,NO ALERT,channel_46,1.4713079,REAL ESA MISSION 1 — verified downloaded archive
2013-10-01 13:16:00+00:00,2.3601,7.818993126201719,NO ALERT,channel_44,1.1376141,REAL ESA MISSION 1 — verified downloaded archive
2013-10-01 13:17:00+00:00,1.6696458,7.818993126201719,NO ALERT,channel_42,1.0578123,REAL ESA MISSION 1 — verified downloaded archive
2013-10-01 13:18:00+00:00,4.278918,7.818993126201719,NO ALERT,channel_44,1.3698665,REAL ESA MISSION 1 — verified downloaded archive
2013-10-01 13:19:00+00:00,2.740649,7.818993126201719,NO ALERT,channel_44,1.297948,REAL ESA MISSION 1 — verified downloaded archive
2013-10-01 13:20:00+00:00,1.1724015,7.818993126201719,NO ALERT,channel_44,1.2795357,REAL ESA MISSION 1 — verified downloaded archive
2013-10-01 13:21:00+00:00,3.1956253,7.818993126201719,NO ALERT,channel_44,1.480321,REAL ESA MISSION 1 — verified downloaded archive
2013-10-01 13:22:00+00:00,2.1899245,7.818993126201719,NO ALERT,channel_44,1.3745943,REAL ESA MISSION 1 — verified downloaded archive
2013-10-01 13:23:00+00:00,2.3023603,7.818993126201719,NO ALERT,channel_41,0.8589312,REAL ESA MISSION 1 — verified downloaded archive
2013-10-01 13:24:00+00:00,2.07587,7.818993126201719,NO ALERT,channel_44,1.3625888,REAL ESA MISSION 1 — verified downloaded archive
2013-10-01 13:25:00+00:00,1.9375424,7.818993126201719,NO ALERT,channel_45,0.818204,REAL ESA MISSION 1 — verified downloaded archive
2013-10-01 13:26:00+00:00,1.8782643,7.818993126201719,NO ALERT,channel_42,1.0771266,REAL ESA MISSION 1 — verified downloaded archive
2013-10-01 13:27:00+00:00,3.530761,7.818993126201719,NO ALERT,channel_45,1.0324895,REAL ESA MISSION 1 — verified downloaded archive
2013-10-01 13:28:00+00:00,5.199806,7.818993126201719,NO ALERT,channel_42,1.639213,REAL ESA MISSION 1 — verified downloaded archive
2013-10-01 13:29:00+00:00,1.3417618,7.818993126201719,NO ALERT,channel_46,1.5793703,REAL ESA MISSION 1 — verified downloaded archive
2013-10-01 13:30:00+00:00,2.0110497,7.818993126201719,NO ALERT,channel_42,1.6339914,REAL ESA MISSION 1 — verified downloaded archive
2013-10-01 13:31:00+00:00,3.2793713,7.818993126201719,NO ALERT,channel_42,1.314097,REAL ESA MISSION 1 — verified downloaded archive
2013-10-01 13:32:00+00:00,1.0851637,7.818993126201719,NO ALERT,channel_46,1.0932001,REAL ESA MISSION 1 — verified downloaded archive
2013-10-01 13:33:00+00:00,2.119411,7.818993126201719,NO ALERT,channel_46,0.97462094,REAL ESA MISSION 1 — verified downloaded archive
2013-10-01 13:34:00+00:00,0.52950275,7.818993126201719,NO ALERT,channel_46,1.1594236,REAL ESA MISSION 1 — verified downloaded archive
2013-10-01 13:35:00+00:00,-0.079101965,7.818993126201719,NO ALERT,channel_46,1.0369029,REAL ESA MISSION 1 — verified downloaded archive
2013-10-01 13:36:00+00:00,2.2387846,7.818993126201719,NO ALERT,channel_46,1.0245892,REAL ESA MISSION 1 — verified downloaded archive
2013-10-01 13:37:00+00:00,2.4748914,7.818993126201719,NO ALERT,channel_46,1.7194747,REAL ESA MISSION 1 — verified downloaded archive
2013-10-01 13:38:00+00:00,5.3555303,7.818993126201719,NO ALERT,channel_46,1.3958712,REAL ESA MISSION 1 — verified downloaded archive
2013-10-01 13:39:00+00:00,0.03722294,7.818993126201719,NO ALERT,channel_44,1.1006329,REAL ESA MISSION 1 — verified downloaded archive
2013-10-01 13:40:00+00:00,0.9797523,7.818993126201719,NO ALERT,channel_44,0.9797152,REAL ESA MISSION 1 — verified downloaded archive
2013-10-01 13:41:00+00:00,1.2902628,7.818993126201719,NO ALERT,channel_44,0.84365386,REAL ESA MISSION 1 — verified downloaded archive
2013-10-01 13:42:00+00:00,1.9354994,7.818993126201719,NO ALERT,channel_44,1.2620162,REAL ESA MISSION 1 — verified downloaded archive
2013-10-01 13:43:00+00:00,2.361262,7.818993126201719,NO ALERT,channel_44,1.0349838,REAL ESA MISSION 1 — verified downloaded archive
2013-10-01 13:44:00+00:00,0.86784804,7.818993126201719,NO ALERT,channel_44,0.8186391,REAL ESA MISSION 1 — verified downloaded archive
2013-10-01 13:45:00+00:00,0.47599575,7.818993126201719,NO ALERT,channel_44,1.0276359,REAL ESA MISSION 1 — verified downloaded archive
2013-10-01 13:46:00+00:00,0.49098292,7.818993126201719,NO ALERT,channel_44,0.9040672,REAL ESA MISSION 1 — verified downloaded archive
2013-10-01 13:47:00+00:00,1.7106444,7.818993126201719,NO ALERT,channel_44,1.3327361,REAL ESA MISSION 1 — verified downloaded archive
2013-10-01 13:48:00+00:00,3.840203,7.818993126201719,NO ALERT,channel_41,1.1961582,REAL ESA MISSION 1 — verified downloaded archive
2013-10-01 13:49:00+00:00,2.6634097,7.818993126201719,NO ALERT,channel_42,1.204402,REAL ESA MISSION 1 — verified downloaded archive
2013-10-01 13:50:00+00:00,2.1246471,7.818993126201719,NO ALERT,channel_42,1.1875919,REAL ESA MISSION 1 — verified downloaded archive
2013-10-01 13:51:00+00:00,1.5598171,7.818993126201719,NO ALERT,channel_42,1.1622114,REAL ESA MISSION 1 — verified downloaded archive
2013-10-01 13:52:00+00:00,0.70400083,7.818993126201719,NO ALERT,channel_42,0.9435602,REAL ESA MISSION 1 — verified downloaded archive
2013-10-01 13:53:00+00:00,2.782661,7.818993126201719,NO ALERT,channel_45,0.8994493,REAL ESA MISSION 1 — verified downloaded archive
2013-10-01 13:54:00+00:00,3.3922606,7.818993126201719,NO ALERT,channel_42,0.8192292,REAL ESA MISSION 1 — verified downloaded archive
2013-10-01 13:55:00+00:00,2.312898,7.818993126201719,NO ALERT,channel_42,1.1061406,REAL ESA MISSION 1 — verified downloaded archive
2013-10-01 13:56:00+00:00,4.329735,7.818993126201719,NO ALERT,channel_42,1.4900346,REAL ESA MISSION 1 — verified downloaded archive
2013-10-01 13:57:00+00:00,1.9633628,7.818993126201719,NO ALERT,channel_42,1.0014218,REAL ESA MISSION 1 — verified downloaded archive
2013-10-01 13:58:00+00:00,5.1366534,7.818993126201719,NO ALERT,channel_42,1.3700867,REAL ESA MISSION 1 — verified downloaded archive
2013-10-01 13:59:00+00:00,5.3746133,7.818993126201719,NO ALERT,channel_46,1.1175598,REAL ESA MISSION 1 — verified downloaded archive
2013-10-01 14:00:00+00:00,3.8653681,7.818993126201719,NO ALERT,channel_42,1.1276613,REAL ESA MISSION 1 — verified downloaded archive
2013-10-01 14:01:00+00:00,0.8227588,7.818993126201719,NO ALERT,channel_44,0.8343229,REAL ESA MISSION 1 — verified downloaded archive
2013-10-01 14:02:00+00:00,4.2383833,7.818993126201719,NO ALERT,channel_44,0.8112694,REAL ESA MISSION 1 — verified downloaded archive
2013-10-01 14:03:00+00:00,2.4377825,7.818993126201719,NO ALERT,channel_42,0.87263936,REAL ESA MISSION 1 — verified downloaded archive
2013-10-01 14:04:00+00:00,5.089193,7.818993126201719,NO ALERT,channel_46,0.8833542,REAL ESA MISSION 1 — verified downloaded archive
2013-10-01 14:05:00+00:00,2.0767677,7.818993126201719,NO ALERT,channel_44,0.97131664,REAL ESA MISSION 1 — verified downloaded archive
2013-10-01 14:06:00+00:00,1.8926446,7.818993126201719,NO ALERT,channel_46,1.086803,REAL ESA MISSION 1 — verified downloaded archive
2013-10-01 14:07:00+00:00,2.2078283,7.818993126201719,NO ALERT,channel_44,0.9407257,REAL ESA MISSION 1 — verified downloaded archive
2013-10-01 14:08:00+00:00,3.673026,7.818993126201719,NO ALERT,channel_46,1.0970337,REAL ESA MISSION 1 — verified downloaded archive
2013-10-01 14:09:00+00:00,4.5787683,7.818993126201719,NO ALERT,channel_44,1.6743801,REAL ESA MISSION 1 — verified downloaded archive
2013-10-01 14:10:00+00:00,4.4687986,7.818993126201719,NO ALERT,channel_44,1.017014,REAL ESA MISSION 1 — verified downloaded archive
2013-10-01 14:11:00+00:00,2.0067182,7.818993126201719,NO ALERT,channel_42,1.2994013,REAL ESA MISSION 1 — verified downloaded archive
2013-10-01 14:12:00+00:00,3.8742537,7.818993126201719,NO ALERT,channel_46,1.1650803,REAL ESA MISSION 1 — verified downloaded archive
2013-10-01 14:13:00+00:00,3.7084816,7.818993126201719,NO ALERT,channel_44,1.1343803,REAL ESA MISSION 1 — verified downloaded archive
2013-10-01 14:14:00+00:00,3.9474475,7.818993126201719,NO ALERT,channel_42,1.352367,REAL ESA MISSION 1 — verified downloaded archive
2013-10-01 14:15:00+00:00,2.3797817,7.818993126201719,NO ALERT,channel_45,0.89889824,REAL ESA MISSION 1 — verified downloaded archive
2013-10-01 14:16:00+00:00,2.1972454,7.818993126201719,NO ALERT,channel_42,1.1304572,REAL ESA MISSION 1 — verified downloaded archive
2013-10-01 14:17:00+00:00,0.71748066,7.818993126201719,NO ALERT,channel_42,1.216419,REAL ESA MISSION 1 — verified downloaded archive
2013-10-01 14:18:00+00:00,5.870115,7.818993126201719,NO ALERT,channel_42,1.3100584,REAL ESA MISSION 1 — verified downloaded archive
2013-10-01 14:19:00+00:00,2.3351328,7.818993126201719,NO ALERT,channel_46,1.0314043,REAL ESA MISSION 1 — verified downloaded archive
2013-10-01 14:20:00+00:00,0.4053165,7.818993126201719,NO ALERT,channel_42,1.3955262,REAL ESA MISSION 1 — verified downloaded archive
2013-10-01 14:21:00+00:00,2.108126,7.818993126201719,NO ALERT,channel_42,1.0875064,REAL ESA MISSION 1 — verified downloaded archive
2013-10-01 14:22:00+00:00,0.5817095,7.818993126201719,NO ALERT,channel_42,0.9934365,REAL ESA MISSION 1 — verified downloaded archive
2013-10-01 14:23:00+00:00,3.6172206,7.818993126201719,NO ALERT,channel_46,0.7589598,REAL ESA MISSION 1 — verified downloaded archive
2013-10-01 14:24:00+00:00,3.4410226,7.818993126201719,NO ALERT,channel_44,0.8867575,REAL ESA MISSION 1 — verified downloaded archive
2013-10-01 14:25:00+00:00,3.6462038,7.818993126201719,NO ALERT,channel_42,1.1089535,REAL ESA MISSION 1 — verified downloaded archive
2013-10-01 14:26:00+00:00,3.2436535,7.818993126201719,NO ALERT,channel_46,1.1191591,REAL ESA MISSION 1 — verified downloaded archive
2013-10-01 14:27:00+00:00,1.2824341,7.818993126201719,NO ALERT,channel_46,1.0899228,REAL ESA MISSION 1 — verified downloaded archive
2013-10-01 14:28:00+00:00,5.068993,7.818993126201719,NO ALERT,channel_46,1.0189315,REAL ESA MISSION 1 — verified downloaded archive
2013-10-01 14:29:00+00:00,1.5234694,7.818993126201719,NO ALERT,channel_46,1.0700678,REAL ESA MISSION 1 — verified downloaded archive
2013-10-01 14:30:00+00:00,2.5679424,7.818993126201719,NO ALERT,channel_46,0.6814556,REAL ESA MISSION 1 — verified downloaded archive
2013-10-01 14:31:00+00:00,3.6740692,7.818993126201719,NO ALERT,channel_44,1.3816549,REAL ESA MISSION 1 — verified downloaded archive
2013-10-01 14:32:00+00:00,0.41948095,7.818993126201719,NO ALERT,channel_46,1.087504,REAL ESA MISSION 1 — verified downloaded archive
2013-10-01 14:33:00+00:00,2.085566,7.818993126201719,NO ALERT,channel_44,0.9196648,REAL ESA MISSION 1 — verified downloaded archive
2013-10-01 14:34:00+00:00,1.7029394,7.818993126201719,NO ALERT,channel_41,0.9211058,REAL ESA MISSION 1 — verified downloaded archive
2013-10-01 14:35:00+00:00,4.36701,7.818993126201719,NO ALERT,channel_46,1.2884073,REAL ESA MISSION 1 — verified downloaded archive
2013-10-01 14:36:00+00:00,1.7312196,7.818993126201719,NO ALERT,channel_41,1.0182902,REAL ESA MISSION 1 — verified downloaded archive
2013-10-01 14:37:00+00:00,4.5979114,7.818993126201719,NO ALERT,channel_45,0.82787985,REAL ESA MISSION 1 — verified downloaded archive
2013-10-01 14:38:00+00:00,3.5377448,7.818993126201719,NO ALERT,channel_41,1.0588642,REAL ESA MISSION 1 — verified downloaded archive
2013-10-01 14:39:00+00:00,3.4429505,7.818993126201719,NO ALERT,channel_42,1.1770433,REAL ESA MISSION 1 — verified downloaded archive
2013-10-01 14:40:00+00:00,1.8467042,7.818993126201719,NO ALERT,channel_42,1.153036,REAL ESA MISSION 1 — verified downloaded archive
2013-10-01 14:41:00+00:00,1.9086002,7.818993126201719,NO ALERT,channel_45,0.9674496,REAL ESA MISSION 1 — verified downloaded archive
2013-10-01 14:42:00+00:00,2.3120258,7.818993126201719,NO ALERT,channel_45,1.3054166,REAL ESA MISSION 1 — verified downloaded archive
2013-10-01 14:43:00+00:00,2.7374094,7.818993126201719,NO ALERT,channel_45,1.1603191,REAL ESA MISSION 1 — verified downloaded archive
2013-10-01 14:44:00+00:00,1.9983217,7.818993126201719,NO ALERT,channel_46,2.310955,REAL ESA MISSION 1 — verified downloaded archive
2013-10-01 14:45:00+00:00,4.443067,7.818993126201719,NO ALERT,channel_42,1.1784168,REAL ESA MISSION 1 — verified downloaded archive
2013-10-01 14:46:00+00:00,3.9546607,7.818993126201719,NO ALERT,channel_46,1.0451723,REAL ESA MISSION 1 — verified downloaded archive
2013-10-01 14:47:00+00:00,4.0787063,7.818993126201719,NO ALERT,channel_46,1.9221864,REAL ESA MISSION 1 — verified downloaded archive
2013-10-01 14:48:00+00:00,4.8177094,7.818993126201719,NO ALERT,channel_45,1.1620172,REAL ESA MISSION 1 — verified downloaded archive
2013-10-01 14:49:00+00:00,4.6538715,7.818993126201719,NO ALERT,channel_46,1.0832756,REAL ESA MISSION 1 — verified downloaded archive
2013-10-01 14:50:00+00:00,2.5542133,7.818993126201719,NO ALERT,channel_46,1.0613055,REAL ESA MISSION 1 — verified downloaded archive
2013-10-01 14:51:00+00:00,1.8152028,7.818993126201719,NO ALERT,channel_46,1.2441754,REAL ESA MISSION 1 — verified downloaded archive
2013-10-01 14:52:00+00:00,1.3477554,7.818993126201719,NO ALERT,channel_46,0.93126684,REAL ESA MISSION 1 — verified downloaded archive
2013-10-01 14:53:00+00:00,2.2027354,7.818993126201719,NO ALERT,channel_44,0.7953933,REAL ESA MISSION 1 — verified downloaded archive
2013-10-01 14:54:00+00:00,1.3622407,7.818993126201719,NO ALERT,channel_44,1.1072056,REAL ESA MISSION 1 — verified downloaded archive
2013-10-01 14:55:00+00:00,2.5816715,7.818993126201719,NO ALERT,channel_42,1.5971385,REAL ESA MISSION 1 — verified downloaded archive
2013-10-01 14:56:00+00:00,2.117515,7.818993126201719,NO ALERT,channel_44,1.5210544,REAL ESA MISSION 1 — verified downloaded archive
2013-10-01 14:57:00+00:00,1.670247,7.818993126201719,NO ALERT,channel_42,1.3439114,REAL ESA MISSION 1 — verified downloaded archive
2013-10-01 14:58:00+00:00,4.108145,7.818993126201719,NO ALERT,channel_44,1.9646659,REAL ESA MISSION 1 — verified downloaded archive
2013-10-01 14:59:00+00:00,1.4794675,7.818993126201719,NO ALERT,channel_44,1.2390323,REAL ESA MISSION 1 — verified downloaded archive
2013-10-01 15:00:00+00:00,1.9534851,7.818993126201719,NO ALERT,channel_41,0.8887555,REAL ESA MISSION 1 — verified downloaded archive
2013-10-01 15:01:00+00:00,1.2757999,7.818993126201719,NO ALERT,channel_42,1.5352662,REAL ESA MISSION 1 — verified downloaded archive
2013-10-01 15:02:00+00:00,1.8508195,7.818993126201719,NO ALERT,channel_42,1.108634,REAL ESA MISSION 1 — verified downloaded archive
2013-10-01 15:03:00+00:00,3.269979,7.818993126201719,NO ALERT,channel_42,1.7720287,REAL ESA MISSION 1 — verified downloaded archive
2013-10-01 15:04:00+00:00,1.3568016,7.818993126201719,NO ALERT,channel_42,1.3286052,REAL ESA MISSION 1 — verified downloaded archive
2013-10-01 15:05:00+00:00,2.2068698,7.818993126201719,NO ALERT,channel_45,1.3695843,REAL ESA MISSION 1 — verified downloaded archive
2013-10-01 15:06:00+00:00,2.4027789,7.818993126201719,NO ALERT,channel_42,1.3769338,REAL ESA MISSION 1 — verified downloaded archive
2013-10-01 15:07:00+00:00,1.7647787,7.818993126201719,NO ALERT,channel_42,1.2525831,REAL ESA MISSION 1 — verified downloaded archive
2013-10-01 15:08:00+00:00,4.504149,7.818993126201719,NO ALERT,channel_45,1.2161379,REAL ESA MISSION 1 — verified downloaded archive
2013-10-01 15:09:00+00:00,3.68845,7.818993126201719,NO ALERT,channel_42,1.0177029,REAL ESA MISSION 1 — verified downloaded archive
2013-10-01 15:10:00+00:00,2.4861763,7.818993126201719,NO ALERT,channel_42,1.0059295,REAL ESA MISSION 1 — verified downloaded archive
2013-10-01 15:11:00+00:00,2.5751574,7.818993126201719,NO ALERT,channel_42,1.0980221,REAL ESA MISSION 1 — verified downloaded archive
2013-10-01 15:12:00+00:00,3.5484602,7.818993126201719,NO ALERT,channel_46,0.9047529,REAL ESA MISSION 1 — verified downloaded archive
2013-10-01 15:13:00+00:00,2.44512,7.818993126201719,NO ALERT,channel_46,1.7729282,REAL ESA MISSION 1 — verified downloaded archive
2013-10-01 15:14:00+00:00,2.129698,7.818993126201719,NO ALERT,channel_44,1.0307624,REAL ESA MISSION 1 — verified downloaded archive
2013-10-01 15:15:00+00:00,1.6988684,7.818993126201719,NO ALERT,channel_46,1.2461812,REAL ESA MISSION 1 — verified downloaded archive
2013-10-01 15:16:00+00:00,2.5484815,7.818993126201719,NO ALERT,channel_46,1.4129207,REAL ESA MISSION 1 — verified downloaded archive
2013-10-01 15:17:00+00:00,2.521893,7.818993126201719,NO ALERT,channel_44,1.3908346,REAL ESA MISSION 1 — verified downloaded archive
2013-10-01 15:18:00+00:00,5.1189494,7.818993126201719,NO ALERT,channel_46,1.0938754,REAL ESA MISSION 1 — verified downloaded archive
2013-10-01 15:19:00+00:00,1.49795,7.818993126201719,NO ALERT,channel_44,1.2275065,REAL ESA MISSION 1 — verified downloaded archive
2013-10-01 15:20:00+00:00,5.4882693,7.818993126201719,NO ALERT,channel_41,0.84692764,REAL ESA MISSION 1 — verified downloaded archive
2013-10-01 15:21:00+00:00,0.97897136,7.818993126201719,NO ALERT,channel_41,1.070451,REAL ESA MISSION 1 — verified downloaded archive
2013-10-01 15:22:00+00:00,3.7955217,7.818993126201719,NO ALERT,channel_41,1.2936838,REAL ESA MISSION 1 — verified downloaded archive
2013-10-01 15:23:00+00:00,3.4019783,7.818993126201719,NO ALERT,channel_41,1.1468631,REAL ESA MISSION 1 — verified downloaded archive
2013-10-01 15:24:00+00:00,3.5272932,7.818993126201719,NO ALERT,channel_42,1.2051313,REAL ESA MISSION 1 — verified downloaded archive
2013-10-01 15:25:00+00:00,1.7728552,7.818993126201719,NO ALERT,channel_44,1.3732505,REAL ESA MISSION 1 — verified downloaded archive
2013-10-01 15:26:00+00:00,2.6620862,7.818993126201719,NO ALERT,channel_42,1.165237,REAL ESA MISSION 1 — verified downloaded archive
2013-10-01 15:27:00+00:00,2.1297183,7.818993126201719,NO ALERT,channel_42,1.0495908,REAL ESA MISSION 1 — verified downloaded archive
2013-10-01 15:28:00+00:00,3.0968392,7.818993126201719,NO ALERT,channel_44,1.5530018,REAL ESA MISSION 1 — verified downloaded archive
2013-10-01 15:29:00+00:00,3.1862695,7.818993126201719,NO ALERT,channel_42,1.0963354,REAL ESA MISSION 1 — verified downloaded archive
2013-10-01 15:30:00+00:00,4.049955,7.818993126201719,NO ALERT,channel_46,1.4642048,REAL ESA MISSION 1 — verified downloaded archive
2013-10-01 15:31:00+00:00,3.7858071,7.818993126201719,NO ALERT,channel_46,1.4450318,REAL ESA MISSION 1 — verified downloaded archive
2013-10-01 15:32:00+00:00,2.8705738,7.818993126201719,NO ALERT,channel_42,1.2647269,REAL ESA MISSION 1 — verified downloaded archive
2013-10-01 15:33:00+00:00,3.149224,7.818993126201719,NO ALERT,channel_46,1.7827567,REAL ESA MISSION 1 — verified downloaded archive
2013-10-01 15:34:00+00:00,4.403026,7.818993126201719,NO ALERT,channel_46,1.8375021,REAL ESA MISSION 1 — verified downloaded archive
2013-10-01 15:35:00+00:00,4.8283854,7.818993126201719,NO ALERT,channel_45,1.1215308,REAL ESA MISSION 1 — verified downloaded archive
2013-10-01 15:36:00+00:00,3.3764403,7.818993126201719,NO ALERT,channel_46,1.5966804,REAL ESA MISSION 1 — verified downloaded archive
2013-10-01 15:37:00+00:00,1.5645632,7.818993126201719,NO ALERT,channel_45,0.8719845,REAL ESA MISSION 1 — verified downloaded archive
2013-10-01 15:38:00+00:00,4.6606717,7.818993126201719,NO ALERT,channel_46,1.8342869,REAL ESA MISSION 1 — verified downloaded archive
2013-10-01 15:39:00+00:00,3.442939,7.818993126201719,NO ALERT,channel_46,1.8425448,REAL ESA MISSION 1 — verified downloaded archive
2013-10-01 15:40:00+00:00,3.55604,7.818993126201719,NO ALERT,channel_46,1.2153445,REAL ESA MISSION 1 — verified downloaded archive
2013-10-01 15:41:00+00:00,1.5675768,7.818993126201719,NO ALERT,channel_44,1.0513067,REAL ESA MISSION 1 — verified downloaded archive
2013-10-01 15:42:00+00:00,1.0789888,7.818993126201719,NO ALERT,channel_46,0.9840352,REAL ESA MISSION 1 — verified downloaded archive
2013-10-01 15:43:00+00:00,1.8890353,7.818993126201719,NO ALERT,channel_44,1.4393507,REAL ESA MISSION 1 — verified downloaded archive
2013-10-01 15:44:00+00:00,2.780561,7.818993126201719,NO ALERT,channel_44,0.98262763,REAL ESA MISSION 1 — verified downloaded archive
2013-10-01 15:45:00+00:00,3.465533,7.818993126201719,NO ALERT,channel_44,1.5005343,REAL ESA MISSION 1 — verified downloaded archive
2013-10-01 15:46:00+00:00,1.6878551,7.818993126201719,NO ALERT,channel_41,1.0320208,REAL ESA MISSION 1 — verified downloaded archive
2013-10-01 15:47:00+00:00,2.5805624,7.818993126201719,NO ALERT,channel_44,1.5654954,REAL ESA MISSION 1 — verified downloaded archive
2013-10-01 15:48:00+00:00,3.5705745,7.818993126201719,NO ALERT,channel_44,1.2425314,REAL ESA MISSION 1 — verified downloaded archive
2013-10-01 15:49:00+00:00,3.2627115,7.818993126201719,NO ALERT,channel_42,1.6645206,REAL ESA MISSION 1 — verified downloaded archive
2013-10-01 15:50:00+00:00,3.2623656,7.818993126201719,NO ALERT,channel_42,1.4388945,REAL ESA MISSION 1 — verified downloaded archive
2013-10-01 15:51:00+00:00,4.088851,7.818993126201719,NO ALERT,channel_42,1.2028935,REAL ESA MISSION 1 — verified downloaded archive
2013-10-01 15:52:00+00:00,0.6091894,7.818993126201719,NO ALERT,channel_42,1.3803506,REAL ESA MISSION 1 — verified downloaded archive
2013-10-01 15:53:00+00:00,-0.63767385,7.818993126201719,NO ALERT,channel_45,1.1988842,REAL ESA MISSION 1 — verified downloaded archive
2013-10-01 15:54:00+00:00,1.6355218,7.818993126201719,NO ALERT,channel_45,1.1704395,REAL ESA MISSION 1 — verified downloaded archive
2013-10-01 15:55:00+00:00,2.012508,7.818993126201719,NO ALERT,channel_45,1.1520448,REAL ESA MISSION 1 — verified downloaded archive
2013-10-01 15:56:00+00:00,0.4245008,7.818993126201719,NO ALERT,channel_45,1.1315728,REAL ESA MISSION 1 — verified downloaded archive
2013-10-01 15:57:00+00:00,0.8214282,7.818993126201719,NO ALERT,channel_42,1.5140007,REAL ESA MISSION 1 — verified downloaded archive
2013-10-01 15:58:00+00:00,5.867595,7.818993126201719,NO ALERT,channel_42,1.4428124,REAL ESA MISSION 1 — verified downloaded archive
2013-10-01 15:59:00+00:00,2.196571,7.818993126201719,NO ALERT,channel_44,1.1721544,REAL ESA MISSION 1 — verified downloaded archive
2013-10-01 16:00:00+00:00,2.040706,7.818993126201719,NO ALERT,channel_46,1.4300705,REAL ESA MISSION 1 — verified downloaded archive
2013-10-01 16:01:00+00:00,1.1807293,7.818993126201719,NO ALERT,channel_46,1.7039808,REAL ESA MISSION 1 — verified downloaded archive
2013-10-01 16:02:00+00:00,0.92404133,7.818993126201719,NO ALERT,channel_46,0.87510586,REAL ESA MISSION 1 — verified downloaded archive
2013-10-01 16:03:00+00:00,1.5018667,7.818993126201719,NO ALERT,channel_46,1.1626788,REAL ESA MISSION 1 — verified downloaded archive
2013-10-01 16:04:00+00:00,3.193167,7.818993126201719,NO ALERT,channel_44,0.94512594,REAL ESA MISSION 1 — verified downloaded archive
2013-10-01 16:05:00+00:00,1.064957,7.818993126201719,NO ALERT,channel_46,1.0430912,REAL ESA MISSION 1 — verified downloaded archive
2013-10-01 16:06:00+00:00,0.36233696,7.818993126201719,NO ALERT,channel_44,0.9022261,REAL ESA MISSION 1 — verified downloaded archive
2013-10-01 16:07:00+00:00,0.9610412,7.818993126201719,NO ALERT,channel_44,1.1018958,REAL ESA MISSION 1 — verified downloaded archive
2013-10-01 16:08:00+00:00,4.2392592,7.818993126201719,NO ALERT,channel_46,1.4566183,REAL ESA MISSION 1 — verified downloaded archive
2013-10-01 16:09:00+00:00,1.6758918,7.818993126201719,NO ALERT,channel_44,1.1562045,REAL ESA MISSION 1 — verified downloaded archive
2013-10-01 16:10:00+00:00,1.0051042,7.818993126201719,NO ALERT,channel_41,1.1867783,REAL ESA MISSION 1 — verified downloaded archive
2013-10-01 16:11:00+00:00,1.6528742,7.818993126201719,NO ALERT,channel_41,1.0464214,REAL ESA MISSION 1 — verified downloaded archive
2013-10-01 16:12:00+00:00,1.5974873,7.818993126201719,NO ALERT,channel_42,1.275643,REAL ESA MISSION 1 — verified downloaded archive
2013-10-01 16:13:00+00:00,2.4483073,7.818993126201719,NO ALERT,channel_44,1.4303551,REAL ESA MISSION 1 — verified downloaded archive
2013-10-01 16:14:00+00:00,1.8414482,7.818993126201719,NO ALERT,channel_41,1.1309202,REAL ESA MISSION 1 — verified downloaded archive
2013-10-01 16:15:00+00:00,2.209004,7.818993126201719,NO ALERT,channel_42,1.3981936,REAL ESA MISSION 1 — verified downloaded archive
2013-10-01 16:16:00+00:00,2.8054876,7.818993126201719,NO ALERT,channel_45,1.117621,REAL ESA MISSION 1 — verified downloaded archive
2013-10-01 16:17:00+00:00,2.9701815,7.818993126201719,NO ALERT,channel_42,1.5586741,REAL ESA MISSION 1 — verified downloaded archive
2013-10-01 16:18:00+00:00,4.141336,7.818993126201719,NO ALERT,channel_42,1.436256,REAL ESA MISSION 1 — verified downloaded archive
2013-10-01 16:19:00+00:00,2.5664594,7.818993126201719,NO ALERT,channel_42,2.000014,REAL ESA MISSION 1 — verified downloaded archive
2013-10-01 16:20:00+00:00,1.2500652,7.818993126201719,NO ALERT,channel_45,1.2756516,REAL ESA MISSION 1 — verified downloaded archive
2013-10-01 16:21:00+00:00,2.9566844,7.818993126201719,NO ALERT,channel_45,1.0204641,REAL ESA MISSION 1 — verified downloaded archive
2013-10-01 16:22:00+00:00,3.6832652,7.818993126201719,NO ALERT,channel_45,1.1213229,REAL ESA MISSION 1 — verified downloaded archive
2013-10-01 16:23:00+00:00,2.3273535,7.818993126201719,NO ALERT,channel_46,2.1168096,REAL ESA MISSION 1 — verified downloaded archive
2013-10-01 16:24:00+00:00,1.7087563,7.818993126201719,NO ALERT,channel_45,0.9873486,REAL ESA MISSION 1 — verified downloaded archive
2013-10-01 16:25:00+00:00,0.98500764,7.818993126201719,NO ALERT,channel_46,0.89180493,REAL ESA MISSION 1 — verified downloaded archive
2013-10-01 16:26:00+00:00,3.5269558,7.818993126201719,NO ALERT,channel_46,1.1784353,REAL ESA MISSION 1 — verified downloaded archive
2013-10-01 16:27:00+00:00,5.140103,7.818993126201719,NO ALERT,channel_46,1.2643867,REAL ESA MISSION 1 — verified downloaded archive
2013-10-01 16:28:00+00:00,4.2942443,7.818993126201719,NO ALERT,channel_46,1.9343714,REAL ESA MISSION 1 — verified downloaded archive
2013-10-01 16:29:00+00:00,3.26158,7.818993126201719,NO ALERT,channel_46,2.1293116,REAL ESA MISSION 1 — verified downloaded archive
2013-10-01 16:30:00+00:00,1.7823485,7.818993126201719,NO ALERT,channel_44,0.9533863,REAL ESA MISSION 1 — verified downloaded archive
2013-10-01 16:31:00+00:00,3.07054,7.818993126201719,NO ALERT,channel_46,1.206516,REAL ESA MISSION 1 — verified downloaded archive
2013-10-01 16:32:00+00:00,2.5977614,7.818993126201719,NO ALERT,channel_41,1.1956201,REAL ESA MISSION 1 — verified downloaded archive
2013-10-01 16:33:00+00:00,2.7057025,7.818993126201719,NO ALERT,channel_44,1.5254893,REAL ESA MISSION 1 — verified downloaded archive
2013-10-01 16:34:00+00:00,1.4057271,7.818993126201719,NO ALERT,channel_41,1.1440412,REAL ESA MISSION 1 — verified downloaded archive
2013-10-01 16:35:00+00:00,3.0074034,7.818993126201719,NO ALERT,channel_44,1.1817738,REAL ESA MISSION 1 — verified downloaded archive
2013-10-01 16:36:00+00:00,1.6033967,7.818993126201719,NO ALERT,channel_44,1.3778563,REAL ESA MISSION 1 — verified downloaded archive
2013-10-01 16:37:00+00:00,2.6004996,7.818993126201719,NO ALERT,channel_41,1.082242,REAL ESA MISSION 1 — verified downloaded archive
2013-10-01 16:38:00+00:00,4.1144605,7.818993126201719,NO ALERT,channel_42,1.5281764,REAL ESA MISSION 1 — verified downloaded archive
2013-10-01 16:39:00+00:00,3.402725,7.818993126201719,NO ALERT,channel_41,1.0511097,REAL ESA MISSION 1 — verified downloaded archive
2013-10-01 16:40:00+00:00,2.5756824,7.818993126201719,NO ALERT,channel_42,1.3914444,REAL ESA MISSION 1 — verified downloaded archive
2013-10-01 16:41:00+00:00,3.5541844,7.818993126201719,NO ALERT,channel_41,1.0379848,REAL ESA MISSION 1 — verified downloaded archive
2013-10-01 16:42:00+00:00,1.4955385,7.818993126201719,NO ALERT,channel_46,1.3309145,REAL ESA MISSION 1 — verified downloaded archive
2013-10-01 16:43:00+00:00,4.2685213,7.818993126201719,NO ALERT,channel_42,2.0075076,REAL ESA MISSION 1 — verified downloaded archive
2013-10-01 16:44:00+00:00,4.42794,7.818993126201719,NO ALERT,channel_45,0.9385157,REAL ESA MISSION 1 — verified downloaded archive
2013-10-01 16:45:00+00:00,0.7659827,7.818993126201719,NO ALERT,channel_45,1.2826692,REAL ESA MISSION 1 — verified downloaded archive
2013-10-01 16:46:00+00:00,2.2981565,7.818993126201719,NO ALERT,channel_46,0.9951892,REAL ESA MISSION 1 — verified downloaded archive
2013-10-01 16:47:00+00:00,1.2263857,7.818993126201719,NO ALERT,channel_46,1.2872449,REAL ESA MISSION 1 — verified downloaded archive
2013-10-01 16:48:00+00:00,5.9690332,7.818993126201719,NO ALERT,channel_45,1.3667696,REAL ESA MISSION 1 — verified downloaded archive
2013-10-01 16:49:00+00:00,2.0212462,7.818993126201719,NO ALERT,channel_46,1.0537981,REAL ESA MISSION 1 — verified downloaded archive
2013-10-01 16:50:00+00:00,1.120298,7.818993126201719,NO ALERT,channel_46,1.137927,REAL ESA MISSION 1 — verified downloaded archive
2013-10-01 16:51:00+00:00,3.7091885,7.818993126201719,NO ALERT,channel_46,1.0214962,REAL ESA MISSION 1 — verified downloaded archive
2013-10-01 16:52:00+00:00,0.9708215,7.818993126201719,NO ALERT,channel_46,1.2166554,REAL ESA MISSION 1 — verified downloaded archive
2013-10-01 16:53:00+00:00,4.139026,7.818993126201719,NO ALERT,channel_46,1.697399,REAL ESA MISSION 1 — verified downloaded archive
2013-10-01 16:54:00+00:00,3.5481734,7.818993126201719,NO ALERT,channel_46,1.1852009,REAL ESA MISSION 1 — verified downloaded archive
2013-10-01 16:55:00+00:00,2.8230166,7.818993126201719,NO ALERT,channel_44,1.1448826,REAL ESA MISSION 1 — verified downloaded archive
2013-10-01 16:56:00+00:00,0.3776249,7.818993126201719,NO ALERT,channel_41,0.82175136,REAL ESA MISSION 1 — verified downloaded archive
2013-10-01 16:57:00+00:00,2.8635454,7.818993126201719,NO ALERT,channel_44,1.322046,REAL ESA MISSION 1 — verified downloaded archive
2013-10-01 16:58:00+00:00,4.5854006,7.818993126201719,NO ALERT,channel_41,0.9313879,REAL ESA MISSION 1 — verified downloaded archive
2013-10-01 16:59:00+00:00,2.7900798,7.818993126201719,NO ALERT,channel_41,1.1264348,REAL ESA MISSION 1 — verified downloaded archive
2013-10-01 17:00:00+00:00,0.5170883,7.818993126201719,NO ALERT,channel_41,0.9859705,REAL ESA MISSION 1 — verified downloaded archive
2013-10-01 17:01:00+00:00,3.3800642,7.818993126201719,NO ALERT,channel_41,1.2169924,REAL ESA MISSION 1 — verified downloaded archive
2013-10-01 17:02:00+00:00,3.4724898,7.818993126201719,NO ALERT,channel_42,1.2982572,REAL ESA MISSION 1 — verified downloaded archive
2013-10-01 17:03:00+00:00,2.5053747,7.818993126201719,NO ALERT,channel_41,1.0744857,REAL ESA MISSION 1 — verified downloaded archive
2013-10-01 17:04:00+00:00,3.1226497,7.818993126201719,NO ALERT,channel_42,1.7254266,REAL ESA MISSION 1 — verified downloaded archive
2013-10-01 17:05:00+00:00,2.669409,7.818993126201719,NO ALERT,channel_42,1.3187445,REAL ESA MISSION 1 — verified downloaded archive
2013-10-01 17:06:00+00:00,1.1511667,7.818993126201719,NO ALERT,channel_45,1.0916808,REAL ESA MISSION 1 — verified downloaded archive
2013-10-01 17:07:00+00:00,2.1505752,7.818993126201719,NO ALERT,channel_42,1.2705735,REAL ESA MISSION 1 — verified downloaded archive
2013-10-01 17:08:00+00:00,3.5450237,7.818993126201719,NO ALERT,channel_44,1.4621457,REAL ESA MISSION 1 — verified downloaded archive
2013-10-01 17:09:00+00:00,3.2496538,7.818993126201719,NO ALERT,channel_45,1.2684568,REAL ESA MISSION 1 — verified downloaded archive
2013-10-01 17:10:00+00:00,1.7501673,7.818993126201719,NO ALERT,channel_42,1.6210519,REAL ESA MISSION 1 — verified downloaded archive
2013-10-01 17:11:00+00:00,3.530372,7.818993126201719,NO ALERT,channel_42,1.6068833,REAL ESA MISSION 1 — verified downloaded archive
2013-10-01 17:12:00+00:00,2.702343,7.818993126201719,NO ALERT,channel_42,1.0042058,REAL ESA MISSION 1 — verified downloaded archive
2013-10-01 17:13:00+00:00,0.63086444,7.818993126201719,NO ALERT,channel_45,1.086839,REAL ESA MISSION 1 — verified downloaded archive
2013-10-01 17:14:00+00:00,2.5434313,7.818993126201719,NO ALERT,channel_46,1.5524731,REAL ESA MISSION 1 — verified downloaded archive
2013-10-01 17:15:00+00:00,1.4667962,7.818993126201719,NO ALERT,channel_46,0.8381093,REAL ESA MISSION 1 — verified downloaded archive
2013-10-01 17:16:00+00:00,4.090052,7.818993126201719,NO ALERT,channel_46,1.4159313,REAL ESA MISSION 1 — verified downloaded archive
2013-10-01 17:17:00+00:00,4.476003,7.818993126201719,NO ALERT,channel_46,0.9004951,REAL ESA MISSION 1 — verified downloaded archive
2013-10-01 17:18:00+00:00,3.1671855,7.818993126201719,NO ALERT,channel_46,1.3886493,REAL ESA MISSION 1 — verified downloaded archive
2013-10-01 17:19:00+00:00,3.5567396,7.818993126201719,NO ALERT,channel_44,1.1989702,REAL ESA MISSION 1 — verified downloaded archive
2013-10-01 17:20:00+00:00,2.0977213,7.818993126201719,NO ALERT,channel_46,1.0797358,REAL ESA MISSION 1 — verified downloaded archive
2013-10-01 17:21:00+00:00,2.0979404,7.818993126201719,NO ALERT,channel_44,1.0357797,REAL ESA MISSION 1 — verified downloaded archive
2013-10-01 17:22:00+00:00,0.49676284,7.818993126201719,NO ALERT,channel_44,1.4470959,REAL ESA MISSION 1 — verified downloaded archive
2013-10-01 17:23:00+00:00,1.1916755,7.818993126201719,NO ALERT,channel_44,1.2086213,REAL ESA MISSION 1 — verified downloaded archive
2013-10-01 17:24:00+00:00,3.6124659,7.818993126201719,NO ALERT,channel_41,1.1270609,REAL ESA MISSION 1 — verified downloaded archive
2013-10-01 17:25:00+00:00,1.7756609,7.818993126201719,NO ALERT,channel_44,0.8540713,REAL ESA MISSION 1 — verified downloaded archive
2013-10-01 17:26:00+00:00,1.4218557,7.818993126201719,NO ALERT,channel_41,0.8465522,REAL ESA MISSION 1 — verified downloaded archive
2013-10-01 17:27:00+00:00,1.7726897,7.818993126201719,NO ALERT,channel_42,1.1201386,REAL ESA MISSION 1 — verified downloaded archive
2013-10-01 17:28:00+00:00,3.4301364,7.818993126201719,NO ALERT,channel_41,1.245518,REAL ESA MISSION 1 — verified downloaded archive
2013-10-01 17:29:00+00:00,0.8179324,7.818993126201719,NO ALERT,channel_44,1.1729454,REAL ESA MISSION 1 — verified downloaded archive
2013-10-01 17:30:00+00:00,2.7604463,7.818993126201719,NO ALERT,channel_44,1.1748098,REAL ESA MISSION 1 — verified downloaded archive
2013-10-01 17:31:00+00:00,2.5482302,7.818993126201719,NO ALERT,channel_44,1.2842729,REAL ESA MISSION 1 — verified downloaded archive
2013-10-01 17:32:00+00:00,1.337577,7.818993126201719,NO ALERT,channel_45,1.0081019,REAL ESA MISSION 1 — verified downloaded archive
2013-10-01 17:33:00+00:00,1.7155824,7.818993126201719,NO ALERT,channel_42,1.0483578,REAL ESA MISSION 1 — verified downloaded archive
2013-10-01 17:34:00+00:00,2.3879936,7.818993126201719,NO ALERT,channel_46,1.0440787,REAL ESA MISSION 1 — verified downloaded archive
2013-10-01 17:35:00+00:00,3.2756693,7.818993126201719,NO ALERT,channel_42,1.6213063,REAL ESA MISSION 1 — verified downloaded archive
2013-10-01 17:36:00+00:00,1.8761358,7.818993126201719,NO ALERT,channel_46,1.0885701,REAL ESA MISSION 1 — verified downloaded archive
2013-10-01 17:37:00+00:00,4.2591643,7.818993126201719,NO ALERT,channel_42,1.025843,REAL ESA MISSION 1 — verified downloaded archive
2013-10-01 17:38:00+00:00,4.770375,7.818993126201719,NO ALERT,channel_46,1.54267,REAL ESA MISSION 1 — verified downloaded archive
2013-10-01 17:39:00+00:00,0.7729439,7.818993126201719,NO ALERT,channel_46,1.0323068,REAL ESA MISSION 1 — verified downloaded archive
2013-10-01 17:40:00+00:00,1.090766,7.818993126201719,NO ALERT,channel_42,0.73268366,REAL ESA MISSION 1 — verified downloaded archive
2013-10-01 17:41:00+00:00,1.0403826,7.818993126201719,NO ALERT,channel_46,1.205937,REAL ESA MISSION 1 — verified downloaded archive
2013-10-01 17:42:00+00:00,0.45865247,7.818993126201719,NO ALERT,channel_46,1.0002929,REAL ESA MISSION 1 — verified downloaded archive
2013-10-01 17:43:00+00:00,1.6194487,7.818993126201719,NO ALERT,channel_46,1.0595351,REAL ESA MISSION 1 — verified downloaded archive
2013-10-01 17:44:00+00:00,1.6052943,7.818993126201719,NO ALERT,channel_44,1.3950877,REAL ESA MISSION 1 — verified downloaded archive
2013-10-01 17:45:00+00:00,0.81656456,7.818993126201719,NO ALERT,channel_44,0.828123,REAL ESA MISSION 1 — verified downloaded archive
2013-10-01 17:46:00+00:00,1.503326,7.818993126201719,NO ALERT,channel_46,0.7362348,REAL ESA MISSION 1 — verified downloaded archive
2013-10-01 17:47:00+00:00,1.3089519,7.818993126201719,NO ALERT,channel_41,1.5040451,REAL ESA MISSION 1 — verified downloaded archive
2013-10-01 17:48:00+00:00,3.7769618,7.818993126201719,NO ALERT,channel_42,1.6485795,REAL ESA MISSION 1 — verified downloaded archive
2013-10-01 17:49:00+00:00,0.64904773,7.818993126201719,NO ALERT,channel_44,1.1005305,REAL ESA MISSION 1 — verified downloaded archive
2013-10-01 17:50:00+00:00,2.5603242,7.818993126201719,NO ALERT,channel_41,0.9662539,REAL ESA MISSION 1 — verified downloaded archive
2013-10-01 17:51:00+00:00,1.4557147,7.818993126201719,NO ALERT,channel_44,0.967557,REAL ESA MISSION 1 — verified downloaded archive
2013-10-01 17:52:00+00:00,2.0576143,7.818993126201719,NO ALERT,channel_42,1.1458896,REAL ESA MISSION 1 — verified downloaded archive
2013-10-01 17:53:00+00:00,1.8252238,7.818993126201719,NO ALERT,channel_44,1.1621072,REAL ESA MISSION 1 — verified downloaded archive
2013-10-01 17:54:00+00:00,2.553378,7.818993126201719,NO ALERT,channel_44,1.1416684,REAL ESA MISSION 1 — verified downloaded archive
2013-10-01 17:55:00+00:00,2.010191,7.818993126201719,NO ALERT,channel_42,1.168448,REAL ESA MISSION 1 — verified downloaded archive
2013-10-01 17:56:00+00:00,1.3980558,7.818993126201719,NO ALERT,channel_42,1.2387561,REAL ESA MISSION 1 — verified downloaded archive
2013-10-01 17:57:00+00:00,1.4567466,7.818993126201719,NO ALERT,channel_44,0.9229532,REAL ESA MISSION 1 — verified downloaded archive
2013-10-01 17:58:00+00:00,3.570894,7.818993126201719,NO ALERT,channel_44,1.2144494,REAL ESA MISSION 1 — verified downloaded archive
2013-10-01 17:59:00+00:00,2.7736368,7.818993126201719,NO ALERT,channel_45,1.3023347,REAL ESA MISSION 1 — verified downloaded archive
2013-10-01 18:00:00+00:00,2.9786525,7.818993126201719,NO ALERT,channel_42,1.0940877,REAL ESA MISSION 1 — verified downloaded archive
2013-10-01 18:01:00+00:00,2.0658314,7.818993126201719,NO ALERT,channel_45,1.1596284,REAL ESA MISSION 1 — verified downloaded archive
2013-10-01 18:02:00+00:00,5.134455,7.818993126201719,NO ALERT,channel_42,1.0905833,REAL ESA MISSION 1 — verified downloaded archive
2013-10-01 18:03:00+00:00,3.7158844,7.818993126201719,NO ALERT,channel_45,1.1348271,REAL ESA MISSION 1 — verified downloaded archive
2013-10-01 18:04:00+00:00,3.95772,7.818993126201719,NO ALERT,channel_46,1.1445119,REAL ESA MISSION 1 — verified downloaded archive
2013-10-01 18:05:00+00:00,4.9460616,7.818993126201719,NO ALERT,channel_46,1.4457184,REAL ESA MISSION 1 — verified downloaded archive
2013-10-01 18:06:00+00:00,2.2275383,7.818993126201719,NO ALERT,channel_46,1.6437386,REAL ESA MISSION 1 — verified downloaded archive
2013-10-01 18:07:00+00:00,1.5019131,7.818993126201719,NO ALERT,channel_44,1.279697,REAL ESA MISSION 1 — verified downloaded archive
2013-10-01 18:08:00+00:00,4.8335633,7.818993126201719,NO ALERT,channel_46,1.5565339,REAL ESA MISSION 1 — verified downloaded archive
2013-10-01 18:09:00+00:00,4.698675,7.818993126201719,NO ALERT,channel_41,0.9954744,REAL ESA MISSION 1 — verified downloaded archive
2013-10-01 18:10:00+00:00,5.2533774,7.818993126201719,NO ALERT,channel_44,0.88142645,REAL ESA MISSION 1 — verified downloaded archive
2013-10-01 18:11:00+00:00,3.037226,7.818993126201719,NO ALERT,channel_41,1.0688579,REAL ESA MISSION 1 — verified downloaded archive
2013-10-01 18:12:00+00:00,4.502618,7.818993126201719,NO ALERT,channel_42,1.3407764,REAL ESA MISSION 1 — verified downloaded archive
2013-10-01 18:13:00+00:00,2.8195782,7.818993126201719,NO ALERT,channel_44,1.4683584,REAL ESA MISSION 1 — verified downloaded archive
2013-10-01 18:14:00+00:00,4.1550817,7.818993126201719,NO ALERT,channel_42,1.3818883,REAL ESA MISSION 1 — verified downloaded archive
2013-10-01 18:15:00+00:00,4.148449,7.818993126201719,NO ALERT,channel_44,1.3094842,REAL ESA MISSION 1 — verified downloaded archive
2013-10-01 18:16:00+00:00,2.785921,7.818993126201719,NO ALERT,channel_45,0.87741214,REAL ESA MISSION 1 — verified downloaded archive
2013-10-01 18:17:00+00:00,2.2263262,7.818993126201719,NO ALERT,channel_44,1.0676408,REAL ESA MISSION 1 — verified downloaded archive
2013-10-01 18:18:00+00:00,4.0280275,7.818993126201719,NO ALERT,channel_41,1.2493825,REAL ESA MISSION 1 — verified downloaded archive
2013-10-01 18:19:00+00:00,4.7190747,7.818993126201719,NO ALERT,channel_44,1.0491527,REAL ESA MISSION 1 — verified downloaded archive
2013-10-01 18:20:00+00:00,0.7219137,7.818993126201719,NO ALERT,channel_42,1.1556381,REAL ESA MISSION 1 — verified downloaded archive
2013-10-01 18:21:00+00:00,3.2091436,7.818993126201719,NO ALERT,channel_44,1.3870702,REAL ESA MISSION 1 — verified downloaded archive
2013-10-01 18:22:00+00:00,3.6039858,7.818993126201719,NO ALERT,channel_45,0.9900067,REAL ESA MISSION 1 — verified downloaded archive
2013-10-01 18:23:00+00:00,1.5797228,7.818993126201719,NO ALERT,channel_42,1.9884961,REAL ESA MISSION 1 — verified downloaded archive
2013-10-01 18:24:00+00:00,4.599429,7.818993126201719,NO ALERT,channel_46,1.0067409,REAL ESA MISSION 1 — verified downloaded archive
2013-10-01 18:25:00+00:00,1.1006314,7.818993126201719,NO ALERT,channel_42,1.6704997,REAL ESA MISSION 1 — verified downloaded archive
2013-10-01 18:26:00+00:00,2.570754,7.818993126201719,NO ALERT,channel_42,1.051526,REAL ESA MISSION 1 — verified downloaded archive
2013-10-01 18:27:00+00:00,2.2895324,7.818993126201719,NO ALERT,channel_42,1.4340453,REAL ESA MISSION 1 — verified downloaded archive
2013-10-01 18:28:00+00:00,5.06971,7.818993126201719,NO ALERT,channel_45,1.6477135,REAL ESA MISSION 1 — verified downloaded archive
2013-10-01 18:29:00+00:00,2.06991,7.818993126201719,NO ALERT,channel_46,0.9958018,REAL ESA MISSION 1 — verified downloaded archive
2013-10-01 18:30:00+00:00,1.6149894,7.818993126201719,NO ALERT,channel_46,0.87432694,REAL ESA MISSION 1 — verified downloaded archive
2013-10-01 18:31:00+00:00,2.295512,7.818993126201719,NO ALERT,channel_44,1.0510192,REAL ESA MISSION 1 — verified downloaded archive
2013-10-01 18:32:00+00:00,2.2104175,7.818993126201719,NO ALERT,channel_44,0.80971885,REAL ESA MISSION 1 — verified downloaded archive
2013-10-01 18:33:00+00:00,2.09933,7.818993126201719,NO ALERT,channel_44,1.2169558,REAL ESA MISSION 1 — verified downloaded archive
2013-10-01 18:34:00+00:00,1.2722267,7.818993126201719,NO ALERT,channel_44,1.410917,REAL ESA MISSION 1 — verified downloaded archive
2013-10-01 18:35:00+00:00,1.965937,7.818993126201719,NO ALERT,channel_44,0.9494647,REAL ESA MISSION 1 — verified downloaded archive
2013-10-01 18:36:00+00:00,1.7340399,7.818993126201719,NO ALERT,channel_44,1.4637375,REAL ESA MISSION 1 — verified downloaded archive
2013-10-01 18:37:00+00:00,2.506631,7.818993126201719,NO ALERT,channel_41,1.1083935,REAL ESA MISSION 1 — verified downloaded archive
2013-10-01 18:38:00+00:00,3.8632002,7.818993126201719,NO ALERT,channel_44,1.531957,REAL ESA MISSION 1 — verified downloaded archive
2013-10-01 18:39:00+00:00,2.1501606,7.818993126201719,NO ALERT,channel_42,1.5956107,REAL ESA MISSION 1 — verified downloaded archive
2013-10-01 18:40:00+00:00,2.3684828,7.818993126201719,NO ALERT,channel_42,1.3564086,REAL ESA MISSION 1 — verified downloaded archive
2013-10-01 18:41:00+00:00,3.59503,7.818993126201719,NO ALERT,channel_42,1.5345982,REAL ESA MISSION 1 — verified downloaded archive
2013-10-01 18:42:00+00:00,2.9893856,7.818993126201719,NO ALERT,channel_42,1.2225047,REAL ESA MISSION 1 — verified downloaded archive
2013-10-01 18:43:00+00:00,3.1511872,7.818993126201719,NO ALERT,channel_42,1.3954799,REAL ESA MISSION 1 — verified downloaded archive
2013-10-01 18:44:00+00:00,3.5523145,7.818993126201719,NO ALERT,channel_45,1.1455338,REAL ESA MISSION 1 — verified downloaded archive
2013-10-01 18:45:00+00:00,4.1078167,7.818993126201719,NO ALERT,channel_42,1.9598866,REAL ESA MISSION 1 — verified downloaded archive
2013-10-01 18:46:00+00:00,4.3576045,7.818993126201719,NO ALERT,channel_46,1.3608265,REAL ESA MISSION 1 — verified downloaded archive
2013-10-01 18:47:00+00:00,2.4154644,7.818993126201719,NO ALERT,channel_42,1.3036438,REAL ESA MISSION 1 — verified downloaded archive
2013-10-01 18:48:00+00:00,3.2649488,7.818993126201719,NO ALERT,channel_45,1.4489828,REAL ESA MISSION 1 — verified downloaded archive
2013-10-01 18:49:00+00:00,3.4085577,7.818993126201719,NO ALERT,channel_46,1.2897024,REAL ESA MISSION 1 — verified downloaded archive
2013-10-01 18:50:00+00:00,1.97056,7.818993126201719,NO ALERT,channel_46,1.0560153,REAL ESA MISSION 1 — verified downloaded archive
2013-10-01 18:51:00+00:00,3.1052475,7.818993126201719,NO ALERT,channel_46,1.6314813,REAL ESA MISSION 1 — verified downloaded archive
2013-10-01 18:52:00+00:00,2.6368701,7.818993126201719,NO ALERT,channel_42,1.0323051,REAL ESA MISSION 1 — verified downloaded archive
2013-10-01 18:53:00+00:00,1.9309999,7.818993126201719,NO ALERT,channel_46,1.3773237,REAL ESA MISSION 1 — verified downloaded archive
2013-10-01 18:54:00+00:00,2.6318636,7.818993126201719,NO ALERT,channel_46,1.1448191,REAL ESA MISSION 1 — verified downloaded archive
2013-10-01 18:55:00+00:00,3.3200514,7.818993126201719,NO ALERT,channel_46,1.3224201,REAL ESA MISSION 1 — verified downloaded archive
2013-10-01 18:56:00+00:00,3.2175522,7.818993126201719,NO ALERT,channel_46,1.6030484,REAL ESA MISSION 1 — verified downloaded archive
2013-10-01 18:57:00+00:00,3.7120872,7.818993126201719,NO ALERT,channel_46,1.3769609,REAL ESA MISSION 1 — verified downloaded archive
2013-10-01 18:58:00+00:00,4.039746,7.818993126201719,NO ALERT,channel_41,1.1087109,REAL ESA MISSION 1 — verified downloaded archive
2013-10-01 18:59:00+00:00,0.5032475,7.818993126201719,NO ALERT,channel_44,0.91819817,REAL ESA MISSION 1 — verified downloaded archive
2013-10-01 19:00:00+00:00,3.5474882,7.818993126201719,NO ALERT,channel_44,1.4380083,REAL ESA MISSION 1 — verified downloaded archive
2013-10-01 19:01:00+00:00,2.0468822,7.818993126201719,NO ALERT,channel_44,1.6383152,REAL ESA MISSION 1 — verified downloaded archive
2013-10-01 19:02:00+00:00,3.4986343,7.818993126201719,NO ALERT,channel_44,1.2833433,REAL ESA MISSION 1 — verified downloaded archive
2013-10-01 19:03:00+00:00,0.869592,7.818993126201719,NO ALERT,channel_41,1.4781294,REAL ESA MISSION 1 — verified downloaded archive
2013-10-01 19:04:00+00:00,2.55116,7.818993126201719,NO ALERT,channel_44,1.3443445,REAL ESA MISSION 1 — verified downloaded archive
2013-10-01 19:05:00+00:00,2.7946174,7.818993126201719,NO ALERT,channel_44,1.2279779,REAL ESA MISSION 1 — verified downloaded archive
2013-10-01 19:06:00+00:00,2.6126032,7.818993126201719,NO ALERT,channel_41,1.1714942,REAL ESA MISSION 1 — verified downloaded archive
2013-10-01 19:07:00+00:00,1.9010546,7.818993126201719,NO ALERT,channel_45,1.2938273,REAL ESA MISSION 1 — verified downloaded archive
2013-10-01 19:08:00+00:00,4.0230355,7.818993126201719,NO ALERT,channel_41,1.6495987,REAL ESA MISSION 1 — verified downloaded archive
2013-10-01 19:09:00+00:00,1.3954742,7.818993126201719,NO ALERT,channel_45,1.2353888,REAL ESA MISSION 1 — verified downloaded archive
2013-10-01 19:10:00+00:00,0.49953154,7.818993126201719,NO ALERT,channel_42,1.0183271,REAL ESA MISSION 1 — verified downloaded archive
2013-10-01 19:11:00+00:00,1.1044177,7.818993126201719,NO ALERT,channel_45,1.4321532,REAL ESA MISSION 1 — verified downloaded archive
2013-10-01 19:12:00+00:00,0.6054046,7.818993126201719,NO ALERT,channel_45,1.160592,REAL ESA MISSION 1 — verified downloaded archive
2013-10-01 19:13:00+00:00,0.6427972,7.818993126201719,NO ALERT,channel_42,1.9610883,REAL ESA MISSION 1 — verified downloaded archive
2013-10-01 19:14:00+00:00,3.4746377,7.818993126201719,NO ALERT,channel_46,1.154912,REAL ESA MISSION 1 — verified downloaded archive
2013-10-01 19:15:00+00:00,2.8278193,7.818993126201719,NO ALERT,channel_42,1.2528605,REAL ESA MISSION 1 — verified downloaded archive
2013-10-01 19:16:00+00:00,2.2083397,7.818993126201719,NO ALERT,channel_45,1.0938727,REAL ESA MISSION 1 — verified downloaded archive
2013-10-01 19:17:00+00:00,3.9895027,7.818993126201719,NO ALERT,channel_46,1.5840694,REAL ESA MISSION 1 — verified downloaded archive
2013-10-01 19:18:00+00:00,5.1039133,7.818993126201719,NO ALERT,channel_46,1.341528,REAL ESA MISSION 1 — verified downloaded archive
2013-10-01 19:19:00+00:00,2.7827032,7.818993126201719,NO ALERT,channel_46,1.6284992,REAL ESA MISSION 1 — verified downloaded archive
2013-10-01 19:20:00+00:00,1.6549325,7.818993126201719,NO ALERT,channel_44,1.2522222,REAL ESA MISSION 1 — verified downloaded archive
2013-10-01 19:21:00+00:00,2.454476,7.818993126201719,NO ALERT,channel_46,1.0968578,REAL ESA MISSION 1 — verified downloaded archive
2013-10-01 19:22:00+00:00,4.3651276,7.818993126201719,NO ALERT,channel_46,1.7598497,REAL ESA MISSION 1 — verified downloaded archive
2013-10-01 19:23:00+00:00,2.8315156,7.818993126201719,NO ALERT,channel_46,0.938566,REAL ESA MISSION 1 — verified downloaded archive
2013-10-01 19:24:00+00:00,0.7883924,7.818993126201719,NO ALERT,channel_44,0.92371523,REAL ESA MISSION 1 — verified downloaded archive
2013-10-01 19:25:00+00:00,2.547048,7.818993126201719,NO ALERT,channel_44,1.2229998,REAL ESA MISSION 1 — verified downloaded archive
2013-10-01 19:26:00+00:00,1.0855435,7.818993126201719,NO ALERT,channel_44,1.0898091,REAL ESA MISSION 1 — verified downloaded archive
2013-10-01 19:27:00+00:00,1.8092381,7.818993126201719,NO ALERT,channel_41,0.99658376,REAL ESA MISSION 1 — verified downloaded archive
2013-10-01 19:28:00+00:00,4.21461,7.818993126201719,NO ALERT,channel_42,2.049388,REAL ESA MISSION 1 — verified downloaded archive
2013-10-01 19:29:00+00:00,3.148043,7.818993126201719,NO ALERT,channel_41,1.0897228,REAL ESA MISSION 1 — verified downloaded archive
2013-10-01 19:30:00+00:00,1.3346965,7.818993126201719,NO ALERT,channel_45,1.0245886,REAL ESA MISSION 1 — verified downloaded archive
2013-10-01 19:31:00+00:00,3.472637,7.818993126201719,NO ALERT,channel_44,1.5569991,REAL ESA MISSION 1 — verified downloaded archive
2013-10-01 19:32:00+00:00,2.4373896,7.818993126201719,NO ALERT,channel_46,1.2501764,REAL ESA MISSION 1 — verified downloaded archive
2013-10-01 19:33:00+00:00,1.6059529,7.818993126201719,NO ALERT,channel_42,1.4845928,REAL ESA MISSION 1 — verified downloaded archive
2013-10-01 19:34:00+00:00,4.2630005,7.818993126201719,NO ALERT,channel_46,1.306709,REAL ESA MISSION 1 — verified downloaded archive
2013-10-01 19:35:00+00:00,2.7082813,7.818993126201719,NO ALERT,channel_42,1.148394,REAL ESA MISSION 1 — verified downloaded archive
2013-10-01 19:36:00+00:00,2.4653168,7.818993126201719,NO ALERT,channel_42,1.5209721,REAL ESA MISSION 1 — verified downloaded archive
2013-10-01 19:37:00+00:00,3.2599082,7.818993126201719,NO ALERT,channel_45,1.3513848,REAL ESA MISSION 1 — verified downloaded archive
2013-10-01 19:38:00+00:00,3.785735,7.818993126201719,NO ALERT,channel_45,1.4193938,REAL ESA MISSION 1 — verified downloaded archive
2013-10-01 19:39:00+00:00,4.2782307,7.818993126201719,NO ALERT,channel_46,1.2577999,REAL ESA MISSION 1 — verified downloaded archive
2013-10-01 19:40:00+00:00,1.3415378,7.818993126201719,NO ALERT,channel_45,0.83500564,REAL ESA MISSION 1 — verified downloaded archive
2013-10-01 19:41:00+00:00,4.0459433,7.818993126201719,NO ALERT,channel_45,1.0664648,REAL ESA MISSION 1 — verified downloaded archive
2013-10-01 19:42:00+00:00,2.5025408,7.818993126201719,NO ALERT,channel_42,1.7190752,REAL ESA MISSION 1 — verified downloaded archive
2013-10-01 19:43:00+00:00,5.0892444,7.818993126201719,NO ALERT,channel_44,0.8973238,REAL ESA MISSION 1 — verified downloaded archive
2013-10-01 19:44:00+00:00,1.6909541,7.818993126201719,NO ALERT,channel_44,0.8743158,REAL ESA MISSION 1 — verified downloaded archive
2013-10-01 19:45:00+00:00,1.9192476,7.818993126201719,NO ALERT,channel_44,0.84081507,REAL ESA MISSION 1 — verified downloaded archive
2013-10-01 19:46:00+00:00,1.348392,7.818993126201719,NO ALERT,channel_44,1.3495371,REAL ESA MISSION 1 — verified downloaded archive
2013-10-01 19:47:00+00:00,2.5372455,7.818993126201719,NO ALERT,channel_44,1.8564957,REAL ESA MISSION 1 — verified downloaded archive
2013-10-01 19:48:00+00:00,4.2556252,7.818993126201719,NO ALERT,channel_46,1.516683,REAL ESA MISSION 1 — verified downloaded archive
2013-10-01 19:49:00+00:00,3.5512724,7.818993126201719,NO ALERT,channel_41,1.1677092,REAL ESA MISSION 1 — verified downloaded archive
2013-10-01 19:50:00+00:00,2.1821594,7.818993126201719,NO ALERT,channel_44,1.5678422,REAL ESA MISSION 1 — verified downloaded archive
2013-10-01 19:51:00+00:00,1.7349085,7.818993126201719,NO ALERT,channel_41,1.1270669,REAL ESA MISSION 1 — verified downloaded archive
2013-10-01 19:52:00+00:00,1.9638005,7.818993126201719,NO ALERT,channel_44,1.204681,REAL ESA MISSION 1 — verified downloaded archive
2013-10-01 19:53:00+00:00,2.306527,7.818993126201719,NO ALERT,channel_41,1.3375785,REAL ESA MISSION 1 — verified downloaded archive
2013-10-01 19:54:00+00:00,4.7678766,7.818993126201719,NO ALERT,channel_44,1.7112175,REAL ESA MISSION 1 — verified downloaded archive
2013-10-01 19:55:00+00:00,3.6650126,7.818993126201719,NO ALERT,channel_44,1.6938306,REAL ESA MISSION 1 — verified downloaded archive
2013-10-01 19:56:00+00:00,3.639555,7.818993126201719,NO ALERT,channel_46,1.1004632,REAL ESA MISSION 1 — verified downloaded archive
2013-10-01 19:57:00+00:00,2.2990189,7.818993126201719,NO ALERT,channel_42,2.0156472,REAL ESA MISSION 1 — verified downloaded archive
2013-10-01 19:58:00+00:00,4.3546634,7.818993126201719,NO ALERT,channel_44,1.6310618,REAL ESA MISSION 1 — verified downloaded archive
2013-10-01 19:59:00+00:00,1.2722248,7.818993126201719,NO ALERT,channel_42,1.2829763,REAL ESA MISSION 1 — verified downloaded archive
2013-10-01 20:00:00+00:00,1.7420833,7.818993126201719,NO ALERT,channel_42,1.7478074,REAL ESA MISSION 1 — verified downloaded archive
2013-10-01 20:01:00+00:00,1.3449515,7.818993126201719,NO ALERT,channel_45,1.2346939,REAL ESA MISSION 1 — verified downloaded archive
2013-10-01 20:02:00+00:00,2.162172,7.818993126201719,NO ALERT,channel_42,1.5055414,REAL ESA MISSION 1 — verified downloaded archive
2013-10-01 20:03:00+00:00,1.1389631,7.818993126201719,NO ALERT,channel_42,1.3978195,REAL ESA MISSION 1 — verified downloaded archive
2013-10-01 20:04:00+00:00,2.500847,7.818993126201719,NO ALERT,channel_46,1.6203005,REAL ESA MISSION 1 — verified downloaded archive
2013-10-01 20:05:00+00:00,2.6868026,7.818993126201719,NO ALERT,channel_46,0.88971615,REAL ESA MISSION 1 — verified downloaded archive
2013-10-01 20:06:00+00:00,2.1310964,7.818993126201719,NO ALERT,channel_42,1.1945151,REAL ESA MISSION 1 — verified downloaded archive
2013-10-01 20:07:00+00:00,3.057011,7.818993126201719,NO ALERT,channel_46,1.3428421,REAL ESA MISSION 1 — verified downloaded archive
2013-10-01 20:08:00+00:00,4.1242514,7.818993126201719,NO ALERT,channel_46,1.4578427,REAL ESA MISSION 1 — verified downloaded archive
2013-10-01 20:09:00+00:00,1.4530662,7.818993126201719,NO ALERT,channel_46,1.2144957,REAL ESA MISSION 1 — verified downloaded archive
2013-10-01 20:10:00+00:00,2.8234665,7.818993126201719,NO ALERT,channel_41,1.456696,REAL ESA MISSION 1 — verified downloaded archive
2013-10-01 20:11:00+00:00,3.8225136,7.818993126201719,NO ALERT,channel_46,1.2963715,REAL ESA MISSION 1 — verified downloaded archive
2013-10-01 20:12:00+00:00,2.292318,7.818993126201719,NO ALERT,channel_46,0.8992798,REAL ESA MISSION 1 — verified downloaded archive
2013-10-01 20:13:00+00:00,2.8964648,7.818993126201719,NO ALERT,channel_44,1.1756228,REAL ESA MISSION 1 — verified downloaded archive
2013-10-01 20:14:00+00:00,0.49330768,7.818993126201719,NO ALERT,channel_46,0.99311507,REAL ESA MISSION 1 — verified downloaded archive
2013-10-01 20:15:00+00:00,2.7995515,7.818993126201719,NO ALERT,channel_44,1.2441813,REAL ESA MISSION 1 — verified downloaded archive
2013-10-01 20:16:00+00:00,1.5072325,7.818993126201719,NO ALERT,channel_41,0.8259292,REAL ESA MISSION 1 — verified downloaded archive
2013-10-01 20:17:00+00:00,1.107157,7.818993126201719,NO ALERT,channel_45,0.94848764,REAL ESA MISSION 1 — verified downloaded archive
2013-10-01 20:18:00+00:00,2.9247503,7.818993126201719,NO ALERT,channel_44,1.2005258,REAL ESA MISSION 1 — verified downloaded archive
2013-10-01 20:19:00+00:00,4.624723,7.818993126201719,NO ALERT,channel_42,1.9280963,REAL ESA MISSION 1 — verified downloaded archive
2013-10-01 20:20:00+00:00,4.0669837,7.818993126201719,NO ALERT,channel_41,1.0178645,REAL ESA MISSION 1 — verified downloaded archive
2013-10-01 20:21:00+00:00,2.1560786,7.818993126201719,NO ALERT,channel_42,1.0865122,REAL ESA MISSION 1 — verified downloaded archive
2013-10-01 20:22:00+00:00,5.129603,7.818993126201719,NO ALERT,channel_45,1.1841012,REAL ESA MISSION 1 — verified downloaded archive
2013-10-01 20:23:00+00:00,2.9730113,7.818993126201719,NO ALERT,channel_45,1.042185,REAL ESA MISSION 1 — verified downloaded archive
2013-10-01 20:24:00+00:00,4.216413,7.818993126201719,NO ALERT,channel_45,1.1376244,REAL ESA MISSION 1 — verified downloaded archive
2013-10-01 20:25:00+00:00,1.8347374,7.818993126201719,NO ALERT,channel_45,1.2366982,REAL ESA MISSION 1 — verified downloaded archive
2013-10-01 20:26:00+00:00,2.01725,7.818993126201719,NO ALERT,channel_46,1.0533283,REAL ESA MISSION 1 — verified downloaded archive
2013-10-01 20:27:00+00:00,1.9378296,7.818993126201719,NO ALERT,channel_42,1.09056,REAL ESA MISSION 1 — verified downloaded archive
2013-10-01 20:28:00+00:00,4.402976,7.818993126201719,NO ALERT,channel_46,1.6137111,REAL ESA MISSION 1 — verified downloaded archive
2013-10-01 20:29:00+00:00,3.798773,7.818993126201719,NO ALERT,channel_45,1.0723143,REAL ESA MISSION 1 — verified downloaded archive
2013-10-01 20:30:00+00:00,0.80725855,7.818993126201719,NO ALERT,channel_46,1.2730118,REAL ESA MISSION 1 — verified downloaded archive
2013-10-01 20:31:00+00:00,3.1330948,7.818993126201719,NO ALERT,channel_46,1.0543414,REAL ESA MISSION 1 — verified downloaded archive
2013-10-01 20:32:00+00:00,3.4101717,7.818993126201719,NO ALERT,channel_45,0.82886446,REAL ESA MISSION 1 — verified downloaded archive
2013-10-01 20:33:00+00:00,2.978676,7.818993126201719,NO ALERT,channel_46,1.3304803,REAL ESA MISSION 1 — verified downloaded archive
2013-10-01 20:34:00+00:00,3.1782973,7.818993126201719,NO ALERT,channel_44,1.3065434,REAL ESA MISSION 1 — verified downloaded archive
2013-10-01 20:35:00+00:00,4.383672,7.818993126201719,NO ALERT,channel_41,0.6644236,REAL ESA MISSION 1 — verified downloaded archive
2013-10-01 20:36:00+00:00,1.8103949,7.818993126201719,NO ALERT,channel_46,1.0375409,REAL ESA MISSION 1 — verified downloaded archive
2013-10-01 20:37:00+00:00,3.3527193,7.818993126201719,NO ALERT,channel_44,1.3278769,REAL ESA MISSION 1 — verified downloaded archive
2013-10-01 20:38:00+00:00,4.5628147,7.818993126201719,NO ALERT,channel_44,1.3989668,REAL ESA MISSION 1 — verified downloaded archive
2013-10-01 20:39:00+00:00,1.2176367,7.818993126201719,NO ALERT,channel_41,1.1706938,REAL ESA MISSION 1 — verified downloaded archive
2013-10-01 20:40:00+00:00,1.8922607,7.818993126201719,NO ALERT,channel_41,1.2631556,REAL ESA MISSION 1 — verified downloaded archive
2013-10-01 20:41:00+00:00,1.8243788,7.818993126201719,NO ALERT,channel_44,1.1335102,REAL ESA MISSION 1 — verified downloaded archive
2013-10-01 20:42:00+00:00,1.0555933,7.818993126201719,NO ALERT,channel_41,1.2242991,REAL ESA MISSION 1 — verified downloaded archive
2013-10-01 20:43:00+00:00,2.9522958,7.818993126201719,NO ALERT,channel_44,1.4366026,REAL ESA MISSION 1 — verified downloaded archive
2013-10-01 20:44:00+00:00,2.2082014,7.818993126201719,NO ALERT,channel_42,1.6649649,REAL ESA MISSION 1 — verified downloaded archive
2013-10-01 20:45:00+00:00,3.4411545,7.818993126201719,NO ALERT,channel_41,1.2034566,REAL ESA MISSION 1 — verified downloaded archive
2013-10-01 20:46:00+00:00,2.0417664,7.818993126201719,NO ALERT,channel_42,1.3117248,REAL ESA MISSION 1 — verified downloaded archive
2013-10-01 20:47:00+00:00,2.0474339,7.818993126201719,NO ALERT,channel_42,1.2823553,REAL ESA MISSION 1 — verified downloaded archive
2013-10-01 20:48:00+00:00,3.7473004,7.818993126201719,NO ALERT,channel_45,1.122263,REAL ESA MISSION 1 — verified downloaded archive
2013-10-01 20:49:00+00:00,2.5013363,7.818993126201719,NO ALERT,channel_45,0.8950023,REAL ESA MISSION 1 — verified downloaded archive
2013-10-01 20:50:00+00:00,0.37418506,7.818993126201719,NO ALERT,channel_45,1.1260219,REAL ESA MISSION 1 — verified downloaded archive
2013-10-01 20:51:00+00:00,3.5341218,7.818993126201719,NO ALERT,channel_42,0.9397723,REAL ESA MISSION 1 — verified downloaded archive
2013-10-01 20:52:00+00:00,0.8602967,7.818993126201719,NO ALERT,channel_45,1.0970706,REAL ESA MISSION 1 — verified downloaded archive
2013-10-01 20:53:00+00:00,2.6488557,7.818993126201719,NO ALERT,channel_46,1.2560686,REAL ESA MISSION 1 — verified downloaded archive
2013-10-01 20:54:00+00:00,2.1415195,7.818993126201719,NO ALERT,channel_42,1.5104591,REAL ESA MISSION 1 — verified downloaded archive
2013-10-01 20:55:00+00:00,1.3416348,7.818993126201719,NO ALERT,channel_44,1.3601134,REAL ESA MISSION 1 — verified downloaded archive
2013-10-01 20:56:00+00:00,1.6993418,7.818993126201719,NO ALERT,channel_46,1.0876542,REAL ESA MISSION 1 — verified downloaded archive
2013-10-01 20:57:00+00:00,3.0408401,7.818993126201719,NO ALERT,channel_46,1.1466345,REAL ESA MISSION 1 — verified downloaded archive
2013-10-01 20:58:00+00:00,4.0418315,7.818993126201719,NO ALERT,channel_46,1.6404657,REAL ESA MISSION 1 — verified downloaded archive
2013-10-01 20:59:00+00:00,0.7187371,7.818993126201719,NO ALERT,channel_46,1.1414573,REAL ESA MISSION 1 — verified downloaded archive
2013-10-01 21:00:00+00:00,2.7041316,7.818993126201719,NO ALERT,channel_46,1.3294702,REAL ESA MISSION 1 — verified downloaded archive
2013-10-01 21:01:00+00:00,1.7759492,7.818993126201719,NO ALERT,channel_44,1.3995631,REAL ESA MISSION 1 — verified downloaded archive
2013-10-01 21:02:00+00:00,2.841471,7.818993126201719,NO ALERT,channel_44,1.3672006,REAL ESA MISSION 1 — verified downloaded archive
2013-10-01 21:03:00+00:00,1.066072,7.818993126201719,NO ALERT,channel_44,1.2223108,REAL ESA MISSION 1 — verified downloaded archive
2013-10-01 21:04:00+00:00,1.431489,7.818993126201719,NO ALERT,channel_41,0.8725817,REAL ESA MISSION 1 — verified downloaded archive
2013-10-01 21:05:00+00:00,2.6271455,7.818993126201719,NO ALERT,channel_42,1.2422984,REAL ESA MISSION 1 — verified downloaded archive
2013-10-01 21:06:00+00:00,3.1432958,7.818993126201719,NO ALERT,channel_44,1.1589239,REAL ESA MISSION 1 — verified downloaded archive
2013-10-01 21:07:00+00:00,2.0442088,7.818993126201719,NO ALERT,channel_44,1.2527051,REAL ESA MISSION 1 — verified downloaded archive
2013-10-01 21:08:00+00:00,2.717622,7.818993126201719,NO ALERT,channel_42,1.4555901,REAL ESA MISSION 1 — verified downloaded archive
2013-10-01 21:09:00+00:00,3.6536572,7.818993126201719,NO ALERT,channel_42,1.333569,REAL ESA MISSION 1 — verified downloaded archive
2013-10-01 21:10:00+00:00,3.266712,7.818993126201719,NO ALERT,channel_41,1.2765894,REAL ESA MISSION 1 — verified downloaded archive
2013-10-01 21:11:00+00:00,2.73248,7.818993126201719,NO ALERT,channel_42,1.2785466,REAL ESA MISSION 1 — verified downloaded archive
2013-10-01 21:12:00+00:00,1.3157161,7.818993126201719,NO ALERT,channel_42,1.3482444,REAL ESA MISSION 1 — verified downloaded archive
2013-10-01 21:13:00+00:00,3.2265563,7.818993126201719,NO ALERT,channel_42,1.0253963,REAL ESA MISSION 1 — verified downloaded archive
2013-10-01 21:14:00+00:00,3.5108528,7.818993126201719,NO ALERT,channel_42,1.3142327,REAL ESA MISSION 1 — verified downloaded archive
2013-10-01 21:15:00+00:00,3.123174,7.818993126201719,NO ALERT,channel_45,1.2934552,REAL ESA MISSION 1 — verified downloaded archive
2013-10-01 21:16:00+00:00,4.5182514,7.818993126201719,NO ALERT,channel_46,1.517159,REAL ESA MISSION 1 — verified downloaded archive
2013-10-01 21:17:00+00:00,2.625475,7.818993126201719,NO ALERT,channel_42,1.3695859,REAL ESA MISSION 1 — verified downloaded archive
2013-10-01 21:18:00+00:00,4.2672973,7.818993126201719,NO ALERT,channel_42,1.4860348,REAL ESA MISSION 1 — verified downloaded archive
2013-10-01 21:19:00+00:00,2.87604,7.818993126201719,NO ALERT,channel_42,1.937729,REAL ESA MISSION 1 — verified downloaded archive
2013-10-01 21:20:00+00:00,4.325237,7.818993126201719,NO ALERT,channel_46,1.035415,REAL ESA MISSION 1 — verified downloaded archive
2013-10-01 21:21:00+00:00,3.216484,7.818993126201719,NO ALERT,channel_46,1.3200451,REAL ESA MISSION 1 — verified downloaded archive
2013-10-01 21:22:00+00:00,1.116665,7.818993126201719,NO ALERT,channel_46,1.7173865,REAL ESA MISSION 1 — verified downloaded archive
2013-10-01 21:23:00+00:00,2.7631142,7.818993126201719,NO ALERT,channel_44,1.3879479,REAL ESA MISSION 1 — verified downloaded archive
2013-10-01 21:24:00+00:00,1.5595728,7.818993126201719,NO ALERT,channel_44,1.1534841,REAL ESA MISSION 1 — verified downloaded archive
2013-10-01 21:25:00+00:00,1.9541274,7.818993126201719,NO ALERT,channel_44,1.22805,REAL ESA MISSION 1 — verified downloaded archive
2013-10-01 21:26:00+00:00,3.720614,7.818993126201719,NO ALERT,channel_44,1.7308309,REAL ESA MISSION 1 — verified downloaded archive
2013-10-01 21:27:00+00:00,2.929479,7.818993126201719,NO ALERT,channel_41,1.1908387,REAL ESA MISSION 1 — verified downloaded archive
2013-10-01 21:28:00+00:00,4.289442,7.818993126201719,NO ALERT,channel_46,1.7746137,REAL ESA MISSION 1 — verified downloaded archive
2013-10-01 21:29:00+00:00,2.970723,7.818993126201719,NO ALERT,channel_44,1.231725,REAL ESA MISSION 1 — verified downloaded archive
2013-10-01 21:30:00+00:00,2.3655083,7.818993126201719,NO ALERT,channel_44,1.4157168,REAL ESA MISSION 1 — verified downloaded archive
2013-10-01 21:31:00+00:00,3.5297987,7.818993126201719,NO ALERT,channel_44,1.5037059,REAL ESA MISSION 1 — verified downloaded archive
2013-10-01 21:32:00+00:00,3.3927727,7.818993126201719,NO ALERT,channel_42,1.7601291,REAL ESA MISSION 1 — verified downloaded archive
2013-10-01 21:33:00+00:00,3.4147365,7.818993126201719,NO ALERT,channel_44,1.2652885,REAL ESA MISSION 1 — verified downloaded archive
2013-10-01 21:34:00+00:00,2.9714284,7.818993126201719,NO ALERT,channel_42,1.1010439,REAL ESA MISSION 1 — verified downloaded archive
2013-10-01 21:35:00+00:00,2.673125,7.818993126201719,NO ALERT,channel_42,1.3664361,REAL ESA MISSION 1 — verified downloaded archive
2013-10-01 21:36:00+00:00,3.4883633,7.818993126201719,NO ALERT,channel_42,1.8371611,REAL ESA MISSION 1 — verified downloaded archive
2013-10-01 21:37:00+00:00,3.9585025,7.818993126201719,NO ALERT,channel_45,1.3197504,REAL ESA MISSION 1 — verified downloaded archive
2013-10-01 21:38:00+00:00,4.3733716,7.818993126201719,NO ALERT,channel_42,1.5515972,REAL ESA MISSION 1 — verified downloaded archive
2013-10-01 21:39:00+00:00,1.465349,7.818993126201719,NO ALERT,channel_42,1.176497,REAL ESA MISSION 1 — verified downloaded archive
2013-10-01 21:40:00+00:00,2.578091,7.818993126201719,NO ALERT,channel_45,1.2624029,REAL ESA MISSION 1 — verified downloaded archive
2013-10-01 21:41:00+00:00,3.9345987,7.818993126201719,NO ALERT,channel_42,1.1408594,REAL ESA MISSION 1 — verified downloaded archive
2013-10-01 21:42:00+00:00,1.8483751,7.818993126201719,NO ALERT,channel_46,1.1814538,REAL ESA MISSION 1 — verified downloaded archive
2013-10-01 21:43:00+00:00,3.1107862,7.818993126201719,NO ALERT,channel_42,1.1333061,REAL ESA MISSION 1 — verified downloaded archive
2013-10-01 21:44:00+00:00,2.7139177,7.818993126201719,NO ALERT,channel_46,1.0318378,REAL ESA MISSION 1 — verified downloaded archive
2013-10-01 21:45:00+00:00,0.60973704,7.818993126201719,NO ALERT,channel_46,1.312506,REAL ESA MISSION 1 — verified downloaded archive
2013-10-01 21:46:00+00:00,1.6746279,7.818993126201719,NO ALERT,channel_46,1.1024143,REAL ESA MISSION 1 — verified downloaded archive
2013-10-01 21:47:00+00:00,2.6528032,7.818993126201719,NO ALERT,channel_46,1.7872345,REAL ESA MISSION 1 — verified downloaded archive
2013-10-01 21:48:00+00:00,3.4855328,7.818993126201719,NO ALERT,channel_46,0.9817956,REAL ESA MISSION 1 — verified downloaded archive
2013-10-01 21:49:00+00:00,3.0386374,7.818993126201719,NO ALERT,channel_46,1.0826441,REAL ESA MISSION 1 — verified downloaded archive
2013-10-01 21:50:00+00:00,2.0453439,7.818993126201719,NO ALERT,channel_46,1.0738921,REAL ESA MISSION 1 — verified downloaded archive
2013-10-01 21:51:00+00:00,1.6524179,7.818993126201719,NO ALERT,channel_44,1.2480725,REAL ESA MISSION 1 — verified downloaded archive
2013-10-01 21:52:00+00:00,0.9554348,7.818993126201719,NO ALERT,channel_44,1.2352514,REAL ESA MISSION 1 — verified downloaded archive
2013-10-01 21:53:00+00:00,1.8503159,7.818993126201719,NO ALERT,channel_41,1.3259012,REAL ESA MISSION 1 — verified downloaded archive
2013-10-01 21:54:00+00:00,1.9239149,7.818993126201719,NO ALERT,channel_44,1.3043556,REAL ESA MISSION 1 — verified downloaded archive
2013-10-01 21:55:00+00:00,3.0067403,7.818993126201719,NO ALERT,channel_41,1.0351297,REAL ESA MISSION 1 — verified downloaded archive
2013-10-01 21:56:00+00:00,3.7683475,7.818993126201719,NO ALERT,channel_41,1.0226142,REAL ESA MISSION 1 — verified downloaded archive
2013-10-01 21:57:00+00:00,2.9517002,7.818993126201719,NO ALERT,channel_44,1.0595258,REAL ESA MISSION 1 — verified downloaded archive
2013-10-01 21:58:00+00:00,2.7905748,7.818993126201719,NO ALERT,channel_41,1.5573548,REAL ESA MISSION 1 — verified downloaded archive
2013-10-01 21:59:00+00:00,4.5355954,7.818993126201719,NO ALERT,channel_42,1.4357109,REAL ESA MISSION 1 — verified downloaded archive
2013-10-01 22:00:00+00:00,4.5066667,7.818993126201719,NO ALERT,channel_41,1.2165049,REAL ESA MISSION 1 — verified downloaded archive
2013-10-01 22:01:00+00:00,2.9907863,7.818993126201719,NO ALERT,channel_46,1.0162684,REAL ESA MISSION 1 — verified downloaded archive
2013-10-01 22:02:00+00:00,2.257089,7.818993126201719,NO ALERT,channel_44,1.6943839,REAL ESA MISSION 1 — verified downloaded archive
2013-10-01 22:03:00+00:00,2.6446872,7.818993126201719,NO ALERT,channel_42,1.5669144,REAL ESA MISSION 1 — verified downloaded archive
2013-10-01 22:04:00+00:00,2.5544035,7.818993126201719,NO ALERT,channel_42,1.350264,REAL ESA MISSION 1 — verified downloaded archive
2013-10-01 22:05:00+00:00,3.3845632,7.818993126201719,NO ALERT,channel_46,2.1095195,REAL ESA MISSION 1 — verified downloaded archive
2013-10-01 22:06:00+00:00,1.9325824,7.818993126201719,NO ALERT,channel_42,1.2368393,REAL ESA MISSION 1 — verified downloaded archive
2013-10-01 22:07:00+00:00,3.6940386,7.818993126201719,NO ALERT,channel_46,1.0638546,REAL ESA MISSION 1 — verified downloaded archive
2013-10-01 22:08:00+00:00,3.3764303,7.818993126201719,NO ALERT,channel_45,1.3479048,REAL ESA MISSION 1 — verified downloaded archive
2013-10-01 22:09:00+00:00,3.2669744,7.818993126201719,NO ALERT,channel_46,0.9224851,REAL ESA MISSION 1 — verified downloaded archive
2013-10-01 22:10:00+00:00,3.7786453,7.818993126201719,NO ALERT,channel_46,1.1026727,REAL ESA MISSION 1 — verified downloaded archive
2013-10-01 22:11:00+00:00,3.1504993,7.818993126201719,NO ALERT,channel_46,1.0871751,REAL ESA MISSION 1 — verified downloaded archive
2013-10-01 22:12:00+00:00,3.1892169,7.818993126201719,NO ALERT,channel_46,1.0716963,REAL ESA MISSION 1 — verified downloaded archive
2013-10-01 22:13:00+00:00,3.738881,7.818993126201719,NO ALERT,channel_46,1.0646544,REAL ESA MISSION 1 — verified downloaded archive
2013-10-01 22:14:00+00:00,1.9892756,7.818993126201719,NO ALERT,channel_44,1.1135094,REAL ESA MISSION 1 — verified downloaded archive
2013-10-01 22:15:00+00:00,1.9422183,7.818993126201719,NO ALERT,channel_46,1.4368834,REAL ESA MISSION 1 — verified downloaded archive
2013-10-01 22:16:00+00:00,3.05463,7.818993126201719,NO ALERT,channel_46,1.4280255,REAL ESA MISSION 1 — verified downloaded archive
2013-10-01 22:17:00+00:00,2.0737472,7.818993126201719,NO ALERT,channel_46,1.6310685,REAL ESA MISSION 1 — verified downloaded archive
2013-10-01 22:18:00+00:00,3.3933063,7.818993126201719,NO ALERT,channel_44,1.3429717,REAL ESA MISSION 1 — verified downloaded archive
2013-10-01 22:19:00+00:00,3.7658796,7.818993126201719,NO ALERT,channel_44,1.6363537,REAL ESA MISSION 1 — verified downloaded archive
2013-10-01 22:20:00+00:00,2.5951674,7.818993126201719,NO ALERT,channel_41,1.2667232,REAL ESA MISSION 1 — verified downloaded archive
2013-10-01 22:21:00+00:00,3.117754,7.818993126201719,NO ALERT,channel_44,1.191725,REAL ESA MISSION 1 — verified downloaded archive
2013-10-01 22:22:00+00:00,1.8988682,7.818993126201719,NO ALERT,channel_42,1.4438756,REAL ESA MISSION 1 — verified downloaded archive
2013-10-01 22:23:00+00:00,2.267318,7.818993126201719,NO ALERT,channel_42,1.1153849,REAL ESA MISSION 1 — verified downloaded archive
2013-10-01 22:24:00+00:00,1.623607,7.818993126201719,NO ALERT,channel_44,1.2632251,REAL ESA MISSION 1 — verified downloaded archive
2013-10-01 22:25:00+00:00,1.6952934,7.818993126201719,NO ALERT,channel_44,1.1514394,REAL ESA MISSION 1 — verified downloaded archive
2013-10-01 22:26:00+00:00,2.342527,7.818993126201719,NO ALERT,channel_42,1.2573202,REAL ESA MISSION 1 — verified downloaded archive
2013-10-01 22:27:00+00:00,2.5697174,7.818993126201719,NO ALERT,channel_44,1.2761778,REAL ESA MISSION 1 — verified downloaded archive
2013-10-01 22:28:00+00:00,4.6271567,7.818993126201719,NO ALERT,channel_42,2.0213225,REAL ESA MISSION 1 — verified downloaded archive
2013-10-01 22:29:00+00:00,1.4190727,7.818993126201719,NO ALERT,channel_42,1.796469,REAL ESA MISSION 1 — verified downloaded archive
2013-10-01 22:30:00+00:00,1.7284464,7.818993126201719,NO ALERT,channel_46,0.7379099,REAL ESA MISSION 1 — verified downloaded archive
2013-10-01 22:31:00+00:00,3.4913807,7.818993126201719,NO ALERT,channel_42,1.1926124,REAL ESA MISSION 1 — verified downloaded archive
2013-10-01 22:32:00+00:00,2.1511803,7.818993126201719,NO ALERT,channel_46,1.1830293,REAL ESA MISSION 1 — verified downloaded archive
2013-10-01 22:33:00+00:00,1.6255872,7.818993126201719,NO ALERT,channel_42,1.0886431,REAL ESA MISSION 1 — verified downloaded archive
2013-10-01 22:34:00+00:00,2.597771,7.818993126201719,NO ALERT,channel_46,1.1443357,REAL ESA MISSION 1 — verified downloaded archive
2013-10-01 22:35:00+00:00,3.2053642,7.818993126201719,NO ALERT,channel_46,1.4300251,REAL ESA MISSION 1 — verified downloaded archive
2013-10-01 22:36:00+00:00,-0.097152635,7.818993126201719,NO ALERT,channel_46,0.8331946,REAL ESA MISSION 1 — verified downloaded archive
2013-10-01 22:37:00+00:00,3.2262495,7.818993126201719,NO ALERT,channel_46,1.3173991,REAL ESA MISSION 1 — verified downloaded archive
2013-10-01 22:38:00+00:00,3.7693837,7.818993126201719,NO ALERT,channel_44,0.95384353,REAL ESA MISSION 1 — verified downloaded archive
2013-10-01 22:39:00+00:00,2.78873,7.818993126201719,NO ALERT,channel_41,0.92406905,REAL ESA MISSION 1 — verified downloaded archive
2013-10-01 22:40:00+00:00,1.9958767,7.818993126201719,NO ALERT,channel_46,0.90658146,REAL ESA MISSION 1 — verified downloaded archive
2013-10-01 22:41:00+00:00,1.9847044,7.818993126201719,NO ALERT,channel_44,1.2177427,REAL ESA MISSION 1 — verified downloaded archive
2013-10-01 22:42:00+00:00,1.6383314,7.818993126201719,NO ALERT,channel_46,1.2033014,REAL ESA MISSION 1 — verified downloaded archive
2013-10-01 22:43:00+00:00,0.6783765,7.818993126201719,NO ALERT,channel_41,0.86370367,REAL ESA MISSION 1 — verified downloaded archive
2013-10-01 22:44:00+00:00,3.0043335,7.818993126201719,NO ALERT,channel_41,1.0908017,REAL ESA MISSION 1 — verified downloaded archive
2013-10-01 22:45:00+00:00,1.6236018,7.818993126201719,NO ALERT,channel_41,1.3215328,REAL ESA MISSION 1 — verified downloaded archive
2013-10-01 22:46:00+00:00,1.5258504,7.818993126201719,NO ALERT,channel_42,1.2390476,REAL ESA MISSION 1 — verified downloaded archive
2013-10-01 22:47:00+00:00,3.1644952,7.818993126201719,NO ALERT,channel_42,1.3246659,REAL ESA MISSION 1 — verified downloaded archive
2013-10-01 22:48:00+00:00,2.643698,7.818993126201719,NO ALERT,channel_41,1.3851757,REAL ESA MISSION 1 — verified downloaded archive
2013-10-01 22:49:00+00:00,2.3293688,7.818993126201719,NO ALERT,channel_42,1.5847776,REAL ESA MISSION 1 — verified downloaded archive
2013-10-01 22:50:00+00:00,2.9247792,7.818993126201719,NO ALERT,channel_42,1.2533869,REAL ESA MISSION 1 — verified downloaded archive
2013-10-01 22:51:00+00:00,3.7289338,7.818993126201719,NO ALERT,channel_42,1.428537,REAL ESA MISSION 1 — verified downloaded archive
2013-10-01 22:52:00+00:00,2.352333,7.818993126201719,NO ALERT,channel_42,1.6997355,REAL ESA MISSION 1 — verified downloaded archive
2013-10-01 22:53:00+00:00,2.374425,7.818993126201719,NO ALERT,channel_42,1.2792312,REAL ESA MISSION 1 — verified downloaded archive
2013-10-01 22:54:00+00:00,1.759819,7.818993126201719,NO ALERT,channel_42,1.3637599,REAL ESA MISSION 1 — verified downloaded archive
2013-10-01 22:55:00+00:00,1.0027571,7.818993126201719,NO ALERT,channel_46,1.0156087,REAL ESA MISSION 1 — verified downloaded archive
2013-10-01 22:56:00+00:00,4.258965,7.818993126201719,NO ALERT,channel_45,1.0734738,REAL ESA MISSION 1 — verified downloaded archive
2013-10-01 22:57:00+00:00,2.9622912,7.818993126201719,NO ALERT,channel_42,1.0538747,REAL ESA MISSION 1 — verified downloaded archive
2013-10-01 22:58:00+00:00,4.314938,7.818993126201719,NO ALERT,channel_46,1.3498445,REAL ESA MISSION 1 — verified downloaded archive
2013-10-01 22:59:00+00:00,4.8034444,7.818993126201719,NO ALERT,channel_46,1.7383775,REAL ESA MISSION 1 — verified downloaded archive
2013-10-01 23:00:00+00:00,2.623394,7.818993126201719,NO ALERT,channel_46,0.9086403,REAL ESA MISSION 1 — verified downloaded archive
2013-10-01 23:01:00+00:00,3.5731943,7.818993126201719,NO ALERT,channel_45,0.8198956,REAL ESA MISSION 1 — verified downloaded archive
2013-10-01 23:02:00+00:00,4.164042,7.818993126201719,NO ALERT,channel_46,1.58345,REAL ESA MISSION 1 — verified downloaded archive
2013-10-01 23:03:00+00:00,2.3149078,7.818993126201719,NO ALERT,channel_46,0.67617667,REAL ESA MISSION 1 — verified downloaded archive
2013-10-01 23:04:00+00:00,1.2468758,7.818993126201719,NO ALERT,channel_44,0.73720294,REAL ESA MISSION 1 — verified downloaded archive
2013-10-01 23:05:00+00:00,3.4452834,7.818993126201719,NO ALERT,channel_44,0.7161222,REAL ESA MISSION 1 — verified downloaded archive
2013-10-01 23:06:00+00:00,3.3721747,7.818993126201719,NO ALERT,channel_44,1.3507407,REAL ESA MISSION 1 — verified downloaded archive
2013-10-01 23:07:00+00:00,4.214228,7.818993126201719,NO ALERT,channel_42,0.89149773,REAL ESA MISSION 1 — verified downloaded archive
2013-10-01 23:08:00+00:00,4.38485,7.818993126201719,NO ALERT,channel_41,1.0087309,REAL ESA MISSION 1 — verified downloaded archive
2013-10-01 23:09:00+00:00,2.2970693,7.818993126201719,NO ALERT,channel_44,1.3133459,REAL ESA MISSION 1 — verified downloaded archive
2013-10-01 23:10:00+00:00,1.2865895,7.818993126201719,NO ALERT,channel_41,1.0938208,REAL ESA MISSION 1 — verified downloaded archive
2013-10-01 23:11:00+00:00,1.8514881,7.818993126201719,NO ALERT,channel_44,1.1802517,REAL ESA MISSION 1 — verified downloaded archive
2013-10-01 23:12:00+00:00,0.6188873,7.818993126201719,NO ALERT,channel_44,1.3820972,REAL ESA MISSION 1 — verified downloaded archive
2013-10-01 23:13:00+00:00,1.7462988,7.818993126201719,NO ALERT,channel_41,0.93064034,REAL ESA MISSION 1 — verified downloaded archive
2013-10-01 23:14:00+00:00,1.6501328,7.818993126201719,NO ALERT,channel_41,1.1695036,REAL ESA MISSION 1 — verified downloaded archive
2013-10-01 23:15:00+00:00,2.271855,7.818993126201719,NO ALERT,channel_45,1.6966677,REAL ESA MISSION 1 — verified downloaded archive
2013-10-01 23:16:00+00:00,1.964377,7.818993126201719,NO ALERT,channel_42,0.9068172,REAL ESA MISSION 1 — verified downloaded archive
2013-10-01 23:17:00+00:00,3.290805,7.818993126201719,NO ALERT,channel_46,0.84169257,REAL ESA MISSION 1 — verified downloaded archive
2013-10-01 23:18:00+00:00,5.1262393,7.818993126201719,NO ALERT,channel_45,1.3447518,REAL ESA MISSION 1 — verified downloaded archive
2013-10-01 23:19:00+00:00,3.6227634,7.818993126201719,NO ALERT,channel_42,1.1893708,REAL ESA MISSION 1 — verified downloaded archive
2013-10-01 23:20:00+00:00,1.0695955,7.818993126201719,NO ALERT,channel_42,1.3831835,REAL ESA MISSION 1 — verified downloaded archive
2013-10-01 23:21:00+00:00,1.5830507,7.818993126201719,NO ALERT,channel_46,0.9096705,REAL ESA MISSION 1 — verified downloaded archive
2013-10-01 23:22:00+00:00,3.2233462,7.818993126201719,NO ALERT,channel_46,1.2937791,REAL ESA MISSION 1 — verified downloaded archive
2013-10-01 23:23:00+00:00,3.0959327,7.818993126201719,NO ALERT,channel_46,1.1710137,REAL ESA MISSION 1 — verified downloaded archive
2013-10-01 23:24:00+00:00,3.8833246,7.818993126201719,NO ALERT,channel_46,1.2602274,REAL ESA MISSION 1 — verified downloaded archive
2013-10-01 23:25:00+00:00,2.8463397,7.818993126201719,NO ALERT,channel_46,0.93893784,REAL ESA MISSION 1 — verified downloaded archive
2013-10-01 23:26:00+00:00,2.8124323,7.818993126201719,NO ALERT,channel_46,0.9255364,REAL ESA MISSION 1 — verified downloaded archive
2013-10-01 23:27:00+00:00,2.3515375,7.818993126201719,NO ALERT,channel_46,0.8179749,REAL ESA MISSION 1 — verified downloaded archive
2013-10-01 23:28:00+00:00,4.133504,7.818993126201719,NO ALERT,channel_46,1.2703841,REAL ESA MISSION 1 — verified downloaded archive
2013-10-01 23:29:00+00:00,1.3472943,7.818993126201719,NO ALERT,channel_44,0.9474723,REAL ESA MISSION 1 — verified downloaded archive
2013-10-01 23:30:00+00:00,2.7786524,7.818993126201719,NO ALERT,channel_44,1.3508363,REAL ESA MISSION 1 — verified downloaded archive
2013-10-01 23:31:00+00:00,1.3285972,7.818993126201719,NO ALERT,channel_44,0.7868117,REAL ESA MISSION 1 — verified downloaded archive
2013-10-01 23:32:00+00:00,0.051162142,7.818993126201719,NO ALERT,channel_41,0.9965293,REAL ESA MISSION 1 — verified downloaded archive
2013-10-01 23:33:00+00:00,2.2947881,7.818993126201719,NO ALERT,channel_44,1.5099046,REAL ESA MISSION 1 — verified downloaded archive
2013-10-01 23:34:00+00:00,1.2829472,7.818993126201719,NO ALERT,channel_41,1.0838139,REAL ESA MISSION 1 — verified downloaded archive
2013-10-01 23:35:00+00:00,2.264944,7.818993126201719,NO ALERT,channel_44,0.85216254,REAL ESA MISSION 1 — verified downloaded archive
2013-10-01 23:36:00+00:00,2.0700781,7.818993126201719,NO ALERT,channel_42,1.071387,REAL ESA MISSION 1 — verified downloaded archive
2013-10-01 23:37:00+00:00,2.3895304,7.818993126201719,NO ALERT,channel_44,0.940224,REAL ESA MISSION 1 — verified downloaded archive
2013-10-01 23:38:00+00:00,3.241656,7.818993126201719,NO ALERT,channel_42,1.9189924,REAL ESA MISSION 1 — verified downloaded archive
2013-10-01 23:39:00+00:00,2.9322417,7.818993126201719,NO ALERT,channel_42,1.2872335,REAL ESA MISSION 1 — verified downloaded archive
2013-10-01 23:40:00+00:00,2.4744844,7.818993126201719,NO ALERT,channel_42,0.96956676,REAL ESA MISSION 1 — verified downloaded archive
2013-10-01 23:41:00+00:00,1.7601047,7.818993126201719,NO ALERT,channel_45,1.0103669,REAL ESA MISSION 1 — verified downloaded archive
2013-10-01 23:42:00+00:00,3.1255858,7.818993126201719,NO ALERT,channel_45,1.2252216,REAL ESA MISSION 1 — verified downloaded archive
2013-10-01 23:43:00+00:00,3.776718,7.818993126201719,NO ALERT,channel_46,2.1126385,REAL ESA MISSION 1 — verified downloaded archive
2013-10-01 23:44:00+00:00,2.241025,7.818993126201719,NO ALERT,channel_42,1.7082285,REAL ESA MISSION 1 — verified downloaded archive
2013-10-01 23:45:00+00:00,3.807845,7.818993126201719,NO ALERT,channel_46,1.4530588,REAL ESA MISSION 1 — verified downloaded archive
2013-10-01 23:46:00+00:00,4.2509623,7.818993126201719,NO ALERT,channel_45,1.1536727,REAL ESA MISSION 1 — verified downloaded archive
2013-10-01 23:47:00+00:00,3.9216795,7.818993126201719,NO ALERT,channel_46,1.5889482,REAL ESA MISSION 1 — verified downloaded archive
2013-10-01 23:48:00+00:00,4.0831594,7.818993126201719,NO ALERT,channel_46,1.355453,REAL ESA MISSION 1 — verified downloaded archive
2013-10-01 23:49:00+00:00,4.2258315,7.818993126201719,NO ALERT,channel_46,1.1384127,REAL ESA MISSION 1 — verified downloaded archive
2013-10-01 23:50:00+00:00,0.9283577,7.818993126201719,NO ALERT,channel_46,1.116325,REAL ESA MISSION 1 — verified downloaded archive
2013-10-01 23:51:00+00:00,3.2452476,7.818993126201719,NO ALERT,channel_44,0.8859051,REAL ESA MISSION 1 — verified downloaded archive
2013-10-01 23:52:00+00:00,1.9035573,7.818993126201719,NO ALERT,channel_44,1.2944076,REAL ESA MISSION 1 — verified downloaded archive
2013-10-01 23:53:00+00:00,3.255967,7.818993126201719,NO ALERT,channel_44,1.2692723,REAL ESA MISSION 1 — verified downloaded archive
2013-10-01 23:54:00+00:00,0.29640326,7.818993126201719,NO ALERT,channel_44,1.1486307,REAL ESA MISSION 1 — verified downloaded archive
2013-10-01 23:55:00+00:00,5.1697226,7.818993126201719,NO ALERT,channel_44,1.0136166,REAL ESA MISSION 1 — verified downloaded archive
2013-10-01 23:56:00+00:00,1.3835984,7.818993126201719,NO ALERT,channel_42,0.936355,REAL ESA MISSION 1 — verified downloaded archive
2013-10-01 23:57:00+00:00,1.8503455,7.818993126201719,NO ALERT,channel_41,1.2600275,REAL ESA MISSION 1 — verified downloaded archive
2013-10-01 23:58:00+00:00,3.5304062,7.818993126201719,NO ALERT,channel_44,1.3939043,REAL ESA MISSION 1 — verified downloaded archive
2013-10-01 23:59:00+00:00,2.2966175,7.818993126201719,NO ALERT,channel_44,1.3737746,REAL ESA MISSION 1 — verified downloaded archive
2013-10-02 00:00:00+00:00,2.2981932,7.818993126201719,NO ALERT,channel_44,1.4672652,REAL ESA MISSION 1 — verified downloaded archive
2013-10-02 00:01:00+00:00,3.069585,7.818993126201719,NO ALERT,channel_44,1.5494926,REAL ESA MISSION 1 — verified downloaded archive
2013-10-02 00:02:00+00:00,2.7926161,7.818993126201719,NO ALERT,channel_41,1.1730558,REAL ESA MISSION 1 — verified downloaded archive
2013-10-02 00:03:00+00:00,2.2467022,7.818993126201719,NO ALERT,channel_42,0.988709,REAL ESA MISSION 1 — verified downloaded archive
2013-10-02 00:04:00+00:00,1.2418878,7.818993126201719,NO ALERT,channel_42,1.5627708,REAL ESA MISSION 1 — verified downloaded archive
2013-10-02 00:05:00+00:00,1.2329211,7.818993126201719,NO ALERT,channel_42,1.4442631,REAL ESA MISSION 1 — verified downloaded archive
2013-10-02 00:06:00+00:00,2.9145987,7.818993126201719,NO ALERT,channel_46,1.3569753,REAL ESA MISSION 1 — verified downloaded archive
2013-10-02 00:07:00+00:00,2.665218,7.818993126201719,NO ALERT,channel_46,1.0331159,REAL ESA MISSION 1 — verified downloaded archive
2013-10-02 00:08:00+00:00,4.6758256,7.818993126201719,NO ALERT,channel_45,1.4891057,REAL ESA MISSION 1 — verified downloaded archive
2013-10-02 00:09:00+00:00,1.4803936,7.818993126201719,NO ALERT,channel_46,1.3895383,REAL ESA MISSION 1 — verified downloaded archive
2013-10-02 00:10:00+00:00,2.5983355,7.818993126201719,NO ALERT,channel_46,1.5671272,REAL ESA MISSION 1 — verified downloaded archive
2013-10-02 00:11:00+00:00,1.3943492,7.818993126201719,NO ALERT,channel_46,1.6266687,REAL ESA MISSION 1 — verified downloaded archive
2013-10-02 00:12:00+00:00,2.5114474,7.818993126201719,NO ALERT,channel_46,1.4898764,REAL ESA MISSION 1 — verified downloaded archive
2013-10-02 00:13:00+00:00,3.6090484,7.818993126201719,NO ALERT,channel_46,1.2594659,REAL ESA MISSION 1 — verified downloaded archive
2013-10-02 00:14:00+00:00,0.78918517,7.818993126201719,NO ALERT,channel_46,1.7454166,REAL ESA MISSION 1 — verified downloaded archive
2013-10-02 00:15:00+00:00,2.050935,7.818993126201719,NO ALERT,channel_44,0.91544724,REAL ESA MISSION 1 — verified downloaded archive
2013-10-02 00:16:00+00:00,3.70344,7.818993126201719,NO ALERT,channel_46,1.3988268,REAL ESA MISSION 1 — verified downloaded archive
2013-10-02 00:17:00+00:00,-1.0653936,7.818993126201719,NO ALERT,channel_44,1.1832335,REAL ESA MISSION 1 — verified downloaded archive
2013-10-02 00:18:00+00:00,3.7683675,7.818993126201719,NO ALERT,channel_44,1.3713248,REAL ESA MISSION 1 — verified downloaded archive
2013-10-02 00:19:00+00:00,1.383759,7.818993126201719,NO ALERT,channel_41,0.95478594,REAL ESA MISSION 1 — verified downloaded archive
2013-10-02 00:20:00+00:00,2.3465052,7.818993126201719,NO ALERT,channel_44,1.0249671,REAL ESA MISSION 1 — verified downloaded archive
2013-10-02 00:21:00+00:00,0.4028977,7.818993126201719,NO ALERT,channel_44,1.4384634,REAL ESA MISSION 1 — verified downloaded archive
2013-10-02 00:22:00+00:00,3.0335643,7.818993126201719,NO ALERT,channel_44,1.1078897,REAL ESA MISSION 1 — verified downloaded archive
2013-10-02 00:23:00+00:00,1.7155085,7.818993126201719,NO ALERT,channel_44,1.3005109,REAL ESA MISSION 1 — verified downloaded archive
2013-10-02 00:24:00+00:00,1.8138794,7.818993126201719,NO ALERT,channel_41,1.345189,REAL ESA MISSION 1 — verified downloaded archive
2013-10-02 00:25:00+00:00,4.833711,7.818993126201719,NO ALERT,channel_45,1.1654731,REAL ESA MISSION 1 — verified downloaded archive
2013-10-02 00:26:00+00:00,3.840037,7.818993126201719,NO ALERT,channel_42,1.3973397,REAL ESA MISSION 1 — verified downloaded archive
2013-10-02 00:27:00+00:00,4.2482257,7.818993126201719,NO ALERT,channel_45,1.1078868,REAL ESA MISSION 1 — verified downloaded archive
2013-10-02 00:28:00+00:00,3.4509966,7.818993126201719,NO ALERT,channel_45,1.3032328,REAL ESA MISSION 1 — verified downloaded archive
2013-10-02 00:29:00+00:00,3.0709448,7.818993126201719,NO ALERT,channel_45,1.1737511,REAL ESA MISSION 1 — verified downloaded archive
2013-10-02 00:30:00+00:00,3.6658945,7.818993126201719,NO ALERT,channel_42,1.299928,REAL ESA MISSION 1 — verified downloaded archive
2013-10-02 00:31:00+00:00,2.6181076,7.818993126201719,NO ALERT,channel_42,1.5724584,REAL ESA MISSION 1 — verified downloaded archive
2013-10-02 00:32:00+00:00,3.2857304,7.818993126201719,NO ALERT,channel_45,1.2222776,REAL ESA MISSION 1 — verified downloaded archive
2013-10-02 00:33:00+00:00,4.4189324,7.818993126201719,NO ALERT,channel_46,1.4561553,REAL ESA MISSION 1 — verified downloaded archive
2013-10-02 00:34:00+00:00,4.426303,7.818993126201719,NO ALERT,channel_46,2.3190851,REAL ESA MISSION 1 — verified downloaded archive
2013-10-02 00:35:00+00:00,4.422975,7.818993126201719,NO ALERT,channel_45,1.0500535,REAL ESA MISSION 1 — verified downloaded archive
2013-10-02 00:36:00+00:00,3.9248517,7.818993126201719,NO ALERT,channel_46,1.160255,REAL ESA MISSION 1 — verified downloaded archive
2013-10-02 00:37:00+00:00,3.621851,7.818993126201719,NO ALERT,channel_46,1.0313885,REAL ESA MISSION 1 — verified downloaded archive
2013-10-02 00:38:00+00:00,4.333483,7.818993126201719,NO ALERT,channel_42,1.2701365,REAL ESA MISSION 1 — verified downloaded archive
2013-10-02 00:39:00+00:00,2.8947313,7.818993126201719,NO ALERT,channel_46,1.0979618,REAL ESA MISSION 1 — verified downloaded archive
2013-10-02 00:40:00+00:00,3.2717392,7.818993126201719,NO ALERT,channel_46,0.9823225,REAL ESA MISSION 1 — verified downloaded archive
2013-10-02 00:41:00+00:00,1.1270797,7.818993126201719,NO ALERT,channel_46,1.459771,REAL ESA MISSION 1 — verified downloaded archive
2013-10-02 00:42:00+00:00,2.051235,7.818993126201719,NO ALERT,channel_41,1.0438576,REAL ESA MISSION 1 — verified downloaded archive
2013-10-02 00:43:00+00:00,2.9344714,7.818993126201719,NO ALERT,channel_44,1.4869809,REAL ESA MISSION 1 — verified downloaded archive
2013-10-02 00:44:00+00:00,2.3734791,7.818993126201719,NO ALERT,channel_44,1.0418873,REAL ESA MISSION 1 — verified downloaded archive
2013-10-02 00:45:00+00:00,3.4340346,7.818993126201719,NO ALERT,channel_44,1.2330953,REAL ESA MISSION 1 — verified downloaded archive
2013-10-02 00:46:00+00:00,2.153042,7.818993126201719,NO ALERT,channel_44,1.3085812,REAL ESA MISSION 1 — verified downloaded archive
2013-10-02 00:47:00+00:00,4.1497993,7.818993126201719,NO ALERT,channel_41,1.2994796,REAL ESA MISSION 1 — verified downloaded archive
2013-10-02 00:48:00+00:00,3.1402128,7.818993126201719,NO ALERT,channel_44,1.2740214,REAL ESA MISSION 1 — verified downloaded archive
2013-10-02 00:49:00+00:00,2.0093274,7.818993126201719,NO ALERT,channel_44,1.1673641,REAL ESA MISSION 1 — verified downloaded archive
2013-10-02 00:50:00+00:00,0.38971773,7.818993126201719,NO ALERT,channel_42,1.9304682,REAL ESA MISSION 1 — verified downloaded archive
2013-10-02 00:51:00+00:00,1.6384612,7.818993126201719,NO ALERT,channel_42,1.2945406,REAL ESA MISSION 1 — verified downloaded archive
2013-10-02 00:52:00+00:00,2.7567782,7.818993126201719,NO ALERT,channel_42,1.1706268,REAL ESA MISSION 1 — verified downloaded archive
2013-10-02 00:53:00+00:00,1.4080417,7.818993126201719,NO ALERT,channel_42,1.1440728,REAL ESA MISSION 1 — verified downloaded archive
2013-10-02 00:54:00+00:00,2.2542028,7.818993126201719,NO ALERT,channel_42,1.123784,REAL ESA MISSION 1 — verified downloaded archive
2013-10-02 00:55:00+00:00,1.4994432,7.818993126201719,NO ALERT,channel_45,1.1989748,REAL ESA MISSION 1 — verified downloaded archive
2013-10-02 00:56:00+00:00,2.910331,7.818993126201719,NO ALERT,channel_45,0.9422705,REAL ESA MISSION 1 — verified downloaded archive
2013-10-02 00:57:00+00:00,1.0711538,7.818993126201719,NO ALERT,channel_42,1.0082194,REAL ESA MISSION 1 — verified downloaded archive
2013-10-02 00:58:00+00:00,4.057268,7.818993126201719,NO ALERT,channel_45,1.2199047,REAL ESA MISSION 1 — verified downloaded archive
2013-10-02 00:59:00+00:00,2.37741,7.818993126201719,NO ALERT,channel_46,1.2606694,REAL ESA MISSION 1 — verified downloaded archive
2013-10-02 01:00:00+00:00,0.8297146,7.818993126201719,NO ALERT,channel_46,1.2407473,REAL ESA MISSION 1 — verified downloaded archive
2013-10-02 01:01:00+00:00,3.3047323,7.818993126201719,NO ALERT,channel_46,1.1170756,REAL ESA MISSION 1 — verified downloaded archive
2013-10-02 01:02:00+00:00,1.7634758,7.818993126201719,NO ALERT,channel_46,1.2970747,REAL ESA MISSION 1 — verified downloaded archive
2013-10-02 01:03:00+00:00,2.63647,7.818993126201719,NO ALERT,channel_46,1.3845415,REAL ESA MISSION 1 — verified downloaded archive
2013-10-02 01:04:00+00:00,2.3937578,7.818993126201719,NO ALERT,channel_44,1.0363119,REAL ESA MISSION 1 — verified downloaded archive
2013-10-02 01:05:00+00:00,-0.7958251,7.818993126201719,NO ALERT,channel_46,1.2548906,REAL ESA MISSION 1 — verified downloaded archive
2013-10-02 01:06:00+00:00,2.9566987,7.818993126201719,NO ALERT,channel_46,1.3234359,REAL ESA MISSION 1 — verified downloaded archive
2013-10-02 01:07:00+00:00,1.0943143,7.818993126201719,NO ALERT,channel_44,1.91755,REAL ESA MISSION 1 — verified downloaded archive
2013-10-02 01:08:00+00:00,4.3838906,7.818993126201719,NO ALERT,channel_44,1.4943094,REAL ESA MISSION 1 — verified downloaded archive
2013-10-02 01:09:00+00:00,2.187601,7.818993126201719,NO ALERT,channel_46,1.0343689,REAL ESA MISSION 1 — verified downloaded archive
2013-10-02 01:10:00+00:00,1.3084964,7.818993126201719,NO ALERT,channel_44,1.1324681,REAL ESA MISSION 1 — verified downloaded archive
2013-10-02 01:11:00+00:00,2.6593132,7.818993126201719,NO ALERT,channel_46,1.1696022,REAL ESA MISSION 1 — verified downloaded archive
2013-10-02 01:12:00+00:00,1.4511476,7.818993126201719,NO ALERT,channel_41,1.3961123,REAL ESA MISSION 1 — verified downloaded archive
2013-10-02 01:13:00+00:00,1.9061278,7.818993126201719,NO ALERT,channel_44,1.2040408,REAL ESA MISSION 1 — verified downloaded archive
2013-10-02 01:14:00+00:00,2.972881,7.818993126201719,NO ALERT,channel_42,1.3642588,REAL ESA MISSION 1 — verified downloaded archive
2013-10-02 01:15:00+00:00,-1.2612123,7.818993126201719,NO ALERT,channel_42,1.6106323,REAL ESA MISSION 1 — verified downloaded archive
2013-10-02 01:16:00+00:00,-1.1249552,7.818993126201719,NO ALERT,channel_42,1.3581802,REAL ESA MISSION 1 — verified downloaded archive
2013-10-02 01:17:00+00:00,-2.0076227,7.818993126201719,NO ALERT,channel_45,1.3009559,REAL ESA MISSION 1 — verified downloaded archive
2013-10-02 01:18:00+00:00,0.26906174,7.818993126201719,NO ALERT,channel_42,1.8090737,REAL ESA MISSION 1 — verified downloaded archive
2013-10-02 01:19:00+00:00,-1.2759222,7.818993126201719,NO ALERT,channel_42,1.9496472,REAL ESA MISSION 1 — verified downloaded archive
2013-10-02 01:20:00+00:00,-1.486808,7.818993126201719,NO ALERT,channel_45,1.6674174,REAL ESA MISSION 1 — verified downloaded archive
2013-10-02 01:21:00+00:00,-0.9880141,7.818993126201719,NO ALERT,channel_45,1.5004594,REAL ESA MISSION 1 — verified downloaded archive
2013-10-02 01:22:00+00:00,-0.76672053,7.818993126201719,NO ALERT,channel_42,1.451248,REAL ESA MISSION 1 — verified downloaded archive
2013-10-02 01:23:00+00:00,-1.0914842,7.818993126201719,NO ALERT,channel_42,1.6551018,REAL ESA MISSION 1 — verified downloaded archive
2013-10-02 01:24:00+00:00,-1.8988622,7.818993126201719,NO ALERT,channel_46,1.4593828,REAL ESA MISSION 1 — verified downloaded archive
2013-10-02 01:25:00+00:00,-1.2887172,7.818993126201719,NO ALERT,channel_46,0.9590968,REAL ESA MISSION 1 — verified downloaded archive
2013-10-02 01:26:00+00:00,-0.91531026,7.818993126201719,NO ALERT,channel_43,1.024423,REAL ESA MISSION 1 — verified downloaded archive
2013-10-02 01:27:00+00:00,-1.188768,7.818993126201719,NO ALERT,channel_43,1.4593768,REAL ESA MISSION 1 — verified downloaded archive
2013-10-02 01:28:00+00:00,-0.99468803,7.818993126201719,NO ALERT,channel_46,1.7450768,REAL ESA MISSION 1 — verified downloaded archive
2013-10-02 01:29:00+00:00,-0.50923383,7.818993126201719,NO ALERT,channel_43,2.03016,REAL ESA MISSION 1 — verified downloaded archive
2013-10-02 01:30:00+00:00,-0.2052498,7.818993126201719,NO ALERT,channel_46,1.4753143,REAL ESA MISSION 1 — verified downloaded archive
2013-10-02 01:31:00+00:00,-0.91291946,7.818993126201719,NO ALERT,channel_44,1.37435,REAL ESA MISSION 1 — verified downloaded archive
2013-10-02 01:32:00+00:00,-1.2912041,7.818993126201719,NO ALERT,channel_42,1.1345732,REAL ESA MISSION 1 — verified downloaded archive
2013-10-02 01:33:00+00:00,-1.3119985,7.818993126201719,NO ALERT,channel_44,1.6906499,REAL ESA MISSION 1 — verified downloaded archive
2013-10-02 01:34:00+00:00,-0.8257499,7.818993126201719,NO ALERT,channel_44,1.786014,REAL ESA MISSION 1 — verified downloaded archive
2013-10-02 01:35:00+00:00,-2.0788774,7.818993126201719,NO ALERT,channel_44,1.6280856,REAL ESA MISSION 1 — verified downloaded archive
2013-10-02 01:36:00+00:00,-0.9796533,7.818993126201719,NO ALERT,channel_44,1.619509,REAL ESA MISSION 1 — verified downloaded archive
2013-10-02 01:37:00+00:00,-0.83550197,7.818993126201719,NO ALERT,channel_41,1.1372626,REAL ESA MISSION 1 — verified downloaded archive
2013-10-02 01:38:00+00:00,-0.0855418,7.818993126201719,NO ALERT,channel_44,1.6884214,REAL ESA MISSION 1 — verified downloaded archive
2013-10-02 01:39:00+00:00,-0.47179243,7.818993126201719,NO ALERT,channel_41,1.4168247,REAL ESA MISSION 1 — verified downloaded archive
2013-10-02 01:40:00+00:00,-1.2366014,7.818993126201719,NO ALERT,channel_41,0.9394772,REAL ESA MISSION 1 — verified downloaded archive
2013-10-02 01:41:00+00:00,-0.41405347,7.818993126201719,NO ALERT,channel_45,1.6003422,REAL ESA MISSION 1 — verified downloaded archive
2013-10-02 01:42:00+00:00,-1.611514,7.818993126201719,NO ALERT,channel_42,1.9837703,REAL ESA MISSION 1 — verified downloaded archive
2013-10-02 01:43:00+00:00,-1.1482885,7.818993126201719,NO ALERT,channel_41,1.2358115,REAL ESA MISSION 1 — verified downloaded archive
2013-10-02 01:44:00+00:00,-0.46866855,7.818993126201719,NO ALERT,channel_42,1.3834697,REAL ESA MISSION 1 — verified downloaded archive
2013-10-02 01:45:00+00:00,-1.8709525,7.818993126201719,NO ALERT,channel_42,1.5923142,REAL ESA MISSION 1 — verified downloaded archive
2013-10-02 01:46:00+00:00,0.07412876,7.818993126201719,NO ALERT,channel_42,1.3301712,REAL ESA MISSION 1 — verified downloaded archive
2013-10-02 01:47:00+00:00,-1.1317486,7.818993126201719,NO ALERT,channel_46,1.1708634,REAL ESA MISSION 1 — verified downloaded archive
2013-10-02 01:48:00+00:00,0.81397414,7.818993126201719,NO ALERT,channel_45,1.924826,REAL ESA MISSION 1 — verified downloaded archive
2013-10-02 01:49:00+00:00,-0.7766527,7.818993126201719,NO ALERT,channel_46,1.4759587,REAL ESA MISSION 1 — verified downloaded archive
2013-10-02 01:50:00+00:00,-0.5412227,7.818993126201719,NO ALERT,channel_46,1.6888314,REAL ESA MISSION 1 — verified downloaded archive
2013-10-02 01:51:00+00:00,-0.59869283,7.818993126201719,NO ALERT,channel_46,1.7754999,REAL ESA MISSION 1 — verified downloaded archive
2013-10-02 01:52:00+00:00,-0.9297565,7.818993126201719,NO ALERT,channel_46,1.742405,REAL ESA MISSION 1 — verified downloaded archive
2013-10-02 01:53:00+00:00,-0.8265866,7.818993126201719,NO ALERT,channel_46,1.7111542,REAL ESA MISSION 1 — verified downloaded archive
2013-10-02 01:54:00+00:00,-0.20889652,7.818993126201719,NO ALERT,channel_41,1.9754512,REAL ESA MISSION 1 — verified downloaded archive
2013-10-02 01:55:00+00:00,-0.7731358,7.818993126201719,NO ALERT,channel_43,1.1180243,REAL ESA MISSION 1 — verified downloaded archive
2013-10-02 01:56:00+00:00,0.2433938,7.818993126201719,NO ALERT,channel_43,1.5658327,REAL ESA MISSION 1 — verified downloaded archive
2013-10-02 01:57:00+00:00,0.23246254,7.818993126201719,NO ALERT,channel_46,1.642233,REAL ESA MISSION 1 — verified downloaded archive
2013-10-02 01:58:00+00:00,-0.34878382,7.818993126201719,NO ALERT,channel_46,1.7550453,REAL ESA MISSION 1 — verified downloaded archive
2013-10-02 01:59:00+00:00,-1.0733032,7.818993126201719,NO ALERT,channel_44,1.605692,REAL ESA MISSION 1 — verified downloaded archive
2013-10-02 02:00:00+00:00,-0.9225416,7.818993126201719,NO ALERT,channel_44,1.8168411,REAL ESA MISSION 1 — verified downloaded archive
2013-10-02 02:01:00+00:00,-0.16073321,7.818993126201719,NO ALERT,channel_41,1.4980792,REAL ESA MISSION 1 — verified downloaded archive
2013-10-02 02:02:00+00:00,-1.0458312,7.818993126201719,NO ALERT,channel_44,1.785044,REAL ESA MISSION 1 — verified downloaded archive
2013-10-02 02:03:00+00:00,-1.2013375,7.818993126201719,NO ALERT,channel_41,1.7708038,REAL ESA MISSION 1 — verified downloaded archive
2013-10-02 02:04:00+00:00,0.5203406,7.818993126201719,NO ALERT,channel_44,1.3804504,REAL ESA MISSION 1 — verified downloaded archive
2013-10-02 02:05:00+00:00,-0.33383211,7.818993126201719,NO ALERT,channel_42,1.8520513,REAL ESA MISSION 1 — verified downloaded archive
2013-10-02 02:06:00+00:00,-0.42503515,7.818993126201719,NO ALERT,channel_45,1.5420793,REAL ESA MISSION 1 — verified downloaded archive
2013-10-02 02:07:00+00:00,-0.21287726,7.818993126201719,NO ALERT,channel_45,1.5095172,REAL ESA MISSION 1 — verified downloaded archive
2013-10-02 02:08:00+00:00,-0.02853128,7.818993126201719,NO ALERT,channel_41,1.4939606,REAL ESA MISSION 1 — verified downloaded archive
2013-10-02 02:09:00+00:00,-0.70061874,7.818993126201719,NO ALERT,channel_42,1.8938895,REAL ESA MISSION 1 — verified downloaded archive
2013-10-02 02:10:00+00:00,-1.239906,7.818993126201719,NO ALERT,channel_45,1.167055,REAL ESA MISSION 1 — verified downloaded archive
2013-10-02 02:11:00+00:00,-0.88103724,7.818993126201719,NO ALERT,channel_46,1.4520444,REAL ESA MISSION 1 — verified downloaded archive
2013-10-02 02:12:00+00:00,-1.1036952,7.818993126201719,NO ALERT,channel_45,1.2836118,REAL ESA MISSION 1 — verified downloaded archive
2013-10-02 02:13:00+00:00,-0.026440602,7.818993126201719,NO ALERT,channel_42,1.4064604,REAL ESA MISSION 1 — verified downloaded archive
2013-10-02 02:14:00+00:00,-0.7691804,7.818993126201719,NO ALERT,channel_45,1.4094775,REAL ESA MISSION 1 — verified downloaded archive
2013-10-02 02:15:00+00:00,-0.27111968,7.818993126201719,NO ALERT,channel_42,1.2883478,REAL ESA MISSION 1 — verified downloaded archive
2013-10-02 02:16:00+00:00,-0.86338294,7.818993126201719,NO ALERT,channel_43,1.5153369,REAL ESA MISSION 1 — verified downloaded archive
2013-10-02 02:17:00+00:00,-0.12316875,7.818993126201719,NO ALERT,channel_45,1.096452,REAL ESA MISSION 1 — verified downloaded archive
2013-10-02 02:18:00+00:00,-0.31746516,7.818993126201719,NO ALERT,channel_46,1.7025602,REAL ESA MISSION 1 — verified downloaded archive
2013-10-02 02:19:00+00:00,-0.39077958,7.818993126201719,NO ALERT,channel_43,0.9873112,REAL ESA MISSION 1 — verified downloaded archive
2013-10-02 02:20:00+00:00,-1.0945851,7.818993126201719,NO ALERT,channel_43,1.2818539,REAL ESA MISSION 1 — verified downloaded archive
2013-10-02 02:21:00+00:00,-0.804754,7.818993126201719,NO ALERT,channel_46,2.2705462,REAL ESA MISSION 1 — verified downloaded archive
2013-10-02 02:22:00+00:00,-0.9865483,7.818993126201719,NO ALERT,channel_46,2.1479669,REAL ESA MISSION 1 — verified downloaded archive
2013-10-02 02:23:00+00:00,-0.63476217,7.818993126201719,NO ALERT,channel_44,1.0126967,REAL ESA MISSION 1 — verified downloaded archive
2013-10-02 02:24:00+00:00,-0.21540754,7.818993126201719,NO ALERT,channel_41,1.3703532,REAL ESA MISSION 1 — verified downloaded archive
2013-10-02 02:25:00+00:00,-0.8089889,7.818993126201719,NO ALERT,channel_44,1.3595141,REAL ESA MISSION 1 — verified downloaded archive
2013-10-02 02:26:00+00:00,-0.10321988,7.818993126201719,NO ALERT,channel_44,1.603619,REAL ESA MISSION 1 — verified downloaded archive
2013-10-02 02:27:00+00:00,-0.6398498,7.818993126201719,NO ALERT,channel_41,1.2939589,REAL ESA MISSION 1 — verified downloaded archive
2013-10-02 02:28:00+00:00,-0.82898116,7.818993126201719,NO ALERT,channel_44,1.7051116,REAL ESA MISSION 1 — verified downloaded archive
2013-10-02 02:29:00+00:00,-0.10415767,7.818993126201719,NO ALERT,channel_41,1.269299,REAL ESA MISSION 1 — verified downloaded archive
2013-10-02 02:30:00+00:00,-0.29565635,7.818993126201719,NO ALERT,channel_44,1.4518819,REAL ESA MISSION 1 — verified downloaded archive
2013-10-02 02:31:00+00:00,-0.3187541,7.818993126201719,NO ALERT,channel_41,1.2494402,REAL ESA MISSION 1 — verified downloaded archive
2013-10-02 02:32:00+00:00,-0.077746615,7.818993126201719,NO ALERT,channel_41,1.0946475,REAL ESA MISSION 1 — verified downloaded archive
2013-10-02 02:33:00+00:00,-1.2132486,7.818993126201719,NO ALERT,channel_42,1.3757682,REAL ESA MISSION 1 — verified downloaded archive
2013-10-02 02:34:00+00:00,-0.22039406,7.818993126201719,NO ALERT,channel_44,0.9616216,REAL ESA MISSION 1 — verified downloaded archive
2013-10-02 02:35:00+00:00,-0.5946176,7.818993126201719,NO ALERT,channel_42,1.1382972,REAL ESA MISSION 1 — verified downloaded archive
2013-10-02 02:36:00+00:00,-0.15921019,7.818993126201719,NO ALERT,channel_46,0.7169499,REAL ESA MISSION 1 — verified downloaded archive
2013-10-02 02:37:00+00:00,-0.50469613,7.818993126201719,NO ALERT,channel_46,0.8152412,REAL ESA MISSION 1 — verified downloaded archive
2013-10-02 02:38:00+00:00,-1.0748334,7.818993126201719,NO ALERT,channel_42,1.5888594,REAL ESA MISSION 1 — verified downloaded archive
2013-10-02 02:39:00+00:00,0.19692792,7.818993126201719,NO ALERT,channel_46,0.9034079,REAL ESA MISSION 1 — verified downloaded archive
2013-10-02 02:40:00+00:00,-0.43273124,7.818993126201719,NO ALERT,channel_43,1.2490674,REAL ESA MISSION 1 — verified downloaded archive
2013-10-02 02:41:00+00:00,0.21759494,7.818993126201719,NO ALERT,channel_46,1.4348401,REAL ESA MISSION 1 — verified downloaded archive
2013-10-02 02:42:00+00:00,-0.62142587,7.818993126201719,NO ALERT,channel_43,0.8816492,REAL ESA MISSION 1 — verified downloaded archive
2013-10-02 02:43:00+00:00,-0.6451885,7.818993126201719,NO ALERT,channel_43,1.1739067,REAL ESA MISSION 1 — verified downloaded archive
2013-10-02 02:44:00+00:00,-0.9898436,7.818993126201719,NO ALERT,channel_43,0.9974232,REAL ESA MISSION 1 — verified downloaded archive
2013-10-02 02:45:00+00:00,-0.4441912,7.818993126201719,NO ALERT,channel_43,1.1419339,REAL ESA MISSION 1 — verified downloaded archive
2013-10-02 02:46:00+00:00,-0.8802291,7.818993126201719,NO ALERT,channel_43,0.8185085,REAL ESA MISSION 1 — verified downloaded archive
2013-10-02 02:47:00+00:00,0.02413239,7.818993126201719,NO ALERT,channel_43,1.125555,REAL ESA MISSION 1 — verified downloaded archive
2013-10-02 02:48:00+00:00,-0.6097675,7.818993126201719,NO ALERT,channel_41,1.2085649,REAL ESA MISSION 1 — verified downloaded archive
2013-10-02 02:49:00+00:00,-0.6415993,7.818993126201719,NO ALERT,channel_44,1.0713686,REAL ESA MISSION 1 — verified downloaded archive
2013-10-02 02:50:00+00:00,-0.96151924,7.818993126201719,NO ALERT,channel_44,2.0730348,REAL ESA MISSION 1 — verified downloaded archive
2013-10-02 02:51:00+00:00,-0.9525157,7.818993126201719,NO ALERT,channel_42,0.99649745,REAL ESA MISSION 1 — verified downloaded archive
2013-10-02 02:52:00+00:00,-0.7519109,7.818993126201719,NO ALERT,channel_42,1.3048854,REAL ESA MISSION 1 — verified downloaded archive
2013-10-02 02:53:00+00:00,-0.49290666,7.818993126201719,NO ALERT,channel_42,1.1580701,REAL ESA MISSION 1 — verified downloaded archive
2013-10-02 02:54:00+00:00,-0.9573293,7.818993126201719,NO ALERT,channel_44,1.4352919,REAL ESA MISSION 1 — verified downloaded archive
2013-10-02 02:55:00+00:00,-0.9436116,7.818993126201719,NO ALERT,channel_42,1.1223867,REAL ESA MISSION 1 — verified downloaded archive
2013-10-02 02:56:00+00:00,-1.2244178,7.818993126201719,NO ALERT,channel_42,1.3234531,REAL ESA MISSION 1 — verified downloaded archive
2013-10-02 02:57:00+00:00,-0.79206496,7.818993126201719,NO ALERT,channel_42,1.2910295,REAL ESA MISSION 1 — verified downloaded archive
2013-10-02 02:58:00+00:00,-0.025874253,7.818993126201719,NO ALERT,channel_45,1.5215921,REAL ESA MISSION 1 — verified downloaded archive
2013-10-02 02:59:00+00:00,-1.2153422,7.818993126201719,NO ALERT,channel_45,1.286248,REAL ESA MISSION 1 — verified downloaded archive
2013-10-02 03:00:00+00:00,-0.48934507,7.818993126201719,NO ALERT,channel_42,1.8107076,REAL ESA MISSION 1 — verified downloaded archive
2013-10-02 03:01:00+00:00,-0.58507514,7.818993126201719,NO ALERT,channel_42,1.4733365,REAL ESA MISSION 1 — verified downloaded archive
2013-10-02 03:02:00+00:00,-1.5559297,7.818993126201719,NO ALERT,channel_42,1.1338334,REAL ESA MISSION 1 — verified downloaded archive
2013-10-02 03:03:00+00:00,-1.851718,7.818993126201719,NO ALERT,channel_42,1.237643,REAL ESA MISSION 1 — verified downloaded archive
2013-10-02 03:04:00+00:00,-1.2232047,7.818993126201719,NO ALERT,channel_46,1.2038252,REAL ESA MISSION 1 — verified downloaded archive
2013-10-02 03:05:00+00:00,-0.15962945,7.818993126201719,NO ALERT,channel_45,1.075206,REAL ESA MISSION 1 — verified downloaded archive
2013-10-02 03:06:00+00:00,-0.7736232,7.818993126201719,NO ALERT,channel_46,0.8363679,REAL ESA MISSION 1 — verified downloaded archive
2013-10-02 03:07:00+00:00,-0.17917149,7.818993126201719,NO ALERT,channel_43,1.0849245,REAL ESA MISSION 1 — verified downloaded archive
2013-10-02 03:08:00+00:00,-0.85269517,7.818993126201719,NO ALERT,channel_46,1.7642378,REAL ESA MISSION 1 — verified downloaded archive
2013-10-02 03:09:00+00:00,-0.702683,7.818993126201719,NO ALERT,channel_46,0.93591124,REAL ESA MISSION 1 — verified downloaded archive
2013-10-02 03:10:00+00:00,-2.1619012,7.818993126201719,NO ALERT,channel_42,1.4144671,REAL ESA MISSION 1 — verified downloaded archive
2013-10-02 03:11:00+00:00,-1.0299883,7.818993126201719,NO ALERT,channel_43,1.0504128,REAL ESA MISSION 1 — verified downloaded archive
2013-10-02 03:12:00+00:00,-0.5450414,7.818993126201719,NO ALERT,channel_44,1.391845,REAL ESA MISSION 1 — verified downloaded archive
2013-10-02 03:13:00+00:00,-0.5930275,7.818993126201719,NO ALERT,channel_44,1.1070985,REAL ESA MISSION 1 — verified downloaded archive
2013-10-02 03:14:00+00:00,-0.52171934,7.818993126201719,NO ALERT,channel_44,1.5876445,REAL ESA MISSION 1 — verified downloaded archive
2013-10-02 03:15:00+00:00,-0.49643832,7.818993126201719,NO ALERT,channel_44,1.4320718,REAL ESA MISSION 1 — verified downloaded archive
2013-10-02 03:16:00+00:00,-0.5625655,7.818993126201719,NO ALERT,channel_44,1.4073223,REAL ESA MISSION 1 — verified downloaded archive
2013-10-02 03:17:00+00:00,0.11239155,7.818993126201719,NO ALERT,channel_41,1.4479661,REAL ESA MISSION 1 — verified downloaded archive
2013-10-02 03:18:00+00:00,-1.0739856,7.818993126201719,NO ALERT,channel_44,1.898964,REAL ESA MISSION 1 — verified downloaded archive
2013-10-02 03:19:00+00:00,-1.2390255,7.818993126201719,NO ALERT,channel_41,1.0946217,REAL ESA MISSION 1 — verified downloaded archive
2013-10-02 03:20:00+00:00,-0.5963806,7.818993126201719,NO ALERT,channel_41,1.2380521,REAL ESA MISSION 1 — verified downloaded archive
2013-10-02 03:21:00+00:00,-0.8551412,7.818993126201719,NO ALERT,channel_42,1.3041345,REAL ESA MISSION 1 — verified downloaded archive
2013-10-02 03:22:00+00:00,-1.6249071,7.818993126201719,NO ALERT,channel_42,1.3973173,REAL ESA MISSION 1 — verified downloaded archive
2013-10-02 03:23:00+00:00,-0.39449677,7.818993126201719,NO ALERT,channel_45,1.2915425,REAL ESA MISSION 1 — verified downloaded archive
2013-10-02 03:24:00+00:00,-1.1883792,7.818993126201719,NO ALERT,channel_42,1.5976962,REAL ESA MISSION 1 — verified downloaded archive
2013-10-02 03:25:00+00:00,-1.2277815,7.818993126201719,NO ALERT,channel_45,1.258362,REAL ESA MISSION 1 — verified downloaded archive
2013-10-02 03:26:00+00:00,-0.30029938,7.818993126201719,NO ALERT,channel_46,1.4183544,REAL ESA MISSION 1 — verified downloaded archive
2013-10-02 03:27:00+00:00,-1.3582854,7.818993126201719,NO ALERT,channel_46,1.5132622,REAL ESA MISSION 1 — verified downloaded archive
2013-10-02 03:28:00+00:00,-0.8723495,7.818993126201719,NO ALERT,channel_42,1.8185605,REAL ESA MISSION 1 — verified downloaded archive
2013-10-02 03:29:00+00:00,-1.3128072,7.818993126201719,NO ALERT,channel_46,1.4492568,REAL ESA MISSION 1 — verified downloaded archive
2013-10-02 03:30:00+00:00,-0.62615085,7.818993126201719,NO ALERT,channel_43,1.6061829,REAL ESA MISSION 1 — verified downloaded archive
2013-10-02 03:31:00+00:00,-0.68699795,7.818993126201719,NO ALERT,channel_43,1.5769404,REAL ESA MISSION 1 — verified downloaded archive
2013-10-02 03:32:00+00:00,-0.5615383,7.818993126201719,NO ALERT,channel_43,1.5497925,REAL ESA MISSION 1 — verified downloaded archive
2013-10-02 03:33:00+00:00,-1.0756662,7.818993126201719,NO ALERT,channel_43,1.5201898,REAL ESA MISSION 1 — verified downloaded archive
2013-10-02 03:34:00+00:00,-1.3465917,7.818993126201719,NO ALERT,channel_43,1.0217701,REAL ESA MISSION 1 — verified downloaded archive
2013-10-02 03:35:00+00:00,-0.45680162,7.818993126201719,NO ALERT,channel_43,1.6383753,REAL ESA MISSION 1 — verified downloaded archive
2013-10-02 03:36:00+00:00,0.14916457,7.818993126201719,NO ALERT,channel_41,1.4631528,REAL ESA MISSION 1 — verified downloaded archive
2013-10-02 03:37:00+00:00,-0.76964647,7.818993126201719,NO ALERT,channel_43,1.1341009,REAL ESA MISSION 1 — verified downloaded archive
2013-10-02 03:38:00+00:00,-0.6772113,7.818993126201719,NO ALERT,channel_41,1.4058,REAL ESA MISSION 1 — verified downloaded archive
2013-10-02 03:39:00+00:00,-0.5177568,7.818993126201719,NO ALERT,channel_41,1.9944057,REAL ESA MISSION 1 — verified downloaded archive
2013-10-02 03:40:00+00:00,-0.97096515,7.818993126201719,NO ALERT,channel_42,1.4639459,REAL ESA MISSION 1 — verified downloaded archive
2013-10-02 03:41:00+00:00,-0.09037392,7.818993126201719,NO ALERT,channel_42,1.9923857,REAL ESA MISSION 1 — verified downloaded archive
2013-10-02 03:42:00+00:00,-0.87946063,7.818993126201719,NO ALERT,channel_42,1.6242918,REAL ESA MISSION 1 — verified downloaded archive
2013-10-02 03:43:00+00:00,-1.1968523,7.818993126201719,NO ALERT,channel_42,1.1489094,REAL ESA MISSION 1 — verified downloaded archive
2013-10-02 03:44:00+00:00,-1.0095841,7.818993126201719,NO ALERT,channel_42,1.3447866,REAL ESA MISSION 1 — verified downloaded archive
2013-10-02 03:45:00+00:00,-0.82587683,7.818993126201719,NO ALERT,channel_42,1.6617993,REAL ESA MISSION 1 — verified downloaded archive
2013-10-02 03:46:00+00:00,-1.1704193,7.818993126201719,NO ALERT,channel_45,1.0763469,REAL ESA MISSION 1 — verified downloaded archive
2013-10-02 03:47:00+00:00,-1.5504887,7.818993126201719,NO ALERT,channel_46,1.5243826,REAL ESA MISSION 1 — verified downloaded archive
2013-10-02 03:48:00+00:00,-0.7763045,7.818993126201719,NO ALERT,channel_45,1.6633285,REAL ESA MISSION 1 — verified downloaded archive
2013-10-02 03:49:00+00:00,-1.01633,7.818993126201719,NO ALERT,channel_45,1.1575677,REAL ESA MISSION 1 — verified downloaded archive
2013-10-02 03:50:00+00:00,-1.1251818,7.818993126201719,NO ALERT,channel_45,1.5895981,REAL ESA MISSION 1 — verified downloaded archive
2013-10-02 03:51:00+00:00,-0.83582366,7.818993126201719,NO ALERT,channel_42,1.6842799,REAL ESA MISSION 1 — verified downloaded archive
2013-10-02 03:52:00+00:00,-0.8223446,7.818993126201719,NO ALERT,channel_43,1.3133811,REAL ESA MISSION 1 — verified downloaded archive
2013-10-02 03:53:00+00:00,-1.2087841,7.818993126201719,NO ALERT,channel_46,1.8462611,REAL ESA MISSION 1 — verified downloaded archive
2013-10-02 03:54:00+00:00,-1.083841,7.818993126201719,NO ALERT,channel_46,1.4576086,REAL ESA MISSION 1 — verified downloaded archive
2013-10-02 03:55:00+00:00,-0.6630839,7.818993126201719,NO ALERT,channel_43,1.5393772,REAL ESA MISSION 1 — verified downloaded archive
2013-10-02 03:56:00+00:00,-0.37419936,7.818993126201719,NO ALERT,channel_43,1.0374463,REAL ESA MISSION 1 — verified downloaded archive
2013-10-02 03:57:00+00:00,-1.2124093,7.818993126201719,NO ALERT,channel_44,1.2205403,REAL ESA MISSION 1 — verified downloaded archive
2013-10-02 03:58:00+00:00,-0.16673422,7.818993126201719,NO ALERT,channel_46,1.6692201,REAL ESA MISSION 1 — verified downloaded archive
2013-10-02 03:59:00+00:00,-0.8985143,7.818993126201719,NO ALERT,channel_41,1.0257356,REAL ESA MISSION 1 — verified downloaded archive
2013-10-02 04:00:00+00:00,-1.2491409,7.818993126201719,NO ALERT,channel_43,1.1433372,REAL ESA MISSION 1 — verified downloaded archive
2013-10-02 04:01:00+00:00,-0.8664132,7.818993126201719,NO ALERT,channel_43,1.5982622,REAL ESA MISSION 1 — verified downloaded archive
2013-10-02 04:02:00+00:00,-0.06664394,7.818993126201719,NO ALERT,channel_41,1.3914839,REAL ESA MISSION 1 — verified downloaded archive
2013-10-02 04:03:00+00:00,-0.87057954,7.818993126201719,NO ALERT,channel_44,1.7228886,REAL ESA MISSION 1 — verified downloaded archive
2013-10-02 04:04:00+00:00,-0.40527174,7.818993126201719,NO ALERT,channel_41,1.3277841,REAL ESA MISSION 1 — verified downloaded archive
2013-10-02 04:05:00+00:00,-0.7714712,7.818993126201719,NO ALERT,channel_41,1.454383,REAL ESA MISSION 1 — verified downloaded archive
2013-10-02 04:06:00+00:00,-0.5719299,7.818993126201719,NO ALERT,channel_42,1.9181367,REAL ESA MISSION 1 — verified downloaded archive
2013-10-02 04:07:00+00:00,-0.6449589,7.818993126201719,NO ALERT,channel_41,1.4160273,REAL ESA MISSION 1 — verified downloaded archive
2013-10-02 04:08:00+00:00,-0.73747027,7.818993126201719,NO ALERT,channel_45,1.3638216,REAL ESA MISSION 1 — verified downloaded archive
2013-10-02 04:09:00+00:00,-1.2464248,7.818993126201719,NO ALERT,channel_42,1.2623883,REAL ESA MISSION 1 — verified downloaded archive
2013-10-02 04:10:00+00:00,-0.14382069,7.818993126201719,NO ALERT,channel_45,1.4228624,REAL ESA MISSION 1 — verified downloaded archive
2013-10-02 04:11:00+00:00,-0.65597427,7.818993126201719,NO ALERT,channel_42,1.6806186,REAL ESA MISSION 1 — verified downloaded archive
2013-10-02 04:12:00+00:00,-0.5596893,7.818993126201719,NO ALERT,channel_45,1.6629324,REAL ESA MISSION 1 — verified downloaded archive
2013-10-02 04:13:00+00:00,-0.69981,7.818993126201719,NO ALERT,channel_42,1.40235,REAL ESA MISSION 1 — verified downloaded archive
2013-10-02 04:14:00+00:00,-0.4408315,7.818993126201719,NO ALERT,channel_46,1.4254621,REAL ESA MISSION 1 — verified downloaded archive
2013-10-02 04:15:00+00:00,0.034357328,7.818993126201719,NO ALERT,channel_42,2.1502576,REAL ESA MISSION 1 — verified downloaded archive
2013-10-02 04:16:00+00:00,0.34886608,7.818993126201719,NO ALERT,channel_46,1.4801043,REAL ESA MISSION 1 — verified downloaded archive
2013-10-02 04:17:00+00:00,-0.9903823,7.818993126201719,NO ALERT,channel_43,1.3435597,REAL ESA MISSION 1 — verified downloaded archive
2013-10-02 04:18:00+00:00,-1.7013245,7.818993126201719,NO ALERT,channel_46,1.6593447,REAL ESA MISSION 1 — verified downloaded archive
2013-10-02 04:19:00+00:00,0.10496862,7.818993126201719,NO ALERT,channel_43,1.5942049,REAL ESA MISSION 1 — verified downloaded archive
2013-10-02 04:20:00+00:00,-0.980804,7.818993126201719,NO ALERT,channel_43,1.5563672,REAL ESA MISSION 1 — verified downloaded archive
2013-10-02 04:21:00+00:00,-0.45289204,7.818993126201719,NO ALERT,channel_43,1.6920023,REAL ESA MISSION 1 — verified downloaded archive
2013-10-02 04:22:00+00:00,-1.2156482,7.818993126201719,NO ALERT,channel_46,1.687296,REAL ESA MISSION 1 — verified downloaded archive
2013-10-02 04:23:00+00:00,-0.66867936,7.818993126201719,NO ALERT,channel_43,1.1565057,REAL ESA MISSION 1 — verified downloaded archive
2013-10-02 04:24:00+00:00,-1.1295173,7.818993126201719,NO ALERT,channel_44,2.113675,REAL ESA MISSION 1 — verified downloaded archive
2013-10-02 04:25:00+00:00,-0.1558039,7.818993126201719,NO ALERT,channel_44,1.8388407,REAL ESA MISSION 1 — verified downloaded archive
2013-10-02 04:26:00+00:00,-0.57846844,7.818993126201719,NO ALERT,channel_41,1.5304925,REAL ESA MISSION 1 — verified downloaded archive
2013-10-02 04:27:00+00:00,-0.60334766,7.818993126201719,NO ALERT,channel_44,2.2888548,REAL ESA MISSION 1 — verified downloaded archive
2013-10-02 04:28:00+00:00,-0.21621637,7.818993126201719,NO ALERT,channel_41,1.4823532,REAL ESA MISSION 1 — verified downloaded archive
2013-10-02 04:29:00+00:00,-0.82729846,7.818993126201719,NO ALERT,channel_42,1.5103472,REAL ESA MISSION 1 — verified downloaded archive
2013-10-02 04:30:00+00:00,-0.014476638,7.818993126201719,NO ALERT,channel_42,1.5958521,REAL ESA MISSION 1 — verified downloaded archive
2013-10-02 04:31:00+00:00,-0.6133388,7.818993126201719,NO ALERT,channel_45,1.5300958,REAL ESA MISSION 1 — verified downloaded archive
2013-10-02 04:32:00+00:00,-0.89018404,7.818993126201719,NO ALERT,channel_45,1.4927299,REAL ESA MISSION 1 — verified downloaded archive
2013-10-02 04:33:00+00:00,-0.6836819,7.818993126201719,NO ALERT,channel_42,1.6187012,REAL ESA MISSION 1 — verified downloaded archive
2013-10-02 04:34:00+00:00,-1.2695509,7.818993126201719,NO ALERT,channel_44,1.5567183,REAL ESA MISSION 1 — verified downloaded archive
2013-10-02 04:35:00+00:00,-1.0871834,7.818993126201719,NO ALERT,channel_45,1.4238973,REAL ESA MISSION 1 — verified downloaded archive
2013-10-02 04:36:00+00:00,-1.0750545,7.818993126201719,NO ALERT,channel_45,1.3905663,REAL ESA MISSION 1 — verified downloaded archive
2013-10-02 04:37:00+00:00,-1.8026766,7.818993126201719,NO ALERT,channel_42,1.8771086,REAL ESA MISSION 1 — verified downloaded archive
2013-10-02 04:38:00+00:00,-1.7113947,7.818993126201719,NO ALERT,channel_46,2.8805103,REAL ESA MISSION 1 — verified downloaded archive
2013-10-02 04:39:00+00:00,-1.0917135,7.818993126201719,NO ALERT,channel_45,1.47866,REAL ESA MISSION 1 — verified downloaded archive
2013-10-02 04:40:00+00:00,-0.4655737,7.818993126201719,NO ALERT,channel_46,1.2778767,REAL ESA MISSION 1 — verified downloaded archive
2013-10-02 04:41:00+00:00,-1.023215,7.818993126201719,NO ALERT,channel_43,1.0040627,REAL ESA MISSION 1 — verified downloaded archive
2013-10-02 04:42:00+00:00,-1.7867796,7.818993126201719,NO ALERT,channel_43,1.2990578,REAL ESA MISSION 1 — verified downloaded archive
2013-10-02 04:43:00+00:00,-1.0763088,7.818993126201719,NO ALERT,channel_43,1.5884067,REAL ESA MISSION 1 — verified downloaded archive
2013-10-02 04:44:00+00:00,-1.3231562,7.818993126201719,NO ALERT,channel_44,1.2639706,REAL ESA MISSION 1 — verified downloaded archive
2013-10-02 04:45:00+00:00,-1.8425516,7.818993126201719,NO ALERT,channel_43,1.394704,REAL ESA MISSION 1 — verified downloaded archive
2013-10-02 04:46:00+00:00,-0.66541123,7.818993126201719,NO ALERT,channel_44,1.5789639,REAL ESA MISSION 1 — verified downloaded archive
2013-10-02 04:47:00+00:00,-1.1634587,7.818993126201719,NO ALERT,channel_43,1.203764,REAL ESA MISSION 1 — verified downloaded archive
2013-10-02 04:48:00+00:00,-0.06333488,7.818993126201719,NO ALERT,channel_46,2.2426534,REAL ESA MISSION 1 — verified downloaded archive
2013-10-02 04:49:00+00:00,-1.0474507,7.818993126201719,NO ALERT,channel_44,1.3599814,REAL ESA MISSION 1 — verified downloaded archive
2013-10-02 04:50:00+00:00,-1.4856883,7.818993126201719,NO ALERT,channel_41,1.4706511,REAL ESA MISSION 1 — verified downloaded archive
2013-10-02 04:51:00+00:00,-1.6673527,7.818993126201719,NO ALERT,channel_44,1.293693,REAL ESA MISSION 1 — verified downloaded archive
2013-10-02 04:52:00+00:00,-0.8203067,7.818993126201719,NO ALERT,channel_44,1.9034936,REAL ESA MISSION 1 — verified downloaded archive
2013-10-02 04:53:00+00:00,-1.1214002,7.818993126201719,NO ALERT,channel_44,1.7552541,REAL ESA MISSION 1 — verified downloaded archive
2013-10-02 04:54:00+00:00,-1.2750922,7.818993126201719,NO ALERT,channel_44,1.3605977,REAL ESA MISSION 1 — verified downloaded archive
2013-10-02 04:55:00+00:00,-1.1975816,7.818993126201719,NO ALERT,channel_44,1.3623343,REAL ESA MISSION 1 — verified downloaded archive
2013-10-02 04:56:00+00:00,-1.7378548,7.818993126201719,NO ALERT,channel_44,1.6095369,REAL ESA MISSION 1 — verified downloaded archive
2013-10-02 04:57:00+00:00,-0.27978322,7.818993126201719,NO ALERT,channel_45,1.4032377,REAL ESA MISSION 1 — verified downloaded archive
2013-10-02 04:58:00+00:00,-0.5186494,7.818993126201719,NO ALERT,channel_44,1.6875402,REAL ESA MISSION 1 — verified downloaded archive
2013-10-02 04:59:00+00:00,-0.37479702,7.818993126201719,NO ALERT,channel_45,1.3503145,REAL ESA MISSION 1 — verified downloaded archive
2013-10-02 05:00:00+00:00,-1.7316172,7.818993126201719,NO ALERT,channel_42,1.6471678,REAL ESA MISSION 1 — verified downloaded archive
2013-10-02 05:01:00+00:00,-0.49681428,7.818993126201719,NO ALERT,channel_45,1.446278,REAL ESA MISSION 1 — verified downloaded archive
2013-10-02 05:02:00+00:00,-1.0808967,7.818993126201719,NO ALERT,channel_42,1.1632729,REAL ESA MISSION 1 — verified downloaded archive
2013-10-02 05:03:00+00:00,-0.90312123,7.818993126201719,NO ALERT,channel_42,1.3813041,REAL ESA MISSION 1 — verified downloaded archive
2013-10-02 05:04:00+00:00,-1.9993974,7.818993126201719,NO ALERT,channel_46,1.296333,REAL ESA MISSION 1 — verified downloaded archive
2013-10-02 05:05:00+00:00,-0.40964943,7.818993126201719,NO ALERT,channel_45,1.3837944,REAL ESA MISSION 1 — verified downloaded archive
2013-10-02 05:06:00+00:00,-0.19201992,7.818993126201719,NO ALERT,channel_46,1.8451716,REAL ESA MISSION 1 — verified downloaded archive
2013-10-02 05:07:00+00:00,-1.0684843,7.818993126201719,NO ALERT,channel_42,2.0411696,REAL ESA MISSION 1 — verified downloaded archive
2013-10-02 05:08:00+00:00,-0.61051416,7.818993126201719,NO ALERT,channel_46,1.7895353,REAL ESA MISSION 1 — verified downloaded archive
2013-10-02 05:09:00+00:00,-1.7841532,7.818993126201719,NO ALERT,channel_43,1.4135035,REAL ESA MISSION 1 — verified downloaded archive
2013-10-02 05:10:00+00:00,-0.38545725,7.818993126201719,NO ALERT,channel_46,1.9699688,REAL ESA MISSION 1 — verified downloaded archive
2013-10-02 05:11:00+00:00,-1.3490641,7.818993126201719,NO ALERT,channel_44,1.239931,REAL ESA MISSION 1 — verified downloaded archive
2013-10-02 05:12:00+00:00,-0.5736674,7.818993126201719,NO ALERT,channel_43,1.3431939,REAL ESA MISSION 1 — verified downloaded archive
2013-10-02 05:13:00+00:00,-0.859213,7.818993126201719,NO ALERT,channel_41,1.3001139,REAL ESA MISSION 1 — verified downloaded archive
2013-10-02 05:14:00+00:00,-0.8829322,7.818993126201719,NO ALERT,channel_46,1.2057253,REAL ESA MISSION 1 — verified downloaded archive
2013-10-02 05:15:00+00:00,-0.68500113,7.818993126201719,NO ALERT,channel_44,1.524663,REAL ESA MISSION 1 — verified downloaded archive
2013-10-02 05:16:00+00:00,-1.159638,7.818993126201719,NO ALERT,channel_44,1.2649192,REAL ESA MISSION 1 — verified downloaded archive
2013-10-02 05:17:00+00:00,-0.8231907,7.818993126201719,NO ALERT,channel_44,1.4985912,REAL ESA MISSION 1 — verified downloaded archive
2013-10-02 05:18:00+00:00,-0.25403422,7.818993126201719,NO ALERT,channel_41,1.453389,REAL ESA MISSION 1 — verified downloaded archive
2013-10-02 05:19:00+00:00,-0.9936992,7.818993126201719,NO ALERT,channel_44,1.4783438,REAL ESA MISSION 1 — verified downloaded archive
2013-10-02 05:20:00+00:00,-0.8747592,7.818993126201719,NO ALERT,channel_42,1.60564,REAL ESA MISSION 1 — verified downloaded archive
2013-10-02 05:21:00+00:00,-0.33449367,7.818993126201719,NO ALERT,channel_44,1.4471055,REAL ESA MISSION 1 — verified downloaded archive
2013-10-02 05:22:00+00:00,-0.9340803,7.818993126201719,NO ALERT,channel_45,1.370355,REAL ESA MISSION 1 — verified downloaded archive
2013-10-02 05:23:00+00:00,-0.73480344,7.818993126201719,NO ALERT,channel_45,1.6419319,REAL ESA MISSION 1 — verified downloaded archive
2013-10-02 05:24:00+00:00,-0.8562398,7.818993126201719,NO ALERT,channel_42,1.7207778,REAL ESA MISSION 1 — verified downloaded archive
2013-10-02 05:25:00+00:00,-0.77311045,7.818993126201719,NO ALERT,channel_44,1.4496207,REAL ESA MISSION 1 — verified downloaded archive
2013-10-02 05:26:00+00:00,-0.91956925,7.818993126201719,NO ALERT,channel_45,1.557939,REAL ESA MISSION 1 — verified downloaded archive
2013-10-02 05:27:00+00:00,-0.5339876,7.818993126201719,NO ALERT,channel_42,1.450583,REAL ESA MISSION 1 — verified downloaded archive
2013-10-02 05:28:00+00:00,-1.465902,7.818993126201719,NO ALERT,channel_45,1.668394,REAL ESA MISSION 1 — verified downloaded archive
2013-10-02 05:29:00+00:00,-1.1490809,7.818993126201719,NO ALERT,channel_46,1.2915692,REAL ESA MISSION 1 — verified downloaded archive
2013-10-02 05:30:00+00:00,-1.226124,7.818993126201719,NO ALERT,channel_43,1.5006757,REAL ESA MISSION 1 — verified downloaded archive
2013-10-02 05:31:00+00:00,-0.7714987,7.818993126201719,NO ALERT,channel_46,1.2406539,REAL ESA MISSION 1 — verified downloaded archive
2013-10-02 05:32:00+00:00,-1.2455121,7.818993126201719,NO ALERT,channel_43,1.2842119,REAL ESA MISSION 1 — verified downloaded archive
2013-10-02 05:33:00+00:00,-1.5119982,7.818993126201719,NO ALERT,channel_46,2.1370773,REAL ESA MISSION 1 — verified downloaded archive
2013-10-02 05:34:00+00:00,-0.8805963,7.818993126201719,NO ALERT,channel_43,1.3932492,REAL ESA MISSION 1 — verified downloaded archive
2013-10-02 05:35:00+00:00,-0.3571954,7.818993126201719,NO ALERT,channel_43,1.3716806,REAL ESA MISSION 1 — verified downloaded archive
2013-10-02 05:36:00+00:00,-1.0273337,7.818993126201719,NO ALERT,channel_43,1.3500565,REAL ESA MISSION 1 — verified downloaded archive
2013-10-02 05:37:00+00:00,-1.292621,7.818993126201719,NO ALERT,channel_44,1.5910687,REAL ESA MISSION 1 — verified downloaded archive
2013-10-02 05:38:00+00:00,0.17257054,7.818993126201719,NO ALERT,channel_43,1.8034215,REAL ESA MISSION 1 — verified downloaded archive
2013-10-02 05:39:00+00:00,-1.126141,7.818993126201719,NO ALERT,channel_41,1.3500261,REAL ESA MISSION 1 — verified downloaded archive
2013-10-02 05:40:00+00:00,-0.97209597,7.818993126201719,NO ALERT,channel_44,1.6417824,REAL ESA MISSION 1 — verified downloaded archive
2013-10-02 05:41:00+00:00,-1.0356123,7.818993126201719,NO ALERT,channel_41,1.6079556,REAL ESA MISSION 1 — verified downloaded archive
2013-10-02 05:42:00+00:00,-0.8769512,7.818993126201719,NO ALERT,channel_44,1.5980521,REAL ESA MISSION 1 — verified downloaded archive
2013-10-02 05:43:00+00:00,-1.6841385,7.818993126201719,NO ALERT,channel_42,1.7752609,REAL ESA MISSION 1 — verified downloaded archive
2013-10-02 05:44:00+00:00,-1.3608856,7.818993126201719,NO ALERT,channel_41,1.2315311,REAL ESA MISSION 1 — verified downloaded archive
2013-10-02 05:45:00+00:00,-0.98809856,7.818993126201719,NO ALERT,channel_44,1.5560842,REAL ESA MISSION 1 — verified downloaded archive
2013-10-02 05:46:00+00:00,-1.3760359,7.818993126201719,NO ALERT,channel_42,1.1136602,REAL ESA MISSION 1 — verified downloaded archive
2013-10-02 05:47:00+00:00,-1.2927039,7.818993126201719,NO ALERT,channel_45,1.356713,REAL ESA MISSION 1 — verified downloaded archive
2013-10-02 05:48:00+00:00,-0.26877815,7.818993126201719,NO ALERT,channel_45,1.5155212,REAL ESA MISSION 1 — verified downloaded archive
2013-10-02 05:49:00+00:00,-1.0260173,7.818993126201719,NO ALERT,channel_45,1.2932402,REAL ESA MISSION 1 — verified downloaded archive
2013-10-02 05:50:00+00:00,-0.18166064,7.818993126201719,NO ALERT,channel_46,1.3903137,REAL ESA MISSION 1 — verified downloaded archive
2013-10-02 05:51:00+00:00,-1.2839803,7.818993126201719,NO ALERT,channel_45,1.403886,REAL ESA MISSION 1 — verified downloaded archive
2013-10-02 05:52:00+00:00,-0.94139594,7.818993126201719,NO ALERT,channel_42,1.4439043,REAL ESA MISSION 1 — verified downloaded archive
2013-10-02 05:53:00+00:00,-1.7837439,7.818993126201719,NO ALERT,channel_45,1.5140053,REAL ESA MISSION 1 — verified downloaded archive
2013-10-02 05:54:00+00:00,-1.5305063,7.818993126201719,NO ALERT,channel_45,1.2107502,REAL ESA MISSION 1 — verified downloaded archive
2013-10-02 05:55:00+00:00,-1.2103769,7.818993126201719,NO ALERT,channel_46,1.8577751,REAL ESA MISSION 1 — verified downloaded archive
2013-10-02 05:56:00+00:00,-1.1642617,7.818993126201719,NO ALERT,channel_43,1.509459,REAL ESA MISSION 1 — verified downloaded archive
2013-10-02 05:57:00+00:00,-0.78984183,7.818993126201719,NO ALERT,channel_46,2.0534506,REAL ESA MISSION 1 — verified downloaded archive
2013-10-02 05:58:00+00:00,-2.1182714,7.818993126201719,NO ALERT,channel_43,1.9863279,REAL ESA MISSION 1 — verified downloaded archive
2013-10-02 05:59:00+00:00,-0.78973615,7.818993126201719,NO ALERT,channel_43,1.5733228,REAL ESA MISSION 1 — verified downloaded archive
2013-10-02 06:00:00+00:00,-1.3034096,7.818993126201719,NO ALERT,channel_46,1.4010907,REAL ESA MISSION 1 — verified downloaded archive
2013-10-02 06:01:00+00:00,0.69379485,7.818993126201719,NO ALERT,channel_41,1.9348395,REAL ESA MISSION 1 — verified downloaded archive
2013-10-02 06:02:00+00:00,0.2963867,7.818993126201719,NO ALERT,channel_44,1.3598918,REAL ESA MISSION 1 — verified downloaded archive
2013-10-02 06:03:00+00:00,-0.87267846,7.818993126201719,NO ALERT,channel_43,0.8948521,REAL ESA MISSION 1 — verified downloaded archive
2013-10-02 06:04:00+00:00,-0.6514784,7.818993126201719,NO ALERT,channel_44,1.4301136,REAL ESA MISSION 1 — verified downloaded archive
2013-10-02 06:05:00+00:00,-1.4909896,7.818993126201719,NO ALERT,channel_41,1.4915241,REAL ESA MISSION 1 — verified downloaded archive
2013-10-02 06:06:00+00:00,-0.39019117,7.818993126201719,NO ALERT,channel_44,1.2547295,REAL ESA MISSION 1 — verified downloaded archive
2013-10-02 06:07:00+00:00,-0.16412471,7.818993126201719,NO ALERT,channel_42,1.8795183,REAL ESA MISSION 1 — verified downloaded archive
2013-10-02 06:08:00+00:00,-0.34764186,7.818993126201719,NO ALERT,channel_41,1.5237201,REAL ESA MISSION 1 — verified downloaded archive
2013-10-02 06:09:00+00:00,-0.69451284,7.818993126201719,NO ALERT,channel_41,1.7109243,REAL ESA MISSION 1 — verified downloaded archive
2013-10-02 06:10:00+00:00,-1.0613844,7.818993126201719,NO ALERT,channel_42,1.5349976,REAL ESA MISSION 1 — verified downloaded archive
2013-10-02 06:11:00+00:00,-0.37879363,7.818993126201719,NO ALERT,channel_42,1.7253033,REAL ESA MISSION 1 — verified downloaded archive
2013-10-02 06:12:00+00:00,-0.7697507,7.818993126201719,NO ALERT,channel_42,2.0326283,REAL ESA MISSION 1 — verified downloaded archive
2013-10-02 06:13:00+00:00,-1.9901189,7.818993126201719,NO ALERT,channel_42,1.3391696,REAL ESA MISSION 1 — verified downloaded archive
2013-10-02 06:14:00+00:00,-1.063243,7.818993126201719,NO ALERT,channel_45,1.5292196,REAL ESA MISSION 1 — verified downloaded archive
2013-10-02 06:15:00+00:00,-1.1059258,7.818993126201719,NO ALERT,channel_42,1.5058515,REAL ESA MISSION 1 — verified downloaded archive
2013-10-02 06:16:00+00:00,-0.77882993,7.818993126201719,NO ALERT,channel_45,1.4864041,REAL ESA MISSION 1 — verified downloaded archive
2013-10-02 06:17:00+00:00,-1.1393061,7.818993126201719,NO ALERT,channel_42,1.4789222,REAL ESA MISSION 1 — verified downloaded archive
2013-10-02 06:18:00+00:00,-1.0841902,7.818993126201719,NO ALERT,channel_45,1.5966507,REAL ESA MISSION 1 — verified downloaded archive
2013-10-02 06:19:00+00:00,-1.0852426,7.818993126201719,NO ALERT,channel_46,1.4391404,REAL ESA MISSION 1 — verified downloaded archive
2013-10-02 06:20:00+00:00,-1.3720113,7.818993126201719,NO ALERT,channel_43,1.2833456,REAL ESA MISSION 1 — verified downloaded archive
2013-10-02 06:21:00+00:00,-1.2477828,7.818993126201719,NO ALERT,channel_46,1.5168453,REAL ESA MISSION 1 — verified downloaded archive
2013-10-02 06:22:00+00:00,-0.91989946,7.818993126201719,NO ALERT,channel_46,1.7295663,REAL ESA MISSION 1 — verified downloaded archive
2013-10-02 06:23:00+00:00,-1.5083941,7.818993126201719,NO ALERT,channel_46,1.5973235,REAL ESA MISSION 1 — verified downloaded archive
2013-10-02 06:24:00+00:00,-0.7777118,7.818993126201719,NO ALERT,channel_44,1.0026532,REAL ESA MISSION 1 — verified downloaded archive
2013-10-02 06:25:00+00:00,-1.152533,7.818993126201719,NO ALERT,channel_43,1.354061,REAL ESA MISSION 1 — verified downloaded archive
2013-10-02 06:26:00+00:00,-2.3389945,7.818993126201719,NO ALERT,channel_44,1.4635469,REAL ESA MISSION 1 — verified downloaded archive
2013-10-02 06:27:00+00:00,-1.0508766,7.818993126201719,NO ALERT,channel_41,1.2846059,REAL ESA MISSION 1 — verified downloaded archive
2013-10-02 06:28:00+00:00,-1.8469468,7.818993126201719,NO ALERT,channel_44,2.1761086,REAL ESA MISSION 1 — verified downloaded archive
2013-10-02 06:29:00+00:00,-0.57687235,7.818993126201719,NO ALERT,channel_42,1.7334913,REAL ESA MISSION 1 — verified downloaded archive
2013-10-02 06:30:00+00:00,-0.84912074,7.818993126201719,NO ALERT,channel_41,1.6591562,REAL ESA MISSION 1 — verified downloaded archive
2013-10-02 06:31:00+00:00,-1.8697256,7.818993126201719,NO ALERT,channel_41,1.3279663,REAL ESA MISSION 1 — verified downloaded archive
2013-10-02 06:32:00+00:00,-1.5978291,7.818993126201719,NO ALERT,channel_44,1.5940682,REAL ESA MISSION 1 — verified downloaded archive
2013-10-02 06:33:00+00:00,-1.2564094,7.818993126201719,NO ALERT,channel_41,1.4407276,REAL ESA MISSION 1 — verified downloaded archive
2013-10-02 06:34:00+00:00,-1.1894825,7.818993126201719,NO ALERT,channel_45,1.4419342,REAL ESA MISSION 1 — verified downloaded archive
2013-10-02 06:35:00+00:00,-1.7886771,7.818993126201719,NO ALERT,channel_42,1.3048301,REAL ESA MISSION 1 — verified downloaded archive
2013-10-02 06:36:00+00:00,-1.6709336,7.818993126201719,NO ALERT,channel_45,1.2298392,REAL ESA MISSION 1 — verified downloaded archive
2013-10-02 06:37:00+00:00,-1.6453861,7.818993126201719,NO ALERT,channel_42,1.9395324,REAL ESA MISSION 1 — verified downloaded archive
2013-10-02 06:38:00+00:00,-0.35690027,7.818993126201719,NO ALERT,channel_45,1.6638863,REAL ESA MISSION 1 — verified downloaded archive
2013-10-02 06:39:00+00:00,-1.3821326,7.818993126201719,NO ALERT,channel_44,1.296805,REAL ESA MISSION 1 — verified downloaded archive
2013-10-02 06:40:00+00:00,-1.3838038,7.818993126201719,NO ALERT,channel_45,1.4303366,REAL ESA MISSION 1 — verified downloaded archive
2013-10-02 06:41:00+00:00,-0.5129458,7.818993126201719,NO ALERT,channel_46,1.7157822,REAL ESA MISSION 1 — verified downloaded archive
2013-10-02 06:42:00+00:00,-1.5545075,7.818993126201719,NO ALERT,channel_46,1.4394872,REAL ESA MISSION 1 — verified downloaded archive
2013-10-02 06:43:00+00:00,-0.3961211,7.818993126201719,NO ALERT,channel_46,1.6457675,REAL ESA MISSION 1 — verified downloaded archive
2013-10-02 06:44:00+00:00,-0.86721015,7.818993126201719,NO ALERT,channel_43,1.3401499,REAL ESA MISSION 1 — verified downloaded archive
2013-10-02 06:45:00+00:00,-0.63461715,7.818993126201719,NO ALERT,channel_42,1.8546154,REAL ESA MISSION 1 — verified downloaded archive
2013-10-02 06:46:00+00:00,-0.7373358,7.818993126201719,NO ALERT,channel_46,1.6974682,REAL ESA MISSION 1 — verified downloaded archive
2013-10-02 06:47:00+00:00,-1.000897,7.818993126201719,NO ALERT,channel_46,1.6786313,REAL ESA MISSION 1 — verified downloaded archive
2013-10-02 06:48:00+00:00,-1.1002985,7.818993126201719,NO ALERT,channel_43,1.560207,REAL ESA MISSION 1 — verified downloaded archive
2013-10-02 06:49:00+00:00,-1.02397,7.818993126201719,NO ALERT,channel_43,1.5405514,REAL ESA MISSION 1 — verified downloaded archive
2013-10-02 06:50:00+00:00,-1.1960354,7.818993126201719,NO ALERT,channel_46,1.62065,REAL ESA MISSION 1 — verified downloaded archive
2013-10-02 06:51:00+00:00,-1.0185249,7.818993126201719,NO ALERT,channel_41,1.2852676,REAL ESA MISSION 1 — verified downloaded archive
2013-10-02 06:52:00+00:00,-1.0923012,7.818993126201719,NO ALERT,channel_44,1.1904751,REAL ESA MISSION 1 — verified downloaded archive
2013-10-02 06:53:00+00:00,-1.4056445,7.818993126201719,NO ALERT,channel_43,1.1754755,REAL ESA MISSION 1 — verified downloaded archive
2013-10-02 06:54:00+00:00,-0.8156969,7.818993126201719,NO ALERT,channel_41,1.2178187,REAL ESA MISSION 1 — verified downloaded archive
2013-10-02 06:55:00+00:00,-0.19046168,7.818993126201719,NO ALERT,channel_41,1.3544024,REAL ESA MISSION 1 — verified downloaded archive
2013-10-02 06:56:00+00:00,-1.3824757,7.818993126201719,NO ALERT,channel_44,1.4877335,REAL ESA MISSION 1 — verified downloaded archive
2013-10-02 06:57:00+00:00,-1.2885363,7.818993126201719,NO ALERT,channel_45,1.1382427,REAL ESA MISSION 1 — verified downloaded archive
2013-10-02 06:58:00+00:00,-0.95359176,7.818993126201719,NO ALERT,channel_41,1.7743163,REAL ESA MISSION 1 — verified downloaded archive
2013-10-02 06:59:00+00:00,-0.7486165,7.818993126201719,NO ALERT,channel_41,1.3300191,REAL ESA MISSION 1 — verified downloaded archive
2013-10-02 07:00:00+00:00,-0.93418705,7.818993126201719,NO ALERT,channel_42,1.3980308,REAL ESA MISSION 1 — verified downloaded archive
2013-10-02 07:01:00+00:00,-0.46460363,7.818993126201719,NO ALERT,channel_45,1.6132711,REAL ESA MISSION 1 — verified downloaded archive
2013-10-02 07:02:00+00:00,-1.1001688,7.818993126201719,NO ALERT,channel_44,1.6214046,REAL ESA MISSION 1 — verified downloaded archive
2013-10-02 07:03:00+00:00,-0.9496217,7.818993126201719,NO ALERT,channel_46,1.6587366,REAL ESA MISSION 1 — verified downloaded archive
2013-10-02 07:04:00+00:00,-0.7872075,7.818993126201719,NO ALERT,channel_42,1.8661578,REAL ESA MISSION 1 — verified downloaded archive
2013-10-02 07:05:00+00:00,-1.115546,7.818993126201719,NO ALERT,channel_46,1.5908356,REAL ESA MISSION 1 — verified downloaded archive
2013-10-02 07:06:00+00:00,-0.46376732,7.818993126201719,NO ALERT,channel_45,1.6404158,REAL ESA MISSION 1 — verified downloaded archive
2013-10-02 07:07:00+00:00,-1.5135225,7.818993126201719,NO ALERT,channel_45,1.1719751,REAL ESA MISSION 1 — verified downloaded archive
2013-10-02 07:08:00+00:00,-0.6258987,7.818993126201719,NO ALERT,channel_45,1.6760105,REAL ESA MISSION 1 — verified downloaded archive
2013-10-02 07:09:00+00:00,-1.5494868,7.818993126201719,NO ALERT,channel_45,1.2997645,REAL ESA MISSION 1 — verified downloaded archive
2013-10-02 07:10:00+00:00,-0.8239421,7.818993126201719,NO ALERT,channel_45,1.0009589,REAL ESA MISSION 1 — verified downloaded archive
2013-10-02 07:11:00+00:00,-0.43579295,7.818993126201719,NO ALERT,channel_43,0.96813613,REAL ESA MISSION 1 — verified downloaded archive
2013-10-02 07:12:00+00:00,-1.1940982,7.818993126201719,NO ALERT,channel_43,1.2595358,REAL ESA MISSION 1 — verified downloaded archive
2013-10-02 07:13:00+00:00,-0.6843902,7.818993126201719,NO ALERT,channel_44,1.4920729,REAL ESA MISSION 1 — verified downloaded archive
2013-10-02 07:14:00+00:00,-0.90335387,7.818993126201719,NO ALERT,channel_43,1.6818453,REAL ESA MISSION 1 — verified downloaded archive
2013-10-02 07:15:00+00:00,-0.5819577,7.818993126201719,NO ALERT,channel_43,1.0417793,REAL ESA MISSION 1 — verified downloaded archive
2013-10-02 07:16:00+00:00,-0.18410371,7.818993126201719,NO ALERT,channel_43,1.6569841,REAL ESA MISSION 1 — verified downloaded archive
2013-10-02 07:17:00+00:00,-0.8989304,7.818993126201719,NO ALERT,channel_41,1.2955688,REAL ESA MISSION 1 — verified downloaded archive
2013-10-02 07:18:00+00:00,-0.8019138,7.818993126201719,NO ALERT,channel_44,1.8128035,REAL ESA MISSION 1 — verified downloaded archive
2013-10-02 07:19:00+00:00,-0.10026817,7.818993126201719,NO ALERT,channel_41,1.5495751,REAL ESA MISSION 1 — verified downloaded archive
2013-10-02 07:20:00+00:00,-0.11226903,7.818993126201719,NO ALERT,channel_41,1.3749695,REAL ESA MISSION 1 — verified downloaded archive
2013-10-02 07:21:00+00:00,-1.0046073,7.818993126201719,NO ALERT,channel_41,1.3489115,REAL ESA MISSION 1 — verified downloaded archive
2013-10-02 07:22:00+00:00,0.02291556,7.818993126201719,NO ALERT,channel_41,1.6410598,REAL ESA MISSION 1 — verified downloaded archive
2013-10-02 07:23:00+00:00,-0.89695567,7.818993126201719,NO ALERT,channel_44,1.5886822,REAL ESA MISSION 1 — verified downloaded archive
2013-10-02 07:24:00+00:00,-1.0038416,7.818993126201719,NO ALERT,channel_41,1.4523004,REAL ESA MISSION 1 — verified downloaded archive
2013-10-02 07:25:00+00:00,-0.70259345,7.818993126201719,NO ALERT,channel_44,1.4346923,REAL ESA MISSION 1 — verified downloaded archive
2013-10-02 07:26:00+00:00,-0.80154693,7.818993126201719,NO ALERT,channel_41,1.271549,REAL ESA MISSION 1 — verified downloaded archive
2013-10-02 07:27:00+00:00,-0.5385965,7.818993126201719,NO ALERT,channel_45,1.1985393,REAL ESA MISSION 1 — verified downloaded archive
2013-10-02 07:28:00+00:00,-0.93368316,7.818993126201719,NO ALERT,channel_42,1.5397434,REAL ESA MISSION 1 — verified downloaded archive
2013-10-02 07:29:00+00:00,-0.72005606,7.818993126201719,NO ALERT,channel_42,1.5030613,REAL ESA MISSION 1 — verified downloaded archive
2013-10-02 07:30:00+00:00,-1.20201,7.818993126201719,NO ALERT,channel_45,1.2919654,REAL ESA MISSION 1 — verified downloaded archive
2013-10-02 07:31:00+00:00,-0.8213114,7.818993126201719,NO ALERT,channel_46,1.4718007,REAL ESA MISSION 1 — verified downloaded archive
2013-10-02 07:32:00+00:00,-0.6081265,7.818993126201719,NO ALERT,channel_45,1.121984,REAL ESA MISSION 1 — verified downloaded archive
2013-10-02 07:33:00+00:00,-0.48016724,7.818993126201719,NO ALERT,channel_46,1.0700259,REAL ESA MISSION 1 — verified downloaded archive
2013-10-02 07:34:00+00:00,-1.1469333,7.818993126201719,NO ALERT,channel_42,1.322936,REAL ESA MISSION 1 — verified downloaded archive
2013-10-02 07:35:00+00:00,-0.85708094,7.818993126201719,NO ALERT,channel_42,1.5364181,REAL ESA MISSION 1 — verified downloaded archive
2013-10-02 07:36:00+00:00,0.3993968,7.818993126201719,NO ALERT,channel_43,1.6165464,REAL ESA MISSION 1 — verified downloaded archive
2013-10-02 07:37:00+00:00,-0.89535564,7.818993126201719,NO ALERT,channel_46,1.4848562,REAL ESA MISSION 1 — verified downloaded archive
2013-10-02 07:38:00+00:00,-1.6727568,7.818993126201719,NO ALERT,channel_44,1.7208484,REAL ESA MISSION 1 — verified downloaded archive
2013-10-02 07:39:00+00:00,-0.8805958,7.818993126201719,NO ALERT,channel_46,1.2186317,REAL ESA MISSION 1 — verified downloaded archive
2013-10-02 07:40:00+00:00,-0.64355063,7.818993126201719,NO ALERT,channel_43,1.0871272,REAL ESA MISSION 1 — verified downloaded archive
2013-10-02 07:41:00+00:00,-0.8224335,7.818993126201719,NO ALERT,channel_46,1.5514674,REAL ESA MISSION 1 — verified downloaded archive
2013-10-02 07:42:00+00:00,-0.453263,7.818993126201719,NO ALERT,channel_41,1.1052765,REAL ESA MISSION 1 — verified downloaded archive
2013-10-02 07:43:00+00:00,-0.91172034,7.818993126201719,NO ALERT,channel_43,1.2202309,REAL ESA MISSION 1 — verified downloaded archive
2013-10-02 07:44:00+00:00,-0.363582,7.818993126201719,NO ALERT,channel_44,1.3852546,REAL ESA MISSION 1 — verified downloaded archive
2013-10-02 07:45:00+00:00,0.11694051,7.818993126201719,NO ALERT,channel_42,1.5955639,REAL ESA MISSION 1 — verified downloaded archive
2013-10-02 07:46:00+00:00,-1.1216791,7.818993126201719,NO ALERT,channel_42,1.3098993,REAL ESA MISSION 1 — verified downloaded archive
2013-10-02 07:47:00+00:00,-0.21191047,7.818993126201719,NO ALERT,channel_42,1.7447586,REAL ESA MISSION 1 — verified downloaded archive
2013-10-02 07:48:00+00:00,0.21005525,7.818993126201719,NO ALERT,channel_41,1.6430616,REAL ESA MISSION 1 — verified downloaded archive
2013-10-02 07:49:00+00:00,-0.6791972,7.818993126201719,NO ALERT,channel_42,1.8103906,REAL ESA MISSION 1 — verified downloaded archive
2013-10-02 07:50:00+00:00,0.04655077,7.818993126201719,NO ALERT,channel_45,1.6120083,REAL ESA MISSION 1 — verified downloaded archive
2013-10-02 07:51:00+00:00,-0.6656131,7.818993126201719,NO ALERT,channel_45,1.269385,REAL ESA MISSION 1 — verified downloaded archive
2013-10-02 07:52:00+00:00,-1.328834,7.818993126201719,NO ALERT,channel_46,1.9167697,REAL ESA MISSION 1 — verified downloaded archive
2013-10-02 07:53:00+00:00,-0.22966258,7.818993126201719,NO ALERT,channel_45,1.3762829,REAL ESA MISSION 1 — verified downloaded archive
2013-10-02 07:54:00+00:00,-0.55342144,7.818993126201719,NO ALERT,channel_42,1.45968,REAL ESA MISSION 1 — verified downloaded archive
2013-10-02 07:55:00+00:00,-1.4636499,7.818993126201719,NO ALERT,channel_45,1.484476,REAL ESA MISSION 1 — verified downloaded archive
2013-10-02 07:56:00+00:00,-0.69106305,7.818993126201719,NO ALERT,channel_45,1.4687688,REAL ESA MISSION 1 — verified downloaded archive
2013-10-02 07:57:00+00:00,-0.8178874,7.818993126201719,NO ALERT,channel_45,1.2980974,REAL ESA MISSION 1 — verified downloaded archive
2013-10-02 07:58:00+00:00,-1.8350194,7.818993126201719,NO ALERT,channel_46,1.1710154,REAL ESA MISSION 1 — verified downloaded archive
2013-10-02 07:59:00+00:00,-1.2734869,7.818993126201719,NO ALERT,channel_45,1.0032928,REAL ESA MISSION 1 — verified downloaded archive
2013-10-02 08:00:00+00:00,-1.5683129,7.818993126201719,NO ALERT,channel_44,0.7366624,REAL ESA MISSION 1 — verified downloaded archive
2013-10-02 08:01:00+00:00,-0.46974054,7.818993126201719,NO ALERT,channel_46,0.919308,REAL ESA MISSION 1 — verified downloaded archive
2013-10-02 08:02:00+00:00,-1.3124331,7.818993126201719,NO ALERT,channel_46,1.1614918,REAL ESA MISSION 1 — verified downloaded archive
2013-10-02 08:03:00+00:00,-0.64922833,7.818993126201719,NO ALERT,channel_46,0.79296476,REAL ESA MISSION 1 — verified downloaded archive
2013-10-02 08:04:00+00:00,-1.1296396,7.818993126201719,NO ALERT,channel_46,1.3948749,REAL ESA MISSION 1 — verified downloaded archive
2013-10-02 08:05:00+00:00,-1.7738086,7.818993126201719,NO ALERT,channel_46,2.1069012,REAL ESA MISSION 1 — verified downloaded archive
2013-10-02 08:06:00+00:00,-0.5211246,7.818993126201719,NO ALERT,channel_44,0.85609293,REAL ESA MISSION 1 — verified downloaded archive
2013-10-02 08:07:00+00:00,-1.8892424,7.818993126201719,NO ALERT,channel_46,1.8642671,REAL ESA MISSION 1 — verified downloaded archive
2013-10-02 08:08:00+00:00,-0.09418096,7.818993126201719,NO ALERT,channel_43,1.3471,REAL ESA MISSION 1 — verified downloaded archive
2013-10-02 08:09:00+00:00,-1.8904064,7.818993126201719,NO ALERT,channel_42,1.5758439,REAL ESA MISSION 1 — verified downloaded archive
2013-10-02 08:10:00+00:00,-1.098989,7.818993126201719,NO ALERT,channel_43,1.1672124,REAL ESA MISSION 1 — verified downloaded archive
2013-10-02 08:11:00+00:00,-1.0028762,7.818993126201719,NO ALERT,channel_41,1.142589,REAL ESA MISSION 1 — verified downloaded archive
2013-10-02 08:12:00+00:00,-0.5183216,7.818993126201719,NO ALERT,channel_41,1.4357759,REAL ESA MISSION 1 — verified downloaded archive
2013-10-02 08:13:00+00:00,-2.06983,7.818993126201719,NO ALERT,channel_41,1.2604492,REAL ESA MISSION 1 — verified downloaded archive
2013-10-02 08:14:00+00:00,-0.05378304,7.818993126201719,NO ALERT,channel_44,1.5197166,REAL ESA MISSION 1 — verified downloaded archive
2013-10-02 08:15:00+00:00,-1.4873623,7.818993126201719,NO ALERT,channel_45,1.0796783,REAL ESA MISSION 1 — verified downloaded archive
2013-10-02 08:16:00+00:00,-1.189842,7.818993126201719,NO ALERT,channel_42,1.9788522,REAL ESA MISSION 1 — verified downloaded archive
2013-10-02 08:17:00+00:00,-0.8291367,7.818993126201719,NO ALERT,channel_45,1.1819975,REAL ESA MISSION 1 — verified downloaded archive
2013-10-02 08:18:00+00:00,-0.8105866,7.818993126201719,NO ALERT,channel_45,1.5340457,REAL ESA MISSION 1 — verified downloaded archive
2013-10-02 08:19:00+00:00,-1.006365,7.818993126201719,NO ALERT,channel_45,1.2887678,REAL ESA MISSION 1 — verified downloaded archive
2013-10-02 08:20:00+00:00,-1.4993037,7.818993126201719,NO ALERT,channel_45,1.2860962,REAL ESA MISSION 1 — verified downloaded archive
2013-10-02 08:21:00+00:00,-1.0684367,7.818993126201719,NO ALERT,channel_45,1.1178833,REAL ESA MISSION 1 — verified downloaded archive
2013-10-02 08:22:00+00:00,-1.1392003,7.818993126201719,NO ALERT,channel_45,1.254642,REAL ESA MISSION 1 — verified downloaded archive
2013-10-02 08:23:00+00:00,-1.6020716,7.818993126201719,NO ALERT,channel_45,1.5479766,REAL ESA MISSION 1 — verified downloaded archive
2013-10-02 08:24:00+00:00,-1.9104983,7.818993126201719,NO ALERT,channel_46,1.0830766,REAL ESA MISSION 1 — verified downloaded archive
2013-10-02 08:25:00+00:00,-1.5341085,7.818993126201719,NO ALERT,channel_46,1.1853031,REAL ESA MISSION 1 — verified downloaded archive
2013-10-02 08:26:00+00:00,-0.99577177,7.818993126201719,NO ALERT,channel_46,1.2851905,REAL ESA MISSION 1 — verified downloaded archive
2013-10-02 08:27:00+00:00,-0.58551294,7.818993126201719,NO ALERT,channel_43,1.153373,REAL ESA MISSION 1 — verified downloaded archive
2013-10-02 08:28:00+00:00,-0.5952772,7.818993126201719,NO ALERT,channel_46,1.8596951,REAL ESA MISSION 1 — verified downloaded archive
2013-10-02 08:29:00+00:00,-1.2043406,7.818993126201719,NO ALERT,channel_46,1.1397387,REAL ESA MISSION 1 — verified downloaded archive
2013-10-02 08:30:00+00:00,-1.2702366,7.818993126201719,NO ALERT,channel_43,1.0938729,REAL ESA MISSION 1 — verified downloaded archive
2013-10-02 08:31:00+00:00,-1.3936371,7.818993126201719,NO ALERT,channel_41,0.9821554,REAL ESA MISSION 1 — verified downloaded archive
2013-10-02 08:32:00+00:00,-1.1438956,7.818993126201719,NO ALERT,channel_44,1.3305603,REAL ESA MISSION 1 — verified downloaded archive
2013-10-02 08:33:00+00:00,-1.0467619,7.818993126201719,NO ALERT,channel_41,1.4094775,REAL ESA MISSION 1 — verified downloaded archive
2013-10-02 08:34:00+00:00,-0.88576216,7.818993126201719,NO ALERT,channel_42,1.1921993,REAL ESA MISSION 1 — verified downloaded archive
2013-10-02 08:35:00+00:00,-1.4600087,7.818993126201719,NO ALERT,channel_44,1.272965,REAL ESA MISSION 1 — verified downloaded archive
2013-10-02 08:36:00+00:00,-1.3612231,7.818993126201719,NO ALERT,channel_44,1.5202392,REAL ESA MISSION 1 — verified downloaded archive
2013-10-02 08:37:00+00:00,-1.3408959,7.818993126201719,NO ALERT,channel_41,0.8691065,REAL ESA MISSION 1 — verified downloaded archive
2013-10-02 08:38:00+00:00,-1.3201776,7.818993126201719,NO ALERT,channel_42,1.871711,REAL ESA MISSION 1 — verified downloaded archive
2013-10-02 08:39:00+00:00,-0.79627514,7.818993126201719,NO ALERT,channel_42,1.8394188,REAL ESA MISSION 1 — verified downloaded archive
2013-10-02 08:40:00+00:00,-0.668229,7.818993126201719,NO ALERT,channel_42,1.8146673,REAL ESA MISSION 1 — verified downloaded archive
2013-10-02 08:41:00+00:00,-0.8495402,7.818993126201719,NO ALERT,channel_45,1.3356149,REAL ESA MISSION 1 — verified downloaded archive
2013-10-02 08:42:00+00:00,-0.8244358,7.818993126201719,NO ALERT,channel_44,1.5831184,REAL ESA MISSION 1 — verified downloaded archive
2013-10-02 08:43:00+00:00,-0.89222187,7.818993126201719,NO ALERT,channel_45,1.4334636,REAL ESA MISSION 1 — verified downloaded archive
2013-10-02 08:44:00+00:00,-1.1352513,7.818993126201719,NO ALERT,channel_45,1.108989,REAL ESA MISSION 1 — verified downloaded archive
2013-10-02 08:45:00+00:00,-0.10621475,7.818993126201719,NO ALERT,channel_42,1.7048575,REAL ESA MISSION 1 — verified downloaded archive
2013-10-02 08:46:00+00:00,-0.95163566,7.818993126201719,NO ALERT,channel_43,1.3654715,REAL ESA MISSION 1 — verified downloaded archive
2013-10-02 08:47:00+00:00,-1.591199,7.818993126201719,NO ALERT,channel_43,1.3337929,REAL ESA MISSION 1 — verified downloaded archive
2013-10-02 08:48:00+00:00,-1.317771,7.818993126201719,NO ALERT,channel_42,1.9154803,REAL ESA MISSION 1 — verified downloaded archive
2013-10-02 08:49:00+00:00,-0.9195543,7.818993126201719,NO ALERT,channel_46,1.5114222,REAL ESA MISSION 1 — verified downloaded archive
2013-10-02 08:50:00+00:00,-1.3768772,7.818993126201719,NO ALERT,channel_43,1.5587142,REAL ESA MISSION 1 — verified downloaded archive
2013-10-02 08:51:00+00:00,-1.1700298,7.818993126201719,NO ALERT,channel_43,1.5236434,REAL ESA MISSION 1 — verified downloaded archive
2013-10-02 08:52:00+00:00,-0.31538817,7.818993126201719,NO ALERT,channel_43,1.0255592,REAL ESA MISSION 1 — verified downloaded archive
2013-10-02 08:53:00+00:00,-1.57416,7.818993126201719,NO ALERT,channel_44,2.2681668,REAL ESA MISSION 1 — verified downloaded archive
2013-10-02 08:54:00+00:00,-1.0881566,7.818993126201719,NO ALERT,channel_44,1.4435939,REAL ESA MISSION 1 — verified downloaded archive
2013-10-02 08:55:00+00:00,-1.620973,7.818993126201719,NO ALERT,channel_46,1.6871363,REAL ESA MISSION 1 — verified downloaded archive
2013-10-02 08:56:00+00:00,-1.1384206,7.818993126201719,NO ALERT,channel_44,1.2649229,REAL ESA MISSION 1 — verified downloaded archive
2013-10-02 08:57:00+00:00,-1.6024286,7.818993126201719,NO ALERT,channel_42,1.4651742,REAL ESA MISSION 1 — verified downloaded archive
2013-10-02 08:58:00+00:00,-0.30995876,7.818993126201719,NO ALERT,channel_41,1.5910058,REAL ESA MISSION 1 — verified downloaded archive
2013-10-02 08:59:00+00:00,-1.132567,7.818993126201719,NO ALERT,channel_42,1.6243514,REAL ESA MISSION 1 — verified downloaded archive
2013-10-02 09:00:00+00:00,-0.8360894,7.818993126201719,NO ALERT,channel_41,1.462205,REAL ESA MISSION 1 — verified downloaded archive
2013-10-02 09:01:00+00:00,-1.5155467,7.818993126201719,NO ALERT,channel_42,1.3486507,REAL ESA MISSION 1 — verified downloaded archive
2013-10-02 09:02:00+00:00,-0.5487234,7.818993126201719,NO ALERT,channel_42,2.106075,REAL ESA MISSION 1 — verified downloaded archive
2013-10-02 09:03:00+00:00,0.0007822104,7.818993126201719,NO ALERT,channel_44,1.5305334,REAL ESA MISSION 1 — verified downloaded archive
2013-10-02 09:04:00+00:00,-0.6563356,7.818993126201719,NO ALERT,channel_45,1.6501927,REAL ESA MISSION 1 — verified downloaded archive
2013-10-02 09:05:00+00:00,-1.8168163,7.818993126201719,NO ALERT,channel_42,1.3524374,REAL ESA MISSION 1 — verified downloaded archive
2013-10-02 09:06:00+00:00,-1.0668818,7.818993126201719,NO ALERT,channel_42,1.5511075,REAL ESA MISSION 1 — verified downloaded archive
2013-10-02 09:07:00+00:00,-1.7873718,7.818993126201719,NO ALERT,channel_42,1.7432605,REAL ESA MISSION 1 — verified downloaded archive
2013-10-02 09:08:00+00:00,-2.4478319,7.818993126201719,NO ALERT,channel_42,1.6715955,REAL ESA MISSION 1 — verified downloaded archive
2013-10-02 09:09:00+00:00,-0.18043132,7.818993126201719,NO ALERT,channel_42,1.7069032,REAL ESA MISSION 1 — verified downloaded archive
2013-10-02 09:10:00+00:00,-1.0303174,7.818993126201719,NO ALERT,channel_46,1.4450669,REAL ESA MISSION 1 — verified downloaded archive
2013-10-02 09:11:00+00:00,-1.0958651,7.818993126201719,NO ALERT,channel_46,1.1786649,REAL ESA MISSION 1 — verified downloaded archive
2013-10-02 09:12:00+00:00,-1.0841099,7.818993126201719,NO ALERT,channel_46,1.8614266,REAL ESA MISSION 1 — verified downloaded archive
2013-10-02 09:13:00+00:00,-1.3358797,7.818993126201719,NO ALERT,channel_46,1.3677458,REAL ESA MISSION 1 — verified downloaded archive
2013-10-02 09:14:00+00:00,-1.3512789,7.818993126201719,NO ALERT,channel_46,1.5595244,REAL ESA MISSION 1 — verified downloaded archive
2013-10-02 09:15:00+00:00,-1.1098725,7.818993126201719,NO ALERT,channel_43,1.5032079,REAL ESA MISSION 1 — verified downloaded archive
2013-10-02 09:16:00+00:00,-1.2598132,7.818993126201719,NO ALERT,channel_41,1.5392962,REAL ESA MISSION 1 — verified downloaded archive
2013-10-02 09:17:00+00:00,-0.66054595,7.818993126201719,NO ALERT,channel_43,1.4633898,REAL ESA MISSION 1 — verified downloaded archive
2013-10-02 09:18:00+00:00,-0.39176652,7.818993126201719,NO ALERT,channel_44,1.5636954,REAL ESA MISSION 1 — verified downloaded archive
2013-10-02 09:19:00+00:00,-0.27504453,7.818993126201719,NO ALERT,channel_44,1.4965003,REAL ESA MISSION 1 — verified downloaded archive
2013-10-02 09:20:00+00:00,-1.3182323,7.818993126201719,NO ALERT,channel_44,1.8637254,REAL ESA MISSION 1 — verified downloaded archive
2013-10-02 09:21:00+00:00,-1.568945,7.818993126201719,NO ALERT,channel_44,1.7108234,REAL ESA MISSION 1 — verified downloaded archive
2013-10-02 09:22:00+00:00,-1.156475,7.818993126201719,NO ALERT,channel_44,1.4314889,REAL ESA MISSION 1 — verified downloaded archive
2013-10-02 09:23:00+00:00,-0.60545427,7.818993126201719,NO ALERT,channel_41,1.4903827,REAL ESA MISSION 1 — verified downloaded archive
2013-10-02 09:24:00+00:00,-0.46149996,7.818993126201719,NO ALERT,channel_42,1.9005919,REAL ESA MISSION 1 — verified downloaded archive
2013-10-02 09:25:00+00:00,-1.5788716,7.818993126201719,NO ALERT,channel_41,1.452834,REAL ESA MISSION 1 — verified downloaded archive
2013-10-02 09:26:00+00:00,-1.5041969,7.818993126201719,NO ALERT,channel_46,1.5824109,REAL ESA MISSION 1 — verified downloaded archive
2013-10-02 09:27:00+00:00,-0.5199321,7.818993126201719,NO ALERT,channel_42,2.1602569,REAL ESA MISSION 1 — verified downloaded archive
2013-10-02 09:28:00+00:00,0.3838718,7.818993126201719,NO ALERT,channel_45,1.7258246,REAL ESA MISSION 1 — verified downloaded archive
2013-10-02 09:29:00+00:00,-0.8701148,7.818993126201719,NO ALERT,channel_42,1.5346795,REAL ESA MISSION 1 — verified downloaded archive
2013-10-02 09:30:00+00:00,-0.9391246,7.818993126201719,NO ALERT,channel_42,2.3234048,REAL ESA MISSION 1 — verified downloaded archive
2013-10-02 09:31:00+00:00,-0.8586273,7.818993126201719,NO ALERT,channel_42,1.846243,REAL ESA MISSION 1 — verified downloaded archive
2013-10-02 09:32:00+00:00,-1.8206817,7.818993126201719,NO ALERT,channel_45,1.584528,REAL ESA MISSION 1 — verified downloaded archive
2013-10-02 09:33:00+00:00,-0.50758463,7.818993126201719,NO ALERT,channel_42,1.474771,REAL ESA MISSION 1 — verified downloaded archive
2013-10-02 09:34:00+00:00,-1.4229335,7.818993126201719,NO ALERT,channel_46,1.4445279,REAL ESA MISSION 1 — verified downloaded archive
2013-10-02 09:35:00+00:00,-0.49781367,7.818993126201719,NO ALERT,channel_45,1.3712353,REAL ESA MISSION 1 — verified downloaded archive
2013-10-02 09:36:00+00:00,-0.56916285,7.818993126201719,NO ALERT,channel_45,1.3527777,REAL ESA MISSION 1 — verified downloaded archive
2013-10-02 09:37:00+00:00,-1.5604566,7.818993126201719,NO ALERT,channel_43,1.2221404,REAL ESA MISSION 1 — verified downloaded archive
2013-10-02 09:38:00+00:00,-0.43817905,7.818993126201719,NO ALERT,channel_45,1.6362603,REAL ESA MISSION 1 — verified downloaded archive
2013-10-02 09:39:00+00:00,-0.94482017,7.818993126201719,NO ALERT,channel_43,1.4829144,REAL ESA MISSION 1 — verified downloaded archive
2013-10-02 09:40:00+00:00,-0.58917475,7.818993126201719,NO ALERT,channel_46,1.7503606,REAL ESA MISSION 1 — verified downloaded archive
2013-10-02 09:41:00+00:00,-0.85950327,7.818993126201719,NO ALERT,channel_43,1.107973,REAL ESA MISSION 1 — verified downloaded archive
2013-10-02 09:42:00+00:00,-2.5196881,7.818993126201719,NO ALERT,channel_44,1.7311819,REAL ESA MISSION 1 — verified downloaded archive
2013-10-02 09:43:00+00:00,-1.4115208,7.818993126201719,NO ALERT,channel_43,1.3856822,REAL ESA MISSION 1 — verified downloaded archive
2013-10-02 09:44:00+00:00,-0.9371706,7.818993126201719,NO ALERT,channel_44,1.3853111,REAL ESA MISSION 1 — verified downloaded archive
2013-10-02 09:45:00+00:00,-1.3888062,7.818993126201719,NO ALERT,channel_46,1.3511144,REAL ESA MISSION 1 — verified downloaded archive
2013-10-02 09:46:00+00:00,-0.47465867,7.818993126201719,NO ALERT,channel_41,1.4702332,REAL ESA MISSION 1 — verified downloaded archive
2013-10-02 09:47:00+00:00,-0.3048193,7.818993126201719,NO ALERT,channel_41,1.2802658,REAL ESA MISSION 1 — verified downloaded archive
2013-10-02 09:48:00+00:00,-1.1010722,7.818993126201719,NO ALERT,channel_41,1.5437853,REAL ESA MISSION 1 — verified downloaded archive
2013-10-02 09:49:00+00:00,-0.94175744,7.818993126201719,NO ALERT,channel_42,1.2670245,REAL ESA MISSION 1 — verified downloaded archive
2013-10-02 09:50:00+00:00,-1.2366556,7.818993126201719,NO ALERT,channel_42,1.7950925,REAL ESA MISSION 1 — verified downloaded archive
2013-10-02 09:51:00+00:00,-1.4034042,7.818993126201719,NO ALERT,channel_42,1.6375215,REAL ESA MISSION 1 — verified downloaded archive
2013-10-02 09:52:00+00:00,-0.9765477,7.818993126201719,NO ALERT,channel_42,1.4899282,REAL ESA MISSION 1 — verified downloaded archive
2013-10-02 09:53:00+00:00,-0.60538775,7.818993126201719,NO ALERT,channel_45,1.4425938,REAL ESA MISSION 1 — verified downloaded archive
2013-10-02 09:54:00+00:00,-1.1149155,7.818993126201719,NO ALERT,channel_45,1.5513622,REAL ESA MISSION 1 — verified downloaded archive
2013-10-02 09:55:00+00:00,-1.3204855,7.818993126201719,NO ALERT,channel_46,1.6941875,REAL ESA MISSION 1 — verified downloaded archive
2013-10-02 09:56:00+00:00,-0.5217378,7.818993126201719,NO ALERT,channel_45,1.1976814,REAL ESA MISSION 1 — verified downloaded archive
2013-10-02 09:57:00+00:00,-0.11697589,7.818993126201719,NO ALERT,channel_45,1.7745405,REAL ESA MISSION 1 — verified downloaded archive
2013-10-02 09:58:00+00:00,-1.3985267,7.818993126201719,NO ALERT,channel_45,2.1161413,REAL ESA MISSION 1 — verified downloaded archive
2013-10-02 09:59:00+00:00,-0.28054467,7.818993126201719,NO ALERT,channel_42,1.5940773,REAL ESA MISSION 1 — verified downloaded archive
2013-10-02 10:00:00+00:00,-0.4549999,7.818993126201719,NO ALERT,channel_46,1.4549055,REAL ESA MISSION 1 — verified downloaded archive
2013-10-02 10:01:00+00:00,-2.2274787,7.818993126201719,NO ALERT,channel_43,1.2200545,REAL ESA MISSION 1 — verified downloaded archive
2013-10-02 10:02:00+00:00,-0.3719022,7.818993126201719,NO ALERT,channel_46,1.2889148,REAL ESA MISSION 1 — verified downloaded archive
2013-10-02 10:03:00+00:00,-0.9972177,7.818993126201719,NO ALERT,channel_43,1.4840715,REAL ESA MISSION 1 — verified downloaded archive
2013-10-02 10:04:00+00:00,-0.56866723,7.818993126201719,NO ALERT,channel_46,1.715276,REAL ESA MISSION 1 — verified downloaded archive
2013-10-02 10:05:00+00:00,-0.24368201,7.818993126201719,NO ALERT,channel_43,1.1253182,REAL ESA MISSION 1 — verified downloaded archive
2013-10-02 10:06:00+00:00,-0.23317854,7.818993126201719,NO ALERT,channel_44,1.5862815,REAL ESA MISSION 1 — verified downloaded archive
2013-10-02 10:07:00+00:00,-1.0030894,7.818993126201719,NO ALERT,channel_41,1.9961805,REAL ESA MISSION 1 — verified downloaded archive
2013-10-02 10:08:00+00:00,-1.3471805,7.818993126201719,NO ALERT,channel_43,1.3810599,REAL ESA MISSION 1 — verified downloaded archive
2013-10-02 10:09:00+00:00,-1.0225242,7.818993126201719,NO ALERT,channel_44,1.2240528,REAL ESA MISSION 1 — verified downloaded archive
2013-10-02 10:10:00+00:00,-0.8378051,7.818993126201719,NO ALERT,channel_44,1.4411244,REAL ESA MISSION 1 — verified downloaded archive
2013-10-02 10:11:00+00:00,-1.3786048,7.818993126201719,NO ALERT,channel_44,1.5525345,REAL ESA MISSION 1 — verified downloaded archive
2013-10-02 10:12:00+00:00,-0.7101246,7.818993126201719,NO ALERT,channel_41,1.5474557,REAL ESA MISSION 1 — verified downloaded archive
2013-10-02 10:13:00+00:00,-1.128834,7.818993126201719,NO ALERT,channel_41,1.5313996,REAL ESA MISSION 1 — verified downloaded archive
2013-10-02 10:14:00+00:00,-0.6543983,7.818993126201719,NO ALERT,channel_41,1.5101838,REAL ESA MISSION 1 — verified downloaded archive
2013-10-02 10:15:00+00:00,-0.75246406,7.818993126201719,NO ALERT,channel_41,1.6485953,REAL ESA MISSION 1 — verified downloaded archive
2013-10-02 10:16:00+00:00,-1.3475531,7.818993126201719,NO ALERT,channel_42,1.5487245,REAL ESA MISSION 1 — verified downloaded archive
2013-10-02 10:17:00+00:00,-1.5188179,7.818993126201719,NO ALERT,channel_41,1.7788588,REAL ESA MISSION 1 — verified downloaded archive
2013-10-02 10:18:00+00:00,-0.11057852,7.818993126201719,NO ALERT,channel_42,1.7496309,REAL ESA MISSION 1 — verified downloaded archive
2013-10-02 10:19:00+00:00,-1.314895,7.818993126201719,NO ALERT,channel_45,1.5007733,REAL ESA MISSION 1 — verified downloaded archive
2013-10-02 10:20:00+00:00,-1.341806,7.818993126201719,NO ALERT,channel_42,2.1144888,REAL ESA MISSION 1 — verified downloaded archive
2013-10-02 10:21:00+00:00,-1.0208191,7.818993126201719,NO ALERT,channel_45,1.4398094,REAL ESA MISSION 1 — verified downloaded archive
2013-10-02 10:22:00+00:00,-1.0466354,7.818993126201719,NO ALERT,channel_45,1.5674018,REAL ESA MISSION 1 — verified downloaded archive
2013-10-02 10:23:00+00:00,-0.7114935,7.818993126201719,NO ALERT,channel_42,1.6291337,REAL ESA MISSION 1 — verified downloaded archive
2013-10-02 10:24:00+00:00,-2.0882807,7.818993126201719,NO ALERT,channel_42,1.3957278,REAL ESA MISSION 1 — verified downloaded archive
2013-10-02 10:25:00+00:00,-0.9747135,7.818993126201719,NO ALERT,channel_42,1.3933355,REAL ESA MISSION 1 — verified downloaded archive
2013-10-02 10:26:00+00:00,-0.9709003,7.818993126201719,NO ALERT,channel_43,1.2555605,REAL ESA MISSION 1 — verified downloaded archive
2013-10-02 10:27:00+00:00,-0.6180846,7.818993126201719,NO ALERT,channel_43,1.2289935,REAL ESA MISSION 1 — verified downloaded archive
2013-10-02 10:28:00+00:00,-1.9970558,7.818993126201719,NO ALERT,channel_43,1.5188261,REAL ESA MISSION 1 — verified downloaded archive
2013-10-02 10:29:00+00:00,-1.2130109,7.818993126201719,NO ALERT,channel_44,1.3933752,REAL ESA MISSION 1 — verified downloaded archive
2013-10-02 10:30:00+00:00,-0.59645784,7.818993126201719,NO ALERT,channel_44,1.2346817,REAL ESA MISSION 1 — verified downloaded archive
2013-10-02 10:31:00+00:00,-1.1821117,7.818993126201719,NO ALERT,channel_43,1.4529356,REAL ESA MISSION 1 — verified downloaded archive
2013-10-02 10:32:00+00:00,-1.1996189,7.818993126201719,NO ALERT,channel_46,1.356816,REAL ESA MISSION 1 — verified downloaded archive
2013-10-02 10:33:00+00:00,-1.1404351,7.818993126201719,NO ALERT,channel_42,1.6898879,REAL ESA MISSION 1 — verified downloaded archive
2013-10-02 10:34:00+00:00,-0.5348829,7.818993126201719,NO ALERT,channel_41,1.5463903,REAL ESA MISSION 1 — verified downloaded archive
2013-10-02 10:35:00+00:00,-0.86091065,7.818993126201719,NO ALERT,channel_44,1.5925261,REAL ESA MISSION 1 — verified downloaded archive
2013-10-02 10:36:00+00:00,-1.1517515,7.818993126201719,NO ALERT,channel_41,1.4805446,REAL ESA MISSION 1 — verified downloaded archive
2013-10-02 10:37:00+00:00,-0.48947623,7.818993126201719,NO ALERT,channel_44,1.6744387,REAL ESA MISSION 1 — verified downloaded archive
2013-10-02 10:38:00+00:00,-0.36890164,7.818993126201719,NO ALERT,channel_41,1.5330533,REAL ESA MISSION 1 — verified downloaded archive
2013-10-02 10:39:00+00:00,-0.19636886,7.818993126201719,NO ALERT,channel_41,1.5502414,REAL ESA MISSION 1 — verified downloaded archive
2013-10-02 10:40:00+00:00,-0.8881371,7.818993126201719,NO ALERT,channel_41,1.3870627,REAL ESA MISSION 1 — verified downloaded archive
2013-10-02 10:41:00+00:00,-0.7643157,7.818993126201719,NO ALERT,channel_45,1.1909685,REAL ESA MISSION 1 — verified downloaded archive
2013-10-02 10:42:00+00:00,-1.0648614,7.818993126201719,NO ALERT,channel_42,1.4054921,REAL ESA MISSION 1 — verified downloaded archive
2013-10-02 10:43:00+00:00,-0.5744355,7.818993126201719,NO ALERT,channel_42,1.4958092,REAL ESA MISSION 1 — verified downloaded archive
2013-10-02 10:44:00+00:00,-0.23628636,7.818993126201719,NO ALERT,channel_45,1.5547587,REAL ESA MISSION 1 — verified downloaded archive
2013-10-02 10:45:00+00:00,-0.9300114,7.818993126201719,NO ALERT,channel_45,1.534244,REAL ESA MISSION 1 — verified downloaded archive
2013-10-02 10:46:00+00:00,-0.07771538,7.818993126201719,NO ALERT,channel_45,1.3597125,REAL ESA MISSION 1 — verified downloaded archive
2013-10-02 10:47:00+00:00,-0.3633437,7.818993126201719,NO ALERT,channel_46,1.5712098,REAL ESA MISSION 1 — verified downloaded archive
2013-10-02 10:48:00+00:00,-0.98248947,7.818993126201719,NO ALERT,channel_42,1.5966744,REAL ESA MISSION 1 — verified downloaded archive
2013-10-02 10:49:00+00:00,-0.24959584,7.818993126201719,NO ALERT,channel_43,1.4637876,REAL ESA MISSION 1 — verified downloaded archive
2013-10-02 10:50:00+00:00,-0.76839036,7.818993126201719,NO ALERT,channel_45,1.329737,REAL ESA MISSION 1 — verified downloaded archive
2013-10-02 10:51:00+00:00,0.18653153,7.818993126201719,NO ALERT,channel_43,1.5520854,REAL ESA MISSION 1 — verified downloaded archive
2013-10-02 10:52:00+00:00,-0.5838542,7.818993126201719,NO ALERT,channel_46,1.5774457,REAL ESA MISSION 1 — verified downloaded archive
2013-10-02 10:53:00+00:00,-0.911036,7.818993126201719,NO ALERT,channel_43,1.4880362,REAL ESA MISSION 1 — verified downloaded archive
2013-10-02 10:54:00+00:00,-0.9434898,7.818993126201719,NO ALERT,channel_46,1.6517149,REAL ESA MISSION 1 — verified downloaded archive
2013-10-02 10:55:00+00:00,-0.6271781,7.818993126201719,NO ALERT,channel_46,1.6472957,REAL ESA MISSION 1 — verified downloaded archive
2013-10-02 10:56:00+00:00,-0.97210133,7.818993126201719,NO ALERT,channel_43,1.5820435,REAL ESA MISSION 1 — verified downloaded archive
2013-10-02 10:57:00+00:00,-1.0841113,7.818993126201719,NO ALERT,channel_43,1.4064522,REAL ESA MISSION 1 — verified downloaded archive
2013-10-02 10:58:00+00:00,-0.6521044,7.818993126201719,NO ALERT,channel_43,1.8709234,REAL ESA MISSION 1 — verified downloaded archive
2013-10-02 10:59:00+00:00,-0.7838791,7.818993126201719,NO ALERT,channel_44,1.7485218,REAL ESA MISSION 1 — verified downloaded archive
2013-10-02 11:00:00+00:00,-1.1529464,7.818993126201719,NO ALERT,channel_44,1.4556733,REAL ESA MISSION 1 — verified downloaded archive
2013-10-02 11:01:00+00:00,-1.0284632,7.818993126201719,NO ALERT,channel_44,1.4272758,REAL ESA MISSION 1 — verified downloaded archive
2013-10-02 11:02:00+00:00,-0.8424663,7.818993126201719,NO ALERT,channel_41,1.4089782,REAL ESA MISSION 1 — verified downloaded archive
2013-10-02 11:03:00+00:00,-0.80612636,7.818993126201719,NO ALERT,channel_41,1.068574,REAL ESA MISSION 1 — verified downloaded archive
2013-10-02 11:04:00+00:00,-0.81462735,7.818993126201719,NO ALERT,channel_42,1.6587942,REAL ESA MISSION 1 — verified downloaded archive
2013-10-02 11:05:00+00:00,-0.8138631,7.818993126201719,NO ALERT,channel_41,1.656313,REAL ESA MISSION 1 — verified downloaded archive
2013-10-02 11:06:00+00:00,-0.75958383,7.818993126201719,NO ALERT,channel_41,1.6505677,REAL ESA MISSION 1 — verified downloaded archive
2013-10-02 11:07:00+00:00,-1.2137945,7.818993126201719,NO ALERT,channel_46,1.6882921,REAL ESA MISSION 1 — verified downloaded archive
2013-10-02 11:08:00+00:00,-0.48846933,7.818993126201719,NO ALERT,channel_42,1.8999444,REAL ESA MISSION 1 — verified downloaded archive
2013-10-02 11:09:00+00:00,-0.623043,7.818993126201719,NO ALERT,channel_45,1.6004037,REAL ESA MISSION 1 — verified downloaded archive
2013-10-02 11:10:00+00:00,-0.6589579,7.818993126201719,NO ALERT,channel_42,1.5270245,REAL ESA MISSION 1 — verified downloaded archive
2013-10-02 11:11:00+00:00,-1.1631337,7.818993126201719,NO ALERT,channel_42,1.6208197,REAL ESA MISSION 1 — verified downloaded archive
2013-10-02 11:12:00+00:00,-1.2179991,7.818993126201719,NO ALERT,channel_42,1.1483316,REAL ESA MISSION 1 — verified downloaded archive
2013-10-02 11:13:00+00:00,-1.1725448,7.818993126201719,NO ALERT,channel_46,1.3955827,REAL ESA MISSION 1 — verified downloaded archive
2013-10-02 11:14:00+00:00,-1.2078215,7.818993126201719,NO ALERT,channel_46,1.4895083,REAL ESA MISSION 1 — verified downloaded archive
2013-10-02 11:15:00+00:00,-1.14175,7.818993126201719,NO ALERT,channel_45,1.2265192,REAL ESA MISSION 1 — verified downloaded archive
2013-10-02 11:16:00+00:00,-1.454591,7.818993126201719,NO ALERT,channel_46,1.3421519,REAL ESA MISSION 1 — verified downloaded archive
2013-10-02 11:17:00+00:00,-0.8369006,7.818993126201719,NO ALERT,channel_42,1.8134762,REAL ESA MISSION 1 — verified downloaded archive
2013-10-02 11:18:00+00:00,-1.7076014,7.818993126201719,NO ALERT,channel_46,1.4235835,REAL ESA MISSION 1 — verified downloaded archive
2013-10-02 11:19:00+00:00,-1.3529856,7.818993126201719,NO ALERT,channel_44,1.6432983,REAL ESA MISSION 1 — verified downloaded archive
2013-10-02 11:20:00+00:00,-1.0427854,7.818993126201719,NO ALERT,channel_43,1.6739277,REAL ESA MISSION 1 — verified downloaded archive
2013-10-02 11:21:00+00:00,-0.5189273,7.818993126201719,NO ALERT,channel_44,1.1984347,REAL ESA MISSION 1 — verified downloaded archive
2013-10-02 11:22:00+00:00,-0.7888764,7.818993126201719,NO ALERT,channel_41,1.5219861,REAL ESA MISSION 1 — verified downloaded archive
2013-10-02 11:23:00+00:00,-1.6608979,7.818993126201719,NO ALERT,channel_44,1.5225694,REAL ESA MISSION 1 — verified downloaded archive
2013-10-02 11:24:00+00:00,-0.8953349,7.818993126201719,NO ALERT,channel_44,1.2184762,REAL ESA MISSION 1 — verified downloaded archive
2013-10-02 11:25:00+00:00,-0.76012033,7.818993126201719,NO ALERT,channel_41,1.4222773,REAL ESA MISSION 1 — verified downloaded archive
2013-10-02 11:26:00+00:00,-1.8586742,7.818993126201719,NO ALERT,channel_42,1.6887447,REAL ESA MISSION 1 — verified downloaded archive
2013-10-02 11:27:00+00:00,-1.1091323,7.818993126201719,NO ALERT,channel_44,2.091602,REAL ESA MISSION 1 — verified downloaded archive
2013-10-02 11:28:00+00:00,-1.8886529,7.818993126201719,NO ALERT,channel_44,1.6824448,REAL ESA MISSION 1 — verified downloaded archive
2013-10-02 11:29:00+00:00,-1.1684902,7.818993126201719,NO ALERT,channel_44,1.789951,REAL ESA MISSION 1 — verified downloaded archive
2013-10-02 11:30:00+00:00,-1.5394999,7.818993126201719,NO ALERT,channel_44,1.4077182,REAL ESA MISSION 1 — verified downloaded archive
2013-10-02 11:31:00+00:00,-1.4626082,7.818993126201719,NO ALERT,channel_41,1.3228004,REAL ESA MISSION 1 — verified downloaded archive
2013-10-02 11:32:00+00:00,-0.55402255,7.818993126201719,NO ALERT,channel_42,1.8681315,REAL ESA MISSION 1 — verified downloaded archive
2013-10-02 11:33:00+00:00,-0.35902327,7.818993126201719,NO ALERT,channel_45,1.5032297,REAL ESA MISSION 1 — verified downloaded archive
2013-10-02 11:34:00+00:00,-1.2770256,7.818993126201719,NO ALERT,channel_45,1.3255901,REAL ESA MISSION 1 — verified downloaded archive
2013-10-02 11:35:00+00:00,-0.5617583,7.818993126201719,NO ALERT,channel_42,1.280355,REAL ESA MISSION 1 — verified downloaded archive
2013-10-02 11:36:00+00:00,-0.2674565,7.818993126201719,NO ALERT,channel_42,0.9386278,REAL ESA MISSION 1 — verified downloaded archive
2013-10-02 11:37:00+00:00,-0.6142991,7.818993126201719,NO ALERT,channel_46,1.1823063,REAL ESA MISSION 1 — verified downloaded archive
2013-10-02 11:38:00+00:00,-0.72821873,7.818993126201719,NO ALERT,channel_42,1.9685,REAL ESA MISSION 1 — verified downloaded archive
2013-10-02 11:39:00+00:00,-0.14316247,7.818993126201719,NO ALERT,channel_43,1.3756415,REAL ESA MISSION 1 — verified downloaded archive
2013-10-02 11:40:00+00:00,-1.1899701,7.818993126201719,NO ALERT,channel_46,1.2363354,REAL ESA MISSION 1 — verified downloaded archive
2013-10-02 11:41:00+00:00,-0.8435816,7.818993126201719,NO ALERT,channel_46,1.2183388,REAL ESA MISSION 1 — verified downloaded archive
2013-10-02 11:42:00+00:00,-0.99402416,7.818993126201719,NO ALERT,channel_46,1.3221185,REAL ESA MISSION 1 — verified downloaded archive
2013-10-02 11:43:00+00:00,-1.1280171,7.818993126201719,NO ALERT,channel_43,1.2753125,REAL ESA MISSION 1 — verified downloaded archive
2013-10-02 11:44:00+00:00,-0.44706413,7.818993126201719,NO ALERT,channel_46,1.5379918,REAL ESA MISSION 1 — verified downloaded archive
2013-10-02 11:45:00+00:00,-0.51068467,7.818993126201719,NO ALERT,channel_42,1.7560265,REAL ESA MISSION 1 — verified downloaded archive
2013-10-02 11:46:00+00:00,-0.9614353,7.818993126201719,NO ALERT,channel_43,1.3824053,REAL ESA MISSION 1 — verified downloaded archive
2013-10-02 11:47:00+00:00,-0.52924246,7.818993126201719,NO ALERT,channel_44,1.3957465,REAL ESA MISSION 1 — verified downloaded archive
2013-10-02 11:48:00+00:00,-1.548729,7.818993126201719,NO ALERT,channel_46,1.2935424,REAL ESA MISSION 1 — verified downloaded archive
2013-10-02 11:49:00+00:00,-0.06587081,7.818993126201719,NO ALERT,channel_46,1.5312222,REAL ESA MISSION 1 — verified downloaded archive
2013-10-02 11:50:00+00:00,-0.27891108,7.818993126201719,NO ALERT,channel_43,1.0790049,REAL ESA MISSION 1 — verified downloaded archive
2013-10-02 11:51:00+00:00,-1.3415691,7.818993126201719,NO ALERT,channel_41,0.9907881,REAL ESA MISSION 1 — verified downloaded archive
2013-10-02 11:52:00+00:00,-1.0563697,7.818993126201719,NO ALERT,channel_44,1.3025086,REAL ESA MISSION 1 — verified downloaded archive
2013-10-02 11:53:00+00:00,-0.9442384,7.818993126201719,NO ALERT,channel_44,1.1658504,REAL ESA MISSION 1 — verified downloaded archive
2013-10-02 11:54:00+00:00,-0.8100075,7.818993126201719,NO ALERT,channel_41,1.1189666,REAL ESA MISSION 1 — verified downloaded archive
2013-10-02 11:55:00+00:00,-0.7106316,7.818993126201719,NO ALERT,channel_41,1.1079148,REAL ESA MISSION 1 — verified downloaded archive
2013-10-02 11:56:00+00:00,-0.6058667,7.818993126201719,NO ALERT,channel_45,1.3008522,REAL ESA MISSION 1 — verified downloaded archive
2013-10-02 11:57:00+00:00,-0.7261506,7.818993126201719,NO ALERT,channel_45,1.1167765,REAL ESA MISSION 1 — verified downloaded archive
2013-10-02 11:58:00+00:00,-1.1350249,7.818993126201719,NO ALERT,channel_42,1.4514139,REAL ESA MISSION 1 — verified downloaded archive
2013-10-02 11:59:00+00:00,-1.202204,7.818993126201719,NO ALERT,channel_45,1.2178024,REAL ESA MISSION 1 — verified downloaded archive
2013-10-02 12:00:00+00:00,-1.2214481,7.818993126201719,NO ALERT,channel_46,1.9383124,REAL ESA MISSION 1 — verified downloaded archive
2013-10-02 12:01:00+00:00,-0.83566713,7.818993126201719,NO ALERT,channel_45,1.6305938,REAL ESA MISSION 1 — verified downloaded archive
2013-10-02 12:02:00+00:00,-0.55680966,7.818993126201719,NO ALERT,channel_46,1.5096506,REAL ESA MISSION 1 — verified downloaded archive
2013-10-02 12:03:00+00:00,-1.5515299,7.818993126201719,NO ALERT,channel_45,0.8584591,REAL ESA MISSION 1 — verified downloaded archive
2013-10-02 12:04:00+00:00,-0.5940919,7.818993126201719,NO ALERT,channel_45,1.1525843,REAL ESA MISSION 1 — verified downloaded archive
2013-10-02 12:05:00+00:00,-1.0236738,7.818993126201719,NO ALERT,channel_42,1.1835868,REAL ESA MISSION 1 — verified downloaded archive
2013-10-02 12:06:00+00:00,-0.9238428,7.818993126201719,NO ALERT,channel_45,0.9962683,REAL ESA MISSION 1 — verified downloaded archive
2013-10-02 12:07:00+00:00,-0.9707712,7.818993126201719,NO ALERT,channel_43,1.2752806,REAL ESA MISSION 1 — verified downloaded archive
2013-10-02 12:08:00+00:00,-1.8149132,7.818993126201719,NO ALERT,channel_46,2.1348653,REAL ESA MISSION 1 — verified downloaded archive
2013-10-02 12:09:00+00:00,-1.312982,7.818993126201719,NO ALERT,channel_46,2.0096369,REAL ESA MISSION 1 — verified downloaded archive
2013-10-02 12:10:00+00:00,-1.2973973,7.818993126201719,NO ALERT,channel_43,1.3869184,REAL ESA MISSION 1 — verified downloaded archive
2013-10-02 12:11:00+00:00,-1.1048489,7.818993126201719,NO ALERT,channel_44,1.6898309,REAL ESA MISSION 1 — verified downloaded archive
2013-10-02 12:12:00+00:00,-1.0120356,7.818993126201719,NO ALERT,channel_44,1.5445974,REAL ESA MISSION 1 — verified downloaded archive
2013-10-02 12:13:00+00:00,-1.533305,7.818993126201719,NO ALERT,channel_44,1.5182742,REAL ESA MISSION 1 — verified downloaded archive
2013-10-02 12:14:00+00:00,-1.1827761,7.818993126201719,NO ALERT,channel_44,1.8994541,REAL ESA MISSION 1 — verified downloaded archive
2013-10-02 12:15:00+00:00,-0.71324074,7.818993126201719,NO ALERT,channel_41,1.5342846,REAL ESA MISSION 1 — verified downloaded archive
2013-10-02 12:16:00+00:00,-0.78692526,7.818993126201719,NO ALERT,channel_44,1.3577919,REAL ESA MISSION 1 — verified downloaded archive
2013-10-02 12:17:00+00:00,-1.3995465,7.818993126201719,NO ALERT,channel_42,1.6190354,REAL ESA MISSION 1 — verified downloaded archive
2013-10-02 12:18:00+00:00,-0.9525885,7.818993126201719,NO ALERT,channel_44,1.6195877,REAL ESA MISSION 1 — verified downloaded archive
2013-10-02 12:19:00+00:00,-1.3479756,7.818993126201719,NO ALERT,channel_42,2.0099614,REAL ESA MISSION 1 — verified downloaded archive
2013-10-02 12:20:00+00:00,-0.46638283,7.818993126201719,NO ALERT,channel_41,1.3037559,REAL ESA MISSION 1 — verified downloaded archive
2013-10-02 12:21:00+00:00,-0.7532697,7.818993126201719,NO ALERT,channel_42,1.3808206,REAL ESA MISSION 1 — verified downloaded archive
2013-10-02 12:22:00+00:00,-0.72517574,7.818993126201719,NO ALERT,channel_42,1.4683828,REAL ESA MISSION 1 — verified downloaded archive
2013-10-02 12:23:00+00:00,-0.40862384,7.818993126201719,NO ALERT,channel_42,1.215524,REAL ESA MISSION 1 — verified downloaded archive
2013-10-02 12:24:00+00:00,-0.81271845,7.818993126201719,NO ALERT,channel_45,1.1422691,REAL ESA MISSION 1 — verified downloaded archive
2013-10-02 12:25:00+00:00,-0.4045728,7.818993126201719,NO ALERT,channel_42,1.2990152,REAL ESA MISSION 1 — verified downloaded archive
2013-10-02 12:26:00+00:00,-0.691345,7.818993126201719,NO ALERT,channel_43,1.0043784,REAL ESA MISSION 1 — verified downloaded archive
2013-10-02 12:27:00+00:00,-1.0381283,7.818993126201719,NO ALERT,channel_46,1.586194,REAL ESA MISSION 1 — verified downloaded archive
2013-10-02 12:28:00+00:00,-0.7570947,7.818993126201719,NO ALERT,channel_46,1.5396849,REAL ESA MISSION 1 — verified downloaded archive
2013-10-02 12:29:00+00:00,-1.4475169,7.818993126201719,NO ALERT,channel_44,1.2242286,REAL ESA MISSION 1 — verified downloaded archive
2013-10-02 12:30:00+00:00,-0.8058319,7.818993126201719,NO ALERT,channel_45,1.0661356,REAL ESA MISSION 1 — verified downloaded archive
2013-10-02 12:31:00+00:00,-0.6915908,7.818993126201719,NO ALERT,channel_46,1.5976604,REAL ESA MISSION 1 — verified downloaded archive
2013-10-02 12:32:00+00:00,-0.89877623,7.818993126201719,NO ALERT,channel_43,1.1514021,REAL ESA MISSION 1 — verified downloaded archive
2013-10-02 12:33:00+00:00,-0.5707871,7.818993126201719,NO ALERT,channel_46,1.6729499,REAL ESA MISSION 1 — verified downloaded archive
2013-10-02 12:34:00+00:00,-0.81181127,7.818993126201719,NO ALERT,channel_46,1.1886867,REAL ESA MISSION 1 — verified downloaded archive
2013-10-02 12:35:00+00:00,-0.9875824,7.818993126201719,NO ALERT,channel_46,1.4214423,REAL ESA MISSION 1 — verified downloaded archive
2013-10-02 12:36:00+00:00,-0.8814819,7.818993126201719,NO ALERT,channel_44,1.2138227,REAL ESA MISSION 1 — verified downloaded archive
2013-10-02 12:37:00+00:00,-0.87091005,7.818993126201719,NO ALERT,channel_41,1.4637148,REAL ESA MISSION 1 — verified downloaded archive
2013-10-02 12:38:00+00:00,-0.99183095,7.818993126201719,NO ALERT,channel_44,2.203488,REAL ESA MISSION 1 — verified downloaded archive
2013-10-02 12:39:00+00:00,-0.8184819,7.818993126201719,NO ALERT,channel_41,1.7204651,REAL ESA MISSION 1 — verified downloaded archive
2013-10-02 12:40:00+00:00,-0.6223643,7.818993126201719,NO ALERT,channel_44,1.2317921,REAL ESA MISSION 1 — verified downloaded archive
2013-10-02 12:41:00+00:00,-0.7712092,7.818993126201719,NO ALERT,channel_41,1.3591826,REAL ESA MISSION 1 — verified downloaded archive
2013-10-02 12:42:00+00:00,-0.9738839,7.818993126201719,NO ALERT,channel_44,1.3287964,REAL ESA MISSION 1 — verified downloaded archive
2013-10-02 12:43:00+00:00,-1.3392643,7.818993126201719,NO ALERT,channel_44,1.9533638,REAL ESA MISSION 1 — verified downloaded archive
2013-10-02 12:44:00+00:00,-0.92828375,7.818993126201719,NO ALERT,channel_44,1.4054064,REAL ESA MISSION 1 — verified downloaded archive
2013-10-02 12:45:00+00:00,-2.3675752,7.818993126201719,NO ALERT,channel_46,1.7585953,REAL ESA MISSION 1 — verified downloaded archive
2013-10-02 12:46:00+00:00,0.14248224,7.818993126201719,NO ALERT,channel_42,2.1936507,REAL ESA MISSION 1 — verified downloaded archive
2013-10-02 12:47:00+00:00,-2.0075908,7.818993126201719,NO ALERT,channel_46,1.8123324,REAL ESA MISSION 1 — verified downloaded archive
2013-10-02 12:48:00+00:00,-1.9997696,7.818993126201719,NO ALERT,channel_42,1.7782036,REAL ESA MISSION 1 — verified downloaded archive
2013-10-02 12:49:00+00:00,-0.76351506,7.818993126201719,NO ALERT,channel_42,1.54522,REAL ESA MISSION 1 — verified downloaded archive
2013-10-02 12:50:00+00:00,-1.2139889,7.818993126201719,NO ALERT,channel_42,1.9715327,REAL ESA MISSION 1 — verified downloaded archive
2013-10-02 12:51:00+00:00,-1.8589636,7.818993126201719,NO ALERT,channel_46,1.9329498,REAL ESA MISSION 1 — verified downloaded archive
2013-10-02 12:52:00+00:00,-1.1890553,7.818993126201719,NO ALERT,channel_43,1.624952,REAL ESA MISSION 1 — verified downloaded archive
2013-10-02 12:53:00+00:00,-0.7413168,7.818993126201719,NO ALERT,channel_42,1.3725603,REAL ESA MISSION 1 — verified downloaded archive
2013-10-02 12:54:00+00:00,-0.9132362,7.818993126201719,NO ALERT,channel_46,1.4744309,REAL ESA MISSION 1 — verified downloaded archive
2013-10-02 12:55:00+00:00,-0.6128955,7.818993126201719,NO ALERT,channel_43,1.0468115,REAL ESA MISSION 1 — verified downloaded archive
2013-10-02 12:56:00+00:00,-1.3744433,7.818993126201719,NO ALERT,channel_46,2.0162427,REAL ESA MISSION 1 — verified downloaded archive
2013-10-02 12:57:00+00:00,-0.894745,7.818993126201719,NO ALERT,channel_43,1.4755896,REAL ESA MISSION 1 — verified downloaded archive
2013-10-02 12:58:00+00:00,-0.72596574,7.818993126201719,NO ALERT,channel_46,1.6898024,REAL ESA MISSION 1 — verified downloaded archive
2013-10-02 12:59:00+00:00,-0.5148117,7.818993126201719,NO ALERT,channel_42,1.4010805,REAL ESA MISSION 1 — verified downloaded archive
2013-10-02 13:00:00+00:00,0.37502798,7.818993126201719,NO ALERT,channel_43,2.0485315,REAL ESA MISSION 1 — verified downloaded archive
2013-10-02 13:01:00+00:00,-0.14616266,7.818993126201719,NO ALERT,channel_43,2.0228076,REAL ESA MISSION 1 — verified downloaded archive
2013-10-02 13:02:00+00:00,-0.896767,7.818993126201719,NO ALERT,channel_44,1.4711245,REAL ESA MISSION 1 — verified downloaded archive
2013-10-02 13:03:00+00:00,-1.1075283,7.818993126201719,NO ALERT,channel_44,1.5908749,REAL ESA MISSION 1 — verified downloaded archive
2013-10-02 13:04:00+00:00,-0.9464727,7.818993126201719,NO ALERT,channel_44,1.702922,REAL ESA MISSION 1 — verified downloaded archive
2013-10-02 13:05:00+00:00,-0.80950224,7.818993126201719,NO ALERT,channel_44,2.3228707,REAL ESA MISSION 1 — verified downloaded archive
2013-10-02 13:06:00+00:00,-0.49944788,7.818993126201719,NO ALERT,channel_44,1.7704246,REAL ESA MISSION 1 — verified downloaded archive
2013-10-02 13:07:00+00:00,-0.9802849,7.818993126201719,NO ALERT,channel_41,1.4655477,REAL ESA MISSION 1 — verified downloaded archive
2013-10-02 13:08:00+00:00,-1.0859694,7.818993126201719,NO ALERT,channel_41,1.9836676,REAL ESA MISSION 1 — verified downloaded archive
2013-10-02 13:09:00+00:00,0.22345363,7.818993126201719,NO ALERT,channel_44,1.7391132,REAL ESA MISSION 1 — verified downloaded archive
2013-10-02 13:10:00+00:00,-0.7607733,7.818993126201719,NO ALERT,channel_41,1.4057821,REAL ESA MISSION 1 — verified downloaded archive
2013-10-02 13:11:00+00:00,-0.59997916,7.818993126201719,NO ALERT,channel_42,1.2640656,REAL ESA MISSION 1 — verified downloaded archive
2013-10-02 13:12:00+00:00,-0.24099879,7.818993126201719,NO ALERT,channel_42,1.5805647,REAL ESA MISSION 1 — verified downloaded archive
2013-10-02 13:13:00+00:00,-0.10602321,7.818993126201719,NO ALERT,channel_42,1.4519454,REAL ESA MISSION 1 — verified downloaded archive
2013-10-02 13:14:00+00:00,-0.6817733,7.818993126201719,NO ALERT,channel_45,1.3765657,REAL ESA MISSION 1 — verified downloaded archive
2013-10-02 13:15:00+00:00,-0.65689516,7.818993126201719,NO ALERT,channel_42,1.3099437,REAL ESA MISSION 1 — verified downloaded archive
2013-10-02 13:16:00+00:00,0.33822545,7.818993126201719,NO ALERT,channel_46,1.5815638,REAL ESA MISSION 1 — verified downloaded archive
2013-10-02 13:17:00+00:00,0.030231018,7.818993126201719,NO ALERT,channel_43,1.4239417,REAL ESA MISSION 1 — verified downloaded archive
2013-10-02 13:18:00+00:00,-1.216699,7.818993126201719,NO ALERT,channel_46,1.8785169,REAL ESA MISSION 1 — verified downloaded archive
2013-10-02 13:19:00+00:00,-1.0712425,7.818993126201719,NO ALERT,channel_46,1.2390469,REAL ESA MISSION 1 — verified downloaded archive
2013-10-02 13:20:00+00:00,-0.5778305,7.818993126201719,NO ALERT,channel_46,1.8083613,REAL ESA MISSION 1 — verified downloaded archive
2013-10-02 13:21:00+00:00,-0.4783478,7.818993126201719,NO ALERT,channel_46,1.5491543,REAL ESA MISSION 1 — verified downloaded archive
2013-10-02 13:22:00+00:00,-0.29984865,7.818993126201719,NO ALERT,channel_43,1.4456867,REAL ESA MISSION 1 — verified downloaded archive
2013-10-02 13:23:00+00:00,0.3367174,7.818993126201719,NO ALERT,channel_46,1.7659944,REAL ESA MISSION 1 — verified downloaded archive
2013-10-02 13:24:00+00:00,-0.8576918,7.818993126201719,NO ALERT,channel_44,1.4622626,REAL ESA MISSION 1 — verified downloaded archive
2013-10-02 13:25:00+00:00,-0.19367029,7.818993126201719,NO ALERT,channel_46,1.2550141,REAL ESA MISSION 1 — verified downloaded archive
2013-10-02 13:26:00+00:00,0.21499361,7.818993126201719,NO ALERT,channel_41,1.4371382,REAL ESA MISSION 1 — verified downloaded archive
2013-10-02 13:27:00+00:00,-0.9635222,7.818993126201719,NO ALERT,channel_44,1.5189784,REAL ESA MISSION 1 — verified downloaded archive
2013-10-02 13:28:00+00:00,0.3631171,7.818993126201719,NO ALERT,channel_44,2.0455167,REAL ESA MISSION 1 — verified downloaded archive
2013-10-02 13:29:00+00:00,-0.28828824,7.818993126201719,NO ALERT,channel_41,1.5210941,REAL ESA MISSION 1 — verified downloaded archive
2013-10-02 13:30:00+00:00,-0.6548238,7.818993126201719,NO ALERT,channel_41,1.6496935,REAL ESA MISSION 1 — verified downloaded archive
2013-10-02 13:31:00+00:00,-1.2533338,7.818993126201719,NO ALERT,channel_44,1.4167901,REAL ESA MISSION 1 — verified downloaded archive
2013-10-02 13:32:00+00:00,-0.92736024,7.818993126201719,NO ALERT,channel_45,1.3961443,REAL ESA MISSION 1 — verified downloaded archive
2013-10-02 13:33:00+00:00,-0.74378526,7.818993126201719,NO ALERT,channel_42,2.2790256,REAL ESA MISSION 1 — verified downloaded archive
2013-10-02 13:34:00+00:00,-1.1729647,7.818993126201719,NO ALERT,channel_42,1.4409584,REAL ESA MISSION 1 — verified downloaded archive
2013-10-02 13:35:00+00:00,-1.017381,7.818993126201719,NO ALERT,channel_42,1.3000127,REAL ESA MISSION 1 — verified downloaded archive
2013-10-02 13:36:00+00:00,-0.7326875,7.818993126201719,NO ALERT,channel_42,1.5056794,REAL ESA MISSION 1 — verified downloaded archive
2013-10-02 13:37:00+00:00,-0.5835416,7.818993126201719,NO ALERT,channel_45,1.5586461,REAL ESA MISSION 1 — verified downloaded archive
2013-10-02 13:38:00+00:00,-0.4882007,7.818993126201719,NO ALERT,channel_45,1.7423966,REAL ESA MISSION 1 — verified downloaded archive
2013-10-02 13:39:00+00:00,-0.108275875,7.818993126201719,NO ALERT,channel_45,1.6669098,REAL ESA MISSION 1 — verified downloaded archive
2013-10-02 13:40:00+00:00,-0.9790737,7.818993126201719,NO ALERT,channel_45,1.4966241,REAL ESA MISSION 1 — verified downloaded archive
2013-10-02 13:41:00+00:00,-0.17782976,7.818993126201719,NO ALERT,channel_45,1.4754969,REAL ESA MISSION 1 — verified downloaded archive
2013-10-02 13:42:00+00:00,-0.85152906,7.818993126201719,NO ALERT,channel_43,1.4327844,REAL ESA MISSION 1 — verified downloaded archive
2013-10-02 13:43:00+00:00,-0.24237649,7.818993126201719,NO ALERT,channel_46,1.7397366,REAL ESA MISSION 1 — verified downloaded archive
2013-10-02 13:44:00+00:00,-1.2081442,7.818993126201719,NO ALERT,channel_46,1.7101523,REAL ESA MISSION 1 — verified downloaded archive
2013-10-02 13:45:00+00:00,-1.0164689,7.818993126201719,NO ALERT,channel_43,1.2049844,REAL ESA MISSION 1 — verified downloaded archive
2013-10-02 13:46:00+00:00,-1.384989,7.818993126201719,NO ALERT,channel_46,1.3553457,REAL ESA MISSION 1 — verified downloaded archive
2013-10-02 13:47:00+00:00,-1.2912923,7.818993126201719,NO ALERT,channel_43,1.4827214,REAL ESA MISSION 1 — verified downloaded archive
2013-10-02 13:48:00+00:00,0.3152149,7.818993126201719,NO ALERT,channel_46,2.2307754,REAL ESA MISSION 1 — verified downloaded archive
2013-10-02 13:49:00+00:00,0.027036477,7.818993126201719,NO ALERT,channel_46,1.6698315,REAL ESA MISSION 1 — verified downloaded archive
2013-10-02 13:50:00+00:00,-0.7275865,7.818993126201719,NO ALERT,channel_46,1.5386556,REAL ESA MISSION 1 — verified downloaded archive
2013-10-02 13:51:00+00:00,-0.92805755,7.818993126201719,NO ALERT,channel_41,1.3291343,REAL ESA MISSION 1 — verified downloaded archive
2013-10-02 13:52:00+00:00,-0.95840967,7.818993126201719,NO ALERT,channel_46,1.9142175,REAL ESA MISSION 1 — verified downloaded archive
2013-10-02 13:53:00+00:00,-0.0789503,7.818993126201719,NO ALERT,channel_41,1.5880648,REAL ESA MISSION 1 — verified downloaded archive
2013-10-02 13:54:00+00:00,-0.64539146,7.818993126201719,NO ALERT,channel_41,1.550359,REAL ESA MISSION 1 — verified downloaded archive
2013-10-02 13:55:00+00:00,-0.74015796,7.818993126201719,NO ALERT,channel_42,1.6319411,REAL ESA MISSION 1 — verified downloaded archive
2013-10-02 13:56:00+00:00,-0.7242041,7.818993126201719,NO ALERT,channel_42,1.383014,REAL ESA MISSION 1 — verified downloaded archive
2013-10-02 13:57:00+00:00,-0.1437379,7.818993126201719,NO ALERT,channel_41,1.495995,REAL ESA MISSION 1 — verified downloaded archive
2013-10-02 13:58:00+00:00,-0.24384542,7.818993126201719,NO ALERT,channel_41,1.9342952,REAL ESA MISSION 1 — verified downloaded archive
2013-10-02 13:59:00+00:00,-0.21034072,7.818993126201719,NO ALERT,channel_42,1.5248607,REAL ESA MISSION 1 — verified downloaded archive
2013-10-02 14:00:00+00:00,-0.001052361,7.818993126201719,NO ALERT,channel_42,1.5010455,REAL ESA MISSION 1 — verified downloaded archive
2013-10-02 14:01:00+00:00,0.37581304,7.818993126201719,NO ALERT,channel_45,1.4491031,REAL ESA MISSION 1 — verified downloaded archive
2013-10-02 14:02:00+00:00,-0.80543983,7.818993126201719,NO ALERT,channel_45,1.4282011,REAL ESA MISSION 1 — verified downloaded archive
2013-10-02 14:03:00+00:00,-0.96796256,7.818993126201719,NO ALERT,channel_42,1.4753953,REAL ESA MISSION 1 — verified downloaded archive
2013-10-02 14:04:00+00:00,-1.3376207,7.818993126201719,NO ALERT,channel_42,1.1247246,REAL ESA MISSION 1 — verified downloaded archive
2013-10-02 14:05:00+00:00,-0.095340475,7.818993126201719,NO ALERT,channel_43,0.98583037,REAL ESA MISSION 1 — verified downloaded archive
2013-10-02 14:06:00+00:00,-1.0393146,7.818993126201719,NO ALERT,channel_42,1.4582864,REAL ESA MISSION 1 — verified downloaded archive
2013-10-02 14:07:00+00:00,-0.12961845,7.818993126201719,NO ALERT,channel_46,2.6404903,REAL ESA MISSION 1 — verified downloaded archive
2013-10-02 14:08:00+00:00,-0.6146476,7.818993126201719,NO ALERT,channel_46,1.3300422,REAL ESA MISSION 1 — verified downloaded archive
2013-10-02 14:09:00+00:00,-0.79512584,7.818993126201719,NO ALERT,channel_44,1.6820784,REAL ESA MISSION 1 — verified downloaded archive
2013-10-02 14:10:00+00:00,-0.97235537,7.818993126201719,NO ALERT,channel_43,1.313079,REAL ESA MISSION 1 — verified downloaded archive
2013-10-02 14:11:00+00:00,-0.15682386,7.818993126201719,NO ALERT,channel_43,1.5993822,REAL ESA MISSION 1 — verified downloaded archive
2013-10-02 14:12:00+00:00,-0.9481497,7.818993126201719,NO ALERT,channel_44,1.6969192,REAL ESA MISSION 1 — verified downloaded archive
2013-10-02 14:13:00+00:00,-0.3025876,7.818993126201719,NO ALERT,channel_43,1.3883197,REAL ESA MISSION 1 — verified downloaded archive
2013-10-02 14:14:00+00:00,-1.2722512,7.818993126201719,NO ALERT,channel_44,1.3729168,REAL ESA MISSION 1 — verified downloaded archive
2013-10-02 14:15:00+00:00,-0.7491164,7.818993126201719,NO ALERT,channel_44,1.6199328,REAL ESA MISSION 1 — verified downloaded archive
2013-10-02 14:16:00+00:00,0.3811424,7.818993126201719,NO ALERT,channel_41,1.4259129,REAL ESA MISSION 1 — verified downloaded archive
2013-10-02 14:17:00+00:00,-0.27230656,7.818993126201719,NO ALERT,channel_44,1.199476,REAL ESA MISSION 1 — verified downloaded archive
2013-10-02 14:18:00+00:00,-0.90830994,7.818993126201719,NO ALERT,channel_44,1.6924242,REAL ESA MISSION 1 — verified downloaded archive
2013-10-02 14:19:00+00:00,-0.86889076,7.818993126201719,NO ALERT,channel_42,1.6908987,REAL ESA MISSION 1 — verified downloaded archive
2013-10-02 14:20:00+00:00,-0.94249886,7.818993126201719,NO ALERT,channel_42,1.4245691,REAL ESA MISSION 1 — verified downloaded archive
2013-10-02 14:21:00+00:00,-0.81690526,7.818993126201719,NO ALERT,channel_42,1.7353631,REAL ESA MISSION 1 — verified downloaded archive
2013-10-02 14:22:00+00:00,-0.6463642,7.818993126201719,NO ALERT,channel_41,1.6145017,REAL ESA MISSION 1 — verified downloaded archive
2013-10-02 14:23:00+00:00,-0.6688615,7.818993126201719,NO ALERT,channel_45,1.4741634,REAL ESA MISSION 1 — verified downloaded archive
2013-10-02 14:24:00+00:00,-1.281147,7.818993126201719,NO ALERT,channel_45,1.4461504,REAL ESA MISSION 1 — verified downloaded archive
2013-10-02 14:25:00+00:00,-0.33390832,7.818993126201719,NO ALERT,channel_45,1.7154716,REAL ESA MISSION 1 — verified downloaded archive
2013-10-02 14:26:00+00:00,-0.5565475,7.818993126201719,NO ALERT,channel_42,1.2606138,REAL ESA MISSION 1 — verified downloaded archive
2013-10-02 14:27:00+00:00,-1.0420785,7.818993126201719,NO ALERT,channel_45,1.5213249,REAL ESA MISSION 1 — verified downloaded archive
2013-10-02 14:28:00+00:00,-0.018403318,7.818993126201719,NO ALERT,channel_45,1.7599583,REAL ESA MISSION 1 — verified downloaded archive
2013-10-02 14:29:00+00:00,-0.5526185,7.818993126201719,NO ALERT,channel_42,1.4424566,REAL ESA MISSION 1 — verified downloaded archive
2013-10-02 14:30:00+00:00,-1.0929621,7.818993126201719,NO ALERT,channel_45,1.0500412,REAL ESA MISSION 1 — verified downloaded archive
2013-10-02 14:31:00+00:00,-0.91007,7.818993126201719,NO ALERT,channel_46,1.6458566,REAL ESA MISSION 1 — verified downloaded archive
2013-10-02 14:32:00+00:00,-0.40804446,7.818993126201719,NO ALERT,channel_43,1.1069117,REAL ESA MISSION 1 — verified downloaded archive
2013-10-02 14:33:00+00:00,-0.26952538,7.818993126201719,NO ALERT,channel_46,1.4884944,REAL ESA MISSION 1 — verified downloaded archive
2013-10-02 14:34:00+00:00,-1.0495539,7.818993126201719,NO ALERT,channel_43,1.2299204,REAL ESA MISSION 1 — verified downloaded archive
2013-10-02 14:35:00+00:00,-0.87206525,7.818993126201719,NO ALERT,channel_43,1.3650504,REAL ESA MISSION 1 — verified downloaded archive
2013-10-02 14:36:00+00:00,-0.63275915,7.818993126201719,NO ALERT,channel_44,1.3820351,REAL ESA MISSION 1 — verified downloaded archive
2013-10-02 14:37:00+00:00,-0.6223254,7.818993126201719,NO ALERT,channel_44,1.8626033,REAL ESA MISSION 1 — verified downloaded archive
2013-10-02 14:38:00+00:00,-0.6130689,7.818993126201719,NO ALERT,channel_43,1.4850031,REAL ESA MISSION 1 — verified downloaded archive
2013-10-02 14:39:00+00:00,1.0360554,7.818993126201719,NO ALERT,channel_43,1.3173019,REAL ESA MISSION 1 — verified downloaded archive
2013-10-02 14:40:00+00:00,-0.25282127,7.818993126201719,NO ALERT,channel_41,1.4827515,REAL ESA MISSION 1 — verified downloaded archive
2013-10-02 14:41:00+00:00,-0.4111642,7.818993126201719,NO ALERT,channel_44,1.6835281,REAL ESA MISSION 1 — verified downloaded archive
2013-10-02 14:42:00+00:00,-0.086560056,7.818993126201719,NO ALERT,channel_43,1.3092352,REAL ESA MISSION 1 — verified downloaded archive
2013-10-02 14:43:00+00:00,-1.2041024,7.818993126201719,NO ALERT,channel_41,1.5426887,REAL ESA MISSION 1 — verified downloaded archive
2013-10-02 14:44:00+00:00,-0.3828009,7.818993126201719,NO ALERT,channel_41,1.3668174,REAL ESA MISSION 1 — verified downloaded archive
2013-10-02 14:45:00+00:00,-0.6448384,7.818993126201719,NO ALERT,channel_41,1.5018892,REAL ESA MISSION 1 — verified downloaded archive
2013-10-02 14:46:00+00:00,-0.8870063,7.818993126201719,NO ALERT,channel_41,1.339891,REAL ESA MISSION 1 — verified downloaded archive
2013-10-02 14:47:00+00:00,-0.36242098,7.818993126201719,NO ALERT,channel_44,1.5117912,REAL ESA MISSION 1 — verified downloaded archive
2013-10-02 14:48:00+00:00,-0.053165976,7.818993126201719,NO ALERT,channel_45,1.847252,REAL ESA MISSION 1 — verified downloaded archive
2013-10-02 14:49:00+00:00,-0.29757082,7.818993126201719,NO ALERT,channel_44,1.3870348,REAL ESA MISSION 1 — verified downloaded archive
2013-10-02 14:50:00+00:00,-0.64829355,7.818993126201719,NO ALERT,channel_42,1.4231666,REAL ESA MISSION 1 — verified downloaded archive
2013-10-02 14:51:00+00:00,-0.8920681,7.818993126201719,NO ALERT,channel_42,1.3111796,REAL ESA MISSION 1 — verified downloaded archive
2013-10-02 14:52:00+00:00,-0.58920753,7.818993126201719,NO ALERT,channel_45,1.2013187,REAL ESA MISSION 1 — verified downloaded archive
2013-10-02 14:53:00+00:00,-0.20102386,7.818993126201719,NO ALERT,channel_46,1.1345222,REAL ESA MISSION 1 — verified downloaded archive
2013-10-02 14:54:00+00:00,-0.68992335,7.818993126201719,NO ALERT,channel_45,1.9155167,REAL ESA MISSION 1 — verified downloaded archive
2013-10-02 14:55:00+00:00,-0.32310423,7.818993126201719,NO ALERT,channel_46,1.5505829,REAL ESA MISSION 1 — verified downloaded archive
2013-10-02 14:56:00+00:00,-0.78299665,7.818993126201719,NO ALERT,channel_46,1.7651702,REAL ESA MISSION 1 — verified downloaded archive
2013-10-02 14:57:00+00:00,-0.31309786,7.818993126201719,NO ALERT,channel_46,1.613838,REAL ESA MISSION 1 — verified downloaded archive
2013-10-02 14:58:00+00:00,-0.7859644,7.818993126201719,NO ALERT,channel_43,1.6865151,REAL ESA MISSION 1 — verified downloaded archive
2013-10-02 14:59:00+00:00,-0.52709097,7.818993126201719,NO ALERT,channel_46,1.5653827,REAL ESA MISSION 1 — verified downloaded archive
2013-10-02 15:00:00+00:00,-1.0578136,7.818993126201719,NO ALERT,channel_44,1.7592922,REAL ESA MISSION 1 — verified downloaded archive
2013-10-02 15:01:00+00:00,-0.607736,7.818993126201719,NO ALERT,channel_43,1.2121235,REAL ESA MISSION 1 — verified downloaded archive
2013-10-02 15:02:00+00:00,-1.0548612,7.818993126201719,NO ALERT,channel_43,1.6735195,REAL ESA MISSION 1 — verified downloaded archive
2013-10-02 15:03:00+00:00,-0.71986365,7.818993126201719,NO ALERT,channel_44,1.5152373,REAL ESA MISSION 1 — verified downloaded archive
2013-10-02 15:04:00+00:00,-0.2852193,7.818993126201719,NO ALERT,channel_41,1.728353,REAL ESA MISSION 1 — verified downloaded archive
2013-10-02 15:05:00+00:00,-0.2770324,7.818993126201719,NO ALERT,channel_44,1.572173,REAL ESA MISSION 1 — verified downloaded archive
2013-10-02 15:06:00+00:00,-0.6756698,7.818993126201719,NO ALERT,channel_44,1.2830446,REAL ESA MISSION 1 — verified downloaded archive
2013-10-02 15:07:00+00:00,-0.9529691,7.818993126201719,NO ALERT,channel_41,1.4788737,REAL ESA MISSION 1 — verified downloaded archive
2013-10-02 15:08:00+00:00,1.0051848,7.818993126201719,NO ALERT,channel_41,1.9380565,REAL ESA MISSION 1 — verified downloaded archive
2013-10-02 15:09:00+00:00,-0.9565141,7.818993126201719,NO ALERT,channel_42,1.5079299,REAL ESA MISSION 1 — verified downloaded archive
2013-10-02 15:10:00+00:00,-0.3873153,7.818993126201719,NO ALERT,channel_42,1.6909454,REAL ESA MISSION 1 — verified downloaded archive
2013-10-02 15:11:00+00:00,-1.1257187,7.818993126201719,NO ALERT,channel_45,1.3769411,REAL ESA MISSION 1 — verified downloaded archive
2013-10-02 15:12:00+00:00,-1.2703449,7.818993126201719,NO ALERT,channel_45,1.3418008,REAL ESA MISSION 1 — verified downloaded archive
2013-10-02 15:13:00+00:00,-0.6022792,7.818993126201719,NO ALERT,channel_42,1.6115239,REAL ESA MISSION 1 — verified downloaded archive
2013-10-02 15:14:00+00:00,-0.4195364,7.818993126201719,NO ALERT,channel_42,1.1396315,REAL ESA MISSION 1 — verified downloaded archive
2013-10-02 15:15:00+00:00,-1.7207696,7.818993126201719,NO ALERT,channel_45,1.4027296,REAL ESA MISSION 1 — verified downloaded archive
2013-10-02 15:16:00+00:00,-0.54533505,7.818993126201719,NO ALERT,channel_42,1.8819867,REAL ESA MISSION 1 — verified downloaded archive
2013-10-02 15:17:00+00:00,-0.8546612,7.818993126201719,NO ALERT,channel_45,1.3717154,REAL ESA MISSION 1 — verified downloaded archive
2013-10-02 15:18:00+00:00,-0.834373,7.818993126201719,NO ALERT,channel_45,1.311801,REAL ESA MISSION 1 — verified downloaded archive
2013-10-02 15:19:00+00:00,-0.22919302,7.818993126201719,NO ALERT,channel_46,1.3184702,REAL ESA MISSION 1 — verified downloaded archive
2013-10-02 15:20:00+00:00,-1.4669939,7.818993126201719,NO ALERT,channel_46,2.0125406,REAL ESA MISSION 1 — verified downloaded archive
2013-10-02 15:21:00+00:00,-0.73182976,7.818993126201719,NO ALERT,channel_46,1.5176316,REAL ESA MISSION 1 — verified downloaded archive
2013-10-02 15:22:00+00:00,-0.027509432,7.818993126201719,NO ALERT,channel_43,1.7218609,REAL ESA MISSION 1 — verified downloaded archive
2013-10-02 15:23:00+00:00,-0.76861286,7.818993126201719,NO ALERT,channel_46,0.9980279,REAL ESA MISSION 1 — verified downloaded archive
2013-10-02 15:24:00+00:00,-1.0672268,7.818993126201719,NO ALERT,channel_43,1.5344783,REAL ESA MISSION 1 — verified downloaded archive
2013-10-02 15:25:00+00:00,0.56577134,7.818993126201719,NO ALERT,channel_43,1.3451191,REAL ESA MISSION 1 — verified downloaded archive
2013-10-02 15:26:00+00:00,-0.8972131,7.818993126201719,NO ALERT,channel_46,1.6837375,REAL ESA MISSION 1 — verified downloaded archive
2013-10-02 15:27:00+00:00,-0.8267785,7.818993126201719,NO ALERT,channel_44,1.4592631,REAL ESA MISSION 1 — verified downloaded archive
2013-10-02 15:28:00+00:00,0.07660058,7.818993126201719,NO ALERT,channel_44,2.0794518,REAL ESA MISSION 1 — verified downloaded archive
2013-10-02 15:29:00+00:00,-0.98844504,7.818993126201719,NO ALERT,channel_44,1.3955446,REAL ESA MISSION 1 — verified downloaded archive
2013-10-02 15:30:00+00:00,-0.38383323,7.818993126201719,NO ALERT,channel_41,1.6401565,REAL ESA MISSION 1 — verified downloaded archive
2013-10-02 15:31:00+00:00,-0.91607773,7.818993126201719,NO ALERT,channel_44,1.7459388,REAL ESA MISSION 1 — verified downloaded archive
2013-10-02 15:32:00+00:00,-0.34238476,7.818993126201719,NO ALERT,channel_41,1.5940094,REAL ESA MISSION 1 — verified downloaded archive
2013-10-02 15:33:00+00:00,-0.47033098,7.818993126201719,NO ALERT,channel_44,1.5938148,REAL ESA MISSION 1 — verified downloaded archive
2013-10-02 15:34:00+00:00,-0.8384743,7.818993126201719,NO ALERT,channel_41,1.3918183,REAL ESA MISSION 1 — verified downloaded archive
2013-10-02 15:35:00+00:00,-0.081473365,7.818993126201719,NO ALERT,channel_44,1.8199999,REAL ESA MISSION 1 — verified downloaded archive
2013-10-02 15:36:00+00:00,-1.3085612,7.818993126201719,NO ALERT,channel_42,2.0388122,REAL ESA MISSION 1 — verified downloaded archive
2013-10-02 15:37:00+00:00,-0.20424263,7.818993126201719,NO ALERT,channel_42,1.8842893,REAL ESA MISSION 1 — verified downloaded archive
2013-10-02 15:38:00+00:00,-0.3902515,7.818993126201719,NO ALERT,channel_42,2.3024747,REAL ESA MISSION 1 — verified downloaded archive
2013-10-02 15:39:00+00:00,-1.2104322,7.818993126201719,NO ALERT,channel_45,1.2622569,REAL ESA MISSION 1 — verified downloaded archive
2013-10-02 15:40:00+00:00,-0.9252254,7.818993126201719,NO ALERT,channel_45,1.0861858,REAL ESA MISSION 1 — verified downloaded archive
2013-10-02 15:41:00+00:00,-0.44190884,7.818993126201719,NO ALERT,channel_45,1.6645327,REAL ESA MISSION 1 — verified downloaded archive
2013-10-02 15:42:00+00:00,-0.6798458,7.818993126201719,NO ALERT,channel_45,1.3522648,REAL ESA MISSION 1 — verified downloaded archive
2013-10-02 15:43:00+00:00,-0.26562443,7.818993126201719,NO ALERT,channel_46,1.3912731,REAL ESA MISSION 1 — verified downloaded archive
2013-10-02 15:44:00+00:00,-0.7454144,7.818993126201719,NO ALERT,channel_46,1.8308231,REAL ESA MISSION 1 — verified downloaded archive
2013-10-02 15:45:00+00:00,-0.7929281,7.818993126201719,NO ALERT,channel_43,1.4092625,REAL ESA MISSION 1 — verified downloaded archive
2013-10-02 15:46:00+00:00,-0.856719,7.818993126201719,NO ALERT,channel_46,1.556793,REAL ESA MISSION 1 — verified downloaded archive
2013-10-02 15:47:00+00:00,-0.7149691,7.818993126201719,NO ALERT,channel_46,1.2952805,REAL ESA MISSION 1 — verified downloaded archive
2013-10-02 15:48:00+00:00,-1.5148382,7.818993126201719,NO ALERT,channel_43,1.6558257,REAL ESA MISSION 1 — verified downloaded archive
2013-10-02 15:49:00+00:00,-0.34846702,7.818993126201719,NO ALERT,channel_43,1.6337833,REAL ESA MISSION 1 — verified downloaded archive
2013-10-02 15:50:00+00:00,-1.1411484,7.818993126201719,NO ALERT,channel_44,1.4772574,REAL ESA MISSION 1 — verified downloaded archive
2013-10-02 15:51:00+00:00,-0.65026593,7.818993126201719,NO ALERT,channel_43,1.5849246,REAL ESA MISSION 1 — verified downloaded archive
2013-10-02 15:52:00+00:00,-0.23059599,7.818993126201719,NO ALERT,channel_44,1.3028715,REAL ESA MISSION 1 — verified downloaded archive
2013-10-02 15:53:00+00:00,-0.26044777,7.818993126201719,NO ALERT,channel_44,1.8004866,REAL ESA MISSION 1 — verified downloaded archive
2013-10-02 15:54:00+00:00,-0.1595136,7.818993126201719,NO ALERT,channel_44,1.5119807,REAL ESA MISSION 1 — verified downloaded archive
2013-10-02 15:55:00+00:00,-0.6175033,7.818993126201719,NO ALERT,channel_41,1.6264269,REAL ESA MISSION 1 — verified downloaded archive
2013-10-02 15:56:00+00:00,-0.87307,7.818993126201719,NO ALERT,channel_44,1.3305708,REAL ESA MISSION 1 — verified downloaded archive
2013-10-02 15:57:00+00:00,-0.4340234,7.818993126201719,NO ALERT,channel_44,1.4372293,REAL ESA MISSION 1 — verified downloaded archive
2013-10-02 15:58:00+00:00,0.4888493,7.818993126201719,NO ALERT,channel_44,2.7066393,REAL ESA MISSION 1 — verified downloaded archive
2013-10-02 15:59:00+00:00,-1.0816025,7.818993126201719,NO ALERT,channel_44,1.2739874,REAL ESA MISSION 1 — verified downloaded archive
2013-10-02 16:00:00+00:00,-0.31871587,7.818993126201719,NO ALERT,channel_42,1.452981,REAL ESA MISSION 1 — verified downloaded archive
2013-10-02 16:01:00+00:00,-0.69676983,7.818993126201719,NO ALERT,channel_41,1.2253311,REAL ESA MISSION 1 — verified downloaded archive
2013-10-02 16:02:00+00:00,-0.8428657,7.818993126201719,NO ALERT,channel_44,1.7769103,REAL ESA MISSION 1 — verified downloaded archive
2013-10-02 16:03:00+00:00,-0.96938807,7.818993126201719,NO ALERT,channel_45,1.7089382,REAL ESA MISSION 1 — verified downloaded archive
2013-10-02 16:04:00+00:00,-1.2893342,7.818993126201719,NO ALERT,channel_42,1.4738123,REAL ESA MISSION 1 — verified downloaded archive
2013-10-02 16:05:00+00:00,-0.8553104,7.818993126201719,NO ALERT,channel_45,1.368627,REAL ESA MISSION 1 — verified downloaded archive
2013-10-02 16:06:00+00:00,-0.32929674,7.818993126201719,NO ALERT,channel_45,1.5072919,REAL ESA MISSION 1 — verified downloaded archive
2013-10-02 16:07:00+00:00,-0.6501068,7.818993126201719,NO ALERT,channel_46,1.4376119,REAL ESA MISSION 1 — verified downloaded archive
2013-10-02 16:08:00+00:00,-1.1834596,7.818993126201719,NO ALERT,channel_42,1.5025331,REAL ESA MISSION 1 — verified downloaded archive
2013-10-02 16:09:00+00:00,-0.5474611,7.818993126201719,NO ALERT,channel_46,1.2539536,REAL ESA MISSION 1 — verified downloaded archive
2013-10-02 16:10:00+00:00,-0.4741214,7.818993126201719,NO ALERT,channel_43,1.3723401,REAL ESA MISSION 1 — verified downloaded archive
2013-10-02 16:11:00+00:00,1.3274596,7.818993126201719,NO ALERT,channel_46,2.6345508,REAL ESA MISSION 1 — verified downloaded archive
2013-10-02 16:12:00+00:00,0.34842604,7.818993126201719,NO ALERT,channel_46,1.8759341,REAL ESA MISSION 1 — verified downloaded archive
2013-10-02 16:13:00+00:00,-0.9160429,7.818993126201719,NO ALERT,channel_44,1.5143086,REAL ESA MISSION 1 — verified downloaded archive
2013-10-02 16:14:00+00:00,-0.6283232,7.818993126201719,NO ALERT,channel_43,1.4336667,REAL ESA MISSION 1 — verified downloaded archive
2013-10-02 16:15:00+00:00,-1.1185375,7.818993126201719,NO ALERT,channel_44,1.31778,REAL ESA MISSION 1 — verified downloaded archive
2013-10-02 16:16:00+00:00,-0.41279876,7.818993126201719,NO ALERT,channel_43,1.400413,REAL ESA MISSION 1 — verified downloaded archive
2013-10-02 16:17:00+00:00,-0.8811099,7.818993126201719,NO ALERT,channel_44,1.9059339,REAL ESA MISSION 1 — verified downloaded archive
2013-10-02 16:18:00+00:00,-1.0709419,7.818993126201719,NO ALERT,channel_44,1.8796564,REAL ESA MISSION 1 — verified downloaded archive
2013-10-02 16:19:00+00:00,-0.44212717,7.818993126201719,NO ALERT,channel_44,1.4637898,REAL ESA MISSION 1 — verified downloaded archive
2013-10-02 16:20:00+00:00,-0.2819005,7.818993126201719,NO ALERT,channel_41,1.5132535,REAL ESA MISSION 1 — verified downloaded archive
2013-10-02 16:21:00+00:00,-0.17838491,7.818993126201719,NO ALERT,channel_41,1.640691,REAL ESA MISSION 1 — verified downloaded archive
2013-10-02 16:22:00+00:00,-0.9315074,7.818993126201719,NO ALERT,channel_41,1.6164739,REAL ESA MISSION 1 — verified downloaded archive
2013-10-02 16:23:00+00:00,-0.6723131,7.818993126201719,NO ALERT,channel_44,1.6079736,REAL ESA MISSION 1 — verified downloaded archive
2013-10-02 16:24:00+00:00,-0.8590013,7.818993126201719,NO ALERT,channel_42,1.4463465,REAL ESA MISSION 1 — verified downloaded archive
2013-10-02 16:25:00+00:00,-0.32066402,7.818993126201719,NO ALERT,channel_42,1.9743266,REAL ESA MISSION 1 — verified downloaded archive
2013-10-02 16:26:00+00:00,-0.27571583,7.818993126201719,NO ALERT,channel_44,1.1885875,REAL ESA MISSION 1 — verified downloaded archive
2013-10-02 16:27:00+00:00,-0.21438582,7.818993126201719,NO ALERT,channel_41,1.2504373,REAL ESA MISSION 1 — verified downloaded archive
2013-10-02 16:28:00+00:00,-0.8092392,7.818993126201719,NO ALERT,channel_42,1.7922597,REAL ESA MISSION 1 — verified downloaded archive
2013-10-02 16:29:00+00:00,0.3178905,7.818993126201719,NO ALERT,channel_46,1.6765022,REAL ESA MISSION 1 — verified downloaded archive
2013-10-02 16:30:00+00:00,-0.76545143,7.818993126201719,NO ALERT,channel_46,0.91967785,REAL ESA MISSION 1 — verified downloaded archive
2013-10-02 16:31:00+00:00,0.11380161,7.818993126201719,NO ALERT,channel_42,2.0112255,REAL ESA MISSION 1 — verified downloaded archive
2013-10-02 16:32:00+00:00,0.4997529,7.818993126201719,NO ALERT,channel_46,1.2131058,REAL ESA MISSION 1 — verified downloaded archive
2013-10-02 16:33:00+00:00,-0.7229194,7.818993126201719,NO ALERT,channel_46,1.5493912,REAL ESA MISSION 1 — verified downloaded archive
2013-10-02 16:34:00+00:00,-0.71051574,7.818993126201719,NO ALERT,channel_46,1.631924,REAL ESA MISSION 1 — verified downloaded archive
2013-10-02 16:35:00+00:00,-0.60391176,7.818993126201719,NO ALERT,channel_43,1.5740137,REAL ESA MISSION 1 — verified downloaded archive
2013-10-02 16:36:00+00:00,-0.18232404,7.818993126201719,NO ALERT,channel_43,1.5482558,REAL ESA MISSION 1 — verified downloaded archive
2013-10-02 16:37:00+00:00,-0.49405137,7.818993126201719,NO ALERT,channel_46,1.3471068,REAL ESA MISSION 1 — verified downloaded archive
2013-10-02 16:38:00+00:00,-0.6679133,7.818993126201719,NO ALERT,channel_43,1.6098632,REAL ESA MISSION 1 — verified downloaded archive
2013-10-02 16:39:00+00:00,-0.9508875,7.818993126201719,NO ALERT,channel_44,1.5021198,REAL ESA MISSION 1 — verified downloaded archive
2013-10-02 16:40:00+00:00,-0.5397177,7.818993126201719,NO ALERT,channel_43,1.6487675,REAL ESA MISSION 1 — verified downloaded archive
2013-10-02 16:41:00+00:00,-1.3826355,7.818993126201719,NO ALERT,channel_43,1.320828,REAL ESA MISSION 1 — verified downloaded archive
2013-10-02 16:42:00+00:00,-0.6369362,7.818993126201719,NO ALERT,channel_44,1.1378243,REAL ESA MISSION 1 — verified downloaded archive
2013-10-02 16:43:00+00:00,-0.7598831,7.818993126201719,NO ALERT,channel_44,1.2467563,REAL ESA MISSION 1 — verified downloaded archive
2013-10-02 16:44:00+00:00,-0.16094552,7.818993126201719,NO ALERT,channel_41,1.3083845,REAL ESA MISSION 1 — verified downloaded archive
2013-10-02 16:45:00+00:00,0.3998751,7.818993126201719,NO ALERT,channel_44,1.3582902,REAL ESA MISSION 1 — verified downloaded archive
2013-10-02 16:46:00+00:00,0.16914602,7.818993126201719,NO ALERT,channel_41,1.5739716,REAL ESA MISSION 1 — verified downloaded archive
2013-10-02 16:47:00+00:00,0.004727591,7.818993126201719,NO ALERT,channel_44,1.4598612,REAL ESA MISSION 1 — verified downloaded archive
2013-10-02 16:48:00+00:00,-0.19853918,7.818993126201719,NO ALERT,channel_44,1.8979015,REAL ESA MISSION 1 — verified downloaded archive
2013-10-02 16:49:00+00:00,-0.7528636,7.818993126201719,NO ALERT,channel_41,1.5319705,REAL ESA MISSION 1 — verified downloaded archive
2013-10-02 16:50:00+00:00,-1.0024316,7.818993126201719,NO ALERT,channel_42,1.4580405,REAL ESA MISSION 1 — verified downloaded archive
2013-10-02 16:51:00+00:00,-0.47512662,7.818993126201719,NO ALERT,channel_42,1.5442587,REAL ESA MISSION 1 — verified downloaded archive
2013-10-02 16:52:00+00:00,-0.8560766,7.818993126201719,NO ALERT,channel_41,1.2308775,REAL ESA MISSION 1 — verified downloaded archive
2013-10-02 16:53:00+00:00,-0.27494448,7.818993126201719,NO ALERT,channel_45,1.4809268,REAL ESA MISSION 1 — verified downloaded archive
2013-10-02 16:54:00+00:00,-1.6104712,7.818993126201719,NO ALERT,channel_45,1.3087572,REAL ESA MISSION 1 — verified downloaded archive
2013-10-02 16:55:00+00:00,-0.39875987,7.818993126201719,NO ALERT,channel_45,1.4395026,REAL ESA MISSION 1 — verified downloaded archive
2013-10-02 16:56:00+00:00,-0.85547876,7.818993126201719,NO ALERT,channel_42,1.1706265,REAL ESA MISSION 1 — verified downloaded archive
2013-10-02 16:57:00+00:00,-0.4348377,7.818993126201719,NO ALERT,channel_45,1.1142508,REAL ESA MISSION 1 — verified downloaded archive
2013-10-02 16:58:00+00:00,-0.64439017,7.818993126201719,NO ALERT,channel_42,1.5391539,REAL ESA MISSION 1 — verified downloaded archive
2013-10-02 16:59:00+00:00,-0.09706022,7.818993126201719,NO ALERT,channel_45,1.2543712,REAL ESA MISSION 1 — verified downloaded archive
2013-10-02 17:00:00+00:00,0.31031165,7.818993126201719,NO ALERT,channel_46,1.4570905,REAL ESA MISSION 1 — verified downloaded archive
2013-10-02 17:01:00+00:00,-0.4110906,7.818993126201719,NO ALERT,channel_46,1.6718303,REAL ESA MISSION 1 — verified downloaded archive
2013-10-02 17:02:00+00:00,-0.6356887,7.818993126201719,NO ALERT,channel_46,1.1527395,REAL ESA MISSION 1 — verified downloaded archive
2013-10-02 17:03:00+00:00,-0.42113408,7.818993126201719,NO ALERT,channel_43,1.2812696,REAL ESA MISSION 1 — verified downloaded archive
2013-10-02 17:04:00+00:00,-0.065142214,7.818993126201719,NO ALERT,channel_46,1.1413066,REAL ESA MISSION 1 — verified downloaded archive
2013-10-02 17:05:00+00:00,-0.86253476,7.818993126201719,NO ALERT,channel_44,1.3865235,REAL ESA MISSION 1 — verified downloaded archive
2013-10-02 17:06:00+00:00,-1.310222,7.818993126201719,NO ALERT,channel_44,1.4893067,REAL ESA MISSION 1 — verified downloaded archive
2013-10-02 17:07:00+00:00,-0.458752,7.818993126201719,NO ALERT,channel_46,1.7214822,REAL ESA MISSION 1 — verified downloaded archive
2013-10-02 17:08:00+00:00,-1.2577499,7.818993126201719,NO ALERT,channel_46,1.7371509,REAL ESA MISSION 1 — verified downloaded archive
2013-10-02 17:09:00+00:00,-0.49979338,7.818993126201719,NO ALERT,channel_46,1.3900443,REAL ESA MISSION 1 — verified downloaded archive
2013-10-02 17:10:00+00:00,-0.05862547,7.818993126201719,NO ALERT,channel_43,1.2506231,REAL ESA MISSION 1 — verified downloaded archive
2013-10-02 17:11:00+00:00,-0.836497,7.818993126201719,NO ALERT,channel_44,2.1386497,REAL ESA MISSION 1 — verified downloaded archive
2013-10-02 17:12:00+00:00,0.020455021,7.818993126201719,NO ALERT,channel_41,1.2869922,REAL ESA MISSION 1 — verified downloaded archive
2013-10-02 17:13:00+00:00,-0.64526534,7.818993126201719,NO ALERT,channel_41,1.5807066,REAL ESA MISSION 1 — verified downloaded archive
2013-10-02 17:14:00+00:00,-0.3559697,7.818993126201719,NO ALERT,channel_41,1.5616168,REAL ESA MISSION 1 — verified downloaded archive
2013-10-02 17:15:00+00:00,-0.80206263,7.818993126201719,NO ALERT,channel_42,1.4570204,REAL ESA MISSION 1 — verified downloaded archive
2013-10-02 17:16:00+00:00,-1.3645858,7.818993126201719,NO ALERT,channel_42,1.4588939,REAL ESA MISSION 1 — verified downloaded archive
2013-10-02 17:17:00+00:00,-0.30929276,7.818993126201719,NO ALERT,channel_44,1.3043784,REAL ESA MISSION 1 — verified downloaded archive
2013-10-02 17:18:00+00:00,-0.45179778,7.818993126201719,NO ALERT,channel_45,1.5497006,REAL ESA MISSION 1 — verified downloaded archive
2013-10-02 17:19:00+00:00,-0.6635368,7.818993126201719,NO ALERT,channel_45,1.2706054,REAL ESA MISSION 1 — verified downloaded archive
2013-10-02 17:20:00+00:00,-1.9527991,7.818993126201719,NO ALERT,channel_42,1.4035697,REAL ESA MISSION 1 — verified downloaded archive
2013-10-02 17:21:00+00:00,0.011584599,7.818993126201719,NO ALERT,channel_46,1.7376713,REAL ESA MISSION 1 — verified downloaded archive
2013-10-02 17:22:00+00:00,-1.6292995,7.818993126201719,NO ALERT,channel_42,1.4958873,REAL ESA MISSION 1 — verified downloaded archive
2013-10-02 17:23:00+00:00,-0.7476046,7.818993126201719,NO ALERT,channel_45,1.2276531,REAL ESA MISSION 1 — verified downloaded archive
2013-10-02 17:24:00+00:00,-0.92076886,7.818993126201719,NO ALERT,channel_46,1.4175518,REAL ESA MISSION 1 — verified downloaded archive
2013-10-02 17:25:00+00:00,-1.4443867,7.818993126201719,NO ALERT,channel_46,1.5098962,REAL ESA MISSION 1 — verified downloaded archive
2013-10-02 17:26:00+00:00,-0.14206149,7.818993126201719,NO ALERT,channel_46,1.5018768,REAL ESA MISSION 1 — verified downloaded archive
2013-10-02 17:27:00+00:00,-0.87206423,7.818993126201719,NO ALERT,channel_43,1.2141448,REAL ESA MISSION 1 — verified downloaded archive
2013-10-02 17:28:00+00:00,-1.0782696,7.818993126201719,NO ALERT,channel_43,1.6609894,REAL ESA MISSION 1 — verified downloaded archive
2013-10-02 17:29:00+00:00,-1.0299388,7.818993126201719,NO ALERT,channel_44,1.6459805,REAL ESA MISSION 1 — verified downloaded archive
2013-10-02 17:30:00+00:00,-1.5112005,7.818993126201719,NO ALERT,channel_44,1.4739718,REAL ESA MISSION 1 — verified downloaded archive
2013-10-02 17:31:00+00:00,-0.31470585,7.818993126201719,NO ALERT,channel_43,1.2866813,REAL ESA MISSION 1 — verified downloaded archive
2013-10-02 17:32:00+00:00,-0.21957026,7.818993126201719,NO ALERT,channel_44,1.446634,REAL ESA MISSION 1 — verified downloaded archive
2013-10-02 17:33:00+00:00,-0.42539808,7.818993126201719,NO ALERT,channel_44,1.2830851,REAL ESA MISSION 1 — verified downloaded archive
2013-10-02 17:34:00+00:00,-1.5447149,7.818993126201719,NO ALERT,channel_44,1.2566609,REAL ESA MISSION 1 — verified downloaded archive
2013-10-02 17:35:00+00:00,-0.77862185,7.818993126201719,NO ALERT,channel_41,1.0131897,REAL ESA MISSION 1 — verified downloaded archive
2013-10-02 17:36:00+00:00,-0.6241251,7.818993126201719,NO ALERT,channel_42,1.1872404,REAL ESA MISSION 1 — verified downloaded archive
2013-10-02 17:37:00+00:00,-0.8250968,7.818993126201719,NO ALERT,channel_41,1.2967443,REAL ESA MISSION 1 — verified downloaded archive
2013-10-02 17:38:00+00:00,0.3659182,7.818993126201719,NO ALERT,channel_44,1.9745483,REAL ESA MISSION 1 — verified downloaded archive
2013-10-02 17:39:00+00:00,-1.3163111,7.818993126201719,NO ALERT,channel_41,1.5851237,REAL ESA MISSION 1 — verified downloaded archive
2013-10-02 17:40:00+00:00,-1.4201573,7.818993126201719,NO ALERT,channel_42,1.5190977,REAL ESA MISSION 1 — verified downloaded archive
2013-10-02 17:41:00+00:00,-0.5460485,7.818993126201719,NO ALERT,channel_41,1.567789,REAL ESA MISSION 1 — verified downloaded archive
2013-10-02 17:42:00+00:00,0.08843468,7.818993126201719,NO ALERT,channel_42,1.8091567,REAL ESA MISSION 1 — verified downloaded archive
2013-10-02 17:43:00+00:00,-0.78190553,7.818993126201719,NO ALERT,channel_42,1.6682317,REAL ESA MISSION 1 — verified downloaded archive
2013-10-02 17:44:00+00:00,-1.498963,7.818993126201719,NO ALERT,channel_42,1.972006,REAL ESA MISSION 1 — verified downloaded archive
2013-10-02 17:45:00+00:00,-0.2368638,7.818993126201719,NO ALERT,channel_45,1.6227192,REAL ESA MISSION 1 — verified downloaded archive
2013-10-02 17:46:00+00:00,-0.66309226,7.818993126201719,NO ALERT,channel_46,1.6742575,REAL ESA MISSION 1 — verified downloaded archive
2013-10-02 17:47:00+00:00,-0.9882947,7.818993126201719,NO ALERT,channel_42,1.4821733,REAL ESA MISSION 1 — verified downloaded archive
2013-10-02 17:48:00+00:00,-0.7183907,7.818993126201719,NO ALERT,channel_46,1.6032193,REAL ESA MISSION 1 — verified downloaded archive
2013-10-02 17:49:00+00:00,-1.1504915,7.818993126201719,NO ALERT,channel_43,1.2144959,REAL ESA MISSION 1 — verified downloaded archive
2013-10-02 17:50:00+00:00,-0.4750728,7.818993126201719,NO ALERT,channel_42,1.935751,REAL ESA MISSION 1 — verified downloaded archive
2013-10-02 17:51:00+00:00,-1.2655768,7.818993126201719,NO ALERT,channel_46,1.7737842,REAL ESA MISSION 1 — verified downloaded archive
2013-10-02 17:52:00+00:00,-1.2080587,7.818993126201719,NO ALERT,channel_46,2.0013838,REAL ESA MISSION 1 — verified downloaded archive
2013-10-02 17:53:00+00:00,-0.566375,7.818993126201719,NO ALERT,channel_46,1.2538846,REAL ESA MISSION 1 — verified downloaded archive
2013-10-02 17:54:00+00:00,-0.4302003,7.818993126201719,NO ALERT,channel_43,1.2820109,REAL ESA MISSION 1 — verified downloaded archive
2013-10-02 17:55:00+00:00,-1.131306,7.818993126201719,NO ALERT,channel_44,1.9598064,REAL ESA MISSION 1 — verified downloaded archive
2013-10-02 17:56:00+00:00,-0.63636535,7.818993126201719,NO ALERT,channel_44,1.6500022,REAL ESA MISSION 1 — verified downloaded archive
2013-10-02 17:57:00+00:00,-0.03423002,7.818993126201719,NO ALERT,channel_41,1.3167632,REAL ESA MISSION 1 — verified downloaded archive
2013-10-02 17:58:00+00:00,0.117354885,7.818993126201719,NO ALERT,channel_46,1.514956,REAL ESA MISSION 1 — verified downloaded archive
2013-10-02 17:59:00+00:00,-0.57406867,7.818993126201719,NO ALERT,channel_41,1.5507292,REAL ESA MISSION 1 — verified downloaded archive
2013-10-02 18:00:00+00:00,-0.5725539,7.818993126201719,NO ALERT,channel_41,1.6773014,REAL ESA MISSION 1 — verified downloaded archive
2013-10-02 18:01:00+00:00,-0.11279158,7.818993126201719,NO ALERT,channel_42,1.4728379,REAL ESA MISSION 1 — verified downloaded archive
2013-10-02 18:02:00+00:00,-0.4861625,7.818993126201719,NO ALERT,channel_41,1.3159767,REAL ESA MISSION 1 — verified downloaded archive
2013-10-02 18:03:00+00:00,-0.3671635,7.818993126201719,NO ALERT,channel_41,1.2946068,REAL ESA MISSION 1 — verified downloaded archive
2013-10-02 18:04:00+00:00,-0.24341665,7.818993126201719,NO ALERT,channel_42,1.1678607,REAL ESA MISSION 1 — verified downloaded archive
2013-10-02 18:05:00+00:00,-0.46639946,7.818993126201719,NO ALERT,channel_45,1.345343,REAL ESA MISSION 1 — verified downloaded archive
2013-10-02 18:06:00+00:00,-0.77724504,7.818993126201719,NO ALERT,channel_45,1.7583878,REAL ESA MISSION 1 — verified downloaded archive
2013-10-02 18:07:00+00:00,-0.76510453,7.818993126201719,NO ALERT,channel_42,1.4377891,REAL ESA MISSION 1 — verified downloaded archive
2013-10-02 18:08:00+00:00,0.034483287,7.818993126201719,NO ALERT,channel_42,1.7216903,REAL ESA MISSION 1 — verified downloaded archive
2013-10-02 18:09:00+00:00,-1.086797,7.818993126201719,NO ALERT,channel_45,1.0876448,REAL ESA MISSION 1 — verified downloaded archive
2013-10-02 18:10:00+00:00,-0.5351135,7.818993126201719,NO ALERT,channel_45,1.3735834,REAL ESA MISSION 1 — verified downloaded archive
2013-10-02 18:11:00+00:00,-0.8897752,7.818993126201719,NO ALERT,channel_46,1.6087617,REAL ESA MISSION 1 — verified downloaded archive
2013-10-02 18:12:00+00:00,-1.3018299,7.818993126201719,NO ALERT,channel_43,1.3086758,REAL ESA MISSION 1 — verified downloaded archive
2013-10-02 18:13:00+00:00,-0.6381788,7.818993126201719,NO ALERT,channel_42,1.8437908,REAL ESA MISSION 1 — verified downloaded archive
2013-10-02 18:14:00+00:00,-0.83251214,7.818993126201719,NO ALERT,channel_46,1.66238,REAL ESA MISSION 1 — verified downloaded archive
2013-10-02 18:15:00+00:00,0.42675313,7.818993126201719,NO ALERT,channel_41,1.960454,REAL ESA MISSION 1 — verified downloaded archive
2013-10-02 18:16:00+00:00,0.29874688,7.818993126201719,NO ALERT,channel_44,1.7353407,REAL ESA MISSION 1 — verified downloaded archive
2013-10-02 18:17:00+00:00,-0.5692772,7.818993126201719,NO ALERT,channel_46,1.489963,REAL ESA MISSION 1 — verified downloaded archive
2013-10-02 18:18:00+00:00,-0.7028873,7.818993126201719,NO ALERT,channel_43,1.5100029,REAL ESA MISSION 1 — verified downloaded archive
2013-10-02 18:19:00+00:00,-0.61569864,7.818993126201719,NO ALERT,channel_41,1.5113101,REAL ESA MISSION 1 — verified downloaded archive
2013-10-02 18:20:00+00:00,-0.082911715,7.818993126201719,NO ALERT,channel_46,1.4508142,REAL ESA MISSION 1 — verified downloaded archive
2013-10-02 18:21:00+00:00,0.038067717,7.818993126201719,NO ALERT,channel_44,1.3067262,REAL ESA MISSION 1 — verified downloaded archive
2013-10-02 18:22:00+00:00,-1.0177156,7.818993126201719,NO ALERT,channel_44,1.2881538,REAL ESA MISSION 1 — verified downloaded archive
2013-10-02 18:23:00+00:00,-0.5333161,7.818993126201719,NO ALERT,channel_44,1.1339309,REAL ESA MISSION 1 — verified downloaded archive
2013-10-02 18:24:00+00:00,-0.35051957,7.818993126201719,NO ALERT,channel_41,1.3870988,REAL ESA MISSION 1 — verified downloaded archive
2013-10-02 18:25:00+00:00,-0.92051816,7.818993126201719,NO ALERT,channel_41,1.5267358,REAL ESA MISSION 1 — verified downloaded archive
2013-10-02 18:26:00+00:00,-0.24393536,7.818993126201719,NO ALERT,channel_44,2.0841923,REAL ESA MISSION 1 — verified downloaded archive
2013-10-02 18:27:00+00:00,-1.6394697,7.818993126201719,NO ALERT,channel_42,1.3219641,REAL ESA MISSION 1 — verified downloaded archive
2013-10-02 18:28:00+00:00,0.6061063,7.818993126201719,NO ALERT,channel_44,1.9048046,REAL ESA MISSION 1 — verified downloaded archive
2013-10-02 18:29:00+00:00,-0.96581376,7.818993126201719,NO ALERT,channel_41,1.321507,REAL ESA MISSION 1 — verified downloaded archive
2013-10-02 18:30:00+00:00,-1.0574268,7.818993126201719,NO ALERT,channel_42,1.5829713,REAL ESA MISSION 1 — verified downloaded archive
2013-10-02 18:31:00+00:00,-0.24541925,7.818993126201719,NO ALERT,channel_42,1.6663435,REAL ESA MISSION 1 — verified downloaded archive
2013-10-02 18:32:00+00:00,-1.294917,7.818993126201719,NO ALERT,channel_46,1.8258225,REAL ESA MISSION 1 — verified downloaded archive
2013-10-02 18:33:00+00:00,-0.44284448,7.818993126201719,NO ALERT,channel_42,1.7195933,REAL ESA MISSION 1 — verified downloaded archive
2013-10-02 18:34:00+00:00,-0.41823202,7.818993126201719,NO ALERT,channel_45,1.5115292,REAL ESA MISSION 1 — verified downloaded archive
2013-10-02 18:35:00+00:00,-0.5373422,7.818993126201719,NO ALERT,channel_45,1.3375845,REAL ESA MISSION 1 — verified downloaded archive
2013-10-02 18:36:00+00:00,-1.677191,7.818993126201719,NO ALERT,channel_45,1.3272382,REAL ESA MISSION 1 — verified downloaded archive
2013-10-02 18:37:00+00:00,-1.2837025,7.818993126201719,NO ALERT,channel_43,1.2397989,REAL ESA MISSION 1 — verified downloaded archive
2013-10-02 18:38:00+00:00,-1.4695286,7.818993126201719,NO ALERT,channel_43,1.5930147,REAL ESA MISSION 1 — verified downloaded archive
2013-10-02 18:39:00+00:00,-0.4372102,7.818993126201719,NO ALERT,channel_46,1.3409445,REAL ESA MISSION 1 — verified downloaded archive
2013-10-02 18:40:00+00:00,-1.3956751,7.818993126201719,NO ALERT,channel_46,1.3370649,REAL ESA MISSION 1 — verified downloaded archive
2013-10-02 18:41:00+00:00,-0.669417,7.818993126201719,NO ALERT,channel_43,1.9106061,REAL ESA MISSION 1 — verified downloaded archive
2013-10-02 18:42:00+00:00,-0.8662695,7.818993126201719,NO ALERT,channel_43,1.4158807,REAL ESA MISSION 1 — verified downloaded archive
2013-10-02 18:43:00+00:00,0.31725004,7.818993126201719,NO ALERT,channel_46,1.1653925,REAL ESA MISSION 1 — verified downloaded archive
2013-10-02 18:44:00+00:00,-0.71033967,7.818993126201719,NO ALERT,channel_44,1.6266834,REAL ESA MISSION 1 — verified downloaded archive
2013-10-02 18:45:00+00:00,-0.6711858,7.818993126201719,NO ALERT,channel_44,1.219273,REAL ESA MISSION 1 — verified downloaded archive
2013-10-02 18:46:00+00:00,-1.817366,7.818993126201719,NO ALERT,channel_44,1.584781,REAL ESA MISSION 1 — verified downloaded archive
2013-10-02 18:47:00+00:00,-0.73902184,7.818993126201719,NO ALERT,channel_44,1.6801738,REAL ESA MISSION 1 — verified downloaded archive
2013-10-02 18:48:00+00:00,0.053556483,7.818993126201719,NO ALERT,channel_44,1.6534734,REAL ESA MISSION 1 — verified downloaded archive
2013-10-02 18:49:00+00:00,-0.38147017,7.818993126201719,NO ALERT,channel_41,1.368902,REAL ESA MISSION 1 — verified downloaded archive
2013-10-02 18:50:00+00:00,0.32751003,7.818993126201719,NO ALERT,channel_41,1.50071,REAL ESA MISSION 1 — verified downloaded archive
2013-10-02 18:51:00+00:00,-0.6529071,7.818993126201719,NO ALERT,channel_44,1.6020852,REAL ESA MISSION 1 — verified downloaded archive
2013-10-02 18:52:00+00:00,-0.9477905,7.818993126201719,NO ALERT,channel_42,1.5607924,REAL ESA MISSION 1 — verified downloaded archive
2013-10-02 18:53:00+00:00,-1.9959171,7.818993126201719,NO ALERT,channel_42,1.8849468,REAL ESA MISSION 1 — verified downloaded archive
2013-10-02 18:54:00+00:00,-0.46778575,7.818993126201719,NO ALERT,channel_45,1.4939486,REAL ESA MISSION 1 — verified downloaded archive
2013-10-02 18:55:00+00:00,-0.8883233,7.818993126201719,NO ALERT,channel_45,1.6193309,REAL ESA MISSION 1 — verified downloaded archive
2013-10-02 18:56:00+00:00,-0.4358087,7.818993126201719,NO ALERT,channel_45,1.2943909,REAL ESA MISSION 1 — verified downloaded archive
2013-10-02 18:57:00+00:00,-0.8607314,7.818993126201719,NO ALERT,channel_45,1.4277711,REAL ESA MISSION 1 — verified downloaded archive
2013-10-02 18:58:00+00:00,1.061804,7.818993126201719,NO ALERT,channel_45,1.9938941,REAL ESA MISSION 1 — verified downloaded archive
2013-10-02 18:59:00+00:00,-0.848862,7.818993126201719,NO ALERT,channel_46,1.742365,REAL ESA MISSION 1 — verified downloaded archive
2013-10-02 19:00:00+00:00,-1.0351148,7.818993126201719,NO ALERT,channel_42,2.1288385,REAL ESA MISSION 1 — verified downloaded archive
2013-10-02 19:01:00+00:00,-0.58879626,7.818993126201719,NO ALERT,channel_46,1.3006023,REAL ESA MISSION 1 — verified downloaded archive
2013-10-02 19:02:00+00:00,-0.8334879,7.818993126201719,NO ALERT,channel_43,1.4099643,REAL ESA MISSION 1 — verified downloaded archive
2013-10-02 19:03:00+00:00,-0.21194385,7.818993126201719,NO ALERT,channel_46,1.365653,REAL ESA MISSION 1 — verified downloaded archive
2013-10-02 19:04:00+00:00,-1.0559157,7.818993126201719,NO ALERT,channel_46,1.212483,REAL ESA MISSION 1 — verified downloaded archive
2013-10-02 19:05:00+00:00,-0.9550066,7.818993126201719,NO ALERT,channel_46,1.1961601,REAL ESA MISSION 1 — verified downloaded archive
2013-10-02 19:06:00+00:00,-1.0412209,7.818993126201719,NO ALERT,channel_46,1.4171683,REAL ESA MISSION 1 — verified downloaded archive
2013-10-02 19:07:00+00:00,-0.63468844,7.818993126201719,NO ALERT,channel_43,1.448181,REAL ESA MISSION 1 — verified downloaded archive
2013-10-02 19:08:00+00:00,0.22147779,7.818993126201719,NO ALERT,channel_44,1.5931554,REAL ESA MISSION 1 — verified downloaded archive
2013-10-02 19:09:00+00:00,-1.1842675,7.818993126201719,NO ALERT,channel_44,1.5621133,REAL ESA MISSION 1 — verified downloaded archive
2013-10-02 19:10:00+00:00,-0.4099678,7.818993126201719,NO ALERT,channel_41,1.7171521,REAL ESA MISSION 1 — verified downloaded archive
2013-10-02 19:11:00+00:00,-0.53301454,7.818993126201719,NO ALERT,channel_42,1.5739003,REAL ESA MISSION 1 — verified downloaded archive
2013-10-02 19:12:00+00:00,-0.64886904,7.818993126201719,NO ALERT,channel_44,1.2236137,REAL ESA MISSION 1 — verified downloaded archive
2013-10-02 19:13:00+00:00,-0.32079077,7.818993126201719,NO ALERT,channel_44,1.8364308,REAL ESA MISSION 1 — verified downloaded archive
2013-10-02 19:14:00+00:00,-0.6303306,7.818993126201719,NO ALERT,channel_44,1.1742941,REAL ESA MISSION 1 — verified downloaded archive
2013-10-02 19:15:00+00:00,-1.397999,7.818993126201719,NO ALERT,channel_41,1.3077818,REAL ESA MISSION 1 — verified downloaded archive
2013-10-02 19:16:00+00:00,-1.0816362,7.818993126201719,NO ALERT,channel_44,1.5452676,REAL ESA MISSION 1 — verified downloaded archive
2013-10-02 19:17:00+00:00,-0.46880215,7.818993126201719,NO ALERT,channel_41,1.6144489,REAL ESA MISSION 1 — verified downloaded archive
2013-10-02 19:18:00+00:00,0.2683644,7.818993126201719,NO ALERT,channel_42,2.0880158,REAL ESA MISSION 1 — verified downloaded archive
2013-10-02 19:19:00+00:00,-0.79023266,7.818993126201719,NO ALERT,channel_42,1.4744176,REAL ESA MISSION 1 — verified downloaded archive
2013-10-02 19:20:00+00:00,-1.3050424,7.818993126201719,NO ALERT,channel_44,1.5419915,REAL ESA MISSION 1 — verified downloaded archive
2013-10-02 19:21:00+00:00,-0.5923609,7.818993126201719,NO ALERT,channel_45,1.4709154,REAL ESA MISSION 1 — verified downloaded archive
2013-10-02 19:22:00+00:00,-1.0355626,7.818993126201719,NO ALERT,channel_46,1.6986092,REAL ESA MISSION 1 — verified downloaded archive
2013-10-02 19:23:00+00:00,-0.8010584,7.818993126201719,NO ALERT,channel_45,1.571116,REAL ESA MISSION 1 — verified downloaded archive
2013-10-02 19:24:00+00:00,-0.81060576,7.818993126201719,NO ALERT,channel_46,2.1111019,REAL ESA MISSION 1 — verified downloaded archive
2013-10-02 19:25:00+00:00,-1.2076081,7.818993126201719,NO ALERT,channel_46,1.2341549,REAL ESA MISSION 1 — verified downloaded archive
2013-10-02 19:26:00+00:00,-0.6835995,7.818993126201719,NO ALERT,channel_43,0.95605344,REAL ESA MISSION 1 — verified downloaded archive
2013-10-02 19:27:00+00:00,-1.4353979,7.818993126201719,NO ALERT,channel_46,1.4357793,REAL ESA MISSION 1 — verified downloaded archive
2013-10-02 19:28:00+00:00,-1.2680968,7.818993126201719,NO ALERT,channel_46,2.0319977,REAL ESA MISSION 1 — verified downloaded archive
2013-10-02 19:29:00+00:00,-0.6467266,7.818993126201719,NO ALERT,channel_43,1.5159129,REAL ESA MISSION 1 — verified downloaded archive
2013-10-02 19:30:00+00:00,-0.85532594,7.818993126201719,NO ALERT,channel_43,1.0193788,REAL ESA MISSION 1 — verified downloaded archive
2013-10-02 19:31:00+00:00,-0.97971433,7.818993126201719,NO ALERT,channel_43,1.3117884,REAL ESA MISSION 1 — verified downloaded archive
2013-10-02 19:32:00+00:00,-0.7659393,7.818993126201719,NO ALERT,channel_43,1.4641551,REAL ESA MISSION 1 — verified downloaded archive
2013-10-02 19:33:00+00:00,-0.75982785,7.818993126201719,NO ALERT,channel_44,1.4890778,REAL ESA MISSION 1 — verified downloaded archive
2013-10-02 19:34:00+00:00,-0.6348007,7.818993126201719,NO ALERT,channel_41,1.5002242,REAL ESA MISSION 1 — verified downloaded archive
2013-10-02 19:35:00+00:00,-1.0396823,7.818993126201719,NO ALERT,channel_44,1.6841949,REAL ESA MISSION 1 — verified downloaded archive
2013-10-02 19:36:00+00:00,-1.3190217,7.818993126201719,NO ALERT,channel_44,1.646302,REAL ESA MISSION 1 — verified downloaded archive
2013-10-02 19:37:00+00:00,-1.2967291,7.818993126201719,NO ALERT,channel_41,1.2492492,REAL ESA MISSION 1 — verified downloaded archive
2013-10-02 19:38:00+00:00,-1.519411,7.818993126201719,NO ALERT,channel_41,1.6784468,REAL ESA MISSION 1 — verified downloaded archive
2013-10-02 19:39:00+00:00,-1.4705106,7.818993126201719,NO ALERT,channel_42,1.4594766,REAL ESA MISSION 1 — verified downloaded archive
2013-10-02 19:40:00+00:00,-2.6261454,7.818993126201719,NO ALERT,channel_42,2.4318628,REAL ESA MISSION 1 — verified downloaded archive
2013-10-02 19:41:00+00:00,-0.23444007,7.818993126201719,NO ALERT,channel_42,1.4808904,REAL ESA MISSION 1 — verified downloaded archive
2013-10-02 19:42:00+00:00,-0.9084079,7.818993126201719,NO ALERT,channel_45,1.4307246,REAL ESA MISSION 1 — verified downloaded archive
2013-10-02 19:43:00+00:00,-0.49858698,7.818993126201719,NO ALERT,channel_45,1.3955994,REAL ESA MISSION 1 — verified downloaded archive
2013-10-02 19:44:00+00:00,-0.8883165,7.818993126201719,NO ALERT,channel_45,1.519834,REAL ESA MISSION 1 — verified downloaded archive
2013-10-02 19:45:00+00:00,-0.5442627,7.818993126201719,NO ALERT,channel_45,1.6398684,REAL ESA MISSION 1 — verified downloaded archive
2013-10-02 19:46:00+00:00,-0.5592762,7.818993126201719,NO ALERT,channel_42,1.1831758,REAL ESA MISSION 1 — verified downloaded archive
2013-10-02 19:47:00+00:00,-0.6584707,7.818993126201719,NO ALERT,channel_45,1.4576555,REAL ESA MISSION 1 — verified downloaded archive
2013-10-02 19:48:00+00:00,-0.5094719,7.818993126201719,NO ALERT,channel_45,1.6790957,REAL ESA MISSION 1 — verified downloaded archive
2013-10-02 19:49:00+00:00,-1.1425109,7.818993126201719,NO ALERT,channel_46,1.2703729,REAL ESA MISSION 1 — verified downloaded archive
2013-10-02 19:50:00+00:00,0.0003360696,7.818993126201719,NO ALERT,channel_46,1.4802096,REAL ESA MISSION 1 — verified downloaded archive
2013-10-02 19:51:00+00:00,-0.8518671,7.818993126201719,NO ALERT,channel_46,1.3335773,REAL ESA MISSION 1 — verified downloaded archive
2013-10-02 19:52:00+00:00,-0.43705967,7.818993126201719,NO ALERT,channel_45,1.1161971,REAL ESA MISSION 1 — verified downloaded archive
2013-10-02 19:53:00+00:00,-0.7040089,7.818993126201719,NO ALERT,channel_46,1.5515405,REAL ESA MISSION 1 — verified downloaded archive
2013-10-02 19:54:00+00:00,-0.9303682,7.818993126201719,NO ALERT,channel_43,1.6832855,REAL ESA MISSION 1 — verified downloaded archive
2013-10-02 19:55:00+00:00,-0.5379294,7.818993126201719,NO ALERT,channel_43,1.344657,REAL ESA MISSION 1 — verified downloaded archive
2013-10-02 19:56:00+00:00,-1.1989311,7.818993126201719,NO ALERT,channel_43,1.3286009,REAL ESA MISSION 1 — verified downloaded archive
2013-10-02 19:57:00+00:00,-0.9626771,7.818993126201719,NO ALERT,channel_43,1.1543287,REAL ESA MISSION 1 — verified downloaded archive
2013-10-02 19:58:00+00:00,0.16801958,7.818993126201719,NO ALERT,channel_43,1.6477686,REAL ESA MISSION 1 — verified downloaded archive
2013-10-02 19:59:00+00:00,-0.77536,7.818993126201719,NO ALERT,channel_44,1.2737813,REAL ESA MISSION 1 — verified downloaded archive
2013-10-02 20:00:00+00:00,-1.2400824,7.818993126201719,NO ALERT,channel_44,1.2559508,REAL ESA MISSION 1 — verified downloaded archive
2013-10-02 20:01:00+00:00,-1.6254828,7.818993126201719,NO ALERT,channel_43,0.9817706,REAL ESA MISSION 1 — verified downloaded archive
2013-10-02 20:02:00+00:00,-0.45261186,7.818993126201719,NO ALERT,channel_44,1.4689208,REAL ESA MISSION 1 — verified downloaded archive
2013-10-02 20:03:00+00:00,-1.0623127,7.818993126201719,NO ALERT,channel_42,1.7010437,REAL ESA MISSION 1 — verified downloaded archive
2013-10-02 20:04:00+00:00,-1.7661555,7.818993126201719,NO ALERT,channel_42,1.3211372,REAL ESA MISSION 1 — verified downloaded archive
2013-10-02 20:05:00+00:00,-0.68717295,7.818993126201719,NO ALERT,channel_45,1.3310794,REAL ESA MISSION 1 — verified downloaded archive
2013-10-02 20:06:00+00:00,-1.1644074,7.818993126201719,NO ALERT,channel_44,1.2971759,REAL ESA MISSION 1 — verified downloaded archive
2013-10-02 20:07:00+00:00,-1.3694073,7.818993126201719,NO ALERT,channel_45,1.423155,REAL ESA MISSION 1 — verified downloaded archive
2013-10-02 20:08:00+00:00,-0.27884766,7.818993126201719,NO ALERT,channel_45,1.5917121,REAL ESA MISSION 1 — verified downloaded archive
2013-10-02 20:09:00+00:00,-1.4546496,7.818993126201719,NO ALERT,channel_42,1.3111367,REAL ESA MISSION 1 — verified downloaded archive
2013-10-02 20:10:00+00:00,-0.8273761,7.818993126201719,NO ALERT,channel_45,1.4997501,REAL ESA MISSION 1 — verified downloaded archive
2013-10-02 20:11:00+00:00,-2.099707,7.818993126201719,NO ALERT,channel_42,1.2826856,REAL ESA MISSION 1 — verified downloaded archive
2013-10-02 20:12:00+00:00,-0.18322955,7.818993126201719,NO ALERT,channel_42,1.0623546,REAL ESA MISSION 1 — verified downloaded archive
2013-10-02 20:13:00+00:00,-1.2337706,7.818993126201719,NO ALERT,channel_45,1.5995333,REAL ESA MISSION 1 — verified downloaded archive
2013-10-02 20:14:00+00:00,-0.29467455,7.818993126201719,NO ALERT,channel_42,1.5849965,REAL ESA MISSION 1 — verified downloaded archive
2013-10-02 20:15:00+00:00,-0.5211947,7.818993126201719,NO ALERT,channel_42,1.5647055,REAL ESA MISSION 1 — verified downloaded archive
2013-10-02 20:16:00+00:00,-1.0994016,7.818993126201719,NO ALERT,channel_46,1.3144575,REAL ESA MISSION 1 — verified downloaded archive
2013-10-02 20:17:00+00:00,-0.94976187,7.818993126201719,NO ALERT,channel_45,1.1078264,REAL ESA MISSION 1 — verified downloaded archive
2013-10-02 20:18:00+00:00,-1.9093078,7.818993126201719,NO ALERT,channel_43,1.4957757,REAL ESA MISSION 1 — verified downloaded archive
2013-10-02 20:19:00+00:00,-0.92301744,7.818993126201719,NO ALERT,channel_46,1.4127891,REAL ESA MISSION 1 — verified downloaded archive
2013-10-02 20:20:00+00:00,-0.48493603,7.818993126201719,NO ALERT,channel_43,1.1466159,REAL ESA MISSION 1 — verified downloaded archive
2013-10-02 20:21:00+00:00,-0.64659536,7.818993126201719,NO ALERT,channel_46,1.2727128,REAL ESA MISSION 1 — verified downloaded archive
2013-10-02 20:22:00+00:00,-1.1852823,7.818993126201719,NO ALERT,channel_43,1.1245313,REAL ESA MISSION 1 — verified downloaded archive
2013-10-02 20:23:00+00:00,-1.7656517,7.818993126201719,NO ALERT,channel_44,1.6229912,REAL ESA MISSION 1 — verified downloaded archive
2013-10-02 20:24:00+00:00,-1.0768421,7.818993126201719,NO ALERT,channel_44,1.203803,REAL ESA MISSION 1 — verified downloaded archive
2013-10-02 20:25:00+00:00,-1.116767,7.818993126201719,NO ALERT,channel_44,1.8258084,REAL ESA MISSION 1 — verified downloaded archive
2013-10-02 20:26:00+00:00,-1.246343,7.818993126201719,NO ALERT,channel_41,1.1355162,REAL ESA MISSION 1 — verified downloaded archive
2013-10-02 20:27:00+00:00,-1.2992756,7.818993126201719,NO ALERT,channel_44,1.3736619,REAL ESA MISSION 1 — verified downloaded archive
2013-10-02 20:28:00+00:00,-1.0504308,7.818993126201719,NO ALERT,channel_44,1.490805,REAL ESA MISSION 1 — verified downloaded archive
2013-10-02 20:29:00+00:00,-0.8355087,7.818993126201719,NO ALERT,channel_44,1.6143878,REAL ESA MISSION 1 — verified downloaded archive
2013-10-02 20:30:00+00:00,-1.1542274,7.818993126201719,NO ALERT,channel_41,1.067421,REAL ESA MISSION 1 — verified downloaded archive
2013-10-02 20:31:00+00:00,-0.7684734,7.818993126201719,NO ALERT,channel_42,1.5771356,REAL ESA MISSION 1 — verified downloaded archive
2013-10-02 20:32:00+00:00,-0.87393296,7.818993126201719,NO ALERT,channel_44,1.069455,REAL ESA MISSION 1 — verified downloaded archive
2013-10-02 20:33:00+00:00,-1.216697,7.818993126201719,NO ALERT,channel_44,1.0692813,REAL ESA MISSION 1 — verified downloaded archive
2013-10-02 20:34:00+00:00,-1.0683013,7.818993126201719,NO ALERT,channel_41,1.367005,REAL ESA MISSION 1 — verified downloaded archive
2013-10-02 20:35:00+00:00,-0.71032953,7.818993126201719,NO ALERT,channel_41,1.0682396,REAL ESA MISSION 1 — verified downloaded archive
2013-10-02 20:36:00+00:00,-1.0038316,7.818993126201719,NO ALERT,channel_42,1.0944515,REAL ESA MISSION 1 — verified downloaded archive
2013-10-02 20:37:00+00:00,-0.3079472,7.818993126201719,NO ALERT,channel_45,0.93877757,REAL ESA MISSION 1 — verified downloaded archive
2013-10-02 20:38:00+00:00,-2.4665067,7.818993126201719,NO ALERT,channel_45,1.2889551,REAL ESA MISSION 1 — verified downloaded archive
2013-10-02 20:39:00+00:00,-0.61965907,7.818993126201719,NO ALERT,channel_42,0.6503001,REAL ESA MISSION 1 — verified downloaded archive
2013-10-02 20:40:00+00:00,-1.3104728,7.818993126201719,NO ALERT,channel_44,1.1564243,REAL ESA MISSION 1 — verified downloaded archive
2013-10-02 20:41:00+00:00,-0.9290702,7.818993126201719,NO ALERT,channel_46,1.4342548,REAL ESA MISSION 1 — verified downloaded archive
2013-10-02 20:42:00+00:00,-1.1130549,7.818993126201719,NO ALERT,channel_46,1.5415927,REAL ESA MISSION 1 — verified downloaded archive
2013-10-02 20:43:00+00:00,-1.5287641,7.818993126201719,NO ALERT,channel_43,0.89658594,REAL ESA MISSION 1 — verified downloaded archive
2013-10-02 20:44:00+00:00,-1.2563756,7.818993126201719,NO ALERT,channel_43,1.0370128,REAL ESA MISSION 1 — verified downloaded archive
2013-10-02 20:45:00+00:00,-0.7701907,7.818993126201719,NO ALERT,channel_43,0.87813044,REAL ESA MISSION 1 — verified downloaded archive
2013-10-02 20:46:00+00:00,-0.6636814,7.818993126201719,NO ALERT,channel_43,1.4900639,REAL ESA MISSION 1 — verified downloaded archive
2013-10-02 20:47:00+00:00,-1.1708635,7.818993126201719,NO ALERT,channel_43,1.0101075,REAL ESA MISSION 1 — verified downloaded archive
2013-10-02 20:48:00+00:00,-1.5041301,7.818993126201719,NO ALERT,channel_43,1.1761541,REAL ESA MISSION 1 — verified downloaded archive
2013-10-02 20:49:00+00:00,-0.46178988,7.818993126201719,NO ALERT,channel_43,1.0012317,REAL ESA MISSION 1 — verified downloaded archive
2013-10-02 20:50:00+00:00,-1.0656301,7.818993126201719,NO ALERT,channel_43,1.157058,REAL ESA MISSION 1 — verified downloaded archive
2013-10-02 20:51:00+00:00,-1.6919892,7.818993126201719,NO ALERT,channel_43,0.8552892,REAL ESA MISSION 1 — verified downloaded archive
2013-10-02 20:52:00+00:00,-0.93216836,7.818993126201719,NO ALERT,channel_46,1.1582813,REAL ESA MISSION 1 — verified downloaded archive
2013-10-02 20:53:00+00:00,-1.3840429,7.818993126201719,NO ALERT,channel_41,0.9915714,REAL ESA MISSION 1 — verified downloaded archive
2013-10-02 20:54:00+00:00,-1.0883824,7.818993126201719,NO ALERT,channel_41,0.9885815,REAL ESA MISSION 1 — verified downloaded archive
2013-10-02 20:55:00+00:00,-0.7675765,7.818993126201719,NO ALERT,channel_44,1.4684186,REAL ESA MISSION 1 — verified downloaded archive
2013-10-02 20:56:00+00:00,-1.0619605,7.818993126201719,NO ALERT,channel_42,1.1501089,REAL ESA MISSION 1 — verified downloaded archive
2013-10-02 20:57:00+00:00,-1.1277972,7.818993126201719,NO ALERT,channel_42,1.2506667,REAL ESA MISSION 1 — verified downloaded archive
2013-10-02 20:58:00+00:00,-1.1504954,7.818993126201719,NO ALERT,channel_42,1.3312187,REAL ESA MISSION 1 — verified downloaded archive
2013-10-02 20:59:00+00:00,-1.4311717,7.818993126201719,NO ALERT,channel_46,1.1735055,REAL ESA MISSION 1 — verified downloaded archive
2013-10-02 21:00:00+00:00,-1.5671288,7.818993126201719,NO ALERT,channel_46,2.0962515,REAL ESA MISSION 1 — verified downloaded archive
2013-10-02 21:01:00+00:00,-1.4215038,7.818993126201719,NO ALERT,channel_42,1.1497488,REAL ESA MISSION 1 — verified downloaded archive
2013-10-02 21:02:00+00:00,-1.2629907,7.818993126201719,NO ALERT,channel_45,1.0912739,REAL ESA MISSION 1 — verified downloaded archive
2013-10-02 21:03:00+00:00,-0.77382857,7.818993126201719,NO ALERT,channel_45,1.2198045,REAL ESA MISSION 1 — verified downloaded archive
2013-10-02 21:04:00+00:00,-1.532469,7.818993126201719,NO ALERT,channel_44,1.5517216,REAL ESA MISSION 1 — verified downloaded archive
2013-10-02 21:05:00+00:00,-0.40545714,7.818993126201719,NO ALERT,channel_45,1.0490881,REAL ESA MISSION 1 — verified downloaded archive
2013-10-02 21:06:00+00:00,-1.2941695,7.818993126201719,NO ALERT,channel_45,1.0484704,REAL ESA MISSION 1 — verified downloaded archive
2013-10-02 21:07:00+00:00,-1.4293196,7.818993126201719,NO ALERT,channel_43,0.83383536,REAL ESA MISSION 1 — verified downloaded archive
2013-10-02 21:08:00+00:00,-1.2618221,7.818993126201719,NO ALERT,channel_46,1.7509847,REAL ESA MISSION 1 — verified downloaded archive
2013-10-02 21:09:00+00:00,-0.3295546,7.818993126201719,NO ALERT,channel_41,0.8227308,REAL ESA MISSION 1 — verified downloaded archive
2013-10-02 21:10:00+00:00,-1.3823524,7.818993126201719,NO ALERT,channel_43,1.1260875,REAL ESA MISSION 1 — verified downloaded archive
2013-10-02 21:11:00+00:00,-1.0707616,7.818993126201719,NO ALERT,channel_41,0.7724417,REAL ESA MISSION 1 — verified downloaded archive
2013-10-02 21:12:00+00:00,-1.6591576,7.818993126201719,NO ALERT,channel_44,1.2681463,REAL ESA MISSION 1 — verified downloaded archive
2013-10-02 21:13:00+00:00,-1.1347047,7.818993126201719,NO ALERT,channel_41,1.4960916,REAL ESA MISSION 1 — verified downloaded archive
2013-10-02 21:14:00+00:00,-0.9999518,7.818993126201719,NO ALERT,channel_46,1.025797,REAL ESA MISSION 1 — verified downloaded archive
2013-10-02 21:15:00+00:00,-0.7804727,7.818993126201719,NO ALERT,channel_41,1.1093004,REAL ESA MISSION 1 — verified downloaded archive
2013-10-02 21:16:00+00:00,-1.2754174,7.818993126201719,NO ALERT,channel_41,1.0859184,REAL ESA MISSION 1 — verified downloaded archive
2013-10-02 21:17:00+00:00,-0.8977278,7.818993126201719,NO ALERT,channel_44,1.6712826,REAL ESA MISSION 1 — verified downloaded archive
2013-10-02 21:18:00+00:00,-1.2680712,7.818993126201719,NO ALERT,channel_44,1.6045599,REAL ESA MISSION 1 — verified downloaded archive
2013-10-02 21:19:00+00:00,-1.0838168,7.818993126201719,NO ALERT,channel_45,1.2784991,REAL ESA MISSION 1 — verified downloaded archive
2013-10-02 21:20:00+00:00,-1.5983974,7.818993126201719,NO ALERT,channel_44,1.8877469,REAL ESA MISSION 1 — verified downloaded archive
2013-10-02 21:21:00+00:00,-1.06594,7.818993126201719,NO ALERT,channel_42,1.818146,REAL ESA MISSION 1 — verified downloaded archive
2013-10-02 21:22:00+00:00,-1.0777589,7.818993126201719,NO ALERT,channel_42,1.4261012,REAL ESA MISSION 1 — verified downloaded archive
2013-10-02 21:23:00+00:00,-1.7757499,7.818993126201719,NO ALERT,channel_42,1.8523031,REAL ESA MISSION 1 — verified downloaded archive
2013-10-02 21:24:00+00:00,-0.420356,7.818993126201719,NO ALERT,channel_45,1.2802539,REAL ESA MISSION 1 — verified downloaded archive
2013-10-02 21:25:00+00:00,-1.191281,7.818993126201719,NO ALERT,channel_45,1.2548013,REAL ESA MISSION 1 — verified downloaded archive
2013-10-02 21:26:00+00:00,-1.3669027,7.818993126201719,NO ALERT,channel_42,1.4704499,REAL ESA MISSION 1 — verified downloaded archive
2013-10-02 21:27:00+00:00,-1.0662793,7.818993126201719,NO ALERT,channel_46,1.5035336,REAL ESA MISSION 1 — verified downloaded archive
2013-10-02 21:28:00+00:00,-0.46098885,7.818993126201719,NO ALERT,channel_46,2.0276852,REAL ESA MISSION 1 — verified downloaded archive
2013-10-02 21:29:00+00:00,-0.67842835,7.818993126201719,NO ALERT,channel_46,1.3207563,REAL ESA MISSION 1 — verified downloaded archive
2013-10-02 21:30:00+00:00,-0.9531993,7.818993126201719,NO ALERT,channel_46,2.0144331,REAL ESA MISSION 1 — verified downloaded archive
2013-10-02 21:31:00+00:00,-1.3532261,7.818993126201719,NO ALERT,channel_46,1.3793291,REAL ESA MISSION 1 — verified downloaded archive
2013-10-02 21:32:00+00:00,-1.4855788,7.818993126201719,NO ALERT,channel_43,1.3356781,REAL ESA MISSION 1 — verified downloaded archive
2013-10-02 21:33:00+00:00,-1.6369385,7.818993126201719,NO ALERT,channel_46,1.6964896,REAL ESA MISSION 1 — verified downloaded archive
2013-10-02 21:34:00+00:00,-1.3761159,7.818993126201719,NO ALERT,channel_43,1.2890948,REAL ESA MISSION 1 — verified downloaded archive
2013-10-02 21:35:00+00:00,-0.89406073,7.818993126201719,NO ALERT,channel_46,1.8896414,REAL ESA MISSION 1 — verified downloaded archive
2013-10-02 21:36:00+00:00,-1.9596437,7.818993126201719,NO ALERT,channel_44,1.2651467,REAL ESA MISSION 1 — verified downloaded archive
2013-10-02 21:37:00+00:00,-1.024941,7.818993126201719,NO ALERT,channel_41,1.6833415,REAL ESA MISSION 1 — verified downloaded archive
2013-10-02 21:38:00+00:00,-2.014081,7.818993126201719,NO ALERT,channel_44,1.4531931,REAL ESA MISSION 1 — verified downloaded archive
2013-10-02 21:39:00+00:00,-1.1712515,7.818993126201719,NO ALERT,channel_44,1.5562546,REAL ESA MISSION 1 — verified downloaded archive
2013-10-02 21:40:00+00:00,-1.531604,7.818993126201719,NO ALERT,channel_44,1.3880903,REAL ESA MISSION 1 — verified downloaded archive
2013-10-02 21:41:00+00:00,-1.1362951,7.818993126201719,NO ALERT,channel_41,1.5871235,REAL ESA MISSION 1 — verified downloaded archive
2013-10-02 21:42:00+00:00,-0.9669743,7.818993126201719,NO ALERT,channel_41,1.871441,REAL ESA MISSION 1 — verified downloaded archive
2013-10-02 21:43:00+00:00,-0.6291291,7.818993126201719,NO ALERT,channel_42,1.7422355,REAL ESA MISSION 1 — verified downloaded archive
2013-10-02 21:44:00+00:00,-1.6582129,7.818993126201719,NO ALERT,channel_42,1.2450796,REAL ESA MISSION 1 — verified downloaded archive
2013-10-02 21:45:00+00:00,-1.6308452,7.818993126201719,NO ALERT,channel_41,1.19903,REAL ESA MISSION 1 — verified downloaded archive
2013-10-02 21:46:00+00:00,-1.181336,7.818993126201719,NO ALERT,channel_42,1.539445,REAL ESA MISSION 1 — verified downloaded archive
2013-10-02 21:47:00+00:00,-1.603856,7.818993126201719,NO ALERT,channel_46,1.7679063,REAL ESA MISSION 1 — verified downloaded archive
2013-10-02 21:48:00+00:00,-0.9488113,7.818993126201719,NO ALERT,channel_42,1.82366,REAL ESA MISSION 1 — verified downloaded archive
2013-10-02 21:49:00+00:00,-0.79089004,7.818993126201719,NO ALERT,channel_42,1.7951804,REAL ESA MISSION 1 — verified downloaded archive
2013-10-02 21:50:00+00:00,-1.0000162,7.818993126201719,NO ALERT,channel_46,1.3214622,REAL ESA MISSION 1 — verified downloaded archive
2013-10-02 21:51:00+00:00,-0.5965732,7.818993126201719,NO ALERT,channel_45,1.3260416,REAL ESA MISSION 1 — verified downloaded archive
2013-10-02 21:52:00+00:00,-0.9277872,7.818993126201719,NO ALERT,channel_45,1.3129575,REAL ESA MISSION 1 — verified downloaded archive
2013-10-02 21:53:00+00:00,-1.2297256,7.818993126201719,NO ALERT,channel_46,1.4822104,REAL ESA MISSION 1 — verified downloaded archive
2013-10-02 21:54:00+00:00,-1.067693,7.818993126201719,NO ALERT,channel_46,1.5820742,REAL ESA MISSION 1 — verified downloaded archive
2013-10-02 21:55:00+00:00,-0.41977057,7.818993126201719,NO ALERT,channel_46,1.5647953,REAL ESA MISSION 1 — verified downloaded archive
2013-10-02 21:56:00+00:00,-0.619262,7.818993126201719,NO ALERT,channel_44,1.3233318,REAL ESA MISSION 1 — verified downloaded archive
2013-10-02 21:57:00+00:00,-2.4963655,7.818993126201719,NO ALERT,channel_46,1.898671,REAL ESA MISSION 1 — verified downloaded archive
2013-10-02 21:58:00+00:00,-0.91847575,7.818993126201719,NO ALERT,channel_44,1.7829822,REAL ESA MISSION 1 — verified downloaded archive
2013-10-02 21:59:00+00:00,-1.626791,7.818993126201719,NO ALERT,channel_43,1.6237327,REAL ESA MISSION 1 — verified downloaded archive
2013-10-02 22:00:00+00:00,-0.11646722,7.818993126201719,NO ALERT,channel_41,1.2425799,REAL ESA MISSION 1 — verified downloaded archive
2013-10-02 22:01:00+00:00,-1.9726919,7.818993126201719,NO ALERT,channel_44,1.9675422,REAL ESA MISSION 1 — verified downloaded archive
2013-10-02 22:02:00+00:00,-1.5388325,7.818993126201719,NO ALERT,channel_44,1.656992,REAL ESA MISSION 1 — verified downloaded archive
2013-10-02 22:03:00+00:00,-0.7845343,7.818993126201719,NO ALERT,channel_41,1.4669067,REAL ESA MISSION 1 — verified downloaded archive
2013-10-02 22:04:00+00:00,-0.6524508,7.818993126201719,NO ALERT,channel_44,1.611779,REAL ESA MISSION 1 — verified downloaded archive
2013-10-02 22:05:00+00:00,-0.9155232,7.818993126201719,NO ALERT,channel_41,1.5627357,REAL ESA MISSION 1 — verified downloaded archive
2013-10-02 22:06:00+00:00,-0.41498885,7.818993126201719,NO ALERT,channel_41,1.5355053,REAL ESA MISSION 1 — verified downloaded archive
2013-10-02 22:07:00+00:00,-1.0053225,7.818993126201719,NO ALERT,channel_41,1.1995914,REAL ESA MISSION 1 — verified downloaded archive
2013-10-02 22:08:00+00:00,-1.0939034,7.818993126201719,NO ALERT,channel_42,2.104868,REAL ESA MISSION 1 — verified downloaded archive
2013-10-02 22:09:00+00:00,-1.058838,7.818993126201719,NO ALERT,channel_41,1.3212816,REAL ESA MISSION 1 — verified downloaded archive
2013-10-02 22:10:00+00:00,-0.95140636,7.818993126201719,NO ALERT,channel_45,1.4021693,REAL ESA MISSION 1 — verified downloaded archive
2013-10-02 22:11:00+00:00,-1.5839108,7.818993126201719,NO ALERT,channel_42,1.3537441,REAL ESA MISSION 1 — verified downloaded archive
2013-10-02 22:12:00+00:00,-0.8849117,7.818993126201719,NO ALERT,channel_45,1.495951,REAL ESA MISSION 1 — verified downloaded archive
2013-10-02 22:13:00+00:00,-1.0161526,7.818993126201719,NO ALERT,channel_44,1.3673129,REAL ESA MISSION 1 — verified downloaded archive
2013-10-02 22:14:00+00:00,-1.2883753,7.818993126201719,NO ALERT,channel_45,1.592382,REAL ESA MISSION 1 — verified downloaded archive
2013-10-02 22:15:00+00:00,-1.0789028,7.818993126201719,NO ALERT,channel_45,1.4211376,REAL ESA MISSION 1 — verified downloaded archive
2013-10-02 22:16:00+00:00,-0.7116989,7.818993126201719,NO ALERT,channel_46,1.8363084,REAL ESA MISSION 1 — verified downloaded archive
2013-10-02 22:17:00+00:00,-1.2652466,7.818993126201719,NO ALERT,channel_46,1.4432307,REAL ESA MISSION 1 — verified downloaded archive
2013-10-02 22:18:00+00:00,-1.7717572,7.818993126201719,NO ALERT,channel_43,1.5048137,REAL ESA MISSION 1 — verified downloaded archive
2013-10-02 22:19:00+00:00,-1.6634458,7.818993126201719,NO ALERT,channel_46,1.3869284,REAL ESA MISSION 1 — verified downloaded archive
2013-10-02 22:20:00+00:00,-1.1183411,7.818993126201719,NO ALERT,channel_46,1.9681724,REAL ESA MISSION 1 — verified downloaded archive
2013-10-02 22:21:00+00:00,-1.3396435,7.818993126201719,NO ALERT,channel_46,2.2899354,REAL ESA MISSION 1 — verified downloaded archive
2013-10-02 22:22:00+00:00,-1.5378586,7.818993126201719,NO ALERT,channel_46,1.650422,REAL ESA MISSION 1 — verified downloaded archive
2013-10-02 22:23:00+00:00,-0.69237274,7.818993126201719,NO ALERT,channel_46,1.6396781,REAL ESA MISSION 1 — verified downloaded archive
2013-10-02 22:24:00+00:00,-1.4021423,7.818993126201719,NO ALERT,channel_44,1.7829462,REAL ESA MISSION 1 — verified downloaded archive
2013-10-02 22:25:00+00:00,-0.73430943,7.818993126201719,NO ALERT,channel_43,1.3239294,REAL ESA MISSION 1 — verified downloaded archive
2013-10-02 22:26:00+00:00,-0.84825516,7.818993126201719,NO ALERT,channel_44,1.8607312,REAL ESA MISSION 1 — verified downloaded archive
2013-10-02 22:27:00+00:00,-0.92907625,7.818993126201719,NO ALERT,channel_43,1.1431444,REAL ESA MISSION 1 — verified downloaded archive
2013-10-02 22:28:00+00:00,-0.9843179,7.818993126201719,NO ALERT,channel_41,1.431638,REAL ESA MISSION 1 — verified downloaded archive
2013-10-02 22:29:00+00:00,-0.7485932,7.818993126201719,NO ALERT,channel_44,1.7906768,REAL ESA MISSION 1 — verified downloaded archive
2013-10-02 22:30:00+00:00,-1.8266209,7.818993126201719,NO ALERT,channel_44,1.3640164,REAL ESA MISSION 1 — verified downloaded archive
2013-10-02 22:31:00+00:00,-0.6832768,7.818993126201719,NO ALERT,channel_41,1.362878,REAL ESA MISSION 1 — verified downloaded archive
2013-10-02 22:32:00+00:00,-0.3017047,7.818993126201719,NO ALERT,channel_42,1.9147907,REAL ESA MISSION 1 — verified downloaded archive
2013-10-02 22:33:00+00:00,-1.0939015,7.818993126201719,NO ALERT,channel_42,1.5125233,REAL ESA MISSION 1 — verified downloaded archive
2013-10-02 22:34:00+00:00,-0.8275965,7.818993126201719,NO ALERT,channel_42,1.3617697,REAL ESA MISSION 1 — verified downloaded archive
2013-10-02 22:35:00+00:00,-1.6138192,7.818993126201719,NO ALERT,channel_45,1.3236622,REAL ESA MISSION 1 — verified downloaded archive
2013-10-02 22:36:00+00:00,-1.1252301,7.818993126201719,NO ALERT,channel_45,1.4353746,REAL ESA MISSION 1 — verified downloaded archive
2013-10-02 22:37:00+00:00,-1.0179211,7.818993126201719,NO ALERT,channel_45,1.5595368,REAL ESA MISSION 1 — verified downloaded archive
2013-10-02 22:38:00+00:00,0.2120694,7.818993126201719,NO ALERT,channel_45,1.6138382,REAL ESA MISSION 1 — verified downloaded archive
2013-10-02 22:39:00+00:00,-0.4966267,7.818993126201719,NO ALERT,channel_42,2.0142264,REAL ESA MISSION 1 — verified downloaded archive
2013-10-02 22:40:00+00:00,-1.7093801,7.818993126201719,NO ALERT,channel_46,2.0110962,REAL ESA MISSION 1 — verified downloaded archive
2013-10-02 22:41:00+00:00,-1.3286425,7.818993126201719,NO ALERT,channel_45,1.4834013,REAL ESA MISSION 1 — verified downloaded archive
2013-10-02 22:42:00+00:00,-1.2753041,7.818993126201719,NO ALERT,channel_46,1.3598783,REAL ESA MISSION 1 — verified downloaded archive
2013-10-02 22:43:00+00:00,-0.9717552,7.818993126201719,NO ALERT,channel_45,1.3117303,REAL ESA MISSION 1 — verified downloaded archive
2013-10-02 22:44:00+00:00,-0.9800982,7.818993126201719,NO ALERT,channel_43,1.2302793,REAL ESA MISSION 1 — verified downloaded archive
2013-10-02 22:45:00+00:00,-1.5051526,7.818993126201719,NO ALERT,channel_43,1.37481,REAL ESA MISSION 1 — verified downloaded archive
2013-10-02 22:46:00+00:00,-0.7079206,7.818993126201719,NO ALERT,channel_43,1.5170017,REAL ESA MISSION 1 — verified downloaded archive
2013-10-02 22:47:00+00:00,-1.268124,7.818993126201719,NO ALERT,channel_43,1.6584243,REAL ESA MISSION 1 — verified downloaded archive
2013-10-02 22:48:00+00:00,-1.0785204,7.818993126201719,NO ALERT,channel_46,1.567369,REAL ESA MISSION 1 — verified downloaded archive
2013-10-02 22:49:00+00:00,-1.3632897,7.818993126201719,NO ALERT,channel_41,1.2841281,REAL ESA MISSION 1 — verified downloaded archive
2013-10-02 22:50:00+00:00,-1.4970862,7.818993126201719,NO ALERT,channel_44,1.2501142,REAL ESA MISSION 1 — verified downloaded archive
2013-10-02 22:51:00+00:00,-1.3224106,7.818993126201719,NO ALERT,channel_41,1.371478,REAL ESA MISSION 1 — verified downloaded archive
2013-10-02 22:52:00+00:00,-1.105383,7.818993126201719,NO ALERT,channel_41,1.6489356,REAL ESA MISSION 1 — verified downloaded archive
2013-10-02 22:53:00+00:00,-1.3992561,7.818993126201719,NO ALERT,channel_44,1.9632609,REAL ESA MISSION 1 — verified downloaded archive
2013-10-02 22:54:00+00:00,-1.1597456,7.818993126201719,NO ALERT,channel_41,1.5963429,REAL ESA MISSION 1 — verified downloaded archive
2013-10-02 22:55:00+00:00,-2.4057658,7.818993126201719,NO ALERT,channel_44,1.5363134,REAL ESA MISSION 1 — verified downloaded archive
2013-10-02 22:56:00+00:00,-1.2960851,7.818993126201719,NO ALERT,channel_41,1.5642358,REAL ESA MISSION 1 — verified downloaded archive
2013-10-02 22:57:00+00:00,-1.684241,7.818993126201719,NO ALERT,channel_44,2.0221262,REAL ESA MISSION 1 — verified downloaded archive
2013-10-02 22:58:00+00:00,-0.7980993,7.818993126201719,NO ALERT,channel_42,1.6952001,REAL ESA MISSION 1 — verified downloaded archive
2013-10-02 22:59:00+00:00,-2.0500658,7.818993126201719,NO ALERT,channel_45,1.3399537,REAL ESA MISSION 1 — verified downloaded archive
2013-10-02 23:00:00+00:00,-1.4147799,7.818993126201719,NO ALERT,channel_45,1.6068618,REAL ESA MISSION 1 — verified downloaded archive
2013-10-02 23:01:00+00:00,-1.4689991,7.818993126201719,NO ALERT,channel_46,1.5405095,REAL ESA MISSION 1 — verified downloaded archive
2013-10-02 23:02:00+00:00,-1.863695,7.818993126201719,NO ALERT,channel_42,1.6038784,REAL ESA MISSION 1 — verified downloaded archive
2013-10-02 23:03:00+00:00,-1.5861398,7.818993126201719,NO ALERT,channel_46,1.33381,REAL ESA MISSION 1 — verified downloaded archive
2013-10-02 23:04:00+00:00,-0.9975912,7.818993126201719,NO ALERT,channel_45,1.3568062,REAL ESA MISSION 1 — verified downloaded archive
2013-10-02 23:05:00+00:00,-1.7914417,7.818993126201719,NO ALERT,channel_45,1.3464152,REAL ESA MISSION 1 — verified downloaded archive
2013-10-02 23:06:00+00:00,-0.46451184,7.818993126201719,NO ALERT,channel_46,1.7189766,REAL ESA MISSION 1 — verified downloaded archive
2013-10-02 23:07:00+00:00,-1.4266309,7.818993126201719,NO ALERT,channel_46,1.439753,REAL ESA MISSION 1 — verified downloaded archive
2013-10-02 23:08:00+00:00,-1.6944759,7.818993126201719,NO ALERT,channel_46,1.9406612,REAL ESA MISSION 1 — verified downloaded archive
2013-10-02 23:09:00+00:00,-1.6276493,7.818993126201719,NO ALERT,channel_46,1.6068467,REAL ESA MISSION 1 — verified downloaded archive
2013-10-02 23:10:00+00:00,-1.3044001,7.818993126201719,NO ALERT,channel_46,2.300411,REAL ESA MISSION 1 — verified downloaded archive
2013-10-02 23:11:00+00:00,-1.6742512,7.818993126201719,NO ALERT,channel_46,1.7834516,REAL ESA MISSION 1 — verified downloaded archive
2013-10-02 23:12:00+00:00,-1.2958485,7.818993126201719,NO ALERT,channel_43,1.5702883,REAL ESA MISSION 1 — verified downloaded archive
2013-10-02 23:13:00+00:00,-0.44487777,7.818993126201719,NO ALERT,channel_44,1.6025034,REAL ESA MISSION 1 — verified downloaded archive
2013-10-02 23:14:00+00:00,-1.1288332,7.818993126201719,NO ALERT,channel_46,1.7116941,REAL ESA MISSION 1 — verified downloaded archive
2013-10-02 23:15:00+00:00,-0.5103227,7.818993126201719,NO ALERT,channel_44,2.04476,REAL ESA MISSION 1 — verified downloaded archive
2013-10-02 23:16:00+00:00,-1.2861491,7.818993126201719,NO ALERT,channel_44,1.7358236,REAL ESA MISSION 1 — verified downloaded archive
2013-10-02 23:17:00+00:00,-0.7008872,7.818993126201719,NO ALERT,channel_41,1.3042862,REAL ESA MISSION 1 — verified downloaded archive
2013-10-02 23:18:00+00:00,-0.86582446,7.818993126201719,NO ALERT,channel_44,1.6771153,REAL ESA MISSION 1 — verified downloaded archive
2013-10-02 23:19:00+00:00,-0.44971275,7.818993126201719,NO ALERT,channel_42,1.4366862,REAL ESA MISSION 1 — verified downloaded archive
2013-10-02 23:20:00+00:00,-1.6228778,7.818993126201719,NO ALERT,channel_42,1.3904431,REAL ESA MISSION 1 — verified downloaded archive
2013-10-02 23:21:00+00:00,-1.520462,7.818993126201719,NO ALERT,channel_45,1.2730258,REAL ESA MISSION 1 — verified downloaded archive
2013-10-02 23:22:00+00:00,-0.6930145,7.818993126201719,NO ALERT,channel_44,1.1251922,REAL ESA MISSION 1 — verified downloaded archive
2013-10-02 23:23:00+00:00,-0.9690635,7.818993126201719,NO ALERT,channel_42,1.3051918,REAL ESA MISSION 1 — verified downloaded archive
2013-10-02 23:24:00+00:00,-1.9105679,7.818993126201719,NO ALERT,channel_42,1.6159806,REAL ESA MISSION 1 — verified downloaded archive
2013-10-02 23:25:00+00:00,-0.7788323,7.818993126201719,NO ALERT,channel_45,1.7403858,REAL ESA MISSION 1 — verified downloaded archive
2013-10-02 23:26:00+00:00,-0.32096308,7.818993126201719,NO ALERT,channel_42,1.4503593,REAL ESA MISSION 1 — verified downloaded archive
2013-10-02 23:27:00+00:00,-0.8081885,7.818993126201719,NO ALERT,channel_42,1.6440656,REAL ESA MISSION 1 — verified downloaded archive
2013-10-02 23:28:00+00:00,-1.3775688,7.818993126201719,NO ALERT,channel_42,1.9028357,REAL ESA MISSION 1 — verified downloaded archive
2013-10-02 23:29:00+00:00,-0.23153515,7.818993126201719,NO ALERT,channel_42,1.3574357,REAL ESA MISSION 1 — verified downloaded archive
2013-10-02 23:30:00+00:00,-0.9261059,7.818993126201719,NO ALERT,channel_45,1.1949424,REAL ESA MISSION 1 — verified downloaded archive
2013-10-02 23:31:00+00:00,-1.0732557,7.818993126201719,NO ALERT,channel_46,1.0342981,REAL ESA MISSION 1 — verified downloaded archive
2013-10-02 23:32:00+00:00,-1.7020117,7.818993126201719,NO ALERT,channel_46,1.5019953,REAL ESA MISSION 1 — verified downloaded archive
2013-10-02 23:33:00+00:00,-1.5995493,7.818993126201719,NO ALERT,channel_46,1.6097213,REAL ESA MISSION 1 — verified downloaded archive
2013-10-02 23:34:00+00:00,-0.98748285,7.818993126201719,NO ALERT,channel_46,1.5963959,REAL ESA MISSION 1 — verified downloaded archive
2013-10-02 23:35:00+00:00,-1.1546031,7.818993126201719,NO ALERT,channel_43,1.2092699,REAL ESA MISSION 1 — verified downloaded archive
2013-10-02 23:36:00+00:00,-2.963647,7.818993126201719,NO ALERT,channel_46,2.9007132,REAL ESA MISSION 1 — verified downloaded archive
2013-10-02 23:37:00+00:00,-0.7591425,7.818993126201719,NO ALERT,channel_44,1.5780485,REAL ESA MISSION 1 — verified downloaded archive
2013-10-02 23:38:00+00:00,-2.152467,7.818993126201719,NO ALERT,channel_43,1.5072379,REAL ESA MISSION 1 — verified downloaded archive
2013-10-02 23:39:00+00:00,-1.2609472,7.818993126201719,NO ALERT,channel_41,1.4468588,REAL ESA MISSION 1 — verified downloaded archive
2013-10-02 23:40:00+00:00,-0.40844688,7.818993126201719,NO ALERT,channel_41,1.2538923,REAL ESA MISSION 1 — verified downloaded archive
2013-10-02 23:41:00+00:00,-0.98579603,7.818993126201719,NO ALERT,channel_41,1.3767258,REAL ESA MISSION 1 — verified downloaded archive
2013-10-02 23:42:00+00:00,-1.1326876,7.818993126201719,NO ALERT,channel_41,1.5040883,REAL ESA MISSION 1 — verified downloaded archive
2013-10-02 23:43:00+00:00,-2.0320785,7.818993126201719,NO ALERT,channel_41,1.4753808,REAL ESA MISSION 1 — verified downloaded archive
2013-10-02 23:44:00+00:00,-1.1297567,7.818993126201719,NO ALERT,channel_41,1.2928606,REAL ESA MISSION 1 — verified downloaded archive
2013-10-02 23:45:00+00:00,-1.0960826,7.818993126201719,NO ALERT,channel_41,1.4277655,REAL ESA MISSION 1 — verified downloaded archive
2013-10-02 23:46:00+00:00,-0.69886327,7.818993126201719,NO ALERT,channel_45,1.2237755,REAL ESA MISSION 1 — verified downloaded archive
2013-10-02 23:47:00+00:00,-1.2092355,7.818993126201719,NO ALERT,channel_44,1.8882849,REAL ESA MISSION 1 — verified downloaded archive
2013-10-02 23:48:00+00:00,0.19006135,7.818993126201719,NO ALERT,channel_44,1.7569762,REAL ESA MISSION 1 — verified downloaded archive
2013-10-02 23:49:00+00:00,-2.720556,7.818993126201719,NO ALERT,channel_46,1.2461449,REAL ESA MISSION 1 — verified downloaded archive
2013-10-02 23:50:00+00:00,-0.38037053,7.818993126201719,NO ALERT,channel_45,1.2715232,REAL ESA MISSION 1 — verified downloaded archive
2013-10-02 23:51:00+00:00,0.043436427,7.818993126201719,NO ALERT,channel_42,1.2620916,REAL ESA MISSION 1 — verified downloaded archive
2013-10-02 23:52:00+00:00,-1.2135428,7.818993126201719,NO ALERT,channel_45,2.1358736,REAL ESA MISSION 1 — verified downloaded archive
2013-10-02 23:53:00+00:00,-0.51624537,7.818993126201719,NO ALERT,channel_42,1.4829971,REAL ESA MISSION 1 — verified downloaded archive
2013-10-02 23:54:00+00:00,-1.0429423,7.818993126201719,NO ALERT,channel_45,1.4998368,REAL ESA MISSION 1 — verified downloaded archive
2013-10-02 23:55:00+00:00,-0.97431636,7.818993126201719,NO ALERT,channel_46,1.7228335,REAL ESA MISSION 1 — verified downloaded archive
2013-10-02 23:56:00+00:00,-1.0105826,7.818993126201719,NO ALERT,channel_45,1.3317178,REAL ESA MISSION 1 — verified downloaded archive
2013-10-02 23:57:00+00:00,-0.6990262,7.818993126201719,NO ALERT,channel_46,1.6507374,REAL ESA MISSION 1 — verified downloaded archive
2013-10-02 23:58:00+00:00,-1.7907581,7.818993126201719,NO ALERT,channel_46,1.9648428,REAL ESA MISSION 1 — verified downloaded archive
2013-10-02 23:59:00+00:00,-1.0837597,7.818993126201719,NO ALERT,channel_46,1.4837018,REAL ESA MISSION 1 — verified downloaded archive
