timestamp,model_score,alert_threshold,status,largest_recent_deviation_channel,largest_recent_deviation_standardized,source,instant_alert,active_alert
2013-09-30 00:00:00+00:00,,7.818993126201719,UNSCORED,,,USER-SUPPLIED TELEMETRY — origin not verified,False,False
2013-09-30 00:01:00+00:00,,7.818993126201719,UNSCORED,,,USER-SUPPLIED TELEMETRY — origin not verified,False,False
2013-09-30 00:02:00+00:00,,7.818993126201719,UNSCORED,,,USER-SUPPLIED TELEMETRY — origin not verified,False,False
2013-09-30 00:03:00+00:00,,7.818993126201719,UNSCORED,,,USER-SUPPLIED TELEMETRY — origin not verified,False,False
2013-09-30 00:04:00+00:00,,7.818993126201719,UNSCORED,,,USER-SUPPLIED TELEMETRY — origin not verified,False,False
2013-09-30 00:05:00+00:00,,7.818993126201719,UNSCORED,,,USER-SUPPLIED TELEMETRY — origin not verified,False,False
2013-09-30 00:06:00+00:00,,7.818993126201719,UNSCORED,,,USER-SUPPLIED TELEMETRY — origin not verified,False,False
2013-09-30 00:07:00+00:00,,7.818993126201719,UNSCORED,,,USER-SUPPLIED TELEMETRY — origin not verified,False,False
2013-09-30 00:08:00+00:00,,7.818993126201719,UNSCORED,,,USER-SUPPLIED TELEMETRY — origin not verified,False,False
2013-09-30 00:09:00+00:00,,7.818993126201719,UNSCORED,,,USER-SUPPLIED TELEMETRY — origin not verified,False,False
2013-09-30 00:10:00+00:00,,7.818993126201719,UNSCORED,,,USER-SUPPLIED TELEMETRY — origin not verified,False,False
2013-09-30 00:11:00+00:00,,7.818993126201719,UNSCORED,,,USER-SUPPLIED TELEMETRY — origin not verified,False,False
2013-09-30 00:12:00+00:00,,7.818993126201719,UNSCORED,,,USER-SUPPLIED TELEMETRY — origin not verified,False,False
2013-09-30 00:13:00+00:00,,7.818993126201719,UNSCORED,,,USER-SUPPLIED TELEMETRY — origin not verified,False,False
2013-09-30 00:14:00+00:00,,7.818993126201719,UNSCORED,,,USER-SUPPLIED TELEMETRY — origin not verified,False,False
2013-09-30 00:15:00+00:00,,7.818993126201719,UNSCORED,,,USER-SUPPLIED TELEMETRY — origin not verified,False,False
2013-09-30 00:16:00+00:00,,7.818993126201719,UNSCORED,,,USER-SUPPLIED TELEMETRY — origin not verified,False,False
2013-09-30 00:17:00+00:00,,7.818993126201719,UNSCORED,,,USER-SUPPLIED TELEMETRY — origin not verified,False,False
2013-09-30 00:18:00+00:00,,7.818993126201719,UNSCORED,,,USER-SUPPLIED TELEMETRY — origin not verified,False,False
2013-09-30 00:19:00+00:00,,7.818993126201719,UNSCORED,,,USER-SUPPLIED TELEMETRY — origin not verified,False,False
2013-09-30 00:20:00+00:00,,7.818993126201719,UNSCORED,,,USER-SUPPLIED TELEMETRY — origin not verified,False,False
2013-09-30 00:21:00+00:00,,7.818993126201719,UNSCORED,,,USER-SUPPLIED TELEMETRY — origin not verified,False,False
2013-09-30 00:22:00+00:00,,7.818993126201719,UNSCORED,,,USER-SUPPLIED TELEMETRY — origin not verified,False,False
2013-09-30 00:23:00+00:00,,7.818993126201719,UNSCORED,,,USER-SUPPLIED TELEMETRY — origin not verified,False,False
2013-09-30 00:24:00+00:00,,7.818993126201719,UNSCORED,,,USER-SUPPLIED TELEMETRY — origin not verified,False,False
2013-09-30 00:25:00+00:00,,7.818993126201719,UNSCORED,,,USER-SUPPLIED TELEMETRY — origin not verified,False,False
2013-09-30 00:26:00+00:00,,7.818993126201719,UNSCORED,,,USER-SUPPLIED TELEMETRY — origin not verified,False,False
2013-09-30 00:27:00+00:00,,7.818993126201719,UNSCORED,,,USER-SUPPLIED TELEMETRY — origin not verified,False,False
2013-09-30 00:28:00+00:00,,7.818993126201719,UNSCORED,,,USER-SUPPLIED TELEMETRY — origin not verified,False,False
2013-09-30 00:29:00+00:00,,7.818993126201719,UNSCORED,,,USER-SUPPLIED TELEMETRY — origin not verified,False,False
2013-09-30 00:30:00+00:00,,7.818993126201719,UNSCORED,,,USER-SUPPLIED TELEMETRY — origin not verified,False,False
2013-09-30 00:31:00+00:00,,7.818993126201719,UNSCORED,,,USER-SUPPLIED TELEMETRY — origin not verified,False,False
2013-09-30 00:32:00+00:00,,7.818993126201719,UNSCORED,,,USER-SUPPLIED TELEMETRY — origin not verified,False,False
2013-09-30 00:33:00+00:00,,7.818993126201719,UNSCORED,,,USER-SUPPLIED TELEMETRY — origin not verified,False,False
2013-09-30 00:34:00+00:00,,7.818993126201719,UNSCORED,,,USER-SUPPLIED TELEMETRY — origin not verified,False,False
2013-09-30 00:35:00+00:00,,7.818993126201719,UNSCORED,,,USER-SUPPLIED TELEMETRY — origin not verified,False,False
2013-09-30 00:36:00+00:00,,7.818993126201719,UNSCORED,,,USER-SUPPLIED TELEMETRY — origin not verified,False,False
2013-09-30 00:37:00+00:00,,7.818993126201719,UNSCORED,,,USER-SUPPLIED TELEMETRY — origin not verified,False,False
2013-09-30 00:38:00+00:00,,7.818993126201719,UNSCORED,,,USER-SUPPLIED TELEMETRY — origin not verified,False,False
2013-09-30 00:39:00+00:00,,7.818993126201719,UNSCORED,,,USER-SUPPLIED TELEMETRY — origin not verified,False,False
2013-09-30 00:40:00+00:00,,7.818993126201719,UNSCORED,,,USER-SUPPLIED TELEMETRY — origin not verified,False,False
2013-09-30 00:41:00+00:00,,7.818993126201719,UNSCORED,,,USER-SUPPLIED TELEMETRY — origin not verified,False,False
2013-09-30 00:42:00+00:00,,7.818993126201719,UNSCORED,,,USER-SUPPLIED TELEMETRY — origin not verified,False,False
2013-09-30 00:43:00+00:00,,7.818993126201719,UNSCORED,,,USER-SUPPLIED TELEMETRY — origin not verified,False,False
2013-09-30 00:44:00+00:00,,7.818993126201719,UNSCORED,,,USER-SUPPLIED TELEMETRY — origin not verified,False,False
2013-09-30 00:45:00+00:00,,7.818993126201719,UNSCORED,,,USER-SUPPLIED TELEMETRY — origin not verified,False,False
2013-09-30 00:46:00+00:00,,7.818993126201719,UNSCORED,,,USER-SUPPLIED TELEMETRY — origin not verified,False,False
2013-09-30 00:47:00+00:00,,7.818993126201719,UNSCORED,,,USER-SUPPLIED TELEMETRY — origin not verified,False,False
2013-09-30 00:48:00+00:00,,7.818993126201719,UNSCORED,,,USER-SUPPLIED TELEMETRY — origin not verified,False,False
2013-09-30 00:49:00+00:00,,7.818993126201719,UNSCORED,,,USER-SUPPLIED TELEMETRY — origin not verified,False,False
2013-09-30 00:50:00+00:00,,7.818993126201719,UNSCORED,,,USER-SUPPLIED TELEMETRY — origin not verified,False,False
2013-09-30 00:51:00+00:00,,7.818993126201719,UNSCORED,,,USER-SUPPLIED TELEMETRY — origin not verified,False,False
2013-09-30 00:52:00+00:00,,7.818993126201719,UNSCORED,,,USER-SUPPLIED TELEMETRY — origin not verified,False,False
2013-09-30 00:53:00+00:00,,7.818993126201719,UNSCORED,,,USER-SUPPLIED TELEMETRY — origin not verified,False,False
2013-09-30 00:54:00+00:00,,7.818993126201719,UNSCORED,,,USER-SUPPLIED TELEMETRY — origin not verified,False,False
2013-09-30 00:55:00+00:00,,7.818993126201719,UNSCORED,,,USER-SUPPLIED TELEMETRY — origin not verified,False,False
2013-09-30 00:56:00+00:00,,7.818993126201719,UNSCORED,,,USER-SUPPLIED TELEMETRY — origin not verified,False,False
2013-09-30 00:57:00+00:00,,7.818993126201719,UNSCORED,,,USER-SUPPLIED TELEMETRY — origin not verified,False,False
2013-09-30 00:58:00+00:00,,7.818993126201719,UNSCORED,,,USER-SUPPLIED TELEMETRY — origin not verified,False,False
2013-09-30 00:59:00+00:00,,7.818993126201719,UNSCORED,,,USER-SUPPLIED TELEMETRY — origin not verified,False,False
2013-09-30 01:00:00+00:00,,7.818993126201719,UNSCORED,,,USER-SUPPLIED TELEMETRY — origin not verified,False,False
2013-09-30 01:01:00+00:00,,7.818993126201719,UNSCORED,,,USER-SUPPLIED TELEMETRY — origin not verified,False,False
2013-09-30 01:02:00+00:00,,7.818993126201719,UNSCORED,,,USER-SUPPLIED TELEMETRY — origin not verified,False,False
2013-09-30 01:03:00+00:00,,7.818993126201719,UNSCORED,,,USER-SUPPLIED TELEMETRY — origin not verified,False,False
2013-09-30 01:04:00+00:00,,7.818993126201719,UNSCORED,,,USER-SUPPLIED TELEMETRY — origin not verified,False,False
2013-09-30 01:05:00+00:00,,7.818993126201719,UNSCORED,,,USER-SUPPLIED TELEMETRY — origin not verified,False,False
2013-09-30 01:06:00+00:00,,7.818993126201719,UNSCORED,,,USER-SUPPLIED TELEMETRY — origin not verified,False,False
2013-09-30 01:07:00+00:00,,7.818993126201719,UNSCORED,,,USER-SUPPLIED TELEMETRY — origin not verified,False,False
2013-09-30 01:08:00+00:00,,7.818993126201719,UNSCORED,,,USER-SUPPLIED TELEMETRY — origin not verified,False,False
2013-09-30 01:09:00+00:00,,7.818993126201719,UNSCORED,,,USER-SUPPLIED TELEMETRY — origin not verified,False,False
2013-09-30 01:10:00+00:00,,7.818993126201719,UNSCORED,,,USER-SUPPLIED TELEMETRY — origin not verified,False,False
2013-09-30 01:11:00+00:00,,7.818993126201719,UNSCORED,,,USER-SUPPLIED TELEMETRY — origin not verified,False,False
2013-09-30 01:12:00+00:00,,7.818993126201719,UNSCORED,,,USER-SUPPLIED TELEMETRY — origin not verified,False,False
2013-09-30 01:13:00+00:00,,7.818993126201719,UNSCORED,,,USER-SUPPLIED TELEMETRY — origin not verified,False,False
2013-09-30 01:14:00+00:00,,7.818993126201719,UNSCORED,,,USER-SUPPLIED TELEMETRY — origin not verified,False,False
2013-09-30 01:15:00+00:00,,7.818993126201719,UNSCORED,,,USER-SUPPLIED TELEMETRY — origin not verified,False,False
2013-09-30 01:16:00+00:00,,7.818993126201719,UNSCORED,,,USER-SUPPLIED TELEMETRY — origin not verified,False,False
2013-09-30 01:17:00+00:00,,7.818993126201719,UNSCORED,,,USER-SUPPLIED TELEMETRY — origin not verified,False,False
2013-09-30 01:18:00+00:00,,7.818993126201719,UNSCORED,,,USER-SUPPLIED TELEMETRY — origin not verified,False,False
2013-09-30 01:19:00+00:00,,7.818993126201719,UNSCORED,,,USER-SUPPLIED TELEMETRY — origin not verified,False,False
2013-09-30 01:20:00+00:00,,7.818993126201719,UNSCORED,,,USER-SUPPLIED TELEMETRY — origin not verified,False,False
2013-09-30 01:21:00+00:00,,7.818993126201719,UNSCORED,,,USER-SUPPLIED TELEMETRY — origin not verified,False,False
2013-09-30 01:22:00+00:00,,7.818993126201719,UNSCORED,,,USER-SUPPLIED TELEMETRY — origin not verified,False,False
2013-09-30 01:23:00+00:00,,7.818993126201719,UNSCORED,,,USER-SUPPLIED TELEMETRY — origin not verified,False,False
2013-09-30 01:24:00+00:00,,7.818993126201719,UNSCORED,,,USER-SUPPLIED TELEMETRY — origin not verified,False,False
2013-09-30 01:25:00+00:00,,7.818993126201719,UNSCORED,,,USER-SUPPLIED TELEMETRY — origin not verified,False,False
2013-09-30 01:26:00+00:00,,7.818993126201719,UNSCORED,,,USER-SUPPLIED TELEMETRY — origin not verified,False,False
2013-09-30 01:27:00+00:00,,7.818993126201719,UNSCORED,,,USER-SUPPLIED TELEMETRY — origin not verified,False,False
2013-09-30 01:28:00+00:00,,7.818993126201719,UNSCORED,,,USER-SUPPLIED TELEMETRY — origin not verified,False,False
2013-09-30 01:29:00+00:00,,7.818993126201719,UNSCORED,,,USER-SUPPLIED TELEMETRY — origin not verified,False,False
2013-09-30 01:30:00+00:00,,7.818993126201719,UNSCORED,,,USER-SUPPLIED TELEMETRY — origin not verified,False,False
2013-09-30 01:31:00+00:00,,7.818993126201719,UNSCORED,,,USER-SUPPLIED TELEMETRY — origin not verified,False,False
2013-09-30 01:32:00+00:00,,7.818993126201719,UNSCORED,,,USER-SUPPLIED TELEMETRY — origin not verified,False,False
2013-09-30 01:33:00+00:00,,7.818993126201719,UNSCORED,,,USER-SUPPLIED TELEMETRY — origin not verified,False,False
2013-09-30 01:34:00+00:00,,7.818993126201719,UNSCORED,,,USER-SUPPLIED TELEMETRY — origin not verified,False,False
2013-09-30 01:35:00+00:00,,7.818993126201719,UNSCORED,,,USER-SUPPLIED TELEMETRY — origin not verified,False,False
2013-09-30 01:36:00+00:00,,7.818993126201719,UNSCORED,,,USER-SUPPLIED TELEMETRY — origin not verified,False,False
2013-09-30 01:37:00+00:00,,7.818993126201719,UNSCORED,,,USER-SUPPLIED TELEMETRY — origin not verified,False,False
2013-09-30 01:38:00+00:00,,7.818993126201719,UNSCORED,,,USER-SUPPLIED TELEMETRY — origin not verified,False,False
2013-09-30 01:39:00+00:00,,7.818993126201719,UNSCORED,,,USER-SUPPLIED TELEMETRY — origin not verified,False,False
2013-09-30 01:40:00+00:00,,7.818993126201719,UNSCORED,,,USER-SUPPLIED TELEMETRY — origin not verified,False,False
2013-09-30 01:41:00+00:00,,7.818993126201719,UNSCORED,,,USER-SUPPLIED TELEMETRY — origin not verified,False,False
2013-09-30 01:42:00+00:00,,7.818993126201719,UNSCORED,,,USER-SUPPLIED TELEMETRY — origin not verified,False,False
2013-09-30 01:43:00+00:00,,7.818993126201719,UNSCORED,,,USER-SUPPLIED TELEMETRY — origin not verified,False,False
2013-09-30 01:44:00+00:00,,7.818993126201719,UNSCORED,,,USER-SUPPLIED TELEMETRY — origin not verified,False,False
2013-09-30 01:45:00+00:00,,7.818993126201719,UNSCORED,,,USER-SUPPLIED TELEMETRY — origin not verified,False,False
2013-09-30 01:46:00+00:00,,7.818993126201719,UNSCORED,,,USER-SUPPLIED TELEMETRY — origin not verified,False,False
2013-09-30 01:47:00+00:00,,7.818993126201719,UNSCORED,,,USER-SUPPLIED TELEMETRY — origin not verified,False,False
2013-09-30 01:48:00+00:00,,7.818993126201719,UNSCORED,,,USER-SUPPLIED TELEMETRY — origin not verified,False,False
2013-09-30 01:49:00+00:00,,7.818993126201719,UNSCORED,,,USER-SUPPLIED TELEMETRY — origin not verified,False,False
2013-09-30 01:50:00+00:00,,7.818993126201719,UNSCORED,,,USER-SUPPLIED TELEMETRY — origin not verified,False,False
2013-09-30 01:51:00+00:00,,7.818993126201719,UNSCORED,,,USER-SUPPLIED TELEMETRY — origin not verified,False,False
2013-09-30 01:52:00+00:00,,7.818993126201719,UNSCORED,,,USER-SUPPLIED TELEMETRY — origin not verified,False,False
2013-09-30 01:53:00+00:00,,7.818993126201719,UNSCORED,,,USER-SUPPLIED TELEMETRY — origin not verified,False,False
2013-09-30 01:54:00+00:00,,7.818993126201719,UNSCORED,,,USER-SUPPLIED TELEMETRY — origin not verified,False,False
2013-09-30 01:55:00+00:00,,7.818993126201719,UNSCORED,,,USER-SUPPLIED TELEMETRY — origin not verified,False,False
2013-09-30 01:56:00+00:00,,7.818993126201719,UNSCORED,,,USER-SUPPLIED TELEMETRY — origin not verified,False,False
2013-09-30 01:57:00+00:00,,7.818993126201719,UNSCORED,,,USER-SUPPLIED TELEMETRY — origin not verified,False,False
2013-09-30 01:58:00+00:00,,7.818993126201719,UNSCORED,,,USER-SUPPLIED TELEMETRY — origin not verified,False,False
2013-09-30 01:59:00+00:00,,7.818993126201719,UNSCORED,,,USER-SUPPLIED TELEMETRY — origin not verified,False,False
2013-09-30 02:00:00+00:00,,7.818993126201719,UNSCORED,,,USER-SUPPLIED TELEMETRY — origin not verified,False,False
2013-09-30 02:01:00+00:00,,7.818993126201719,UNSCORED,,,USER-SUPPLIED TELEMETRY — origin not verified,False,False
2013-09-30 02:02:00+00:00,,7.818993126201719,UNSCORED,,,USER-SUPPLIED TELEMETRY — origin not verified,False,False
2013-09-30 02:03:00+00:00,,7.818993126201719,UNSCORED,,,USER-SUPPLIED TELEMETRY — origin not verified,False,False
2013-09-30 02:04:00+00:00,,7.818993126201719,UNSCORED,,,USER-SUPPLIED TELEMETRY — origin not verified,False,False
2013-09-30 02:05:00+00:00,,7.818993126201719,UNSCORED,,,USER-SUPPLIED TELEMETRY — origin not verified,False,False
2013-09-30 02:06:00+00:00,,7.818993126201719,UNSCORED,,,USER-SUPPLIED TELEMETRY — origin not verified,False,False
2013-09-30 02:07:00+00:00,,7.818993126201719,UNSCORED,,,USER-SUPPLIED TELEMETRY — origin not verified,False,False
2013-09-30 02:08:00+00:00,,7.818993126201719,UNSCORED,,,USER-SUPPLIED TELEMETRY — origin not verified,False,False
2013-09-30 02:09:00+00:00,,7.818993126201719,UNSCORED,,,USER-SUPPLIED TELEMETRY — origin not verified,False,False
2013-09-30 02:10:00+00:00,,7.818993126201719,UNSCORED,,,USER-SUPPLIED TELEMETRY — origin not verified,False,False
2013-09-30 02:11:00+00:00,,7.818993126201719,UNSCORED,,,USER-SUPPLIED TELEMETRY — origin not verified,False,False
2013-09-30 02:12:00+00:00,,7.818993126201719,UNSCORED,,,USER-SUPPLIED TELEMETRY — origin not verified,False,False
2013-09-30 02:13:00+00:00,,7.818993126201719,UNSCORED,,,USER-SUPPLIED TELEMETRY — origin not verified,False,False
2013-09-30 02:14:00+00:00,,7.818993126201719,UNSCORED,,,USER-SUPPLIED TELEMETRY — origin not verified,False,False
2013-09-30 02:15:00+00:00,,7.818993126201719,UNSCORED,,,USER-SUPPLIED TELEMETRY — origin not verified,False,False
2013-09-30 02:16:00+00:00,,7.818993126201719,UNSCORED,,,USER-SUPPLIED TELEMETRY — origin not verified,False,False
2013-09-30 02:17:00+00:00,,7.818993126201719,UNSCORED,,,USER-SUPPLIED TELEMETRY — origin not verified,False,False
2013-09-30 02:18:00+00:00,,7.818993126201719,UNSCORED,,,USER-SUPPLIED TELEMETRY — origin not verified,False,False
2013-09-30 02:19:00+00:00,,7.818993126201719,UNSCORED,,,USER-SUPPLIED TELEMETRY — origin not verified,False,False
2013-09-30 02:20:00+00:00,,7.818993126201719,UNSCORED,,,USER-SUPPLIED TELEMETRY — origin not verified,False,False
2013-09-30 02:21:00+00:00,,7.818993126201719,UNSCORED,,,USER-SUPPLIED TELEMETRY — origin not verified,False,False
2013-09-30 02:22:00+00:00,,7.818993126201719,UNSCORED,,,USER-SUPPLIED TELEMETRY — origin not verified,False,False
2013-09-30 02:23:00+00:00,,7.818993126201719,UNSCORED,,,USER-SUPPLIED TELEMETRY — origin not verified,False,False
2013-09-30 02:24:00+00:00,,7.818993126201719,UNSCORED,,,USER-SUPPLIED TELEMETRY — origin not verified,False,False
2013-09-30 02:25:00+00:00,,7.818993126201719,UNSCORED,,,USER-SUPPLIED TELEMETRY — origin not verified,False,False
2013-09-30 02:26:00+00:00,,7.818993126201719,UNSCORED,,,USER-SUPPLIED TELEMETRY — origin not verified,False,False
2013-09-30 02:27:00+00:00,,7.818993126201719,UNSCORED,,,USER-SUPPLIED TELEMETRY — origin not verified,False,False
2013-09-30 02:28:00+00:00,,7.818993126201719,UNSCORED,,,USER-SUPPLIED TELEMETRY — origin not verified,False,False
2013-09-30 02:29:00+00:00,,7.818993126201719,UNSCORED,,,USER-SUPPLIED TELEMETRY — origin not verified,False,False
2013-09-30 02:30:00+00:00,,7.818993126201719,UNSCORED,,,USER-SUPPLIED TELEMETRY — origin not verified,False,False
2013-09-30 02:31:00+00:00,,7.818993126201719,UNSCORED,,,USER-SUPPLIED TELEMETRY — origin not verified,False,False
2013-09-30 02:32:00+00:00,,7.818993126201719,UNSCORED,,,USER-SUPPLIED TELEMETRY — origin not verified,False,False
2013-09-30 02:33:00+00:00,,7.818993126201719,UNSCORED,,,USER-SUPPLIED TELEMETRY — origin not verified,False,False
2013-09-30 02:34:00+00:00,,7.818993126201719,UNSCORED,,,USER-SUPPLIED TELEMETRY — origin not verified,False,False
2013-09-30 02:35:00+00:00,,7.818993126201719,UNSCORED,,,USER-SUPPLIED TELEMETRY — origin not verified,False,False
2013-09-30 02:36:00+00:00,,7.818993126201719,UNSCORED,,,USER-SUPPLIED TELEMETRY — origin not verified,False,False
2013-09-30 02:37:00+00:00,,7.818993126201719,UNSCORED,,,USER-SUPPLIED TELEMETRY — origin not verified,False,False
2013-09-30 02:38:00+00:00,,7.818993126201719,UNSCORED,,,USER-SUPPLIED TELEMETRY — origin not verified,False,False
2013-09-30 02:39:00+00:00,,7.818993126201719,UNSCORED,,,USER-SUPPLIED TELEMETRY — origin not verified,False,False
2013-09-30 02:40:00+00:00,,7.818993126201719,UNSCORED,,,USER-SUPPLIED TELEMETRY — origin not verified,False,False
2013-09-30 02:41:00+00:00,,7.818993126201719,UNSCORED,,,USER-SUPPLIED TELEMETRY — origin not verified,False,False
2013-09-30 02:42:00+00:00,,7.818993126201719,UNSCORED,,,USER-SUPPLIED TELEMETRY — origin not verified,False,False
2013-09-30 02:43:00+00:00,,7.818993126201719,UNSCORED,,,USER-SUPPLIED TELEMETRY — origin not verified,False,False
2013-09-30 02:44:00+00:00,,7.818993126201719,UNSCORED,,,USER-SUPPLIED TELEMETRY — origin not verified,False,False
2013-09-30 02:45:00+00:00,,7.818993126201719,UNSCORED,,,USER-SUPPLIED TELEMETRY — origin not verified,False,False
2013-09-30 02:46:00+00:00,,7.818993126201719,UNSCORED,,,USER-SUPPLIED TELEMETRY — origin not verified,False,False
2013-09-30 02:47:00+00:00,,7.818993126201719,UNSCORED,,,USER-SUPPLIED TELEMETRY — origin not verified,False,False
2013-09-30 02:48:00+00:00,,7.818993126201719,UNSCORED,,,USER-SUPPLIED TELEMETRY — origin not verified,False,False
2013-09-30 02:49:00+00:00,,7.818993126201719,UNSCORED,,,USER-SUPPLIED TELEMETRY — origin not verified,False,False
2013-09-30 02:50:00+00:00,,7.818993126201719,UNSCORED,,,USER-SUPPLIED TELEMETRY — origin not verified,False,False
2013-09-30 02:51:00+00:00,,7.818993126201719,UNSCORED,,,USER-SUPPLIED TELEMETRY — origin not verified,False,False
2013-09-30 02:52:00+00:00,,7.818993126201719,UNSCORED,,,USER-SUPPLIED TELEMETRY — origin not verified,False,False
2013-09-30 02:53:00+00:00,,7.818993126201719,UNSCORED,,,USER-SUPPLIED TELEMETRY — origin not verified,False,False
2013-09-30 02:54:00+00:00,,7.818993126201719,UNSCORED,,,USER-SUPPLIED TELEMETRY — origin not verified,False,False
2013-09-30 02:55:00+00:00,,7.818993126201719,UNSCORED,,,USER-SUPPLIED TELEMETRY — origin not verified,False,False
2013-09-30 02:56:00+00:00,,7.818993126201719,UNSCORED,,,USER-SUPPLIED TELEMETRY — origin not verified,False,False
2013-09-30 02:57:00+00:00,,7.818993126201719,UNSCORED,,,USER-SUPPLIED TELEMETRY — origin not verified,False,False
2013-09-30 02:58:00+00:00,,7.818993126201719,UNSCORED,,,USER-SUPPLIED TELEMETRY — origin not verified,False,False
2013-09-30 02:59:00+00:00,,7.818993126201719,UNSCORED,,,USER-SUPPLIED TELEMETRY — origin not verified,False,False
2013-09-30 03:00:00+00:00,,7.818993126201719,UNSCORED,,,USER-SUPPLIED TELEMETRY — origin not verified,False,False
2013-09-30 03:01:00+00:00,,7.818993126201719,UNSCORED,,,USER-SUPPLIED TELEMETRY — origin not verified,False,False
2013-09-30 03:02:00+00:00,,7.818993126201719,UNSCORED,,,USER-SUPPLIED TELEMETRY — origin not verified,False,False
2013-09-30 03:03:00+00:00,,7.818993126201719,UNSCORED,,,USER-SUPPLIED TELEMETRY — origin not verified,False,False
2013-09-30 03:04:00+00:00,,7.818993126201719,UNSCORED,,,USER-SUPPLIED TELEMETRY — origin not verified,False,False
2013-09-30 03:05:00+00:00,,7.818993126201719,UNSCORED,,,USER-SUPPLIED TELEMETRY — origin not verified,False,False
2013-09-30 03:06:00+00:00,,7.818993126201719,UNSCORED,,,USER-SUPPLIED TELEMETRY — origin not verified,False,False
2013-09-30 03:07:00+00:00,,7.818993126201719,UNSCORED,,,USER-SUPPLIED TELEMETRY — origin not verified,False,False
2013-09-30 03:08:00+00:00,,7.818993126201719,UNSCORED,,,USER-SUPPLIED TELEMETRY — origin not verified,False,False
2013-09-30 03:09:00+00:00,,7.818993126201719,UNSCORED,,,USER-SUPPLIED TELEMETRY — origin not verified,False,False
2013-09-30 03:10:00+00:00,,7.818993126201719,UNSCORED,,,USER-SUPPLIED TELEMETRY — origin not verified,False,False
2013-09-30 03:11:00+00:00,,7.818993126201719,UNSCORED,,,USER-SUPPLIED TELEMETRY — origin not verified,False,False
2013-09-30 03:12:00+00:00,,7.818993126201719,UNSCORED,,,USER-SUPPLIED TELEMETRY — origin not verified,False,False
2013-09-30 03:13:00+00:00,,7.818993126201719,UNSCORED,,,USER-SUPPLIED TELEMETRY — origin not verified,False,False
2013-09-30 03:14:00+00:00,,7.818993126201719,UNSCORED,,,USER-SUPPLIED TELEMETRY — origin not verified,False,False
2013-09-30 03:15:00+00:00,,7.818993126201719,UNSCORED,,,USER-SUPPLIED TELEMETRY — origin not verified,False,False
2013-09-30 03:16:00+00:00,,7.818993126201719,UNSCORED,,,USER-SUPPLIED TELEMETRY — origin not verified,False,False
2013-09-30 03:17:00+00:00,,7.818993126201719,UNSCORED,,,USER-SUPPLIED TELEMETRY — origin not verified,False,False
2013-09-30 03:18:00+00:00,,7.818993126201719,UNSCORED,,,USER-SUPPLIED TELEMETRY — origin not verified,False,False
2013-09-30 03:19:00+00:00,,7.818993126201719,UNSCORED,,,USER-SUPPLIED TELEMETRY — origin not verified,False,False
2013-09-30 03:20:00+00:00,,7.818993126201719,UNSCORED,,,USER-SUPPLIED TELEMETRY — origin not verified,False,False
2013-09-30 03:21:00+00:00,,7.818993126201719,UNSCORED,,,USER-SUPPLIED TELEMETRY — origin not verified,False,False
2013-09-30 03:22:00+00:00,,7.818993126201719,UNSCORED,,,USER-SUPPLIED TELEMETRY — origin not verified,False,False
2013-09-30 03:23:00+00:00,,7.818993126201719,UNSCORED,,,USER-SUPPLIED TELEMETRY — origin not verified,False,False
2013-09-30 03:24:00+00:00,,7.818993126201719,UNSCORED,,,USER-SUPPLIED TELEMETRY — origin not verified,False,False
2013-09-30 03:25:00+00:00,,7.818993126201719,UNSCORED,,,USER-SUPPLIED TELEMETRY — origin not verified,False,False
2013-09-30 03:26:00+00:00,,7.818993126201719,UNSCORED,,,USER-SUPPLIED TELEMETRY — origin not verified,False,False
2013-09-30 03:27:00+00:00,,7.818993126201719,UNSCORED,,,USER-SUPPLIED TELEMETRY — origin not verified,False,False
2013-09-30 03:28:00+00:00,,7.818993126201719,UNSCORED,,,USER-SUPPLIED TELEMETRY — origin not verified,False,False
2013-09-30 03:29:00+00:00,,7.818993126201719,UNSCORED,,,USER-SUPPLIED TELEMETRY — origin not verified,False,False
2013-09-30 03:30:00+00:00,,7.818993126201719,UNSCORED,,,USER-SUPPLIED TELEMETRY — origin not verified,False,False
2013-09-30 03:31:00+00:00,,7.818993126201719,UNSCORED,,,USER-SUPPLIED TELEMETRY — origin not verified,False,False
2013-09-30 03:32:00+00:00,,7.818993126201719,UNSCORED,,,USER-SUPPLIED TELEMETRY — origin not verified,False,False
2013-09-30 03:33:00+00:00,,7.818993126201719,UNSCORED,,,USER-SUPPLIED TELEMETRY — origin not verified,False,False
2013-09-30 03:34:00+00:00,,7.818993126201719,UNSCORED,,,USER-SUPPLIED TELEMETRY — origin not verified,False,False
2013-09-30 03:35:00+00:00,,7.818993126201719,UNSCORED,,,USER-SUPPLIED TELEMETRY — origin not verified,False,False
2013-09-30 03:36:00+00:00,,7.818993126201719,UNSCORED,,,USER-SUPPLIED TELEMETRY — origin not verified,False,False
2013-09-30 03:37:00+00:00,,7.818993126201719,UNSCORED,,,USER-SUPPLIED TELEMETRY — origin not verified,False,False
2013-09-30 03:38:00+00:00,,7.818993126201719,UNSCORED,,,USER-SUPPLIED TELEMETRY — origin not verified,False,False
2013-09-30 03:39:00+00:00,,7.818993126201719,UNSCORED,,,USER-SUPPLIED TELEMETRY — origin not verified,False,False
2013-09-30 03:40:00+00:00,,7.818993126201719,UNSCORED,,,USER-SUPPLIED TELEMETRY — origin not verified,False,False
2013-09-30 03:41:00+00:00,,7.818993126201719,UNSCORED,,,USER-SUPPLIED TELEMETRY — origin not verified,False,False
2013-09-30 03:42:00+00:00,,7.818993126201719,UNSCORED,,,USER-SUPPLIED TELEMETRY — origin not verified,False,False
2013-09-30 03:43:00+00:00,,7.818993126201719,UNSCORED,,,USER-SUPPLIED TELEMETRY — origin not verified,False,False
2013-09-30 03:44:00+00:00,,7.818993126201719,UNSCORED,,,USER-SUPPLIED TELEMETRY — origin not verified,False,False
2013-09-30 03:45:00+00:00,,7.818993126201719,UNSCORED,,,USER-SUPPLIED TELEMETRY — origin not verified,False,False
2013-09-30 03:46:00+00:00,,7.818993126201719,UNSCORED,,,USER-SUPPLIED TELEMETRY — origin not verified,False,False
2013-09-30 03:47:00+00:00,,7.818993126201719,UNSCORED,,,USER-SUPPLIED TELEMETRY — origin not verified,False,False
2013-09-30 03:48:00+00:00,,7.818993126201719,UNSCORED,,,USER-SUPPLIED TELEMETRY — origin not verified,False,False
2013-09-30 03:49:00+00:00,,7.818993126201719,UNSCORED,,,USER-SUPPLIED TELEMETRY — origin not verified,False,False
2013-09-30 03:50:00+00:00,,7.818993126201719,UNSCORED,,,USER-SUPPLIED TELEMETRY — origin not verified,False,False
2013-09-30 03:51:00+00:00,,7.818993126201719,UNSCORED,,,USER-SUPPLIED TELEMETRY — origin not verified,False,False
2013-09-30 03:52:00+00:00,,7.818993126201719,UNSCORED,,,USER-SUPPLIED TELEMETRY — origin not verified,False,False
2013-09-30 03:53:00+00:00,,7.818993126201719,UNSCORED,,,USER-SUPPLIED TELEMETRY — origin not verified,False,False
2013-09-30 03:54:00+00:00,,7.818993126201719,UNSCORED,,,USER-SUPPLIED TELEMETRY — origin not verified,False,False
2013-09-30 03:55:00+00:00,,7.818993126201719,UNSCORED,,,USER-SUPPLIED TELEMETRY — origin not verified,False,False
2013-09-30 03:56:00+00:00,,7.818993126201719,UNSCORED,,,USER-SUPPLIED TELEMETRY — origin not verified,False,False
2013-09-30 03:57:00+00:00,,7.818993126201719,UNSCORED,,,USER-SUPPLIED TELEMETRY — origin not verified,False,False
2013-09-30 03:58:00+00:00,,7.818993126201719,UNSCORED,,,USER-SUPPLIED TELEMETRY — origin not verified,False,False
2013-09-30 03:59:00+00:00,,7.818993126201719,UNSCORED,,,USER-SUPPLIED TELEMETRY — origin not verified,False,False
2013-09-30 04:00:00+00:00,,7.818993126201719,UNSCORED,,,USER-SUPPLIED TELEMETRY — origin not verified,False,False
2013-09-30 04:01:00+00:00,,7.818993126201719,UNSCORED,,,USER-SUPPLIED TELEMETRY — origin not verified,False,False
2013-09-30 04:02:00+00:00,,7.818993126201719,UNSCORED,,,USER-SUPPLIED TELEMETRY — origin not verified,False,False
2013-09-30 04:03:00+00:00,,7.818993126201719,UNSCORED,,,USER-SUPPLIED TELEMETRY — origin not verified,False,False
2013-09-30 04:04:00+00:00,,7.818993126201719,UNSCORED,,,USER-SUPPLIED TELEMETRY — origin not verified,False,False
2013-09-30 04:05:00+00:00,,7.818993126201719,UNSCORED,,,USER-SUPPLIED TELEMETRY — origin not verified,False,False
2013-09-30 04:06:00+00:00,,7.818993126201719,UNSCORED,,,USER-SUPPLIED TELEMETRY — origin not verified,False,False
2013-09-30 04:07:00+00:00,,7.818993126201719,UNSCORED,,,USER-SUPPLIED TELEMETRY — origin not verified,False,False
2013-09-30 04:08:00+00:00,,7.818993126201719,UNSCORED,,,USER-SUPPLIED TELEMETRY — origin not verified,False,False
2013-09-30 04:09:00+00:00,,7.818993126201719,UNSCORED,,,USER-SUPPLIED TELEMETRY — origin not verified,False,False
2013-09-30 04:10:00+00:00,,7.818993126201719,UNSCORED,,,USER-SUPPLIED TELEMETRY — origin not verified,False,False
2013-09-30 04:11:00+00:00,,7.818993126201719,UNSCORED,,,USER-SUPPLIED TELEMETRY — origin not verified,False,False
2013-09-30 04:12:00+00:00,,7.818993126201719,UNSCORED,,,USER-SUPPLIED TELEMETRY — origin not verified,False,False
2013-09-30 04:13:00+00:00,,7.818993126201719,UNSCORED,,,USER-SUPPLIED TELEMETRY — origin not verified,False,False
2013-09-30 04:14:00+00:00,,7.818993126201719,UNSCORED,,,USER-SUPPLIED TELEMETRY — origin not verified,False,False
2013-09-30 04:15:00+00:00,,7.818993126201719,UNSCORED,,,USER-SUPPLIED TELEMETRY — origin not verified,False,False
2013-09-30 04:16:00+00:00,,7.818993126201719,UNSCORED,,,USER-SUPPLIED TELEMETRY — origin not verified,False,False
2013-09-30 04:17:00+00:00,,7.818993126201719,UNSCORED,,,USER-SUPPLIED TELEMETRY — origin not verified,False,False
2013-09-30 04:18:00+00:00,,7.818993126201719,UNSCORED,,,USER-SUPPLIED TELEMETRY — origin not verified,False,False
2013-09-30 04:19:00+00:00,,7.818993126201719,UNSCORED,,,USER-SUPPLIED TELEMETRY — origin not verified,False,False
2013-09-30 04:20:00+00:00,,7.818993126201719,UNSCORED,,,USER-SUPPLIED TELEMETRY — origin not verified,False,False
2013-09-30 04:21:00+00:00,,7.818993126201719,UNSCORED,,,USER-SUPPLIED TELEMETRY — origin not verified,False,False
2013-09-30 04:22:00+00:00,,7.818993126201719,UNSCORED,,,USER-SUPPLIED TELEMETRY — origin not verified,False,False
2013-09-30 04:23:00+00:00,,7.818993126201719,UNSCORED,,,USER-SUPPLIED TELEMETRY — origin not verified,False,False
2013-09-30 04:24:00+00:00,,7.818993126201719,UNSCORED,,,USER-SUPPLIED TELEMETRY — origin not verified,False,False
2013-09-30 04:25:00+00:00,,7.818993126201719,UNSCORED,,,USER-SUPPLIED TELEMETRY — origin not verified,False,False
2013-09-30 04:26:00+00:00,,7.818993126201719,UNSCORED,,,USER-SUPPLIED TELEMETRY — origin not verified,False,False
2013-09-30 04:27:00+00:00,,7.818993126201719,UNSCORED,,,USER-SUPPLIED TELEMETRY — origin not verified,False,False
2013-09-30 04:28:00+00:00,,7.818993126201719,UNSCORED,,,USER-SUPPLIED TELEMETRY — origin not verified,False,False
2013-09-30 04:29:00+00:00,,7.818993126201719,UNSCORED,,,USER-SUPPLIED TELEMETRY — origin not verified,False,False
2013-09-30 04:30:00+00:00,,7.818993126201719,UNSCORED,,,USER-SUPPLIED TELEMETRY — origin not verified,False,False
2013-09-30 04:31:00+00:00,,7.818993126201719,UNSCORED,,,USER-SUPPLIED TELEMETRY — origin not verified,False,False
2013-09-30 04:32:00+00:00,,7.818993126201719,UNSCORED,,,USER-SUPPLIED TELEMETRY — origin not verified,False,False
2013-09-30 04:33:00+00:00,,7.818993126201719,UNSCORED,,,USER-SUPPLIED TELEMETRY — origin not verified,False,False
2013-09-30 04:34:00+00:00,,7.818993126201719,UNSCORED,,,USER-SUPPLIED TELEMETRY — origin not verified,False,False
2013-09-30 04:35:00+00:00,,7.818993126201719,UNSCORED,,,USER-SUPPLIED TELEMETRY — origin not verified,False,False
2013-09-30 04:36:00+00:00,,7.818993126201719,UNSCORED,,,USER-SUPPLIED TELEMETRY — origin not verified,False,False
2013-09-30 04:37:00+00:00,,7.818993126201719,UNSCORED,,,USER-SUPPLIED TELEMETRY — origin not verified,False,False
2013-09-30 04:38:00+00:00,,7.818993126201719,UNSCORED,,,USER-SUPPLIED TELEMETRY — origin not verified,False,False
2013-09-30 04:39:00+00:00,,7.818993126201719,UNSCORED,,,USER-SUPPLIED TELEMETRY — origin not verified,False,False
2013-09-30 04:40:00+00:00,,7.818993126201719,UNSCORED,,,USER-SUPPLIED TELEMETRY — origin not verified,False,False
2013-09-30 04:41:00+00:00,,7.818993126201719,UNSCORED,,,USER-SUPPLIED TELEMETRY — origin not verified,False,False
2013-09-30 04:42:00+00:00,,7.818993126201719,UNSCORED,,,USER-SUPPLIED TELEMETRY — origin not verified,False,False
2013-09-30 04:43:00+00:00,,7.818993126201719,UNSCORED,,,USER-SUPPLIED TELEMETRY — origin not verified,False,False
2013-09-30 04:44:00+00:00,,7.818993126201719,UNSCORED,,,USER-SUPPLIED TELEMETRY — origin not verified,False,False
2013-09-30 04:45:00+00:00,,7.818993126201719,UNSCORED,,,USER-SUPPLIED TELEMETRY — origin not verified,False,False
2013-09-30 04:46:00+00:00,,7.818993126201719,UNSCORED,,,USER-SUPPLIED TELEMETRY — origin not verified,False,False
2013-09-30 04:47:00+00:00,,7.818993126201719,UNSCORED,,,USER-SUPPLIED TELEMETRY — origin not verified,False,False
2013-09-30 04:48:00+00:00,,7.818993126201719,UNSCORED,,,USER-SUPPLIED TELEMETRY — origin not verified,False,False
2013-09-30 04:49:00+00:00,,7.818993126201719,UNSCORED,,,USER-SUPPLIED TELEMETRY — origin not verified,False,False
2013-09-30 04:50:00+00:00,,7.818993126201719,UNSCORED,,,USER-SUPPLIED TELEMETRY — origin not verified,False,False
2013-09-30 04:51:00+00:00,,7.818993126201719,UNSCORED,,,USER-SUPPLIED TELEMETRY — origin not verified,False,False
2013-09-30 04:52:00+00:00,,7.818993126201719,UNSCORED,,,USER-SUPPLIED TELEMETRY — origin not verified,False,False
2013-09-30 04:53:00+00:00,,7.818993126201719,UNSCORED,,,USER-SUPPLIED TELEMETRY — origin not verified,False,False
2013-09-30 04:54:00+00:00,,7.818993126201719,UNSCORED,,,USER-SUPPLIED TELEMETRY — origin not verified,False,False
2013-09-30 04:55:00+00:00,,7.818993126201719,UNSCORED,,,USER-SUPPLIED TELEMETRY — origin not verified,False,False
2013-09-30 04:56:00+00:00,,7.818993126201719,UNSCORED,,,USER-SUPPLIED TELEMETRY — origin not verified,False,False
2013-09-30 04:57:00+00:00,,7.818993126201719,UNSCORED,,,USER-SUPPLIED TELEMETRY — origin not verified,False,False
2013-09-30 04:58:00+00:00,,7.818993126201719,UNSCORED,,,USER-SUPPLIED TELEMETRY — origin not verified,False,False
2013-09-30 04:59:00+00:00,,7.818993126201719,UNSCORED,,,USER-SUPPLIED TELEMETRY — origin not verified,False,False
2013-09-30 05:00:00+00:00,,7.818993126201719,UNSCORED,,,USER-SUPPLIED TELEMETRY — origin not verified,False,False
2013-09-30 05:01:00+00:00,,7.818993126201719,UNSCORED,,,USER-SUPPLIED TELEMETRY — origin not verified,False,False
2013-09-30 05:02:00+00:00,,7.818993126201719,UNSCORED,,,USER-SUPPLIED TELEMETRY — origin not verified,False,False
2013-09-30 05:03:00+00:00,,7.818993126201719,UNSCORED,,,USER-SUPPLIED TELEMETRY — origin not verified,False,False
2013-09-30 05:04:00+00:00,,7.818993126201719,UNSCORED,,,USER-SUPPLIED TELEMETRY — origin not verified,False,False
2013-09-30 05:05:00+00:00,,7.818993126201719,UNSCORED,,,USER-SUPPLIED TELEMETRY — origin not verified,False,False
2013-09-30 05:06:00+00:00,,7.818993126201719,UNSCORED,,,USER-SUPPLIED TELEMETRY — origin not verified,False,False
2013-09-30 05:07:00+00:00,,7.818993126201719,UNSCORED,,,USER-SUPPLIED TELEMETRY — origin not verified,False,False
2013-09-30 05:08:00+00:00,,7.818993126201719,UNSCORED,,,USER-SUPPLIED TELEMETRY — origin not verified,False,False
2013-09-30 05:09:00+00:00,,7.818993126201719,UNSCORED,,,USER-SUPPLIED TELEMETRY — origin not verified,False,False
2013-09-30 05:10:00+00:00,,7.818993126201719,UNSCORED,,,USER-SUPPLIED TELEMETRY — origin not verified,False,False
2013-09-30 05:11:00+00:00,,7.818993126201719,UNSCORED,,,USER-SUPPLIED TELEMETRY — origin not verified,False,False
2013-09-30 05:12:00+00:00,,7.818993126201719,UNSCORED,,,USER-SUPPLIED TELEMETRY — origin not verified,False,False
2013-09-30 05:13:00+00:00,,7.818993126201719,UNSCORED,,,USER-SUPPLIED TELEMETRY — origin not verified,False,False
2013-09-30 05:14:00+00:00,,7.818993126201719,UNSCORED,,,USER-SUPPLIED TELEMETRY — origin not verified,False,False
2013-09-30 05:15:00+00:00,,7.818993126201719,UNSCORED,,,USER-SUPPLIED TELEMETRY — origin not verified,False,False
2013-09-30 05:16:00+00:00,,7.818993126201719,UNSCORED,,,USER-SUPPLIED TELEMETRY — origin not verified,False,False
2013-09-30 05:17:00+00:00,,7.818993126201719,UNSCORED,,,USER-SUPPLIED TELEMETRY — origin not verified,False,False
2013-09-30 05:18:00+00:00,,7.818993126201719,UNSCORED,,,USER-SUPPLIED TELEMETRY — origin not verified,False,False
2013-09-30 05:19:00+00:00,,7.818993126201719,UNSCORED,,,USER-SUPPLIED TELEMETRY — origin not verified,False,False
2013-09-30 05:20:00+00:00,,7.818993126201719,UNSCORED,,,USER-SUPPLIED TELEMETRY — origin not verified,False,False
2013-09-30 05:21:00+00:00,,7.818993126201719,UNSCORED,,,USER-SUPPLIED TELEMETRY — origin not verified,False,False
2013-09-30 05:22:00+00:00,,7.818993126201719,UNSCORED,,,USER-SUPPLIED TELEMETRY — origin not verified,False,False
2013-09-30 05:23:00+00:00,,7.818993126201719,UNSCORED,,,USER-SUPPLIED TELEMETRY — origin not verified,False,False
2013-09-30 05:24:00+00:00,,7.818993126201719,UNSCORED,,,USER-SUPPLIED TELEMETRY — origin not verified,False,False
2013-09-30 05:25:00+00:00,,7.818993126201719,UNSCORED,,,USER-SUPPLIED TELEMETRY — origin not verified,False,False
2013-09-30 05:26:00+00:00,,7.818993126201719,UNSCORED,,,USER-SUPPLIED TELEMETRY — origin not verified,False,False
2013-09-30 05:27:00+00:00,,7.818993126201719,UNSCORED,,,USER-SUPPLIED TELEMETRY — origin not verified,False,False
2013-09-30 05:28:00+00:00,,7.818993126201719,UNSCORED,,,USER-SUPPLIED TELEMETRY — origin not verified,False,False
2013-09-30 05:29:00+00:00,,7.818993126201719,UNSCORED,,,USER-SUPPLIED TELEMETRY — origin not verified,False,False
2013-09-30 05:30:00+00:00,,7.818993126201719,UNSCORED,,,USER-SUPPLIED TELEMETRY — origin not verified,False,False
2013-09-30 05:31:00+00:00,,7.818993126201719,UNSCORED,,,USER-SUPPLIED TELEMETRY — origin not verified,False,False
2013-09-30 05:32:00+00:00,,7.818993126201719,UNSCORED,,,USER-SUPPLIED TELEMETRY — origin not verified,False,False
2013-09-30 05:33:00+00:00,,7.818993126201719,UNSCORED,,,USER-SUPPLIED TELEMETRY — origin not verified,False,False
2013-09-30 05:34:00+00:00,,7.818993126201719,UNSCORED,,,USER-SUPPLIED TELEMETRY — origin not verified,False,False
2013-09-30 05:35:00+00:00,,7.818993126201719,UNSCORED,,,USER-SUPPLIED TELEMETRY — origin not verified,False,False
2013-09-30 05:36:00+00:00,,7.818993126201719,UNSCORED,,,USER-SUPPLIED TELEMETRY — origin not verified,False,False
2013-09-30 05:37:00+00:00,,7.818993126201719,UNSCORED,,,USER-SUPPLIED TELEMETRY — origin not verified,False,False
2013-09-30 05:38:00+00:00,,7.818993126201719,UNSCORED,,,USER-SUPPLIED TELEMETRY — origin not verified,False,False
2013-09-30 05:39:00+00:00,,7.818993126201719,UNSCORED,,,USER-SUPPLIED TELEMETRY — origin not verified,False,False
2013-09-30 05:40:00+00:00,,7.818993126201719,UNSCORED,,,USER-SUPPLIED TELEMETRY — origin not verified,False,False
2013-09-30 05:41:00+00:00,,7.818993126201719,UNSCORED,,,USER-SUPPLIED TELEMETRY — origin not verified,False,False
2013-09-30 05:42:00+00:00,,7.818993126201719,UNSCORED,,,USER-SUPPLIED TELEMETRY — origin not verified,False,False
2013-09-30 05:43:00+00:00,,7.818993126201719,UNSCORED,,,USER-SUPPLIED TELEMETRY — origin not verified,False,False
2013-09-30 05:44:00+00:00,,7.818993126201719,UNSCORED,,,USER-SUPPLIED TELEMETRY — origin not verified,False,False
2013-09-30 05:45:00+00:00,,7.818993126201719,UNSCORED,,,USER-SUPPLIED TELEMETRY — origin not verified,False,False
2013-09-30 05:46:00+00:00,,7.818993126201719,UNSCORED,,,USER-SUPPLIED TELEMETRY — origin not verified,False,False
2013-09-30 05:47:00+00:00,,7.818993126201719,UNSCORED,,,USER-SUPPLIED TELEMETRY — origin not verified,False,False
2013-09-30 05:48:00+00:00,,7.818993126201719,UNSCORED,,,USER-SUPPLIED TELEMETRY — origin not verified,False,False
2013-09-30 05:49:00+00:00,,7.818993126201719,UNSCORED,,,USER-SUPPLIED TELEMETRY — origin not verified,False,False
2013-09-30 05:50:00+00:00,,7.818993126201719,UNSCORED,,,USER-SUPPLIED TELEMETRY — origin not verified,False,False
2013-09-30 05:51:00+00:00,,7.818993126201719,UNSCORED,,,USER-SUPPLIED TELEMETRY — origin not verified,False,False
2013-09-30 05:52:00+00:00,,7.818993126201719,UNSCORED,,,USER-SUPPLIED TELEMETRY — origin not verified,False,False
2013-09-30 05:53:00+00:00,,7.818993126201719,UNSCORED,,,USER-SUPPLIED TELEMETRY — origin not verified,False,False
2013-09-30 05:54:00+00:00,,7.818993126201719,UNSCORED,,,USER-SUPPLIED TELEMETRY — origin not verified,False,False
2013-09-30 05:55:00+00:00,,7.818993126201719,UNSCORED,,,USER-SUPPLIED TELEMETRY — origin not verified,False,False
2013-09-30 05:56:00+00:00,,7.818993126201719,UNSCORED,,,USER-SUPPLIED TELEMETRY — origin not verified,False,False
2013-09-30 05:57:00+00:00,,7.818993126201719,UNSCORED,,,USER-SUPPLIED TELEMETRY — origin not verified,False,False
2013-09-30 05:58:00+00:00,,7.818993126201719,UNSCORED,,,USER-SUPPLIED TELEMETRY — origin not verified,False,False
2013-09-30 05:59:00+00:00,,7.818993126201719,UNSCORED,,,USER-SUPPLIED TELEMETRY — origin not verified,False,False
2013-09-30 06:00:00+00:00,,7.818993126201719,UNSCORED,,,USER-SUPPLIED TELEMETRY — origin not verified,False,False
2013-09-30 06:01:00+00:00,,7.818993126201719,UNSCORED,,,USER-SUPPLIED TELEMETRY — origin not verified,False,False
2013-09-30 06:02:00+00:00,,7.818993126201719,UNSCORED,,,USER-SUPPLIED TELEMETRY — origin not verified,False,False
2013-09-30 06:03:00+00:00,,7.818993126201719,UNSCORED,,,USER-SUPPLIED TELEMETRY — origin not verified,False,False
2013-09-30 06:04:00+00:00,,7.818993126201719,UNSCORED,,,USER-SUPPLIED TELEMETRY — origin not verified,False,False
2013-09-30 06:05:00+00:00,,7.818993126201719,UNSCORED,,,USER-SUPPLIED TELEMETRY — origin not verified,False,False
2013-09-30 06:06:00+00:00,,7.818993126201719,UNSCORED,,,USER-SUPPLIED TELEMETRY — origin not verified,False,False
2013-09-30 06:07:00+00:00,,7.818993126201719,UNSCORED,,,USER-SUPPLIED TELEMETRY — origin not verified,False,False
2013-09-30 06:08:00+00:00,,7.818993126201719,UNSCORED,,,USER-SUPPLIED TELEMETRY — origin not verified,False,False
2013-09-30 06:09:00+00:00,,7.818993126201719,UNSCORED,,,USER-SUPPLIED TELEMETRY — origin not verified,False,False
2013-09-30 06:10:00+00:00,,7.818993126201719,UNSCORED,,,USER-SUPPLIED TELEMETRY — origin not verified,False,False
2013-09-30 06:11:00+00:00,,7.818993126201719,UNSCORED,,,USER-SUPPLIED TELEMETRY — origin not verified,False,False
2013-09-30 06:12:00+00:00,,7.818993126201719,UNSCORED,,,USER-SUPPLIED TELEMETRY — origin not verified,False,False
2013-09-30 06:13:00+00:00,,7.818993126201719,UNSCORED,,,USER-SUPPLIED TELEMETRY — origin not verified,False,False
2013-09-30 06:14:00+00:00,,7.818993126201719,UNSCORED,,,USER-SUPPLIED TELEMETRY — origin not verified,False,False
2013-09-30 06:15:00+00:00,,7.818993126201719,UNSCORED,,,USER-SUPPLIED TELEMETRY — origin not verified,False,False
2013-09-30 06:16:00+00:00,,7.818993126201719,UNSCORED,,,USER-SUPPLIED TELEMETRY — origin not verified,False,False
2013-09-30 06:17:00+00:00,,7.818993126201719,UNSCORED,,,USER-SUPPLIED TELEMETRY — origin not verified,False,False
2013-09-30 06:18:00+00:00,,7.818993126201719,UNSCORED,,,USER-SUPPLIED TELEMETRY — origin not verified,False,False
2013-09-30 06:19:00+00:00,,7.818993126201719,UNSCORED,,,USER-SUPPLIED TELEMETRY — origin not verified,False,False
2013-09-30 06:20:00+00:00,,7.818993126201719,UNSCORED,,,USER-SUPPLIED TELEMETRY — origin not verified,False,False
2013-09-30 06:21:00+00:00,,7.818993126201719,UNSCORED,,,USER-SUPPLIED TELEMETRY — origin not verified,False,False
2013-09-30 06:22:00+00:00,,7.818993126201719,UNSCORED,,,USER-SUPPLIED TELEMETRY — origin not verified,False,False
2013-09-30 06:23:00+00:00,,7.818993126201719,UNSCORED,,,USER-SUPPLIED TELEMETRY — origin not verified,False,False
2013-09-30 06:24:00+00:00,,7.818993126201719,UNSCORED,,,USER-SUPPLIED TELEMETRY — origin not verified,False,False
2013-09-30 06:25:00+00:00,,7.818993126201719,UNSCORED,,,USER-SUPPLIED TELEMETRY — origin not verified,False,False
2013-09-30 06:26:00+00:00,,7.818993126201719,UNSCORED,,,USER-SUPPLIED TELEMETRY — origin not verified,False,False
2013-09-30 06:27:00+00:00,,7.818993126201719,UNSCORED,,,USER-SUPPLIED TELEMETRY — origin not verified,False,False
2013-09-30 06:28:00+00:00,,7.818993126201719,UNSCORED,,,USER-SUPPLIED TELEMETRY — origin not verified,False,False
2013-09-30 06:29:00+00:00,,7.818993126201719,UNSCORED,,,USER-SUPPLIED TELEMETRY — origin not verified,False,False
2013-09-30 06:30:00+00:00,,7.818993126201719,UNSCORED,,,USER-SUPPLIED TELEMETRY — origin not verified,False,False
2013-09-30 06:31:00+00:00,,7.818993126201719,UNSCORED,,,USER-SUPPLIED TELEMETRY — origin not verified,False,False
2013-09-30 06:32:00+00:00,,7.818993126201719,UNSCORED,,,USER-SUPPLIED TELEMETRY — origin not verified,False,False
2013-09-30 06:33:00+00:00,,7.818993126201719,UNSCORED,,,USER-SUPPLIED TELEMETRY — origin not verified,False,False
2013-09-30 06:34:00+00:00,,7.818993126201719,UNSCORED,,,USER-SUPPLIED TELEMETRY — origin not verified,False,False
2013-09-30 06:35:00+00:00,,7.818993126201719,UNSCORED,,,USER-SUPPLIED TELEMETRY — origin not verified,False,False
2013-09-30 06:36:00+00:00,,7.818993126201719,UNSCORED,,,USER-SUPPLIED TELEMETRY — origin not verified,False,False
2013-09-30 06:37:00+00:00,,7.818993126201719,UNSCORED,,,USER-SUPPLIED TELEMETRY — origin not verified,False,False
2013-09-30 06:38:00+00:00,,7.818993126201719,UNSCORED,,,USER-SUPPLIED TELEMETRY — origin not verified,False,False
2013-09-30 06:39:00+00:00,,7.818993126201719,UNSCORED,,,USER-SUPPLIED TELEMETRY — origin not verified,False,False
2013-09-30 06:40:00+00:00,,7.818993126201719,UNSCORED,,,USER-SUPPLIED TELEMETRY — origin not verified,False,False
2013-09-30 06:41:00+00:00,,7.818993126201719,UNSCORED,,,USER-SUPPLIED TELEMETRY — origin not verified,False,False
2013-09-30 06:42:00+00:00,,7.818993126201719,UNSCORED,,,USER-SUPPLIED TELEMETRY — origin not verified,False,False
2013-09-30 06:43:00+00:00,,7.818993126201719,UNSCORED,,,USER-SUPPLIED TELEMETRY — origin not verified,False,False
2013-09-30 06:44:00+00:00,,7.818993126201719,UNSCORED,,,USER-SUPPLIED TELEMETRY — origin not verified,False,False
2013-09-30 06:45:00+00:00,,7.818993126201719,UNSCORED,,,USER-SUPPLIED TELEMETRY — origin not verified,False,False
2013-09-30 06:46:00+00:00,,7.818993126201719,UNSCORED,,,USER-SUPPLIED TELEMETRY — origin not verified,False,False
2013-09-30 06:47:00+00:00,,7.818993126201719,UNSCORED,,,USER-SUPPLIED TELEMETRY — origin not verified,False,False
2013-09-30 06:48:00+00:00,,7.818993126201719,UNSCORED,,,USER-SUPPLIED TELEMETRY — origin not verified,False,False
2013-09-30 06:49:00+00:00,,7.818993126201719,UNSCORED,,,USER-SUPPLIED TELEMETRY — origin not verified,False,False
2013-09-30 06:50:00+00:00,,7.818993126201719,UNSCORED,,,USER-SUPPLIED TELEMETRY — origin not verified,False,False
2013-09-30 06:51:00+00:00,,7.818993126201719,UNSCORED,,,USER-SUPPLIED TELEMETRY — origin not verified,False,False
2013-09-30 06:52:00+00:00,,7.818993126201719,UNSCORED,,,USER-SUPPLIED TELEMETRY — origin not verified,False,False
2013-09-30 06:53:00+00:00,,7.818993126201719,UNSCORED,,,USER-SUPPLIED TELEMETRY — origin not verified,False,False
2013-09-30 06:54:00+00:00,,7.818993126201719,UNSCORED,,,USER-SUPPLIED TELEMETRY — origin not verified,False,False
2013-09-30 06:55:00+00:00,,7.818993126201719,UNSCORED,,,USER-SUPPLIED TELEMETRY — origin not verified,False,False
2013-09-30 06:56:00+00:00,,7.818993126201719,UNSCORED,,,USER-SUPPLIED TELEMETRY — origin not verified,False,False
2013-09-30 06:57:00+00:00,,7.818993126201719,UNSCORED,,,USER-SUPPLIED TELEMETRY — origin not verified,False,False
2013-09-30 06:58:00+00:00,,7.818993126201719,UNSCORED,,,USER-SUPPLIED TELEMETRY — origin not verified,False,False
2013-09-30 06:59:00+00:00,,7.818993126201719,UNSCORED,,,USER-SUPPLIED TELEMETRY — origin not verified,False,False
2013-09-30 07:00:00+00:00,,7.818993126201719,UNSCORED,,,USER-SUPPLIED TELEMETRY — origin not verified,False,False
2013-09-30 07:01:00+00:00,,7.818993126201719,UNSCORED,,,USER-SUPPLIED TELEMETRY — origin not verified,False,False
2013-09-30 07:02:00+00:00,,7.818993126201719,UNSCORED,,,USER-SUPPLIED TELEMETRY — origin not verified,False,False
2013-09-30 07:03:00+00:00,,7.818993126201719,UNSCORED,,,USER-SUPPLIED TELEMETRY — origin not verified,False,False
2013-09-30 07:04:00+00:00,,7.818993126201719,UNSCORED,,,USER-SUPPLIED TELEMETRY — origin not verified,False,False
2013-09-30 07:05:00+00:00,,7.818993126201719,UNSCORED,,,USER-SUPPLIED TELEMETRY — origin not verified,False,False
2013-09-30 07:06:00+00:00,,7.818993126201719,UNSCORED,,,USER-SUPPLIED TELEMETRY — origin not verified,False,False
2013-09-30 07:07:00+00:00,,7.818993126201719,UNSCORED,,,USER-SUPPLIED TELEMETRY — origin not verified,False,False
2013-09-30 07:08:00+00:00,,7.818993126201719,UNSCORED,,,USER-SUPPLIED TELEMETRY — origin not verified,False,False
2013-09-30 07:09:00+00:00,,7.818993126201719,UNSCORED,,,USER-SUPPLIED TELEMETRY — origin not verified,False,False
2013-09-30 07:10:00+00:00,,7.818993126201719,UNSCORED,,,USER-SUPPLIED TELEMETRY — origin not verified,False,False
2013-09-30 07:11:00+00:00,,7.818993126201719,UNSCORED,,,USER-SUPPLIED TELEMETRY — origin not verified,False,False
2013-09-30 07:12:00+00:00,,7.818993126201719,UNSCORED,,,USER-SUPPLIED TELEMETRY — origin not verified,False,False
2013-09-30 07:13:00+00:00,,7.818993126201719,UNSCORED,,,USER-SUPPLIED TELEMETRY — origin not verified,False,False
2013-09-30 07:14:00+00:00,,7.818993126201719,UNSCORED,,,USER-SUPPLIED TELEMETRY — origin not verified,False,False
2013-09-30 07:15:00+00:00,,7.818993126201719,UNSCORED,,,USER-SUPPLIED TELEMETRY — origin not verified,False,False
2013-09-30 07:16:00+00:00,,7.818993126201719,UNSCORED,,,USER-SUPPLIED TELEMETRY — origin not verified,False,False
2013-09-30 07:17:00+00:00,,7.818993126201719,UNSCORED,,,USER-SUPPLIED TELEMETRY — origin not verified,False,False
2013-09-30 07:18:00+00:00,,7.818993126201719,UNSCORED,,,USER-SUPPLIED TELEMETRY — origin not verified,False,False
2013-09-30 07:19:00+00:00,,7.818993126201719,UNSCORED,,,USER-SUPPLIED TELEMETRY — origin not verified,False,False
2013-09-30 07:20:00+00:00,,7.818993126201719,UNSCORED,,,USER-SUPPLIED TELEMETRY — origin not verified,False,False
2013-09-30 07:21:00+00:00,,7.818993126201719,UNSCORED,,,USER-SUPPLIED TELEMETRY — origin not verified,False,False
2013-09-30 07:22:00+00:00,,7.818993126201719,UNSCORED,,,USER-SUPPLIED TELEMETRY — origin not verified,False,False
2013-09-30 07:23:00+00:00,,7.818993126201719,UNSCORED,,,USER-SUPPLIED TELEMETRY — origin not verified,False,False
2013-09-30 07:24:00+00:00,,7.818993126201719,UNSCORED,,,USER-SUPPLIED TELEMETRY — origin not verified,False,False
2013-09-30 07:25:00+00:00,,7.818993126201719,UNSCORED,,,USER-SUPPLIED TELEMETRY — origin not verified,False,False
2013-09-30 07:26:00+00:00,,7.818993126201719,UNSCORED,,,USER-SUPPLIED TELEMETRY — origin not verified,False,False
2013-09-30 07:27:00+00:00,,7.818993126201719,UNSCORED,,,USER-SUPPLIED TELEMETRY — origin not verified,False,False
2013-09-30 07:28:00+00:00,,7.818993126201719,UNSCORED,,,USER-SUPPLIED TELEMETRY — origin not verified,False,False
2013-09-30 07:29:00+00:00,,7.818993126201719,UNSCORED,,,USER-SUPPLIED TELEMETRY — origin not verified,False,False
2013-09-30 07:30:00+00:00,,7.818993126201719,UNSCORED,,,USER-SUPPLIED TELEMETRY — origin not verified,False,False
2013-09-30 07:31:00+00:00,,7.818993126201719,UNSCORED,,,USER-SUPPLIED TELEMETRY — origin not verified,False,False
2013-09-30 07:32:00+00:00,,7.818993126201719,UNSCORED,,,USER-SUPPLIED TELEMETRY — origin not verified,False,False
2013-09-30 07:33:00+00:00,,7.818993126201719,UNSCORED,,,USER-SUPPLIED TELEMETRY — origin not verified,False,False
2013-09-30 07:34:00+00:00,,7.818993126201719,UNSCORED,,,USER-SUPPLIED TELEMETRY — origin not verified,False,False
2013-09-30 07:35:00+00:00,,7.818993126201719,UNSCORED,,,USER-SUPPLIED TELEMETRY — origin not verified,False,False
2013-09-30 07:36:00+00:00,,7.818993126201719,UNSCORED,,,USER-SUPPLIED TELEMETRY — origin not verified,False,False
2013-09-30 07:37:00+00:00,,7.818993126201719,UNSCORED,,,USER-SUPPLIED TELEMETRY — origin not verified,False,False
2013-09-30 07:38:00+00:00,,7.818993126201719,UNSCORED,,,USER-SUPPLIED TELEMETRY — origin not verified,False,False
2013-09-30 07:39:00+00:00,,7.818993126201719,UNSCORED,,,USER-SUPPLIED TELEMETRY — origin not verified,False,False
2013-09-30 07:40:00+00:00,,7.818993126201719,UNSCORED,,,USER-SUPPLIED TELEMETRY — origin not verified,False,False
2013-09-30 07:41:00+00:00,,7.818993126201719,UNSCORED,,,USER-SUPPLIED TELEMETRY — origin not verified,False,False
2013-09-30 07:42:00+00:00,,7.818993126201719,UNSCORED,,,USER-SUPPLIED TELEMETRY — origin not verified,False,False
2013-09-30 07:43:00+00:00,,7.818993126201719,UNSCORED,,,USER-SUPPLIED TELEMETRY — origin not verified,False,False
2013-09-30 07:44:00+00:00,,7.818993126201719,UNSCORED,,,USER-SUPPLIED TELEMETRY — origin not verified,False,False
2013-09-30 07:45:00+00:00,,7.818993126201719,UNSCORED,,,USER-SUPPLIED TELEMETRY — origin not verified,False,False
2013-09-30 07:46:00+00:00,,7.818993126201719,UNSCORED,,,USER-SUPPLIED TELEMETRY — origin not verified,False,False
2013-09-30 07:47:00+00:00,,7.818993126201719,UNSCORED,,,USER-SUPPLIED TELEMETRY — origin not verified,False,False
2013-09-30 07:48:00+00:00,,7.818993126201719,UNSCORED,,,USER-SUPPLIED TELEMETRY — origin not verified,False,False
2013-09-30 07:49:00+00:00,,7.818993126201719,UNSCORED,,,USER-SUPPLIED TELEMETRY — origin not verified,False,False
2013-09-30 07:50:00+00:00,,7.818993126201719,UNSCORED,,,USER-SUPPLIED TELEMETRY — origin not verified,False,False
2013-09-30 07:51:00+00:00,,7.818993126201719,UNSCORED,,,USER-SUPPLIED TELEMETRY — origin not verified,False,False
2013-09-30 07:52:00+00:00,,7.818993126201719,UNSCORED,,,USER-SUPPLIED TELEMETRY — origin not verified,False,False
2013-09-30 07:53:00+00:00,,7.818993126201719,UNSCORED,,,USER-SUPPLIED TELEMETRY — origin not verified,False,False
2013-09-30 07:54:00+00:00,,7.818993126201719,UNSCORED,,,USER-SUPPLIED TELEMETRY — origin not verified,False,False
2013-09-30 07:55:00+00:00,,7.818993126201719,UNSCORED,,,USER-SUPPLIED TELEMETRY — origin not verified,False,False
2013-09-30 07:56:00+00:00,,7.818993126201719,UNSCORED,,,USER-SUPPLIED TELEMETRY — origin not verified,False,False
2013-09-30 07:57:00+00:00,,7.818993126201719,UNSCORED,,,USER-SUPPLIED TELEMETRY — origin not verified,False,False
2013-09-30 07:58:00+00:00,,7.818993126201719,UNSCORED,,,USER-SUPPLIED TELEMETRY — origin not verified,False,False
2013-09-30 07:59:00+00:00,,7.818993126201719,UNSCORED,,,USER-SUPPLIED TELEMETRY — origin not verified,False,False
2013-09-30 08:00:00+00:00,,7.818993126201719,UNSCORED,,,USER-SUPPLIED TELEMETRY — origin not verified,False,False
2013-09-30 08:01:00+00:00,,7.818993126201719,UNSCORED,,,USER-SUPPLIED TELEMETRY — origin not verified,False,False
2013-09-30 08:02:00+00:00,,7.818993126201719,UNSCORED,,,USER-SUPPLIED TELEMETRY — origin not verified,False,False
2013-09-30 08:03:00+00:00,,7.818993126201719,UNSCORED,,,USER-SUPPLIED TELEMETRY — origin not verified,False,False
2013-09-30 08:04:00+00:00,,7.818993126201719,UNSCORED,,,USER-SUPPLIED TELEMETRY — origin not verified,False,False
2013-09-30 08:05:00+00:00,,7.818993126201719,UNSCORED,,,USER-SUPPLIED TELEMETRY — origin not verified,False,False
2013-09-30 08:06:00+00:00,,7.818993126201719,UNSCORED,,,USER-SUPPLIED TELEMETRY — origin not verified,False,False
2013-09-30 08:07:00+00:00,,7.818993126201719,UNSCORED,,,USER-SUPPLIED TELEMETRY — origin not verified,False,False
2013-09-30 08:08:00+00:00,,7.818993126201719,UNSCORED,,,USER-SUPPLIED TELEMETRY — origin not verified,False,False
2013-09-30 08:09:00+00:00,,7.818993126201719,UNSCORED,,,USER-SUPPLIED TELEMETRY — origin not verified,False,False
2013-09-30 08:10:00+00:00,,7.818993126201719,UNSCORED,,,USER-SUPPLIED TELEMETRY — origin not verified,False,False
2013-09-30 08:11:00+00:00,,7.818993126201719,UNSCORED,,,USER-SUPPLIED TELEMETRY — origin not verified,False,False
2013-09-30 08:12:00+00:00,,7.818993126201719,UNSCORED,,,USER-SUPPLIED TELEMETRY — origin not verified,False,False
2013-09-30 08:13:00+00:00,,7.818993126201719,UNSCORED,,,USER-SUPPLIED TELEMETRY — origin not verified,False,False
2013-09-30 08:14:00+00:00,,7.818993126201719,UNSCORED,,,USER-SUPPLIED TELEMETRY — origin not verified,False,False
2013-09-30 08:15:00+00:00,,7.818993126201719,UNSCORED,,,USER-SUPPLIED TELEMETRY — origin not verified,False,False
2013-09-30 08:16:00+00:00,,7.818993126201719,UNSCORED,,,USER-SUPPLIED TELEMETRY — origin not verified,False,False
2013-09-30 08:17:00+00:00,,7.818993126201719,UNSCORED,,,USER-SUPPLIED TELEMETRY — origin not verified,False,False
2013-09-30 08:18:00+00:00,,7.818993126201719,UNSCORED,,,USER-SUPPLIED TELEMETRY — origin not verified,False,False
2013-09-30 08:19:00+00:00,,7.818993126201719,UNSCORED,,,USER-SUPPLIED TELEMETRY — origin not verified,False,False
2013-09-30 08:20:00+00:00,,7.818993126201719,UNSCORED,,,USER-SUPPLIED TELEMETRY — origin not verified,False,False
2013-09-30 08:21:00+00:00,,7.818993126201719,UNSCORED,,,USER-SUPPLIED TELEMETRY — origin not verified,False,False
2013-09-30 08:22:00+00:00,,7.818993126201719,UNSCORED,,,USER-SUPPLIED TELEMETRY — origin not verified,False,False
2013-09-30 08:23:00+00:00,,7.818993126201719,UNSCORED,,,USER-SUPPLIED TELEMETRY — origin not verified,False,False
2013-09-30 08:24:00+00:00,,7.818993126201719,UNSCORED,,,USER-SUPPLIED TELEMETRY — origin not verified,False,False
2013-09-30 08:25:00+00:00,,7.818993126201719,UNSCORED,,,USER-SUPPLIED TELEMETRY — origin not verified,False,False
2013-09-30 08:26:00+00:00,,7.818993126201719,UNSCORED,,,USER-SUPPLIED TELEMETRY — origin not verified,False,False
2013-09-30 08:27:00+00:00,,7.818993126201719,UNSCORED,,,USER-SUPPLIED TELEMETRY — origin not verified,False,False
2013-09-30 08:28:00+00:00,,7.818993126201719,UNSCORED,,,USER-SUPPLIED TELEMETRY — origin not verified,False,False
2013-09-30 08:29:00+00:00,,7.818993126201719,UNSCORED,,,USER-SUPPLIED TELEMETRY — origin not verified,False,False
2013-09-30 08:30:00+00:00,,7.818993126201719,UNSCORED,,,USER-SUPPLIED TELEMETRY — origin not verified,False,False
2013-09-30 08:31:00+00:00,,7.818993126201719,UNSCORED,,,USER-SUPPLIED TELEMETRY — origin not verified,False,False
2013-09-30 08:32:00+00:00,,7.818993126201719,UNSCORED,,,USER-SUPPLIED TELEMETRY — origin not verified,False,False
2013-09-30 08:33:00+00:00,,7.818993126201719,UNSCORED,,,USER-SUPPLIED TELEMETRY — origin not verified,False,False
2013-09-30 08:34:00+00:00,,7.818993126201719,UNSCORED,,,USER-SUPPLIED TELEMETRY — origin not verified,False,False
2013-09-30 08:35:00+00:00,,7.818993126201719,UNSCORED,,,USER-SUPPLIED TELEMETRY — origin not verified,False,False
2013-09-30 08:36:00+00:00,,7.818993126201719,UNSCORED,,,USER-SUPPLIED TELEMETRY — origin not verified,False,False
2013-09-30 08:37:00+00:00,,7.818993126201719,UNSCORED,,,USER-SUPPLIED TELEMETRY — origin not verified,False,False
2013-09-30 08:38:00+00:00,,7.818993126201719,UNSCORED,,,USER-SUPPLIED TELEMETRY — origin not verified,False,False
2013-09-30 08:39:00+00:00,,7.818993126201719,UNSCORED,,,USER-SUPPLIED TELEMETRY — origin not verified,False,False
2013-09-30 08:40:00+00:00,,7.818993126201719,UNSCORED,,,USER-SUPPLIED TELEMETRY — origin not verified,False,False
2013-09-30 08:41:00+00:00,,7.818993126201719,UNSCORED,,,USER-SUPPLIED TELEMETRY — origin not verified,False,False
2013-09-30 08:42:00+00:00,,7.818993126201719,UNSCORED,,,USER-SUPPLIED TELEMETRY — origin not verified,False,False
2013-09-30 08:43:00+00:00,,7.818993126201719,UNSCORED,,,USER-SUPPLIED TELEMETRY — origin not verified,False,False
2013-09-30 08:44:00+00:00,,7.818993126201719,UNSCORED,,,USER-SUPPLIED TELEMETRY — origin not verified,False,False
2013-09-30 08:45:00+00:00,,7.818993126201719,UNSCORED,,,USER-SUPPLIED TELEMETRY — origin not verified,False,False
2013-09-30 08:46:00+00:00,,7.818993126201719,UNSCORED,,,USER-SUPPLIED TELEMETRY — origin not verified,False,False
2013-09-30 08:47:00+00:00,,7.818993126201719,UNSCORED,,,USER-SUPPLIED TELEMETRY — origin not verified,False,False
2013-09-30 08:48:00+00:00,,7.818993126201719,UNSCORED,,,USER-SUPPLIED TELEMETRY — origin not verified,False,False
2013-09-30 08:49:00+00:00,,7.818993126201719,UNSCORED,,,USER-SUPPLIED TELEMETRY — origin not verified,False,False
2013-09-30 08:50:00+00:00,,7.818993126201719,UNSCORED,,,USER-SUPPLIED TELEMETRY — origin not verified,False,False
2013-09-30 08:51:00+00:00,,7.818993126201719,UNSCORED,,,USER-SUPPLIED TELEMETRY — origin not verified,False,False
2013-09-30 08:52:00+00:00,,7.818993126201719,UNSCORED,,,USER-SUPPLIED TELEMETRY — origin not verified,False,False
2013-09-30 08:53:00+00:00,,7.818993126201719,UNSCORED,,,USER-SUPPLIED TELEMETRY — origin not verified,False,False
2013-09-30 08:54:00+00:00,,7.818993126201719,UNSCORED,,,USER-SUPPLIED TELEMETRY — origin not verified,False,False
2013-09-30 08:55:00+00:00,,7.818993126201719,UNSCORED,,,USER-SUPPLIED TELEMETRY — origin not verified,False,False
2013-09-30 08:56:00+00:00,,7.818993126201719,UNSCORED,,,USER-SUPPLIED TELEMETRY — origin not verified,False,False
2013-09-30 08:57:00+00:00,,7.818993126201719,UNSCORED,,,USER-SUPPLIED TELEMETRY — origin not verified,False,False
2013-09-30 08:58:00+00:00,,7.818993126201719,UNSCORED,,,USER-SUPPLIED TELEMETRY — origin not verified,False,False
2013-09-30 08:59:00+00:00,,7.818993126201719,UNSCORED,,,USER-SUPPLIED TELEMETRY — origin not verified,False,False
2013-09-30 09:00:00+00:00,,7.818993126201719,UNSCORED,,,USER-SUPPLIED TELEMETRY — origin not verified,False,False
2013-09-30 09:01:00+00:00,,7.818993126201719,UNSCORED,,,USER-SUPPLIED TELEMETRY — origin not verified,False,False
2013-09-30 09:02:00+00:00,,7.818993126201719,UNSCORED,,,USER-SUPPLIED TELEMETRY — origin not verified,False,False
2013-09-30 09:03:00+00:00,,7.818993126201719,UNSCORED,,,USER-SUPPLIED TELEMETRY — origin not verified,False,False
2013-09-30 09:04:00+00:00,,7.818993126201719,UNSCORED,,,USER-SUPPLIED TELEMETRY — origin not verified,False,False
2013-09-30 09:05:00+00:00,,7.818993126201719,UNSCORED,,,USER-SUPPLIED TELEMETRY — origin not verified,False,False
2013-09-30 09:06:00+00:00,,7.818993126201719,UNSCORED,,,USER-SUPPLIED TELEMETRY — origin not verified,False,False
2013-09-30 09:07:00+00:00,,7.818993126201719,UNSCORED,,,USER-SUPPLIED TELEMETRY — origin not verified,False,False
2013-09-30 09:08:00+00:00,,7.818993126201719,UNSCORED,,,USER-SUPPLIED TELEMETRY — origin not verified,False,False
2013-09-30 09:09:00+00:00,,7.818993126201719,UNSCORED,,,USER-SUPPLIED TELEMETRY — origin not verified,False,False
2013-09-30 09:10:00+00:00,,7.818993126201719,UNSCORED,,,USER-SUPPLIED TELEMETRY — origin not verified,False,False
2013-09-30 09:11:00+00:00,,7.818993126201719,UNSCORED,,,USER-SUPPLIED TELEMETRY — origin not verified,False,False
2013-09-30 09:12:00+00:00,,7.818993126201719,UNSCORED,,,USER-SUPPLIED TELEMETRY — origin not verified,False,False
2013-09-30 09:13:00+00:00,,7.818993126201719,UNSCORED,,,USER-SUPPLIED TELEMETRY — origin not verified,False,False
2013-09-30 09:14:00+00:00,,7.818993126201719,UNSCORED,,,USER-SUPPLIED TELEMETRY — origin not verified,False,False
2013-09-30 09:15:00+00:00,,7.818993126201719,UNSCORED,,,USER-SUPPLIED TELEMETRY — origin not verified,False,False
2013-09-30 09:16:00+00:00,,7.818993126201719,UNSCORED,,,USER-SUPPLIED TELEMETRY — origin not verified,False,False
2013-09-30 09:17:00+00:00,,7.818993126201719,UNSCORED,,,USER-SUPPLIED TELEMETRY — origin not verified,False,False
2013-09-30 09:18:00+00:00,,7.818993126201719,UNSCORED,,,USER-SUPPLIED TELEMETRY — origin not verified,False,False
2013-09-30 09:19:00+00:00,,7.818993126201719,UNSCORED,,,USER-SUPPLIED TELEMETRY — origin not verified,False,False
2013-09-30 09:20:00+00:00,,7.818993126201719,UNSCORED,,,USER-SUPPLIED TELEMETRY — origin not verified,False,False
2013-09-30 09:21:00+00:00,,7.818993126201719,UNSCORED,,,USER-SUPPLIED TELEMETRY — origin not verified,False,False
2013-09-30 09:22:00+00:00,,7.818993126201719,UNSCORED,,,USER-SUPPLIED TELEMETRY — origin not verified,False,False
2013-09-30 09:23:00+00:00,,7.818993126201719,UNSCORED,,,USER-SUPPLIED TELEMETRY — origin not verified,False,False
2013-09-30 09:24:00+00:00,,7.818993126201719,UNSCORED,,,USER-SUPPLIED TELEMETRY — origin not verified,False,False
2013-09-30 09:25:00+00:00,,7.818993126201719,UNSCORED,,,USER-SUPPLIED TELEMETRY — origin not verified,False,False
2013-09-30 09:26:00+00:00,,7.818993126201719,UNSCORED,,,USER-SUPPLIED TELEMETRY — origin not verified,False,False
2013-09-30 09:27:00+00:00,,7.818993126201719,UNSCORED,,,USER-SUPPLIED TELEMETRY — origin not verified,False,False
2013-09-30 09:28:00+00:00,,7.818993126201719,UNSCORED,,,USER-SUPPLIED TELEMETRY — origin not verified,False,False
2013-09-30 09:29:00+00:00,,7.818993126201719,UNSCORED,,,USER-SUPPLIED TELEMETRY — origin not verified,False,False
2013-09-30 09:30:00+00:00,,7.818993126201719,UNSCORED,,,USER-SUPPLIED TELEMETRY — origin not verified,False,False
2013-09-30 09:31:00+00:00,,7.818993126201719,UNSCORED,,,USER-SUPPLIED TELEMETRY — origin not verified,False,False
2013-09-30 09:32:00+00:00,,7.818993126201719,UNSCORED,,,USER-SUPPLIED TELEMETRY — origin not verified,False,False
2013-09-30 09:33:00+00:00,,7.818993126201719,UNSCORED,,,USER-SUPPLIED TELEMETRY — origin not verified,False,False
2013-09-30 09:34:00+00:00,,7.818993126201719,UNSCORED,,,USER-SUPPLIED TELEMETRY — origin not verified,False,False
2013-09-30 09:35:00+00:00,,7.818993126201719,UNSCORED,,,USER-SUPPLIED TELEMETRY — origin not verified,False,False
2013-09-30 09:36:00+00:00,,7.818993126201719,UNSCORED,,,USER-SUPPLIED TELEMETRY — origin not verified,False,False
2013-09-30 09:37:00+00:00,,7.818993126201719,UNSCORED,,,USER-SUPPLIED TELEMETRY — origin not verified,False,False
2013-09-30 09:38:00+00:00,,7.818993126201719,UNSCORED,,,USER-SUPPLIED TELEMETRY — origin not verified,False,False
2013-09-30 09:39:00+00:00,,7.818993126201719,UNSCORED,,,USER-SUPPLIED TELEMETRY — origin not verified,False,False
2013-09-30 09:40:00+00:00,,7.818993126201719,UNSCORED,,,USER-SUPPLIED TELEMETRY — origin not verified,False,False
2013-09-30 09:41:00+00:00,,7.818993126201719,UNSCORED,,,USER-SUPPLIED TELEMETRY — origin not verified,False,False
2013-09-30 09:42:00+00:00,,7.818993126201719,UNSCORED,,,USER-SUPPLIED TELEMETRY — origin not verified,False,False
2013-09-30 09:43:00+00:00,,7.818993126201719,UNSCORED,,,USER-SUPPLIED TELEMETRY — origin not verified,False,False
2013-09-30 09:44:00+00:00,,7.818993126201719,UNSCORED,,,USER-SUPPLIED TELEMETRY — origin not verified,False,False
2013-09-30 09:45:00+00:00,,7.818993126201719,UNSCORED,,,USER-SUPPLIED TELEMETRY — origin not verified,False,False
2013-09-30 09:46:00+00:00,,7.818993126201719,UNSCORED,,,USER-SUPPLIED TELEMETRY — origin not verified,False,False
2013-09-30 09:47:00+00:00,,7.818993126201719,UNSCORED,,,USER-SUPPLIED TELEMETRY — origin not verified,False,False
2013-09-30 09:48:00+00:00,,7.818993126201719,UNSCORED,,,USER-SUPPLIED TELEMETRY — origin not verified,False,False
2013-09-30 09:49:00+00:00,,7.818993126201719,UNSCORED,,,USER-SUPPLIED TELEMETRY — origin not verified,False,False
2013-09-30 09:50:00+00:00,,7.818993126201719,UNSCORED,,,USER-SUPPLIED TELEMETRY — origin not verified,False,False
2013-09-30 09:51:00+00:00,,7.818993126201719,UNSCORED,,,USER-SUPPLIED TELEMETRY — origin not verified,False,False
2013-09-30 09:52:00+00:00,,7.818993126201719,UNSCORED,,,USER-SUPPLIED TELEMETRY — origin not verified,False,False
2013-09-30 09:53:00+00:00,,7.818993126201719,UNSCORED,,,USER-SUPPLIED TELEMETRY — origin not verified,False,False
2013-09-30 09:54:00+00:00,,7.818993126201719,UNSCORED,,,USER-SUPPLIED TELEMETRY — origin not verified,False,False
2013-09-30 09:55:00+00:00,,7.818993126201719,UNSCORED,,,USER-SUPPLIED TELEMETRY — origin not verified,False,False
2013-09-30 09:56:00+00:00,,7.818993126201719,UNSCORED,,,USER-SUPPLIED TELEMETRY — origin not verified,False,False
2013-09-30 09:57:00+00:00,,7.818993126201719,UNSCORED,,,USER-SUPPLIED TELEMETRY — origin not verified,False,False
2013-09-30 09:58:00+00:00,,7.818993126201719,UNSCORED,,,USER-SUPPLIED TELEMETRY — origin not verified,False,False
2013-09-30 09:59:00+00:00,,7.818993126201719,UNSCORED,,,USER-SUPPLIED TELEMETRY — origin not verified,False,False
2013-09-30 10:00:00+00:00,,7.818993126201719,UNSCORED,,,USER-SUPPLIED TELEMETRY — origin not verified,False,False
2013-09-30 10:01:00+00:00,,7.818993126201719,UNSCORED,,,USER-SUPPLIED TELEMETRY — origin not verified,False,False
2013-09-30 10:02:00+00:00,,7.818993126201719,UNSCORED,,,USER-SUPPLIED TELEMETRY — origin not verified,False,False
2013-09-30 10:03:00+00:00,,7.818993126201719,UNSCORED,,,USER-SUPPLIED TELEMETRY — origin not verified,False,False
2013-09-30 10:04:00+00:00,,7.818993126201719,UNSCORED,,,USER-SUPPLIED TELEMETRY — origin not verified,False,False
2013-09-30 10:05:00+00:00,,7.818993126201719,UNSCORED,,,USER-SUPPLIED TELEMETRY — origin not verified,False,False
2013-09-30 10:06:00+00:00,,7.818993126201719,UNSCORED,,,USER-SUPPLIED TELEMETRY — origin not verified,False,False
2013-09-30 10:07:00+00:00,,7.818993126201719,UNSCORED,,,USER-SUPPLIED TELEMETRY — origin not verified,False,False
2013-09-30 10:08:00+00:00,,7.818993126201719,UNSCORED,,,USER-SUPPLIED TELEMETRY — origin not verified,False,False
2013-09-30 10:09:00+00:00,,7.818993126201719,UNSCORED,,,USER-SUPPLIED TELEMETRY — origin not verified,False,False
2013-09-30 10:10:00+00:00,,7.818993126201719,UNSCORED,,,USER-SUPPLIED TELEMETRY — origin not verified,False,False
2013-09-30 10:11:00+00:00,,7.818993126201719,UNSCORED,,,USER-SUPPLIED TELEMETRY — origin not verified,False,False
2013-09-30 10:12:00+00:00,,7.818993126201719,UNSCORED,,,USER-SUPPLIED TELEMETRY — origin not verified,False,False
2013-09-30 10:13:00+00:00,,7.818993126201719,UNSCORED,,,USER-SUPPLIED TELEMETRY — origin not verified,False,False
2013-09-30 10:14:00+00:00,,7.818993126201719,UNSCORED,,,USER-SUPPLIED TELEMETRY — origin not verified,False,False
2013-09-30 10:15:00+00:00,,7.818993126201719,UNSCORED,,,USER-SUPPLIED TELEMETRY — origin not verified,False,False
2013-09-30 10:16:00+00:00,,7.818993126201719,UNSCORED,,,USER-SUPPLIED TELEMETRY — origin not verified,False,False
2013-09-30 10:17:00+00:00,,7.818993126201719,UNSCORED,,,USER-SUPPLIED TELEMETRY — origin not verified,False,False
2013-09-30 10:18:00+00:00,,7.818993126201719,UNSCORED,,,USER-SUPPLIED TELEMETRY — origin not verified,False,False
2013-09-30 10:19:00+00:00,,7.818993126201719,UNSCORED,,,USER-SUPPLIED TELEMETRY — origin not verified,False,False
2013-09-30 10:20:00+00:00,,7.818993126201719,UNSCORED,,,USER-SUPPLIED TELEMETRY — origin not verified,False,False
2013-09-30 10:21:00+00:00,,7.818993126201719,UNSCORED,,,USER-SUPPLIED TELEMETRY — origin not verified,False,False
2013-09-30 10:22:00+00:00,,7.818993126201719,UNSCORED,,,USER-SUPPLIED TELEMETRY — origin not verified,False,False
2013-09-30 10:23:00+00:00,,7.818993126201719,UNSCORED,,,USER-SUPPLIED TELEMETRY — origin not verified,False,False
2013-09-30 10:24:00+00:00,,7.818993126201719,UNSCORED,,,USER-SUPPLIED TELEMETRY — origin not verified,False,False
2013-09-30 10:25:00+00:00,,7.818993126201719,UNSCORED,,,USER-SUPPLIED TELEMETRY — origin not verified,False,False
2013-09-30 10:26:00+00:00,,7.818993126201719,UNSCORED,,,USER-SUPPLIED TELEMETRY — origin not verified,False,False
2013-09-30 10:27:00+00:00,,7.818993126201719,UNSCORED,,,USER-SUPPLIED TELEMETRY — origin not verified,False,False
2013-09-30 10:28:00+00:00,,7.818993126201719,UNSCORED,,,USER-SUPPLIED TELEMETRY — origin not verified,False,False
2013-09-30 10:29:00+00:00,,7.818993126201719,UNSCORED,,,USER-SUPPLIED TELEMETRY — origin not verified,False,False
2013-09-30 10:30:00+00:00,,7.818993126201719,UNSCORED,,,USER-SUPPLIED TELEMETRY — origin not verified,False,False
2013-09-30 10:31:00+00:00,,7.818993126201719,UNSCORED,,,USER-SUPPLIED TELEMETRY — origin not verified,False,False
2013-09-30 10:32:00+00:00,,7.818993126201719,UNSCORED,,,USER-SUPPLIED TELEMETRY — origin not verified,False,False
2013-09-30 10:33:00+00:00,,7.818993126201719,UNSCORED,,,USER-SUPPLIED TELEMETRY — origin not verified,False,False
2013-09-30 10:34:00+00:00,,7.818993126201719,UNSCORED,,,USER-SUPPLIED TELEMETRY — origin not verified,False,False
2013-09-30 10:35:00+00:00,,7.818993126201719,UNSCORED,,,USER-SUPPLIED TELEMETRY — origin not verified,False,False
2013-09-30 10:36:00+00:00,,7.818993126201719,UNSCORED,,,USER-SUPPLIED TELEMETRY — origin not verified,False,False
2013-09-30 10:37:00+00:00,,7.818993126201719,UNSCORED,,,USER-SUPPLIED TELEMETRY — origin not verified,False,False
2013-09-30 10:38:00+00:00,,7.818993126201719,UNSCORED,,,USER-SUPPLIED TELEMETRY — origin not verified,False,False
2013-09-30 10:39:00+00:00,,7.818993126201719,UNSCORED,,,USER-SUPPLIED TELEMETRY — origin not verified,False,False
2013-09-30 10:40:00+00:00,,7.818993126201719,UNSCORED,,,USER-SUPPLIED TELEMETRY — origin not verified,False,False
2013-09-30 10:41:00+00:00,,7.818993126201719,UNSCORED,,,USER-SUPPLIED TELEMETRY — origin not verified,False,False
2013-09-30 10:42:00+00:00,,7.818993126201719,UNSCORED,,,USER-SUPPLIED TELEMETRY — origin not verified,False,False
2013-09-30 10:43:00+00:00,,7.818993126201719,UNSCORED,,,USER-SUPPLIED TELEMETRY — origin not verified,False,False
2013-09-30 10:44:00+00:00,,7.818993126201719,UNSCORED,,,USER-SUPPLIED TELEMETRY — origin not verified,False,False
2013-09-30 10:45:00+00:00,,7.818993126201719,UNSCORED,,,USER-SUPPLIED TELEMETRY — origin not verified,False,False
2013-09-30 10:46:00+00:00,,7.818993126201719,UNSCORED,,,USER-SUPPLIED TELEMETRY — origin not verified,False,False
2013-09-30 10:47:00+00:00,,7.818993126201719,UNSCORED,,,USER-SUPPLIED TELEMETRY — origin not verified,False,False
2013-09-30 10:48:00+00:00,,7.818993126201719,UNSCORED,,,USER-SUPPLIED TELEMETRY — origin not verified,False,False
2013-09-30 10:49:00+00:00,,7.818993126201719,UNSCORED,,,USER-SUPPLIED TELEMETRY — origin not verified,False,False
2013-09-30 10:50:00+00:00,,7.818993126201719,UNSCORED,,,USER-SUPPLIED TELEMETRY — origin not verified,False,False
2013-09-30 10:51:00+00:00,,7.818993126201719,UNSCORED,,,USER-SUPPLIED TELEMETRY — origin not verified,False,False
2013-09-30 10:52:00+00:00,,7.818993126201719,UNSCORED,,,USER-SUPPLIED TELEMETRY — origin not verified,False,False
2013-09-30 10:53:00+00:00,,7.818993126201719,UNSCORED,,,USER-SUPPLIED TELEMETRY — origin not verified,False,False
2013-09-30 10:54:00+00:00,,7.818993126201719,UNSCORED,,,USER-SUPPLIED TELEMETRY — origin not verified,False,False
2013-09-30 10:55:00+00:00,,7.818993126201719,UNSCORED,,,USER-SUPPLIED TELEMETRY — origin not verified,False,False
2013-09-30 10:56:00+00:00,,7.818993126201719,UNSCORED,,,USER-SUPPLIED TELEMETRY — origin not verified,False,False
2013-09-30 10:57:00+00:00,,7.818993126201719,UNSCORED,,,USER-SUPPLIED TELEMETRY — origin not verified,False,False
2013-09-30 10:58:00+00:00,,7.818993126201719,UNSCORED,,,USER-SUPPLIED TELEMETRY — origin not verified,False,False
2013-09-30 10:59:00+00:00,,7.818993126201719,UNSCORED,,,USER-SUPPLIED TELEMETRY — origin not verified,False,False
2013-09-30 11:00:00+00:00,,7.818993126201719,UNSCORED,,,USER-SUPPLIED TELEMETRY — origin not verified,False,False
2013-09-30 11:01:00+00:00,,7.818993126201719,UNSCORED,,,USER-SUPPLIED TELEMETRY — origin not verified,False,False
2013-09-30 11:02:00+00:00,,7.818993126201719,UNSCORED,,,USER-SUPPLIED TELEMETRY — origin not verified,False,False
2013-09-30 11:03:00+00:00,,7.818993126201719,UNSCORED,,,USER-SUPPLIED TELEMETRY — origin not verified,False,False
2013-09-30 11:04:00+00:00,,7.818993126201719,UNSCORED,,,USER-SUPPLIED TELEMETRY — origin not verified,False,False
2013-09-30 11:05:00+00:00,,7.818993126201719,UNSCORED,,,USER-SUPPLIED TELEMETRY — origin not verified,False,False
2013-09-30 11:06:00+00:00,,7.818993126201719,UNSCORED,,,USER-SUPPLIED TELEMETRY — origin not verified,False,False
2013-09-30 11:07:00+00:00,,7.818993126201719,UNSCORED,,,USER-SUPPLIED TELEMETRY — origin not verified,False,False
2013-09-30 11:08:00+00:00,,7.818993126201719,UNSCORED,,,USER-SUPPLIED TELEMETRY — origin not verified,False,False
2013-09-30 11:09:00+00:00,,7.818993126201719,UNSCORED,,,USER-SUPPLIED TELEMETRY — origin not verified,False,False
2013-09-30 11:10:00+00:00,,7.818993126201719,UNSCORED,,,USER-SUPPLIED TELEMETRY — origin not verified,False,False
2013-09-30 11:11:00+00:00,,7.818993126201719,UNSCORED,,,USER-SUPPLIED TELEMETRY — origin not verified,False,False
2013-09-30 11:12:00+00:00,,7.818993126201719,UNSCORED,,,USER-SUPPLIED TELEMETRY — origin not verified,False,False
2013-09-30 11:13:00+00:00,,7.818993126201719,UNSCORED,,,USER-SUPPLIED TELEMETRY — origin not verified,False,False
2013-09-30 11:14:00+00:00,,7.818993126201719,UNSCORED,,,USER-SUPPLIED TELEMETRY — origin not verified,False,False
2013-09-30 11:15:00+00:00,,7.818993126201719,UNSCORED,,,USER-SUPPLIED TELEMETRY — origin not verified,False,False
2013-09-30 11:16:00+00:00,,7.818993126201719,UNSCORED,,,USER-SUPPLIED TELEMETRY — origin not verified,False,False
2013-09-30 11:17:00+00:00,,7.818993126201719,UNSCORED,,,USER-SUPPLIED TELEMETRY — origin not verified,False,False
2013-09-30 11:18:00+00:00,,7.818993126201719,UNSCORED,,,USER-SUPPLIED TELEMETRY — origin not verified,False,False
2013-09-30 11:19:00+00:00,,7.818993126201719,UNSCORED,,,USER-SUPPLIED TELEMETRY — origin not verified,False,False
2013-09-30 11:20:00+00:00,,7.818993126201719,UNSCORED,,,USER-SUPPLIED TELEMETRY — origin not verified,False,False
2013-09-30 11:21:00+00:00,,7.818993126201719,UNSCORED,,,USER-SUPPLIED TELEMETRY — origin not verified,False,False
2013-09-30 11:22:00+00:00,,7.818993126201719,UNSCORED,,,USER-SUPPLIED TELEMETRY — origin not verified,False,False
2013-09-30 11:23:00+00:00,,7.818993126201719,UNSCORED,,,USER-SUPPLIED TELEMETRY — origin not verified,False,False
2013-09-30 11:24:00+00:00,,7.818993126201719,UNSCORED,,,USER-SUPPLIED TELEMETRY — origin not verified,False,False
2013-09-30 11:25:00+00:00,,7.818993126201719,UNSCORED,,,USER-SUPPLIED TELEMETRY — origin not verified,False,False
2013-09-30 11:26:00+00:00,,7.818993126201719,UNSCORED,,,USER-SUPPLIED TELEMETRY — origin not verified,False,False
2013-09-30 11:27:00+00:00,,7.818993126201719,UNSCORED,,,USER-SUPPLIED TELEMETRY — origin not verified,False,False
2013-09-30 11:28:00+00:00,,7.818993126201719,UNSCORED,,,USER-SUPPLIED TELEMETRY — origin not verified,False,False
2013-09-30 11:29:00+00:00,,7.818993126201719,UNSCORED,,,USER-SUPPLIED TELEMETRY — origin not verified,False,False
2013-09-30 11:30:00+00:00,,7.818993126201719,UNSCORED,,,USER-SUPPLIED TELEMETRY — origin not verified,False,False
2013-09-30 11:31:00+00:00,,7.818993126201719,UNSCORED,,,USER-SUPPLIED TELEMETRY — origin not verified,False,False
2013-09-30 11:32:00+00:00,,7.818993126201719,UNSCORED,,,USER-SUPPLIED TELEMETRY — origin not verified,False,False
2013-09-30 11:33:00+00:00,,7.818993126201719,UNSCORED,,,USER-SUPPLIED TELEMETRY — origin not verified,False,False
2013-09-30 11:34:00+00:00,,7.818993126201719,UNSCORED,,,USER-SUPPLIED TELEMETRY — origin not verified,False,False
2013-09-30 11:35:00+00:00,,7.818993126201719,UNSCORED,,,USER-SUPPLIED TELEMETRY — origin not verified,False,False
2013-09-30 11:36:00+00:00,,7.818993126201719,UNSCORED,,,USER-SUPPLIED TELEMETRY — origin not verified,False,False
2013-09-30 11:37:00+00:00,,7.818993126201719,UNSCORED,,,USER-SUPPLIED TELEMETRY — origin not verified,False,False
2013-09-30 11:38:00+00:00,,7.818993126201719,UNSCORED,,,USER-SUPPLIED TELEMETRY — origin not verified,False,False
2013-09-30 11:39:00+00:00,,7.818993126201719,UNSCORED,,,USER-SUPPLIED TELEMETRY — origin not verified,False,False
2013-09-30 11:40:00+00:00,,7.818993126201719,UNSCORED,,,USER-SUPPLIED TELEMETRY — origin not verified,False,False
2013-09-30 11:41:00+00:00,,7.818993126201719,UNSCORED,,,USER-SUPPLIED TELEMETRY — origin not verified,False,False
2013-09-30 11:42:00+00:00,,7.818993126201719,UNSCORED,,,USER-SUPPLIED TELEMETRY — origin not verified,False,False
2013-09-30 11:43:00+00:00,,7.818993126201719,UNSCORED,,,USER-SUPPLIED TELEMETRY — origin not verified,False,False
2013-09-30 11:44:00+00:00,,7.818993126201719,UNSCORED,,,USER-SUPPLIED TELEMETRY — origin not verified,False,False
2013-09-30 11:45:00+00:00,,7.818993126201719,UNSCORED,,,USER-SUPPLIED TELEMETRY — origin not verified,False,False
2013-09-30 11:46:00+00:00,,7.818993126201719,UNSCORED,,,USER-SUPPLIED TELEMETRY — origin not verified,False,False
2013-09-30 11:47:00+00:00,,7.818993126201719,UNSCORED,,,USER-SUPPLIED TELEMETRY — origin not verified,False,False
2013-09-30 11:48:00+00:00,,7.818993126201719,UNSCORED,,,USER-SUPPLIED TELEMETRY — origin not verified,False,False
2013-09-30 11:49:00+00:00,,7.818993126201719,UNSCORED,,,USER-SUPPLIED TELEMETRY — origin not verified,False,False
2013-09-30 11:50:00+00:00,,7.818993126201719,UNSCORED,,,USER-SUPPLIED TELEMETRY — origin not verified,False,False
2013-09-30 11:51:00+00:00,,7.818993126201719,UNSCORED,,,USER-SUPPLIED TELEMETRY — origin not verified,False,False
2013-09-30 11:52:00+00:00,,7.818993126201719,UNSCORED,,,USER-SUPPLIED TELEMETRY — origin not verified,False,False
2013-09-30 11:53:00+00:00,,7.818993126201719,UNSCORED,,,USER-SUPPLIED TELEMETRY — origin not verified,False,False
2013-09-30 11:54:00+00:00,,7.818993126201719,UNSCORED,,,USER-SUPPLIED TELEMETRY — origin not verified,False,False
2013-09-30 11:55:00+00:00,,7.818993126201719,UNSCORED,,,USER-SUPPLIED TELEMETRY — origin not verified,False,False
2013-09-30 11:56:00+00:00,,7.818993126201719,UNSCORED,,,USER-SUPPLIED TELEMETRY — origin not verified,False,False
2013-09-30 11:57:00+00:00,,7.818993126201719,UNSCORED,,,USER-SUPPLIED TELEMETRY — origin not verified,False,False
2013-09-30 11:58:00+00:00,,7.818993126201719,UNSCORED,,,USER-SUPPLIED TELEMETRY — origin not verified,False,False
2013-09-30 11:59:00+00:00,,7.818993126201719,UNSCORED,,,USER-SUPPLIED TELEMETRY — origin not verified,False,False
2013-09-30 12:00:00+00:00,,7.818993126201719,UNSCORED,,,USER-SUPPLIED TELEMETRY — origin not verified,False,False
2013-09-30 12:01:00+00:00,,7.818993126201719,UNSCORED,,,USER-SUPPLIED TELEMETRY — origin not verified,False,False
2013-09-30 12:02:00+00:00,,7.818993126201719,UNSCORED,,,USER-SUPPLIED TELEMETRY — origin not verified,False,False
2013-09-30 12:03:00+00:00,,7.818993126201719,UNSCORED,,,USER-SUPPLIED TELEMETRY — origin not verified,False,False
2013-09-30 12:04:00+00:00,,7.818993126201719,UNSCORED,,,USER-SUPPLIED TELEMETRY — origin not verified,False,False
2013-09-30 12:05:00+00:00,,7.818993126201719,UNSCORED,,,USER-SUPPLIED TELEMETRY — origin not verified,False,False
2013-09-30 12:06:00+00:00,,7.818993126201719,UNSCORED,,,USER-SUPPLIED TELEMETRY — origin not verified,False,False
2013-09-30 12:07:00+00:00,,7.818993126201719,UNSCORED,,,USER-SUPPLIED TELEMETRY — origin not verified,False,False
2013-09-30 12:08:00+00:00,,7.818993126201719,UNSCORED,,,USER-SUPPLIED TELEMETRY — origin not verified,False,False
2013-09-30 12:09:00+00:00,,7.818993126201719,UNSCORED,,,USER-SUPPLIED TELEMETRY — origin not verified,False,False
2013-09-30 12:10:00+00:00,,7.818993126201719,UNSCORED,,,USER-SUPPLIED TELEMETRY — origin not verified,False,False
2013-09-30 12:11:00+00:00,,7.818993126201719,UNSCORED,,,USER-SUPPLIED TELEMETRY — origin not verified,False,False
2013-09-30 12:12:00+00:00,,7.818993126201719,UNSCORED,,,USER-SUPPLIED TELEMETRY — origin not verified,False,False
2013-09-30 12:13:00+00:00,,7.818993126201719,UNSCORED,,,USER-SUPPLIED TELEMETRY — origin not verified,False,False
2013-09-30 12:14:00+00:00,,7.818993126201719,UNSCORED,,,USER-SUPPLIED TELEMETRY — origin not verified,False,False
2013-09-30 12:15:00+00:00,,7.818993126201719,UNSCORED,,,USER-SUPPLIED TELEMETRY — origin not verified,False,False
2013-09-30 12:16:00+00:00,,7.818993126201719,UNSCORED,,,USER-SUPPLIED TELEMETRY — origin not verified,False,False
2013-09-30 12:17:00+00:00,,7.818993126201719,UNSCORED,,,USER-SUPPLIED TELEMETRY — origin not verified,False,False
2013-09-30 12:18:00+00:00,,7.818993126201719,UNSCORED,,,USER-SUPPLIED TELEMETRY — origin not verified,False,False
2013-09-30 12:19:00+00:00,,7.818993126201719,UNSCORED,,,USER-SUPPLIED TELEMETRY — origin not verified,False,False
2013-09-30 12:20:00+00:00,,7.818993126201719,UNSCORED,,,USER-SUPPLIED TELEMETRY — origin not verified,False,False
2013-09-30 12:21:00+00:00,,7.818993126201719,UNSCORED,,,USER-SUPPLIED TELEMETRY — origin not verified,False,False
2013-09-30 12:22:00+00:00,,7.818993126201719,UNSCORED,,,USER-SUPPLIED TELEMETRY — origin not verified,False,False
2013-09-30 12:23:00+00:00,,7.818993126201719,UNSCORED,,,USER-SUPPLIED TELEMETRY — origin not verified,False,False
2013-09-30 12:24:00+00:00,,7.818993126201719,UNSCORED,,,USER-SUPPLIED TELEMETRY — origin not verified,False,False
2013-09-30 12:25:00+00:00,,7.818993126201719,UNSCORED,,,USER-SUPPLIED TELEMETRY — origin not verified,False,False
2013-09-30 12:26:00+00:00,,7.818993126201719,UNSCORED,,,USER-SUPPLIED TELEMETRY — origin not verified,False,False
2013-09-30 12:27:00+00:00,,7.818993126201719,UNSCORED,,,USER-SUPPLIED TELEMETRY — origin not verified,False,False
2013-09-30 12:28:00+00:00,,7.818993126201719,UNSCORED,,,USER-SUPPLIED TELEMETRY — origin not verified,False,False
2013-09-30 12:29:00+00:00,,7.818993126201719,UNSCORED,,,USER-SUPPLIED TELEMETRY — origin not verified,False,False
2013-09-30 12:30:00+00:00,,7.818993126201719,UNSCORED,,,USER-SUPPLIED TELEMETRY — origin not verified,False,False
2013-09-30 12:31:00+00:00,,7.818993126201719,UNSCORED,,,USER-SUPPLIED TELEMETRY — origin not verified,False,False
2013-09-30 12:32:00+00:00,,7.818993126201719,UNSCORED,,,USER-SUPPLIED TELEMETRY — origin not verified,False,False
2013-09-30 12:33:00+00:00,,7.818993126201719,UNSCORED,,,USER-SUPPLIED TELEMETRY — origin not verified,False,False
2013-09-30 12:34:00+00:00,,7.818993126201719,UNSCORED,,,USER-SUPPLIED TELEMETRY — origin not verified,False,False
2013-09-30 12:35:00+00:00,,7.818993126201719,UNSCORED,,,USER-SUPPLIED TELEMETRY — origin not verified,False,False
2013-09-30 12:36:00+00:00,,7.818993126201719,UNSCORED,,,USER-SUPPLIED TELEMETRY — origin not verified,False,False
2013-09-30 12:37:00+00:00,,7.818993126201719,UNSCORED,,,USER-SUPPLIED TELEMETRY — origin not verified,False,False
2013-09-30 12:38:00+00:00,,7.818993126201719,UNSCORED,,,USER-SUPPLIED TELEMETRY — origin not verified,False,False
2013-09-30 12:39:00+00:00,,7.818993126201719,UNSCORED,,,USER-SUPPLIED TELEMETRY — origin not verified,False,False
2013-09-30 12:40:00+00:00,,7.818993126201719,UNSCORED,,,USER-SUPPLIED TELEMETRY — origin not verified,False,False
2013-09-30 12:41:00+00:00,,7.818993126201719,UNSCORED,,,USER-SUPPLIED TELEMETRY — origin not verified,False,False
2013-09-30 12:42:00+00:00,,7.818993126201719,UNSCORED,,,USER-SUPPLIED TELEMETRY — origin not verified,False,False
2013-09-30 12:43:00+00:00,,7.818993126201719,UNSCORED,,,USER-SUPPLIED TELEMETRY — origin not verified,False,False
2013-09-30 12:44:00+00:00,,7.818993126201719,UNSCORED,,,USER-SUPPLIED TELEMETRY — origin not verified,False,False
2013-09-30 12:45:00+00:00,,7.818993126201719,UNSCORED,,,USER-SUPPLIED TELEMETRY — origin not verified,False,False
2013-09-30 12:46:00+00:00,,7.818993126201719,UNSCORED,,,USER-SUPPLIED TELEMETRY — origin not verified,False,False
2013-09-30 12:47:00+00:00,,7.818993126201719,UNSCORED,,,USER-SUPPLIED TELEMETRY — origin not verified,False,False
2013-09-30 12:48:00+00:00,,7.818993126201719,UNSCORED,,,USER-SUPPLIED TELEMETRY — origin not verified,False,False
2013-09-30 12:49:00+00:00,,7.818993126201719,UNSCORED,,,USER-SUPPLIED TELEMETRY — origin not verified,False,False
2013-09-30 12:50:00+00:00,,7.818993126201719,UNSCORED,,,USER-SUPPLIED TELEMETRY — origin not verified,False,False
2013-09-30 12:51:00+00:00,,7.818993126201719,UNSCORED,,,USER-SUPPLIED TELEMETRY — origin not verified,False,False
2013-09-30 12:52:00+00:00,,7.818993126201719,UNSCORED,,,USER-SUPPLIED TELEMETRY — origin not verified,False,False
2013-09-30 12:53:00+00:00,,7.818993126201719,UNSCORED,,,USER-SUPPLIED TELEMETRY — origin not verified,False,False
2013-09-30 12:54:00+00:00,,7.818993126201719,UNSCORED,,,USER-SUPPLIED TELEMETRY — origin not verified,False,False
2013-09-30 12:55:00+00:00,,7.818993126201719,UNSCORED,,,USER-SUPPLIED TELEMETRY — origin not verified,False,False
2013-09-30 12:56:00+00:00,,7.818993126201719,UNSCORED,,,USER-SUPPLIED TELEMETRY — origin not verified,False,False
2013-09-30 12:57:00+00:00,,7.818993126201719,UNSCORED,,,USER-SUPPLIED TELEMETRY — origin not verified,False,False
2013-09-30 12:58:00+00:00,,7.818993126201719,UNSCORED,,,USER-SUPPLIED TELEMETRY — origin not verified,False,False
2013-09-30 12:59:00+00:00,,7.818993126201719,UNSCORED,,,USER-SUPPLIED TELEMETRY — origin not verified,False,False
2013-09-30 13:00:00+00:00,,7.818993126201719,UNSCORED,,,USER-SUPPLIED TELEMETRY — origin not verified,False,False
2013-09-30 13:01:00+00:00,,7.818993126201719,UNSCORED,,,USER-SUPPLIED TELEMETRY — origin not verified,False,False
2013-09-30 13:02:00+00:00,,7.818993126201719,UNSCORED,,,USER-SUPPLIED TELEMETRY — origin not verified,False,False
2013-09-30 13:03:00+00:00,,7.818993126201719,UNSCORED,,,USER-SUPPLIED TELEMETRY — origin not verified,False,False
2013-09-30 13:04:00+00:00,,7.818993126201719,UNSCORED,,,USER-SUPPLIED TELEMETRY — origin not verified,False,False
2013-09-30 13:05:00+00:00,,7.818993126201719,UNSCORED,,,USER-SUPPLIED TELEMETRY — origin not verified,False,False
2013-09-30 13:06:00+00:00,,7.818993126201719,UNSCORED,,,USER-SUPPLIED TELEMETRY — origin not verified,False,False
2013-09-30 13:07:00+00:00,,7.818993126201719,UNSCORED,,,USER-SUPPLIED TELEMETRY — origin not verified,False,False
2013-09-30 13:08:00+00:00,,7.818993126201719,UNSCORED,,,USER-SUPPLIED TELEMETRY — origin not verified,False,False
2013-09-30 13:09:00+00:00,,7.818993126201719,UNSCORED,,,USER-SUPPLIED TELEMETRY — origin not verified,False,False
2013-09-30 13:10:00+00:00,,7.818993126201719,UNSCORED,,,USER-SUPPLIED TELEMETRY — origin not verified,False,False
2013-09-30 13:11:00+00:00,,7.818993126201719,UNSCORED,,,USER-SUPPLIED TELEMETRY — origin not verified,False,False
2013-09-30 13:12:00+00:00,,7.818993126201719,UNSCORED,,,USER-SUPPLIED TELEMETRY — origin not verified,False,False
2013-09-30 13:13:00+00:00,,7.818993126201719,UNSCORED,,,USER-SUPPLIED TELEMETRY — origin not verified,False,False
2013-09-30 13:14:00+00:00,,7.818993126201719,UNSCORED,,,USER-SUPPLIED TELEMETRY — origin not verified,False,False
2013-09-30 13:15:00+00:00,,7.818993126201719,UNSCORED,,,USER-SUPPLIED TELEMETRY — origin not verified,False,False
2013-09-30 13:16:00+00:00,,7.818993126201719,UNSCORED,,,USER-SUPPLIED TELEMETRY — origin not verified,False,False
2013-09-30 13:17:00+00:00,,7.818993126201719,UNSCORED,,,USER-SUPPLIED TELEMETRY — origin not verified,False,False
2013-09-30 13:18:00+00:00,,7.818993126201719,UNSCORED,,,USER-SUPPLIED TELEMETRY — origin not verified,False,False
2013-09-30 13:19:00+00:00,,7.818993126201719,UNSCORED,,,USER-SUPPLIED TELEMETRY — origin not verified,False,False
2013-09-30 13:20:00+00:00,,7.818993126201719,UNSCORED,,,USER-SUPPLIED TELEMETRY — origin not verified,False,False
2013-09-30 13:21:00+00:00,,7.818993126201719,UNSCORED,,,USER-SUPPLIED TELEMETRY — origin not verified,False,False
2013-09-30 13:22:00+00:00,,7.818993126201719,UNSCORED,,,USER-SUPPLIED TELEMETRY — origin not verified,False,False
2013-09-30 13:23:00+00:00,,7.818993126201719,UNSCORED,,,USER-SUPPLIED TELEMETRY — origin not verified,False,False
2013-09-30 13:24:00+00:00,,7.818993126201719,UNSCORED,,,USER-SUPPLIED TELEMETRY — origin not verified,False,False
2013-09-30 13:25:00+00:00,,7.818993126201719,UNSCORED,,,USER-SUPPLIED TELEMETRY — origin not verified,False,False
2013-09-30 13:26:00+00:00,,7.818993126201719,UNSCORED,,,USER-SUPPLIED TELEMETRY — origin not verified,False,False
2013-09-30 13:27:00+00:00,,7.818993126201719,UNSCORED,,,USER-SUPPLIED TELEMETRY — origin not verified,False,False
2013-09-30 13:28:00+00:00,,7.818993126201719,UNSCORED,,,USER-SUPPLIED TELEMETRY — origin not verified,False,False
2013-09-30 13:29:00+00:00,,7.818993126201719,UNSCORED,,,USER-SUPPLIED TELEMETRY — origin not verified,False,False
2013-09-30 13:30:00+00:00,,7.818993126201719,UNSCORED,,,USER-SUPPLIED TELEMETRY — origin not verified,False,False
2013-09-30 13:31:00+00:00,,7.818993126201719,UNSCORED,,,USER-SUPPLIED TELEMETRY — origin not verified,False,False
2013-09-30 13:32:00+00:00,,7.818993126201719,UNSCORED,,,USER-SUPPLIED TELEMETRY — origin not verified,False,False
2013-09-30 13:33:00+00:00,,7.818993126201719,UNSCORED,,,USER-SUPPLIED TELEMETRY — origin not verified,False,False
2013-09-30 13:34:00+00:00,,7.818993126201719,UNSCORED,,,USER-SUPPLIED TELEMETRY — origin not verified,False,False
2013-09-30 13:35:00+00:00,,7.818993126201719,UNSCORED,,,USER-SUPPLIED TELEMETRY — origin not verified,False,False
2013-09-30 13:36:00+00:00,,7.818993126201719,UNSCORED,,,USER-SUPPLIED TELEMETRY — origin not verified,False,False
2013-09-30 13:37:00+00:00,,7.818993126201719,UNSCORED,,,USER-SUPPLIED TELEMETRY — origin not verified,False,False
2013-09-30 13:38:00+00:00,,7.818993126201719,UNSCORED,,,USER-SUPPLIED TELEMETRY — origin not verified,False,False
2013-09-30 13:39:00+00:00,,7.818993126201719,UNSCORED,,,USER-SUPPLIED TELEMETRY — origin not verified,False,False
2013-09-30 13:40:00+00:00,,7.818993126201719,UNSCORED,,,USER-SUPPLIED TELEMETRY — origin not verified,False,False
2013-09-30 13:41:00+00:00,,7.818993126201719,UNSCORED,,,USER-SUPPLIED TELEMETRY — origin not verified,False,False
2013-09-30 13:42:00+00:00,,7.818993126201719,UNSCORED,,,USER-SUPPLIED TELEMETRY — origin not verified,False,False
2013-09-30 13:43:00+00:00,,7.818993126201719,UNSCORED,,,USER-SUPPLIED TELEMETRY — origin not verified,False,False
2013-09-30 13:44:00+00:00,,7.818993126201719,UNSCORED,,,USER-SUPPLIED TELEMETRY — origin not verified,False,False
2013-09-30 13:45:00+00:00,,7.818993126201719,UNSCORED,,,USER-SUPPLIED TELEMETRY — origin not verified,False,False
2013-09-30 13:46:00+00:00,,7.818993126201719,UNSCORED,,,USER-SUPPLIED TELEMETRY — origin not verified,False,False
2013-09-30 13:47:00+00:00,,7.818993126201719,UNSCORED,,,USER-SUPPLIED TELEMETRY — origin not verified,False,False
2013-09-30 13:48:00+00:00,,7.818993126201719,UNSCORED,,,USER-SUPPLIED TELEMETRY — origin not verified,False,False
2013-09-30 13:49:00+00:00,,7.818993126201719,UNSCORED,,,USER-SUPPLIED TELEMETRY — origin not verified,False,False
2013-09-30 13:50:00+00:00,,7.818993126201719,UNSCORED,,,USER-SUPPLIED TELEMETRY — origin not verified,False,False
2013-09-30 13:51:00+00:00,,7.818993126201719,UNSCORED,,,USER-SUPPLIED TELEMETRY — origin not verified,False,False
2013-09-30 13:52:00+00:00,,7.818993126201719,UNSCORED,,,USER-SUPPLIED TELEMETRY — origin not verified,False,False
2013-09-30 13:53:00+00:00,,7.818993126201719,UNSCORED,,,USER-SUPPLIED TELEMETRY — origin not verified,False,False
2013-09-30 13:54:00+00:00,,7.818993126201719,UNSCORED,,,USER-SUPPLIED TELEMETRY — origin not verified,False,False
2013-09-30 13:55:00+00:00,,7.818993126201719,UNSCORED,,,USER-SUPPLIED TELEMETRY — origin not verified,False,False
2013-09-30 13:56:00+00:00,,7.818993126201719,UNSCORED,,,USER-SUPPLIED TELEMETRY — origin not verified,False,False
2013-09-30 13:57:00+00:00,,7.818993126201719,UNSCORED,,,USER-SUPPLIED TELEMETRY — origin not verified,False,False
2013-09-30 13:58:00+00:00,,7.818993126201719,UNSCORED,,,USER-SUPPLIED TELEMETRY — origin not verified,False,False
2013-09-30 13:59:00+00:00,,7.818993126201719,UNSCORED,,,USER-SUPPLIED TELEMETRY — origin not verified,False,False
2013-09-30 14:00:00+00:00,,7.818993126201719,UNSCORED,,,USER-SUPPLIED TELEMETRY — origin not verified,False,False
2013-09-30 14:01:00+00:00,,7.818993126201719,UNSCORED,,,USER-SUPPLIED TELEMETRY — origin not verified,False,False
2013-09-30 14:02:00+00:00,,7.818993126201719,UNSCORED,,,USER-SUPPLIED TELEMETRY — origin not verified,False,False
2013-09-30 14:03:00+00:00,,7.818993126201719,UNSCORED,,,USER-SUPPLIED TELEMETRY — origin not verified,False,False
2013-09-30 14:04:00+00:00,,7.818993126201719,UNSCORED,,,USER-SUPPLIED TELEMETRY — origin not verified,False,False
2013-09-30 14:05:00+00:00,,7.818993126201719,UNSCORED,,,USER-SUPPLIED TELEMETRY — origin not verified,False,False
2013-09-30 14:06:00+00:00,,7.818993126201719,UNSCORED,,,USER-SUPPLIED TELEMETRY — origin not verified,False,False
2013-09-30 14:07:00+00:00,,7.818993126201719,UNSCORED,,,USER-SUPPLIED TELEMETRY — origin not verified,False,False
2013-09-30 14:08:00+00:00,,7.818993126201719,UNSCORED,,,USER-SUPPLIED TELEMETRY — origin not verified,False,False
2013-09-30 14:09:00+00:00,,7.818993126201719,UNSCORED,,,USER-SUPPLIED TELEMETRY — origin not verified,False,False
2013-09-30 14:10:00+00:00,,7.818993126201719,UNSCORED,,,USER-SUPPLIED TELEMETRY — origin not verified,False,False
2013-09-30 14:11:00+00:00,,7.818993126201719,UNSCORED,,,USER-SUPPLIED TELEMETRY — origin not verified,False,False
2013-09-30 14:12:00+00:00,,7.818993126201719,UNSCORED,,,USER-SUPPLIED TELEMETRY — origin not verified,False,False
2013-09-30 14:13:00+00:00,,7.818993126201719,UNSCORED,,,USER-SUPPLIED TELEMETRY — origin not verified,False,False
2013-09-30 14:14:00+00:00,,7.818993126201719,UNSCORED,,,USER-SUPPLIED TELEMETRY — origin not verified,False,False
2013-09-30 14:15:00+00:00,,7.818993126201719,UNSCORED,,,USER-SUPPLIED TELEMETRY — origin not verified,False,False
2013-09-30 14:16:00+00:00,,7.818993126201719,UNSCORED,,,USER-SUPPLIED TELEMETRY — origin not verified,False,False
2013-09-30 14:17:00+00:00,,7.818993126201719,UNSCORED,,,USER-SUPPLIED TELEMETRY — origin not verified,False,False
2013-09-30 14:18:00+00:00,,7.818993126201719,UNSCORED,,,USER-SUPPLIED TELEMETRY — origin not verified,False,False
2013-09-30 14:19:00+00:00,,7.818993126201719,UNSCORED,,,USER-SUPPLIED TELEMETRY — origin not verified,False,False
2013-09-30 14:20:00+00:00,,7.818993126201719,UNSCORED,,,USER-SUPPLIED TELEMETRY — origin not verified,False,False
2013-09-30 14:21:00+00:00,,7.818993126201719,UNSCORED,,,USER-SUPPLIED TELEMETRY — origin not verified,False,False
2013-09-30 14:22:00+00:00,,7.818993126201719,UNSCORED,,,USER-SUPPLIED TELEMETRY — origin not verified,False,False
2013-09-30 14:23:00+00:00,,7.818993126201719,UNSCORED,,,USER-SUPPLIED TELEMETRY — origin not verified,False,False
2013-09-30 14:24:00+00:00,,7.818993126201719,UNSCORED,,,USER-SUPPLIED TELEMETRY — origin not verified,False,False
2013-09-30 14:25:00+00:00,,7.818993126201719,UNSCORED,,,USER-SUPPLIED TELEMETRY — origin not verified,False,False
2013-09-30 14:26:00+00:00,,7.818993126201719,UNSCORED,,,USER-SUPPLIED TELEMETRY — origin not verified,False,False
2013-09-30 14:27:00+00:00,,7.818993126201719,UNSCORED,,,USER-SUPPLIED TELEMETRY — origin not verified,False,False
2013-09-30 14:28:00+00:00,,7.818993126201719,UNSCORED,,,USER-SUPPLIED TELEMETRY — origin not verified,False,False
2013-09-30 14:29:00+00:00,,7.818993126201719,UNSCORED,,,USER-SUPPLIED TELEMETRY — origin not verified,False,False
2013-09-30 14:30:00+00:00,,7.818993126201719,UNSCORED,,,USER-SUPPLIED TELEMETRY — origin not verified,False,False
2013-09-30 14:31:00+00:00,,7.818993126201719,UNSCORED,,,USER-SUPPLIED TELEMETRY — origin not verified,False,False
2013-09-30 14:32:00+00:00,,7.818993126201719,UNSCORED,,,USER-SUPPLIED TELEMETRY — origin not verified,False,False
2013-09-30 14:33:00+00:00,,7.818993126201719,UNSCORED,,,USER-SUPPLIED TELEMETRY — origin not verified,False,False
2013-09-30 14:34:00+00:00,,7.818993126201719,UNSCORED,,,USER-SUPPLIED TELEMETRY — origin not verified,False,False
2013-09-30 14:35:00+00:00,,7.818993126201719,UNSCORED,,,USER-SUPPLIED TELEMETRY — origin not verified,False,False
2013-09-30 14:36:00+00:00,,7.818993126201719,UNSCORED,,,USER-SUPPLIED TELEMETRY — origin not verified,False,False
2013-09-30 14:37:00+00:00,,7.818993126201719,UNSCORED,,,USER-SUPPLIED TELEMETRY — origin not verified,False,False
2013-09-30 14:38:00+00:00,,7.818993126201719,UNSCORED,,,USER-SUPPLIED TELEMETRY — origin not verified,False,False
2013-09-30 14:39:00+00:00,,7.818993126201719,UNSCORED,,,USER-SUPPLIED TELEMETRY — origin not verified,False,False
2013-09-30 14:40:00+00:00,,7.818993126201719,UNSCORED,,,USER-SUPPLIED TELEMETRY — origin not verified,False,False
2013-09-30 14:41:00+00:00,,7.818993126201719,UNSCORED,,,USER-SUPPLIED TELEMETRY — origin not verified,False,False
2013-09-30 14:42:00+00:00,,7.818993126201719,UNSCORED,,,USER-SUPPLIED TELEMETRY — origin not verified,False,False
2013-09-30 14:43:00+00:00,,7.818993126201719,UNSCORED,,,USER-SUPPLIED TELEMETRY — origin not verified,False,False
2013-09-30 14:44:00+00:00,,7.818993126201719,UNSCORED,,,USER-SUPPLIED TELEMETRY — origin not verified,False,False
2013-09-30 14:45:00+00:00,,7.818993126201719,UNSCORED,,,USER-SUPPLIED TELEMETRY — origin not verified,False,False
2013-09-30 14:46:00+00:00,,7.818993126201719,UNSCORED,,,USER-SUPPLIED TELEMETRY — origin not verified,False,False
2013-09-30 14:47:00+00:00,,7.818993126201719,UNSCORED,,,USER-SUPPLIED TELEMETRY — origin not verified,False,False
2013-09-30 14:48:00+00:00,,7.818993126201719,UNSCORED,,,USER-SUPPLIED TELEMETRY — origin not verified,False,False
2013-09-30 14:49:00+00:00,,7.818993126201719,UNSCORED,,,USER-SUPPLIED TELEMETRY — origin not verified,False,False
2013-09-30 14:50:00+00:00,,7.818993126201719,UNSCORED,,,USER-SUPPLIED TELEMETRY — origin not verified,False,False
2013-09-30 14:51:00+00:00,,7.818993126201719,UNSCORED,,,USER-SUPPLIED TELEMETRY — origin not verified,False,False
2013-09-30 14:52:00+00:00,,7.818993126201719,UNSCORED,,,USER-SUPPLIED TELEMETRY — origin not verified,False,False
2013-09-30 14:53:00+00:00,,7.818993126201719,UNSCORED,,,USER-SUPPLIED TELEMETRY — origin not verified,False,False
2013-09-30 14:54:00+00:00,,7.818993126201719,UNSCORED,,,USER-SUPPLIED TELEMETRY — origin not verified,False,False
2013-09-30 14:55:00+00:00,,7.818993126201719,UNSCORED,,,USER-SUPPLIED TELEMETRY — origin not verified,False,False
2013-09-30 14:56:00+00:00,,7.818993126201719,UNSCORED,,,USER-SUPPLIED TELEMETRY — origin not verified,False,False
2013-09-30 14:57:00+00:00,,7.818993126201719,UNSCORED,,,USER-SUPPLIED TELEMETRY — origin not verified,False,False
2013-09-30 14:58:00+00:00,,7.818993126201719,UNSCORED,,,USER-SUPPLIED TELEMETRY — origin not verified,False,False
2013-09-30 14:59:00+00:00,,7.818993126201719,UNSCORED,,,USER-SUPPLIED TELEMETRY — origin not verified,False,False
2013-09-30 15:00:00+00:00,,7.818993126201719,UNSCORED,,,USER-SUPPLIED TELEMETRY — origin not verified,False,False
2013-09-30 15:01:00+00:00,,7.818993126201719,UNSCORED,,,USER-SUPPLIED TELEMETRY — origin not verified,False,False
2013-09-30 15:02:00+00:00,,7.818993126201719,UNSCORED,,,USER-SUPPLIED TELEMETRY — origin not verified,False,False
2013-09-30 15:03:00+00:00,,7.818993126201719,UNSCORED,,,USER-SUPPLIED TELEMETRY — origin not verified,False,False
2013-09-30 15:04:00+00:00,,7.818993126201719,UNSCORED,,,USER-SUPPLIED TELEMETRY — origin not verified,False,False
2013-09-30 15:05:00+00:00,,7.818993126201719,UNSCORED,,,USER-SUPPLIED TELEMETRY — origin not verified,False,False
2013-09-30 15:06:00+00:00,,7.818993126201719,UNSCORED,,,USER-SUPPLIED TELEMETRY — origin not verified,False,False
2013-09-30 15:07:00+00:00,,7.818993126201719,UNSCORED,,,USER-SUPPLIED TELEMETRY — origin not verified,False,False
2013-09-30 15:08:00+00:00,,7.818993126201719,UNSCORED,,,USER-SUPPLIED TELEMETRY — origin not verified,False,False
2013-09-30 15:09:00+00:00,,7.818993126201719,UNSCORED,,,USER-SUPPLIED TELEMETRY — origin not verified,False,False
2013-09-30 15:10:00+00:00,,7.818993126201719,UNSCORED,,,USER-SUPPLIED TELEMETRY — origin not verified,False,False
2013-09-30 15:11:00+00:00,,7.818993126201719,UNSCORED,,,USER-SUPPLIED TELEMETRY — origin not verified,False,False
2013-09-30 15:12:00+00:00,,7.818993126201719,UNSCORED,,,USER-SUPPLIED TELEMETRY — origin not verified,False,False
2013-09-30 15:13:00+00:00,,7.818993126201719,UNSCORED,,,USER-SUPPLIED TELEMETRY — origin not verified,False,False
2013-09-30 15:14:00+00:00,,7.818993126201719,UNSCORED,,,USER-SUPPLIED TELEMETRY — origin not verified,False,False
2013-09-30 15:15:00+00:00,,7.818993126201719,UNSCORED,,,USER-SUPPLIED TELEMETRY — origin not verified,False,False
2013-09-30 15:16:00+00:00,,7.818993126201719,UNSCORED,,,USER-SUPPLIED TELEMETRY — origin not verified,False,False
2013-09-30 15:17:00+00:00,,7.818993126201719,UNSCORED,,,USER-SUPPLIED TELEMETRY — origin not verified,False,False
2013-09-30 15:18:00+00:00,,7.818993126201719,UNSCORED,,,USER-SUPPLIED TELEMETRY — origin not verified,False,False
2013-09-30 15:19:00+00:00,,7.818993126201719,UNSCORED,,,USER-SUPPLIED TELEMETRY — origin not verified,False,False
2013-09-30 15:20:00+00:00,,7.818993126201719,UNSCORED,,,USER-SUPPLIED TELEMETRY — origin not verified,False,False
2013-09-30 15:21:00+00:00,,7.818993126201719,UNSCORED,,,USER-SUPPLIED TELEMETRY — origin not verified,False,False
2013-09-30 15:22:00+00:00,,7.818993126201719,UNSCORED,,,USER-SUPPLIED TELEMETRY — origin not verified,False,False
2013-09-30 15:23:00+00:00,,7.818993126201719,UNSCORED,,,USER-SUPPLIED TELEMETRY — origin not verified,False,False
2013-09-30 15:24:00+00:00,,7.818993126201719,UNSCORED,,,USER-SUPPLIED TELEMETRY — origin not verified,False,False
2013-09-30 15:25:00+00:00,,7.818993126201719,UNSCORED,,,USER-SUPPLIED TELEMETRY — origin not verified,False,False
2013-09-30 15:26:00+00:00,,7.818993126201719,UNSCORED,,,USER-SUPPLIED TELEMETRY — origin not verified,False,False
2013-09-30 15:27:00+00:00,,7.818993126201719,UNSCORED,,,USER-SUPPLIED TELEMETRY — origin not verified,False,False
2013-09-30 15:28:00+00:00,,7.818993126201719,UNSCORED,,,USER-SUPPLIED TELEMETRY — origin not verified,False,False
2013-09-30 15:29:00+00:00,,7.818993126201719,UNSCORED,,,USER-SUPPLIED TELEMETRY — origin not verified,False,False
2013-09-30 15:30:00+00:00,,7.818993126201719,UNSCORED,,,USER-SUPPLIED TELEMETRY — origin not verified,False,False
2013-09-30 15:31:00+00:00,,7.818993126201719,UNSCORED,,,USER-SUPPLIED TELEMETRY — origin not verified,False,False
2013-09-30 15:32:00+00:00,,7.818993126201719,UNSCORED,,,USER-SUPPLIED TELEMETRY — origin not verified,False,False
2013-09-30 15:33:00+00:00,,7.818993126201719,UNSCORED,,,USER-SUPPLIED TELEMETRY — origin not verified,False,False
2013-09-30 15:34:00+00:00,,7.818993126201719,UNSCORED,,,USER-SUPPLIED TELEMETRY — origin not verified,False,False
2013-09-30 15:35:00+00:00,,7.818993126201719,UNSCORED,,,USER-SUPPLIED TELEMETRY — origin not verified,False,False
2013-09-30 15:36:00+00:00,,7.818993126201719,UNSCORED,,,USER-SUPPLIED TELEMETRY — origin not verified,False,False
2013-09-30 15:37:00+00:00,,7.818993126201719,UNSCORED,,,USER-SUPPLIED TELEMETRY — origin not verified,False,False
2013-09-30 15:38:00+00:00,,7.818993126201719,UNSCORED,,,USER-SUPPLIED TELEMETRY — origin not verified,False,False
2013-09-30 15:39:00+00:00,,7.818993126201719,UNSCORED,,,USER-SUPPLIED TELEMETRY — origin not verified,False,False
2013-09-30 15:40:00+00:00,,7.818993126201719,UNSCORED,,,USER-SUPPLIED TELEMETRY — origin not verified,False,False
2013-09-30 15:41:00+00:00,,7.818993126201719,UNSCORED,,,USER-SUPPLIED TELEMETRY — origin not verified,False,False
2013-09-30 15:42:00+00:00,,7.818993126201719,UNSCORED,,,USER-SUPPLIED TELEMETRY — origin not verified,False,False
2013-09-30 15:43:00+00:00,,7.818993126201719,UNSCORED,,,USER-SUPPLIED TELEMETRY — origin not verified,False,False
2013-09-30 15:44:00+00:00,,7.818993126201719,UNSCORED,,,USER-SUPPLIED TELEMETRY — origin not verified,False,False
2013-09-30 15:45:00+00:00,,7.818993126201719,UNSCORED,,,USER-SUPPLIED TELEMETRY — origin not verified,False,False
2013-09-30 15:46:00+00:00,,7.818993126201719,UNSCORED,,,USER-SUPPLIED TELEMETRY — origin not verified,False,False
2013-09-30 15:47:00+00:00,,7.818993126201719,UNSCORED,,,USER-SUPPLIED TELEMETRY — origin not verified,False,False
2013-09-30 15:48:00+00:00,,7.818993126201719,UNSCORED,,,USER-SUPPLIED TELEMETRY — origin not verified,False,False
2013-09-30 15:49:00+00:00,,7.818993126201719,UNSCORED,,,USER-SUPPLIED TELEMETRY — origin not verified,False,False
2013-09-30 15:50:00+00:00,,7.818993126201719,UNSCORED,,,USER-SUPPLIED TELEMETRY — origin not verified,False,False
2013-09-30 15:51:00+00:00,,7.818993126201719,UNSCORED,,,USER-SUPPLIED TELEMETRY — origin not verified,False,False
2013-09-30 15:52:00+00:00,,7.818993126201719,UNSCORED,,,USER-SUPPLIED TELEMETRY — origin not verified,False,False
2013-09-30 15:53:00+00:00,,7.818993126201719,UNSCORED,,,USER-SUPPLIED TELEMETRY — origin not verified,False,False
2013-09-30 15:54:00+00:00,,7.818993126201719,UNSCORED,,,USER-SUPPLIED TELEMETRY — origin not verified,False,False
2013-09-30 15:55:00+00:00,,7.818993126201719,UNSCORED,,,USER-SUPPLIED TELEMETRY — origin not verified,False,False
2013-09-30 15:56:00+00:00,,7.818993126201719,UNSCORED,,,USER-SUPPLIED TELEMETRY — origin not verified,False,False
2013-09-30 15:57:00+00:00,,7.818993126201719,UNSCORED,,,USER-SUPPLIED TELEMETRY — origin not verified,False,False
2013-09-30 15:58:00+00:00,,7.818993126201719,UNSCORED,,,USER-SUPPLIED TELEMETRY — origin not verified,False,False
2013-09-30 15:59:00+00:00,,7.818993126201719,UNSCORED,,,USER-SUPPLIED TELEMETRY — origin not verified,False,False
2013-09-30 16:00:00+00:00,,7.818993126201719,UNSCORED,,,USER-SUPPLIED TELEMETRY — origin not verified,False,False
2013-09-30 16:01:00+00:00,,7.818993126201719,UNSCORED,,,USER-SUPPLIED TELEMETRY — origin not verified,False,False
2013-09-30 16:02:00+00:00,,7.818993126201719,UNSCORED,,,USER-SUPPLIED TELEMETRY — origin not verified,False,False
2013-09-30 16:03:00+00:00,,7.818993126201719,UNSCORED,,,USER-SUPPLIED TELEMETRY — origin not verified,False,False
2013-09-30 16:04:00+00:00,,7.818993126201719,UNSCORED,,,USER-SUPPLIED TELEMETRY — origin not verified,False,False
2013-09-30 16:05:00+00:00,,7.818993126201719,UNSCORED,,,USER-SUPPLIED TELEMETRY — origin not verified,False,False
2013-09-30 16:06:00+00:00,,7.818993126201719,UNSCORED,,,USER-SUPPLIED TELEMETRY — origin not verified,False,False
2013-09-30 16:07:00+00:00,,7.818993126201719,UNSCORED,,,USER-SUPPLIED TELEMETRY — origin not verified,False,False
2013-09-30 16:08:00+00:00,,7.818993126201719,UNSCORED,,,USER-SUPPLIED TELEMETRY — origin not verified,False,False
2013-09-30 16:09:00+00:00,,7.818993126201719,UNSCORED,,,USER-SUPPLIED TELEMETRY — origin not verified,False,False
2013-09-30 16:10:00+00:00,,7.818993126201719,UNSCORED,,,USER-SUPPLIED TELEMETRY — origin not verified,False,False
2013-09-30 16:11:00+00:00,,7.818993126201719,UNSCORED,,,USER-SUPPLIED TELEMETRY — origin not verified,False,False
2013-09-30 16:12:00+00:00,,7.818993126201719,UNSCORED,,,USER-SUPPLIED TELEMETRY — origin not verified,False,False
2013-09-30 16:13:00+00:00,,7.818993126201719,UNSCORED,,,USER-SUPPLIED TELEMETRY — origin not verified,False,False
2013-09-30 16:14:00+00:00,,7.818993126201719,UNSCORED,,,USER-SUPPLIED TELEMETRY — origin not verified,False,False
2013-09-30 16:15:00+00:00,,7.818993126201719,UNSCORED,,,USER-SUPPLIED TELEMETRY — origin not verified,False,False
2013-09-30 16:16:00+00:00,,7.818993126201719,UNSCORED,,,USER-SUPPLIED TELEMETRY — origin not verified,False,False
2013-09-30 16:17:00+00:00,,7.818993126201719,UNSCORED,,,USER-SUPPLIED TELEMETRY — origin not verified,False,False
2013-09-30 16:18:00+00:00,,7.818993126201719,UNSCORED,,,USER-SUPPLIED TELEMETRY — origin not verified,False,False
2013-09-30 16:19:00+00:00,,7.818993126201719,UNSCORED,,,USER-SUPPLIED TELEMETRY — origin not verified,False,False
2013-09-30 16:20:00+00:00,,7.818993126201719,UNSCORED,,,USER-SUPPLIED TELEMETRY — origin not verified,False,False
2013-09-30 16:21:00+00:00,,7.818993126201719,UNSCORED,,,USER-SUPPLIED TELEMETRY — origin not verified,False,False
2013-09-30 16:22:00+00:00,,7.818993126201719,UNSCORED,,,USER-SUPPLIED TELEMETRY — origin not verified,False,False
2013-09-30 16:23:00+00:00,,7.818993126201719,UNSCORED,,,USER-SUPPLIED TELEMETRY — origin not verified,False,False
2013-09-30 16:24:00+00:00,,7.818993126201719,UNSCORED,,,USER-SUPPLIED TELEMETRY — origin not verified,False,False
2013-09-30 16:25:00+00:00,,7.818993126201719,UNSCORED,,,USER-SUPPLIED TELEMETRY — origin not verified,False,False
2013-09-30 16:26:00+00:00,,7.818993126201719,UNSCORED,,,USER-SUPPLIED TELEMETRY — origin not verified,False,False
2013-09-30 16:27:00+00:00,,7.818993126201719,UNSCORED,,,USER-SUPPLIED TELEMETRY — origin not verified,False,False
2013-09-30 16:28:00+00:00,,7.818993126201719,UNSCORED,,,USER-SUPPLIED TELEMETRY — origin not verified,False,False
2013-09-30 16:29:00+00:00,,7.818993126201719,UNSCORED,,,USER-SUPPLIED TELEMETRY — origin not verified,False,False
2013-09-30 16:30:00+00:00,,7.818993126201719,UNSCORED,,,USER-SUPPLIED TELEMETRY — origin not verified,False,False
2013-09-30 16:31:00+00:00,,7.818993126201719,UNSCORED,,,USER-SUPPLIED TELEMETRY — origin not verified,False,False
2013-09-30 16:32:00+00:00,,7.818993126201719,UNSCORED,,,USER-SUPPLIED TELEMETRY — origin not verified,False,False
2013-09-30 16:33:00+00:00,,7.818993126201719,UNSCORED,,,USER-SUPPLIED TELEMETRY — origin not verified,False,False
2013-09-30 16:34:00+00:00,,7.818993126201719,UNSCORED,,,USER-SUPPLIED TELEMETRY — origin not verified,False,False
2013-09-30 16:35:00+00:00,,7.818993126201719,UNSCORED,,,USER-SUPPLIED TELEMETRY — origin not verified,False,False
2013-09-30 16:36:00+00:00,,7.818993126201719,UNSCORED,,,USER-SUPPLIED TELEMETRY — origin not verified,False,False
2013-09-30 16:37:00+00:00,,7.818993126201719,UNSCORED,,,USER-SUPPLIED TELEMETRY — origin not verified,False,False
2013-09-30 16:38:00+00:00,,7.818993126201719,UNSCORED,,,USER-SUPPLIED TELEMETRY — origin not verified,False,False
2013-09-30 16:39:00+00:00,,7.818993126201719,UNSCORED,,,USER-SUPPLIED TELEMETRY — origin not verified,False,False
2013-09-30 16:40:00+00:00,,7.818993126201719,UNSCORED,,,USER-SUPPLIED TELEMETRY — origin not verified,False,False
2013-09-30 16:41:00+00:00,,7.818993126201719,UNSCORED,,,USER-SUPPLIED TELEMETRY — origin not verified,False,False
2013-09-30 16:42:00+00:00,,7.818993126201719,UNSCORED,,,USER-SUPPLIED TELEMETRY — origin not verified,False,False
2013-09-30 16:43:00+00:00,,7.818993126201719,UNSCORED,,,USER-SUPPLIED TELEMETRY — origin not verified,False,False
2013-09-30 16:44:00+00:00,,7.818993126201719,UNSCORED,,,USER-SUPPLIED TELEMETRY — origin not verified,False,False
2013-09-30 16:45:00+00:00,,7.818993126201719,UNSCORED,,,USER-SUPPLIED TELEMETRY — origin not verified,False,False
2013-09-30 16:46:00+00:00,,7.818993126201719,UNSCORED,,,USER-SUPPLIED TELEMETRY — origin not verified,False,False
2013-09-30 16:47:00+00:00,,7.818993126201719,UNSCORED,,,USER-SUPPLIED TELEMETRY — origin not verified,False,False
2013-09-30 16:48:00+00:00,,7.818993126201719,UNSCORED,,,USER-SUPPLIED TELEMETRY — origin not verified,False,False
2013-09-30 16:49:00+00:00,,7.818993126201719,UNSCORED,,,USER-SUPPLIED TELEMETRY — origin not verified,False,False
2013-09-30 16:50:00+00:00,,7.818993126201719,UNSCORED,,,USER-SUPPLIED TELEMETRY — origin not verified,False,False
2013-09-30 16:51:00+00:00,,7.818993126201719,UNSCORED,,,USER-SUPPLIED TELEMETRY — origin not verified,False,False
2013-09-30 16:52:00+00:00,,7.818993126201719,UNSCORED,,,USER-SUPPLIED TELEMETRY — origin not verified,False,False
2013-09-30 16:53:00+00:00,,7.818993126201719,UNSCORED,,,USER-SUPPLIED TELEMETRY — origin not verified,False,False
2013-09-30 16:54:00+00:00,,7.818993126201719,UNSCORED,,,USER-SUPPLIED TELEMETRY — origin not verified,False,False
2013-09-30 16:55:00+00:00,,7.818993126201719,UNSCORED,,,USER-SUPPLIED TELEMETRY — origin not verified,False,False
2013-09-30 16:56:00+00:00,,7.818993126201719,UNSCORED,,,USER-SUPPLIED TELEMETRY — origin not verified,False,False
2013-09-30 16:57:00+00:00,,7.818993126201719,UNSCORED,,,USER-SUPPLIED TELEMETRY — origin not verified,False,False
2013-09-30 16:58:00+00:00,,7.818993126201719,UNSCORED,,,USER-SUPPLIED TELEMETRY — origin not verified,False,False
2013-09-30 16:59:00+00:00,,7.818993126201719,UNSCORED,,,USER-SUPPLIED TELEMETRY — origin not verified,False,False
2013-09-30 17:00:00+00:00,,7.818993126201719,UNSCORED,,,USER-SUPPLIED TELEMETRY — origin not verified,False,False
2013-09-30 17:01:00+00:00,,7.818993126201719,UNSCORED,,,USER-SUPPLIED TELEMETRY — origin not verified,False,False
2013-09-30 17:02:00+00:00,,7.818993126201719,UNSCORED,,,USER-SUPPLIED TELEMETRY — origin not verified,False,False
2013-09-30 17:03:00+00:00,,7.818993126201719,UNSCORED,,,USER-SUPPLIED TELEMETRY — origin not verified,False,False
2013-09-30 17:04:00+00:00,,7.818993126201719,UNSCORED,,,USER-SUPPLIED TELEMETRY — origin not verified,False,False
2013-09-30 17:05:00+00:00,,7.818993126201719,UNSCORED,,,USER-SUPPLIED TELEMETRY — origin not verified,False,False
2013-09-30 17:06:00+00:00,,7.818993126201719,UNSCORED,,,USER-SUPPLIED TELEMETRY — origin not verified,False,False
2013-09-30 17:07:00+00:00,,7.818993126201719,UNSCORED,,,USER-SUPPLIED TELEMETRY — origin not verified,False,False
2013-09-30 17:08:00+00:00,,7.818993126201719,UNSCORED,,,USER-SUPPLIED TELEMETRY — origin not verified,False,False
2013-09-30 17:09:00+00:00,,7.818993126201719,UNSCORED,,,USER-SUPPLIED TELEMETRY — origin not verified,False,False
2013-09-30 17:10:00+00:00,,7.818993126201719,UNSCORED,,,USER-SUPPLIED TELEMETRY — origin not verified,False,False
2013-09-30 17:11:00+00:00,,7.818993126201719,UNSCORED,,,USER-SUPPLIED TELEMETRY — origin not verified,False,False
2013-09-30 17:12:00+00:00,,7.818993126201719,UNSCORED,,,USER-SUPPLIED TELEMETRY — origin not verified,False,False
2013-09-30 17:13:00+00:00,,7.818993126201719,UNSCORED,,,USER-SUPPLIED TELEMETRY — origin not verified,False,False
2013-09-30 17:14:00+00:00,,7.818993126201719,UNSCORED,,,USER-SUPPLIED TELEMETRY — origin not verified,False,False
2013-09-30 17:15:00+00:00,,7.818993126201719,UNSCORED,,,USER-SUPPLIED TELEMETRY — origin not verified,False,False
2013-09-30 17:16:00+00:00,,7.818993126201719,UNSCORED,,,USER-SUPPLIED TELEMETRY — origin not verified,False,False
2013-09-30 17:17:00+00:00,,7.818993126201719,UNSCORED,,,USER-SUPPLIED TELEMETRY — origin not verified,False,False
2013-09-30 17:18:00+00:00,,7.818993126201719,UNSCORED,,,USER-SUPPLIED TELEMETRY — origin not verified,False,False
2013-09-30 17:19:00+00:00,,7.818993126201719,UNSCORED,,,USER-SUPPLIED TELEMETRY — origin not verified,False,False
2013-09-30 17:20:00+00:00,,7.818993126201719,UNSCORED,,,USER-SUPPLIED TELEMETRY — origin not verified,False,False
2013-09-30 17:21:00+00:00,,7.818993126201719,UNSCORED,,,USER-SUPPLIED TELEMETRY — origin not verified,False,False
2013-09-30 17:22:00+00:00,,7.818993126201719,UNSCORED,,,USER-SUPPLIED TELEMETRY — origin not verified,False,False
2013-09-30 17:23:00+00:00,,7.818993126201719,UNSCORED,,,USER-SUPPLIED TELEMETRY — origin not verified,False,False
2013-09-30 17:24:00+00:00,,7.818993126201719,UNSCORED,,,USER-SUPPLIED TELEMETRY — origin not verified,False,False
2013-09-30 17:25:00+00:00,,7.818993126201719,UNSCORED,,,USER-SUPPLIED TELEMETRY — origin not verified,False,False
2013-09-30 17:26:00+00:00,,7.818993126201719,UNSCORED,,,USER-SUPPLIED TELEMETRY — origin not verified,False,False
2013-09-30 17:27:00+00:00,,7.818993126201719,UNSCORED,,,USER-SUPPLIED TELEMETRY — origin not verified,False,False
2013-09-30 17:28:00+00:00,,7.818993126201719,UNSCORED,,,USER-SUPPLIED TELEMETRY — origin not verified,False,False
2013-09-30 17:29:00+00:00,,7.818993126201719,UNSCORED,,,USER-SUPPLIED TELEMETRY — origin not verified,False,False
2013-09-30 17:30:00+00:00,,7.818993126201719,UNSCORED,,,USER-SUPPLIED TELEMETRY — origin not verified,False,False
2013-09-30 17:31:00+00:00,,7.818993126201719,UNSCORED,,,USER-SUPPLIED TELEMETRY — origin not verified,False,False
2013-09-30 17:32:00+00:00,,7.818993126201719,UNSCORED,,,USER-SUPPLIED TELEMETRY — origin not verified,False,False
2013-09-30 17:33:00+00:00,,7.818993126201719,UNSCORED,,,USER-SUPPLIED TELEMETRY — origin not verified,False,False
2013-09-30 17:34:00+00:00,,7.818993126201719,UNSCORED,,,USER-SUPPLIED TELEMETRY — origin not verified,False,False
2013-09-30 17:35:00+00:00,,7.818993126201719,UNSCORED,,,USER-SUPPLIED TELEMETRY — origin not verified,False,False
2013-09-30 17:36:00+00:00,,7.818993126201719,UNSCORED,,,USER-SUPPLIED TELEMETRY — origin not verified,False,False
2013-09-30 17:37:00+00:00,,7.818993126201719,UNSCORED,,,USER-SUPPLIED TELEMETRY — origin not verified,False,False
2013-09-30 17:38:00+00:00,,7.818993126201719,UNSCORED,,,USER-SUPPLIED TELEMETRY — origin not verified,False,False
2013-09-30 17:39:00+00:00,,7.818993126201719,UNSCORED,,,USER-SUPPLIED TELEMETRY — origin not verified,False,False
2013-09-30 17:40:00+00:00,,7.818993126201719,UNSCORED,,,USER-SUPPLIED TELEMETRY — origin not verified,False,False
2013-09-30 17:41:00+00:00,,7.818993126201719,UNSCORED,,,USER-SUPPLIED TELEMETRY — origin not verified,False,False
2013-09-30 17:42:00+00:00,,7.818993126201719,UNSCORED,,,USER-SUPPLIED TELEMETRY — origin not verified,False,False
2013-09-30 17:43:00+00:00,,7.818993126201719,UNSCORED,,,USER-SUPPLIED TELEMETRY — origin not verified,False,False
2013-09-30 17:44:00+00:00,,7.818993126201719,UNSCORED,,,USER-SUPPLIED TELEMETRY — origin not verified,False,False
2013-09-30 17:45:00+00:00,,7.818993126201719,UNSCORED,,,USER-SUPPLIED TELEMETRY — origin not verified,False,False
2013-09-30 17:46:00+00:00,,7.818993126201719,UNSCORED,,,USER-SUPPLIED TELEMETRY — origin not verified,False,False
2013-09-30 17:47:00+00:00,,7.818993126201719,UNSCORED,,,USER-SUPPLIED TELEMETRY — origin not verified,False,False
2013-09-30 17:48:00+00:00,,7.818993126201719,UNSCORED,,,USER-SUPPLIED TELEMETRY — origin not verified,False,False
2013-09-30 17:49:00+00:00,,7.818993126201719,UNSCORED,,,USER-SUPPLIED TELEMETRY — origin not verified,False,False
2013-09-30 17:50:00+00:00,,7.818993126201719,UNSCORED,,,USER-SUPPLIED TELEMETRY — origin not verified,False,False
2013-09-30 17:51:00+00:00,,7.818993126201719,UNSCORED,,,USER-SUPPLIED TELEMETRY — origin not verified,False,False
2013-09-30 17:52:00+00:00,,7.818993126201719,UNSCORED,,,USER-SUPPLIED TELEMETRY — origin not verified,False,False
2013-09-30 17:53:00+00:00,,7.818993126201719,UNSCORED,,,USER-SUPPLIED TELEMETRY — origin not verified,False,False
2013-09-30 17:54:00+00:00,,7.818993126201719,UNSCORED,,,USER-SUPPLIED TELEMETRY — origin not verified,False,False
2013-09-30 17:55:00+00:00,,7.818993126201719,UNSCORED,,,USER-SUPPLIED TELEMETRY — origin not verified,False,False
2013-09-30 17:56:00+00:00,,7.818993126201719,UNSCORED,,,USER-SUPPLIED TELEMETRY — origin not verified,False,False
2013-09-30 17:57:00+00:00,,7.818993126201719,UNSCORED,,,USER-SUPPLIED TELEMETRY — origin not verified,False,False
2013-09-30 17:58:00+00:00,,7.818993126201719,UNSCORED,,,USER-SUPPLIED TELEMETRY — origin not verified,False,False
2013-09-30 17:59:00+00:00,,7.818993126201719,UNSCORED,,,USER-SUPPLIED TELEMETRY — origin not verified,False,False
2013-09-30 18:00:00+00:00,,7.818993126201719,UNSCORED,,,USER-SUPPLIED TELEMETRY — origin not verified,False,False
2013-09-30 18:01:00+00:00,,7.818993126201719,UNSCORED,,,USER-SUPPLIED TELEMETRY — origin not verified,False,False
2013-09-30 18:02:00+00:00,,7.818993126201719,UNSCORED,,,USER-SUPPLIED TELEMETRY — origin not verified,False,False
2013-09-30 18:03:00+00:00,,7.818993126201719,UNSCORED,,,USER-SUPPLIED TELEMETRY — origin not verified,False,False
2013-09-30 18:04:00+00:00,,7.818993126201719,UNSCORED,,,USER-SUPPLIED TELEMETRY — origin not verified,False,False
2013-09-30 18:05:00+00:00,,7.818993126201719,UNSCORED,,,USER-SUPPLIED TELEMETRY — origin not verified,False,False
2013-09-30 18:06:00+00:00,,7.818993126201719,UNSCORED,,,USER-SUPPLIED TELEMETRY — origin not verified,False,False
2013-09-30 18:07:00+00:00,,7.818993126201719,UNSCORED,,,USER-SUPPLIED TELEMETRY — origin not verified,False,False
2013-09-30 18:08:00+00:00,,7.818993126201719,UNSCORED,,,USER-SUPPLIED TELEMETRY — origin not verified,False,False
2013-09-30 18:09:00+00:00,,7.818993126201719,UNSCORED,,,USER-SUPPLIED TELEMETRY — origin not verified,False,False
2013-09-30 18:10:00+00:00,,7.818993126201719,UNSCORED,,,USER-SUPPLIED TELEMETRY — origin not verified,False,False
2013-09-30 18:11:00+00:00,,7.818993126201719,UNSCORED,,,USER-SUPPLIED TELEMETRY — origin not verified,False,False
2013-09-30 18:12:00+00:00,,7.818993126201719,UNSCORED,,,USER-SUPPLIED TELEMETRY — origin not verified,False,False
2013-09-30 18:13:00+00:00,,7.818993126201719,UNSCORED,,,USER-SUPPLIED TELEMETRY — origin not verified,False,False
2013-09-30 18:14:00+00:00,,7.818993126201719,UNSCORED,,,USER-SUPPLIED TELEMETRY — origin not verified,False,False
2013-09-30 18:15:00+00:00,,7.818993126201719,UNSCORED,,,USER-SUPPLIED TELEMETRY — origin not verified,False,False
2013-09-30 18:16:00+00:00,,7.818993126201719,UNSCORED,,,USER-SUPPLIED TELEMETRY — origin not verified,False,False
2013-09-30 18:17:00+00:00,,7.818993126201719,UNSCORED,,,USER-SUPPLIED TELEMETRY — origin not verified,False,False
2013-09-30 18:18:00+00:00,,7.818993126201719,UNSCORED,,,USER-SUPPLIED TELEMETRY — origin not verified,False,False
2013-09-30 18:19:00+00:00,,7.818993126201719,UNSCORED,,,USER-SUPPLIED TELEMETRY — origin not verified,False,False
2013-09-30 18:20:00+00:00,,7.818993126201719,UNSCORED,,,USER-SUPPLIED TELEMETRY — origin not verified,False,False
2013-09-30 18:21:00+00:00,,7.818993126201719,UNSCORED,,,USER-SUPPLIED TELEMETRY — origin not verified,False,False
2013-09-30 18:22:00+00:00,,7.818993126201719,UNSCORED,,,USER-SUPPLIED TELEMETRY — origin not verified,False,False
2013-09-30 18:23:00+00:00,,7.818993126201719,UNSCORED,,,USER-SUPPLIED TELEMETRY — origin not verified,False,False
2013-09-30 18:24:00+00:00,,7.818993126201719,UNSCORED,,,USER-SUPPLIED TELEMETRY — origin not verified,False,False
2013-09-30 18:25:00+00:00,,7.818993126201719,UNSCORED,,,USER-SUPPLIED TELEMETRY — origin not verified,False,False
2013-09-30 18:26:00+00:00,,7.818993126201719,UNSCORED,,,USER-SUPPLIED TELEMETRY — origin not verified,False,False
2013-09-30 18:27:00+00:00,,7.818993126201719,UNSCORED,,,USER-SUPPLIED TELEMETRY — origin not verified,False,False
2013-09-30 18:28:00+00:00,,7.818993126201719,UNSCORED,,,USER-SUPPLIED TELEMETRY — origin not verified,False,False
2013-09-30 18:29:00+00:00,,7.818993126201719,UNSCORED,,,USER-SUPPLIED TELEMETRY — origin not verified,False,False
2013-09-30 18:30:00+00:00,,7.818993126201719,UNSCORED,,,USER-SUPPLIED TELEMETRY — origin not verified,False,False
2013-09-30 18:31:00+00:00,,7.818993126201719,UNSCORED,,,USER-SUPPLIED TELEMETRY — origin not verified,False,False
2013-09-30 18:32:00+00:00,,7.818993126201719,UNSCORED,,,USER-SUPPLIED TELEMETRY — origin not verified,False,False
2013-09-30 18:33:00+00:00,,7.818993126201719,UNSCORED,,,USER-SUPPLIED TELEMETRY — origin not verified,False,False
2013-09-30 18:34:00+00:00,,7.818993126201719,UNSCORED,,,USER-SUPPLIED TELEMETRY — origin not verified,False,False
2013-09-30 18:35:00+00:00,,7.818993126201719,UNSCORED,,,USER-SUPPLIED TELEMETRY — origin not verified,False,False
2013-09-30 18:36:00+00:00,,7.818993126201719,UNSCORED,,,USER-SUPPLIED TELEMETRY — origin not verified,False,False
2013-09-30 18:37:00+00:00,,7.818993126201719,UNSCORED,,,USER-SUPPLIED TELEMETRY — origin not verified,False,False
2013-09-30 18:38:00+00:00,,7.818993126201719,UNSCORED,,,USER-SUPPLIED TELEMETRY — origin not verified,False,False
2013-09-30 18:39:00+00:00,,7.818993126201719,UNSCORED,,,USER-SUPPLIED TELEMETRY — origin not verified,False,False
2013-09-30 18:40:00+00:00,,7.818993126201719,UNSCORED,,,USER-SUPPLIED TELEMETRY — origin not verified,False,False
2013-09-30 18:41:00+00:00,,7.818993126201719,UNSCORED,,,USER-SUPPLIED TELEMETRY — origin not verified,False,False
2013-09-30 18:42:00+00:00,,7.818993126201719,UNSCORED,,,USER-SUPPLIED TELEMETRY — origin not verified,False,False
2013-09-30 18:43:00+00:00,,7.818993126201719,UNSCORED,,,USER-SUPPLIED TELEMETRY — origin not verified,False,False
2013-09-30 18:44:00+00:00,,7.818993126201719,UNSCORED,,,USER-SUPPLIED TELEMETRY — origin not verified,False,False
2013-09-30 18:45:00+00:00,,7.818993126201719,UNSCORED,,,USER-SUPPLIED TELEMETRY — origin not verified,False,False
2013-09-30 18:46:00+00:00,,7.818993126201719,UNSCORED,,,USER-SUPPLIED TELEMETRY — origin not verified,False,False
2013-09-30 18:47:00+00:00,,7.818993126201719,UNSCORED,,,USER-SUPPLIED TELEMETRY — origin not verified,False,False
2013-09-30 18:48:00+00:00,,7.818993126201719,UNSCORED,,,USER-SUPPLIED TELEMETRY — origin not verified,False,False
2013-09-30 18:49:00+00:00,,7.818993126201719,UNSCORED,,,USER-SUPPLIED TELEMETRY — origin not verified,False,False
2013-09-30 18:50:00+00:00,,7.818993126201719,UNSCORED,,,USER-SUPPLIED TELEMETRY — origin not verified,False,False
2013-09-30 18:51:00+00:00,,7.818993126201719,UNSCORED,,,USER-SUPPLIED TELEMETRY — origin not verified,False,False
2013-09-30 18:52:00+00:00,,7.818993126201719,UNSCORED,,,USER-SUPPLIED TELEMETRY — origin not verified,False,False
2013-09-30 18:53:00+00:00,,7.818993126201719,UNSCORED,,,USER-SUPPLIED TELEMETRY — origin not verified,False,False
2013-09-30 18:54:00+00:00,,7.818993126201719,UNSCORED,,,USER-SUPPLIED TELEMETRY — origin not verified,False,False
2013-09-30 18:55:00+00:00,,7.818993126201719,UNSCORED,,,USER-SUPPLIED TELEMETRY — origin not verified,False,False
2013-09-30 18:56:00+00:00,,7.818993126201719,UNSCORED,,,USER-SUPPLIED TELEMETRY — origin not verified,False,False
2013-09-30 18:57:00+00:00,,7.818993126201719,UNSCORED,,,USER-SUPPLIED TELEMETRY — origin not verified,False,False
2013-09-30 18:58:00+00:00,,7.818993126201719,UNSCORED,,,USER-SUPPLIED TELEMETRY — origin not verified,False,False
2013-09-30 18:59:00+00:00,,7.818993126201719,UNSCORED,,,USER-SUPPLIED TELEMETRY — origin not verified,False,False
2013-09-30 19:00:00+00:00,,7.818993126201719,UNSCORED,,,USER-SUPPLIED TELEMETRY — origin not verified,False,False
2013-09-30 19:01:00+00:00,,7.818993126201719,UNSCORED,,,USER-SUPPLIED TELEMETRY — origin not verified,False,False
2013-09-30 19:02:00+00:00,,7.818993126201719,UNSCORED,,,USER-SUPPLIED TELEMETRY — origin not verified,False,False
2013-09-30 19:03:00+00:00,,7.818993126201719,UNSCORED,,,USER-SUPPLIED TELEMETRY — origin not verified,False,False
2013-09-30 19:04:00+00:00,,7.818993126201719,UNSCORED,,,USER-SUPPLIED TELEMETRY — origin not verified,False,False
2013-09-30 19:05:00+00:00,,7.818993126201719,UNSCORED,,,USER-SUPPLIED TELEMETRY — origin not verified,False,False
2013-09-30 19:06:00+00:00,,7.818993126201719,UNSCORED,,,USER-SUPPLIED TELEMETRY — origin not verified,False,False
2013-09-30 19:07:00+00:00,,7.818993126201719,UNSCORED,,,USER-SUPPLIED TELEMETRY — origin not verified,False,False
2013-09-30 19:08:00+00:00,,7.818993126201719,UNSCORED,,,USER-SUPPLIED TELEMETRY — origin not verified,False,False
2013-09-30 19:09:00+00:00,,7.818993126201719,UNSCORED,,,USER-SUPPLIED TELEMETRY — origin not verified,False,False
2013-09-30 19:10:00+00:00,,7.818993126201719,UNSCORED,,,USER-SUPPLIED TELEMETRY — origin not verified,False,False
2013-09-30 19:11:00+00:00,,7.818993126201719,UNSCORED,,,USER-SUPPLIED TELEMETRY — origin not verified,False,False
2013-09-30 19:12:00+00:00,,7.818993126201719,UNSCORED,,,USER-SUPPLIED TELEMETRY — origin not verified,False,False
2013-09-30 19:13:00+00:00,,7.818993126201719,UNSCORED,,,USER-SUPPLIED TELEMETRY — origin not verified,False,False
2013-09-30 19:14:00+00:00,,7.818993126201719,UNSCORED,,,USER-SUPPLIED TELEMETRY — origin not verified,False,False
2013-09-30 19:15:00+00:00,,7.818993126201719,UNSCORED,,,USER-SUPPLIED TELEMETRY — origin not verified,False,False
2013-09-30 19:16:00+00:00,,7.818993126201719,UNSCORED,,,USER-SUPPLIED TELEMETRY — origin not verified,False,False
2013-09-30 19:17:00+00:00,,7.818993126201719,UNSCORED,,,USER-SUPPLIED TELEMETRY — origin not verified,False,False
2013-09-30 19:18:00+00:00,,7.818993126201719,UNSCORED,,,USER-SUPPLIED TELEMETRY — origin not verified,False,False
2013-09-30 19:19:00+00:00,,7.818993126201719,UNSCORED,,,USER-SUPPLIED TELEMETRY — origin not verified,False,False
2013-09-30 19:20:00+00:00,,7.818993126201719,UNSCORED,,,USER-SUPPLIED TELEMETRY — origin not verified,False,False
2013-09-30 19:21:00+00:00,,7.818993126201719,UNSCORED,,,USER-SUPPLIED TELEMETRY — origin not verified,False,False
2013-09-30 19:22:00+00:00,,7.818993126201719,UNSCORED,,,USER-SUPPLIED TELEMETRY — origin not verified,False,False
2013-09-30 19:23:00+00:00,,7.818993126201719,UNSCORED,,,USER-SUPPLIED TELEMETRY — origin not verified,False,False
2013-09-30 19:24:00+00:00,,7.818993126201719,UNSCORED,,,USER-SUPPLIED TELEMETRY — origin not verified,False,False
2013-09-30 19:25:00+00:00,,7.818993126201719,UNSCORED,,,USER-SUPPLIED TELEMETRY — origin not verified,False,False
2013-09-30 19:26:00+00:00,,7.818993126201719,UNSCORED,,,USER-SUPPLIED TELEMETRY — origin not verified,False,False
2013-09-30 19:27:00+00:00,,7.818993126201719,UNSCORED,,,USER-SUPPLIED TELEMETRY — origin not verified,False,False
2013-09-30 19:28:00+00:00,,7.818993126201719,UNSCORED,,,USER-SUPPLIED TELEMETRY — origin not verified,False,False
2013-09-30 19:29:00+00:00,,7.818993126201719,UNSCORED,,,USER-SUPPLIED TELEMETRY — origin not verified,False,False
2013-09-30 19:30:00+00:00,,7.818993126201719,UNSCORED,,,USER-SUPPLIED TELEMETRY — origin not verified,False,False
2013-09-30 19:31:00+00:00,,7.818993126201719,UNSCORED,,,USER-SUPPLIED TELEMETRY — origin not verified,False,False
2013-09-30 19:32:00+00:00,,7.818993126201719,UNSCORED,,,USER-SUPPLIED TELEMETRY — origin not verified,False,False
2013-09-30 19:33:00+00:00,,7.818993126201719,UNSCORED,,,USER-SUPPLIED TELEMETRY — origin not verified,False,False
2013-09-30 19:34:00+00:00,,7.818993126201719,UNSCORED,,,USER-SUPPLIED TELEMETRY — origin not verified,False,False
2013-09-30 19:35:00+00:00,,7.818993126201719,UNSCORED,,,USER-SUPPLIED TELEMETRY — origin not verified,False,False
2013-09-30 19:36:00+00:00,,7.818993126201719,UNSCORED,,,USER-SUPPLIED TELEMETRY — origin not verified,False,False
2013-09-30 19:37:00+00:00,,7.818993126201719,UNSCORED,,,USER-SUPPLIED TELEMETRY — origin not verified,False,False
2013-09-30 19:38:00+00:00,,7.818993126201719,UNSCORED,,,USER-SUPPLIED TELEMETRY — origin not verified,False,False
2013-09-30 19:39:00+00:00,,7.818993126201719,UNSCORED,,,USER-SUPPLIED TELEMETRY — origin not verified,False,False
2013-09-30 19:40:00+00:00,,7.818993126201719,UNSCORED,,,USER-SUPPLIED TELEMETRY — origin not verified,False,False
2013-09-30 19:41:00+00:00,,7.818993126201719,UNSCORED,,,USER-SUPPLIED TELEMETRY — origin not verified,False,False
2013-09-30 19:42:00+00:00,,7.818993126201719,UNSCORED,,,USER-SUPPLIED TELEMETRY — origin not verified,False,False
2013-09-30 19:43:00+00:00,,7.818993126201719,UNSCORED,,,USER-SUPPLIED TELEMETRY — origin not verified,False,False
2013-09-30 19:44:00+00:00,,7.818993126201719,UNSCORED,,,USER-SUPPLIED TELEMETRY — origin not verified,False,False
2013-09-30 19:45:00+00:00,,7.818993126201719,UNSCORED,,,USER-SUPPLIED TELEMETRY — origin not verified,False,False
2013-09-30 19:46:00+00:00,,7.818993126201719,UNSCORED,,,USER-SUPPLIED TELEMETRY — origin not verified,False,False
2013-09-30 19:47:00+00:00,,7.818993126201719,UNSCORED,,,USER-SUPPLIED TELEMETRY — origin not verified,False,False
2013-09-30 19:48:00+00:00,,7.818993126201719,UNSCORED,,,USER-SUPPLIED TELEMETRY — origin not verified,False,False
2013-09-30 19:49:00+00:00,,7.818993126201719,UNSCORED,,,USER-SUPPLIED TELEMETRY — origin not verified,False,False
2013-09-30 19:50:00+00:00,,7.818993126201719,UNSCORED,,,USER-SUPPLIED TELEMETRY — origin not verified,False,False
2013-09-30 19:51:00+00:00,,7.818993126201719,UNSCORED,,,USER-SUPPLIED TELEMETRY — origin not verified,False,False
2013-09-30 19:52:00+00:00,,7.818993126201719,UNSCORED,,,USER-SUPPLIED TELEMETRY — origin not verified,False,False
2013-09-30 19:53:00+00:00,,7.818993126201719,UNSCORED,,,USER-SUPPLIED TELEMETRY — origin not verified,False,False
2013-09-30 19:54:00+00:00,,7.818993126201719,UNSCORED,,,USER-SUPPLIED TELEMETRY — origin not verified,False,False
2013-09-30 19:55:00+00:00,,7.818993126201719,UNSCORED,,,USER-SUPPLIED TELEMETRY — origin not verified,False,False
2013-09-30 19:56:00+00:00,,7.818993126201719,UNSCORED,,,USER-SUPPLIED TELEMETRY — origin not verified,False,False
2013-09-30 19:57:00+00:00,,7.818993126201719,UNSCORED,,,USER-SUPPLIED TELEMETRY — origin not verified,False,False
2013-09-30 19:58:00+00:00,,7.818993126201719,UNSCORED,,,USER-SUPPLIED TELEMETRY — origin not verified,False,False
2013-09-30 19:59:00+00:00,,7.818993126201719,UNSCORED,,,USER-SUPPLIED TELEMETRY — origin not verified,False,False
2013-09-30 20:00:00+00:00,,7.818993126201719,UNSCORED,,,USER-SUPPLIED TELEMETRY — origin not verified,False,False
2013-09-30 20:01:00+00:00,,7.818993126201719,UNSCORED,,,USER-SUPPLIED TELEMETRY — origin not verified,False,False
2013-09-30 20:02:00+00:00,,7.818993126201719,UNSCORED,,,USER-SUPPLIED TELEMETRY — origin not verified,False,False
2013-09-30 20:03:00+00:00,,7.818993126201719,UNSCORED,,,USER-SUPPLIED TELEMETRY — origin not verified,False,False
2013-09-30 20:04:00+00:00,,7.818993126201719,UNSCORED,,,USER-SUPPLIED TELEMETRY — origin not verified,False,False
2013-09-30 20:05:00+00:00,,7.818993126201719,UNSCORED,,,USER-SUPPLIED TELEMETRY — origin not verified,False,False
2013-09-30 20:06:00+00:00,,7.818993126201719,UNSCORED,,,USER-SUPPLIED TELEMETRY — origin not verified,False,False
2013-09-30 20:07:00+00:00,,7.818993126201719,UNSCORED,,,USER-SUPPLIED TELEMETRY — origin not verified,False,False
2013-09-30 20:08:00+00:00,,7.818993126201719,UNSCORED,,,USER-SUPPLIED TELEMETRY — origin not verified,False,False
2013-09-30 20:09:00+00:00,,7.818993126201719,UNSCORED,,,USER-SUPPLIED TELEMETRY — origin not verified,False,False
2013-09-30 20:10:00+00:00,,7.818993126201719,UNSCORED,,,USER-SUPPLIED TELEMETRY — origin not verified,False,False
2013-09-30 20:11:00+00:00,,7.818993126201719,UNSCORED,,,USER-SUPPLIED TELEMETRY — origin not verified,False,False
2013-09-30 20:12:00+00:00,,7.818993126201719,UNSCORED,,,USER-SUPPLIED TELEMETRY — origin not verified,False,False
2013-09-30 20:13:00+00:00,,7.818993126201719,UNSCORED,,,USER-SUPPLIED TELEMETRY — origin not verified,False,False
2013-09-30 20:14:00+00:00,,7.818993126201719,UNSCORED,,,USER-SUPPLIED TELEMETRY — origin not verified,False,False
2013-09-30 20:15:00+00:00,,7.818993126201719,UNSCORED,,,USER-SUPPLIED TELEMETRY — origin not verified,False,False
2013-09-30 20:16:00+00:00,,7.818993126201719,UNSCORED,,,USER-SUPPLIED TELEMETRY — origin not verified,False,False
2013-09-30 20:17:00+00:00,,7.818993126201719,UNSCORED,,,USER-SUPPLIED TELEMETRY — origin not verified,False,False
2013-09-30 20:18:00+00:00,,7.818993126201719,UNSCORED,,,USER-SUPPLIED TELEMETRY — origin not verified,False,False
2013-09-30 20:19:00+00:00,,7.818993126201719,UNSCORED,,,USER-SUPPLIED TELEMETRY — origin not verified,False,False
2013-09-30 20:20:00+00:00,,7.818993126201719,UNSCORED,,,USER-SUPPLIED TELEMETRY — origin not verified,False,False
2013-09-30 20:21:00+00:00,,7.818993126201719,UNSCORED,,,USER-SUPPLIED TELEMETRY — origin not verified,False,False
2013-09-30 20:22:00+00:00,,7.818993126201719,UNSCORED,,,USER-SUPPLIED TELEMETRY — origin not verified,False,False
2013-09-30 20:23:00+00:00,,7.818993126201719,UNSCORED,,,USER-SUPPLIED TELEMETRY — origin not verified,False,False
2013-09-30 20:24:00+00:00,,7.818993126201719,UNSCORED,,,USER-SUPPLIED TELEMETRY — origin not verified,False,False
2013-09-30 20:25:00+00:00,,7.818993126201719,UNSCORED,,,USER-SUPPLIED TELEMETRY — origin not verified,False,False
2013-09-30 20:26:00+00:00,,7.818993126201719,UNSCORED,,,USER-SUPPLIED TELEMETRY — origin not verified,False,False
2013-09-30 20:27:00+00:00,,7.818993126201719,UNSCORED,,,USER-SUPPLIED TELEMETRY — origin not verified,False,False
2013-09-30 20:28:00+00:00,,7.818993126201719,UNSCORED,,,USER-SUPPLIED TELEMETRY — origin not verified,False,False
2013-09-30 20:29:00+00:00,,7.818993126201719,UNSCORED,,,USER-SUPPLIED TELEMETRY — origin not verified,False,False
2013-09-30 20:30:00+00:00,,7.818993126201719,UNSCORED,,,USER-SUPPLIED TELEMETRY — origin not verified,False,False
2013-09-30 20:31:00+00:00,,7.818993126201719,UNSCORED,,,USER-SUPPLIED TELEMETRY — origin not verified,False,False
2013-09-30 20:32:00+00:00,,7.818993126201719,UNSCORED,,,USER-SUPPLIED TELEMETRY — origin not verified,False,False
2013-09-30 20:33:00+00:00,,7.818993126201719,UNSCORED,,,USER-SUPPLIED TELEMETRY — origin not verified,False,False
2013-09-30 20:34:00+00:00,,7.818993126201719,UNSCORED,,,USER-SUPPLIED TELEMETRY — origin not verified,False,False
2013-09-30 20:35:00+00:00,,7.818993126201719,UNSCORED,,,USER-SUPPLIED TELEMETRY — origin not verified,False,False
2013-09-30 20:36:00+00:00,,7.818993126201719,UNSCORED,,,USER-SUPPLIED TELEMETRY — origin not verified,False,False
2013-09-30 20:37:00+00:00,,7.818993126201719,UNSCORED,,,USER-SUPPLIED TELEMETRY — origin not verified,False,False
2013-09-30 20:38:00+00:00,,7.818993126201719,UNSCORED,,,USER-SUPPLIED TELEMETRY — origin not verified,False,False
2013-09-30 20:39:00+00:00,,7.818993126201719,UNSCORED,,,USER-SUPPLIED TELEMETRY — origin not verified,False,False
2013-09-30 20:40:00+00:00,,7.818993126201719,UNSCORED,,,USER-SUPPLIED TELEMETRY — origin not verified,False,False
2013-09-30 20:41:00+00:00,,7.818993126201719,UNSCORED,,,USER-SUPPLIED TELEMETRY — origin not verified,False,False
2013-09-30 20:42:00+00:00,,7.818993126201719,UNSCORED,,,USER-SUPPLIED TELEMETRY — origin not verified,False,False
2013-09-30 20:43:00+00:00,,7.818993126201719,UNSCORED,,,USER-SUPPLIED TELEMETRY — origin not verified,False,False
2013-09-30 20:44:00+00:00,,7.818993126201719,UNSCORED,,,USER-SUPPLIED TELEMETRY — origin not verified,False,False
2013-09-30 20:45:00+00:00,,7.818993126201719,UNSCORED,,,USER-SUPPLIED TELEMETRY — origin not verified,False,False
2013-09-30 20:46:00+00:00,,7.818993126201719,UNSCORED,,,USER-SUPPLIED TELEMETRY — origin not verified,False,False
2013-09-30 20:47:00+00:00,,7.818993126201719,UNSCORED,,,USER-SUPPLIED TELEMETRY — origin not verified,False,False
2013-09-30 20:48:00+00:00,,7.818993126201719,UNSCORED,,,USER-SUPPLIED TELEMETRY — origin not verified,False,False
2013-09-30 20:49:00+00:00,,7.818993126201719,UNSCORED,,,USER-SUPPLIED TELEMETRY — origin not verified,False,False
2013-09-30 20:50:00+00:00,,7.818993126201719,UNSCORED,,,USER-SUPPLIED TELEMETRY — origin not verified,False,False
2013-09-30 20:51:00+00:00,,7.818993126201719,UNSCORED,,,USER-SUPPLIED TELEMETRY — origin not verified,False,False
2013-09-30 20:52:00+00:00,,7.818993126201719,UNSCORED,,,USER-SUPPLIED TELEMETRY — origin not verified,False,False
2013-09-30 20:53:00+00:00,,7.818993126201719,UNSCORED,,,USER-SUPPLIED TELEMETRY — origin not verified,False,False
2013-09-30 20:54:00+00:00,,7.818993126201719,UNSCORED,,,USER-SUPPLIED TELEMETRY — origin not verified,False,False
2013-09-30 20:55:00+00:00,,7.818993126201719,UNSCORED,,,USER-SUPPLIED TELEMETRY — origin not verified,False,False
2013-09-30 20:56:00+00:00,,7.818993126201719,UNSCORED,,,USER-SUPPLIED TELEMETRY — origin not verified,False,False
2013-09-30 20:57:00+00:00,,7.818993126201719,UNSCORED,,,USER-SUPPLIED TELEMETRY — origin not verified,False,False
2013-09-30 20:58:00+00:00,,7.818993126201719,UNSCORED,,,USER-SUPPLIED TELEMETRY — origin not verified,False,False
2013-09-30 20:59:00+00:00,,7.818993126201719,UNSCORED,,,USER-SUPPLIED TELEMETRY — origin not verified,False,False
2013-09-30 21:00:00+00:00,,7.818993126201719,UNSCORED,,,USER-SUPPLIED TELEMETRY — origin not verified,False,False
2013-09-30 21:01:00+00:00,,7.818993126201719,UNSCORED,,,USER-SUPPLIED TELEMETRY — origin not verified,False,False
2013-09-30 21:02:00+00:00,,7.818993126201719,UNSCORED,,,USER-SUPPLIED TELEMETRY — origin not verified,False,False
2013-09-30 21:03:00+00:00,,7.818993126201719,UNSCORED,,,USER-SUPPLIED TELEMETRY — origin not verified,False,False
2013-09-30 21:04:00+00:00,,7.818993126201719,UNSCORED,,,USER-SUPPLIED TELEMETRY — origin not verified,False,False
2013-09-30 21:05:00+00:00,,7.818993126201719,UNSCORED,,,USER-SUPPLIED TELEMETRY — origin not verified,False,False
2013-09-30 21:06:00+00:00,,7.818993126201719,UNSCORED,,,USER-SUPPLIED TELEMETRY — origin not verified,False,False
2013-09-30 21:07:00+00:00,,7.818993126201719,UNSCORED,,,USER-SUPPLIED TELEMETRY — origin not verified,False,False
2013-09-30 21:08:00+00:00,,7.818993126201719,UNSCORED,,,USER-SUPPLIED TELEMETRY — origin not verified,False,False
2013-09-30 21:09:00+00:00,,7.818993126201719,UNSCORED,,,USER-SUPPLIED TELEMETRY — origin not verified,False,False
2013-09-30 21:10:00+00:00,,7.818993126201719,UNSCORED,,,USER-SUPPLIED TELEMETRY — origin not verified,False,False
2013-09-30 21:11:00+00:00,,7.818993126201719,UNSCORED,,,USER-SUPPLIED TELEMETRY — origin not verified,False,False
2013-09-30 21:12:00+00:00,,7.818993126201719,UNSCORED,,,USER-SUPPLIED TELEMETRY — origin not verified,False,False
2013-09-30 21:13:00+00:00,,7.818993126201719,UNSCORED,,,USER-SUPPLIED TELEMETRY — origin not verified,False,False
2013-09-30 21:14:00+00:00,,7.818993126201719,UNSCORED,,,USER-SUPPLIED TELEMETRY — origin not verified,False,False
2013-09-30 21:15:00+00:00,,7.818993126201719,UNSCORED,,,USER-SUPPLIED TELEMETRY — origin not verified,False,False
2013-09-30 21:16:00+00:00,,7.818993126201719,UNSCORED,,,USER-SUPPLIED TELEMETRY — origin not verified,False,False
2013-09-30 21:17:00+00:00,,7.818993126201719,UNSCORED,,,USER-SUPPLIED TELEMETRY — origin not verified,False,False
2013-09-30 21:18:00+00:00,,7.818993126201719,UNSCORED,,,USER-SUPPLIED TELEMETRY — origin not verified,False,False
2013-09-30 21:19:00+00:00,,7.818993126201719,UNSCORED,,,USER-SUPPLIED TELEMETRY — origin not verified,False,False
2013-09-30 21:20:00+00:00,,7.818993126201719,UNSCORED,,,USER-SUPPLIED TELEMETRY — origin not verified,False,False
2013-09-30 21:21:00+00:00,,7.818993126201719,UNSCORED,,,USER-SUPPLIED TELEMETRY — origin not verified,False,False
2013-09-30 21:22:00+00:00,,7.818993126201719,UNSCORED,,,USER-SUPPLIED TELEMETRY — origin not verified,False,False
2013-09-30 21:23:00+00:00,,7.818993126201719,UNSCORED,,,USER-SUPPLIED TELEMETRY — origin not verified,False,False
2013-09-30 21:24:00+00:00,,7.818993126201719,UNSCORED,,,USER-SUPPLIED TELEMETRY — origin not verified,False,False
2013-09-30 21:25:00+00:00,,7.818993126201719,UNSCORED,,,USER-SUPPLIED TELEMETRY — origin not verified,False,False
2013-09-30 21:26:00+00:00,,7.818993126201719,UNSCORED,,,USER-SUPPLIED TELEMETRY — origin not verified,False,False
2013-09-30 21:27:00+00:00,,7.818993126201719,UNSCORED,,,USER-SUPPLIED TELEMETRY — origin not verified,False,False
2013-09-30 21:28:00+00:00,,7.818993126201719,UNSCORED,,,USER-SUPPLIED TELEMETRY — origin not verified,False,False
2013-09-30 21:29:00+00:00,,7.818993126201719,UNSCORED,,,USER-SUPPLIED TELEMETRY — origin not verified,False,False
2013-09-30 21:30:00+00:00,,7.818993126201719,UNSCORED,,,USER-SUPPLIED TELEMETRY — origin not verified,False,False
2013-09-30 21:31:00+00:00,,7.818993126201719,UNSCORED,,,USER-SUPPLIED TELEMETRY — origin not verified,False,False
2013-09-30 21:32:00+00:00,,7.818993126201719,UNSCORED,,,USER-SUPPLIED TELEMETRY — origin not verified,False,False
2013-09-30 21:33:00+00:00,,7.818993126201719,UNSCORED,,,USER-SUPPLIED TELEMETRY — origin not verified,False,False
2013-09-30 21:34:00+00:00,,7.818993126201719,UNSCORED,,,USER-SUPPLIED TELEMETRY — origin not verified,False,False
2013-09-30 21:35:00+00:00,,7.818993126201719,UNSCORED,,,USER-SUPPLIED TELEMETRY — origin not verified,False,False
2013-09-30 21:36:00+00:00,-1.8283409,7.818993126201719,NO ALERT,channel_46,1.8424474,USER-SUPPLIED TELEMETRY — origin not verified,False,False
2013-09-30 21:37:00+00:00,-1.7459792,7.818993126201719,NO ALERT,channel_46,1.4541066,USER-SUPPLIED TELEMETRY — origin not verified,False,False
2013-09-30 21:38:00+00:00,-0.5875015,7.818993126201719,NO ALERT,channel_43,1.611236,USER-SUPPLIED TELEMETRY — origin not verified,False,False
2013-09-30 21:39:00+00:00,-2.114322,7.818993126201719,NO ALERT,channel_46,1.646814,USER-SUPPLIED TELEMETRY — origin not verified,False,False
2013-09-30 21:40:00+00:00,-1.0938169,7.818993126201719,NO ALERT,channel_44,1.2731606,USER-SUPPLIED TELEMETRY — origin not verified,False,False
2013-09-30 21:41:00+00:00,-0.796202,7.818993126201719,NO ALERT,channel_44,1.5012367,USER-SUPPLIED TELEMETRY — origin not verified,False,False
2013-09-30 21:42:00+00:00,-1.5261682,7.818993126201719,NO ALERT,channel_44,1.459737,USER-SUPPLIED TELEMETRY — origin not verified,False,False
2013-09-30 21:43:00+00:00,-1.4724869,7.818993126201719,NO ALERT,channel_44,1.8410187,USER-SUPPLIED TELEMETRY — origin not verified,False,False
2013-09-30 21:44:00+00:00,-2.1125515,7.818993126201719,NO ALERT,channel_44,1.5403395,USER-SUPPLIED TELEMETRY — origin not verified,False,False
2013-09-30 21:45:00+00:00,-1.554335,7.818993126201719,NO ALERT,channel_41,1.5540987,USER-SUPPLIED TELEMETRY — origin not verified,False,False
2013-09-30 21:46:00+00:00,-1.4953427,7.818993126201719,NO ALERT,channel_41,1.5273769,USER-SUPPLIED TELEMETRY — origin not verified,False,False
2013-09-30 21:47:00+00:00,-1.4165696,7.818993126201719,NO ALERT,channel_42,1.7071356,USER-SUPPLIED TELEMETRY — origin not verified,False,False
2013-09-30 21:48:00+00:00,-0.70266044,7.818993126201719,NO ALERT,channel_44,1.8826065,USER-SUPPLIED TELEMETRY — origin not verified,False,False
2013-09-30 21:49:00+00:00,-1.4287299,7.818993126201719,NO ALERT,channel_41,1.4681185,USER-SUPPLIED TELEMETRY — origin not verified,False,False
2013-09-30 21:50:00+00:00,-1.30018,7.818993126201719,NO ALERT,channel_42,1.6176128,USER-SUPPLIED TELEMETRY — origin not verified,False,False
2013-09-30 21:51:00+00:00,-1.9329022,7.818993126201719,NO ALERT,channel_42,1.5811603,USER-SUPPLIED TELEMETRY — origin not verified,False,False
2013-09-30 21:52:00+00:00,-0.632882,7.818993126201719,NO ALERT,channel_42,1.5602322,USER-SUPPLIED TELEMETRY — origin not verified,False,False
2013-09-30 21:53:00+00:00,-1.2763629,7.818993126201719,NO ALERT,channel_45,1.5545951,USER-SUPPLIED TELEMETRY — origin not verified,False,False
2013-09-30 21:54:00+00:00,-1.7697304,7.818993126201719,NO ALERT,channel_45,1.3810424,USER-SUPPLIED TELEMETRY — origin not verified,False,False
2013-09-30 21:55:00+00:00,-1.3312222,7.818993126201719,NO ALERT,channel_45,1.5012622,USER-SUPPLIED TELEMETRY — origin not verified,False,False
2013-09-30 21:56:00+00:00,-1.2449814,7.818993126201719,NO ALERT,channel_46,1.7792437,USER-SUPPLIED TELEMETRY — origin not verified,False,False
2013-09-30 21:57:00+00:00,-1.8857678,7.818993126201719,NO ALERT,channel_42,1.5834827,USER-SUPPLIED TELEMETRY — origin not verified,False,False
2013-09-30 21:58:00+00:00,-1.5872928,7.818993126201719,NO ALERT,channel_42,1.78619,USER-SUPPLIED TELEMETRY — origin not verified,False,False
2013-09-30 21:59:00+00:00,-1.5136073,7.818993126201719,NO ALERT,channel_46,1.1034536,USER-SUPPLIED TELEMETRY — origin not verified,False,False
2013-09-30 22:00:00+00:00,-0.762991,7.818993126201719,NO ALERT,channel_46,1.6579746,USER-SUPPLIED TELEMETRY — origin not verified,False,False
2013-09-30 22:01:00+00:00,-0.7077682,7.818993126201719,NO ALERT,channel_46,1.8753161,USER-SUPPLIED TELEMETRY — origin not verified,False,False
2013-09-30 22:02:00+00:00,-1.8817736,7.818993126201719,NO ALERT,channel_43,1.331909,USER-SUPPLIED TELEMETRY — origin not verified,False,False
2013-09-30 22:03:00+00:00,-1.2035445,7.818993126201719,NO ALERT,channel_46,1.2491354,USER-SUPPLIED TELEMETRY — origin not verified,False,False
2013-09-30 22:04:00+00:00,-0.8781612,7.818993126201719,NO ALERT,channel_44,1.6369511,USER-SUPPLIED TELEMETRY — origin not verified,False,False
2013-09-30 22:05:00+00:00,-0.87976587,7.818993126201719,NO ALERT,channel_43,1.2746828,USER-SUPPLIED TELEMETRY — origin not verified,False,False
2013-09-30 22:06:00+00:00,-1.7046938,7.818993126201719,NO ALERT,channel_43,1.2554469,USER-SUPPLIED TELEMETRY — origin not verified,False,False
2013-09-30 22:07:00+00:00,-0.43497676,7.818993126201719,NO ALERT,channel_44,1.4183491,USER-SUPPLIED TELEMETRY — origin not verified,False,False
2013-09-30 22:08:00+00:00,-0.20894562,7.818993126201719,NO ALERT,channel_44,1.9539026,USER-SUPPLIED TELEMETRY — origin not verified,False,False
2013-09-30 22:09:00+00:00,-1.1905471,7.818993126201719,NO ALERT,channel_41,1.0200766,USER-SUPPLIED TELEMETRY — origin not verified,False,False
2013-09-30 22:10:00+00:00,-1.5739758,7.818993126201719,NO ALERT,channel_42,0.96089274,USER-SUPPLIED TELEMETRY — origin not verified,False,False
2013-09-30 22:11:00+00:00,-0.8304548,7.818993126201719,NO ALERT,channel_42,1.6060617,USER-SUPPLIED TELEMETRY — origin not verified,False,False
2013-09-30 22:12:00+00:00,-0.9220543,7.818993126201719,NO ALERT,channel_42,1.918781,USER-SUPPLIED TELEMETRY — origin not verified,False,False
2013-09-30 22:13:00+00:00,-1.5941097,7.818993126201719,NO ALERT,channel_45,1.4266198,USER-SUPPLIED TELEMETRY — origin not verified,False,False
2013-09-30 22:14:00+00:00,-1.2264764,7.818993126201719,NO ALERT,channel_42,1.5342478,USER-SUPPLIED TELEMETRY — origin not verified,False,False
2013-09-30 22:15:00+00:00,-1.0965698,7.818993126201719,NO ALERT,channel_42,1.7351792,USER-SUPPLIED TELEMETRY — origin not verified,False,False
2013-09-30 22:16:00+00:00,-1.8215836,7.818993126201719,NO ALERT,channel_46,2.2837262,USER-SUPPLIED TELEMETRY — origin not verified,False,False
2013-09-30 22:17:00+00:00,-1.362938,7.818993126201719,NO ALERT,channel_42,1.348397,USER-SUPPLIED TELEMETRY — origin not verified,False,False
2013-09-30 22:18:00+00:00,-1.2794979,7.818993126201719,NO ALERT,channel_42,1.4483838,USER-SUPPLIED TELEMETRY — origin not verified,False,False
2013-09-30 22:19:00+00:00,-1.546917,7.818993126201719,NO ALERT,channel_42,1.409258,USER-SUPPLIED TELEMETRY — origin not verified,False,False
2013-09-30 22:20:00+00:00,-1.094098,7.818993126201719,NO ALERT,channel_43,1.384751,USER-SUPPLIED TELEMETRY — origin not verified,False,False
2013-09-30 22:21:00+00:00,-1.0331098,7.818993126201719,NO ALERT,channel_46,1.7911519,USER-SUPPLIED TELEMETRY — origin not verified,False,False
2013-09-30 22:22:00+00:00,-2.1171663,7.818993126201719,NO ALERT,channel_43,1.4578235,USER-SUPPLIED TELEMETRY — origin not verified,False,False
2013-09-30 22:23:00+00:00,-0.38892704,7.818993126201719,NO ALERT,channel_43,1.5874939,USER-SUPPLIED TELEMETRY — origin not verified,False,False
2013-09-30 22:24:00+00:00,-1.4212754,7.818993126201719,NO ALERT,channel_43,1.0716709,USER-SUPPLIED TELEMETRY — origin not verified,False,False
2013-09-30 22:25:00+00:00,-1.1858279,7.818993126201719,NO ALERT,channel_43,1.5232177,USER-SUPPLIED TELEMETRY — origin not verified,False,False
2013-09-30 22:26:00+00:00,-1.9092015,7.818993126201719,NO ALERT,channel_46,1.5244601,USER-SUPPLIED TELEMETRY — origin not verified,False,False
2013-09-30 22:27:00+00:00,-1.273467,7.818993126201719,NO ALERT,channel_43,1.6275302,USER-SUPPLIED TELEMETRY — origin not verified,False,False
2013-09-30 22:28:00+00:00,-0.9069615,7.818993126201719,NO ALERT,channel_44,1.4708072,USER-SUPPLIED TELEMETRY — origin not verified,False,False
2013-09-30 22:29:00+00:00,-1.1929563,7.818993126201719,NO ALERT,channel_43,1.5862985,USER-SUPPLIED TELEMETRY — origin not verified,False,False
2013-09-30 22:30:00+00:00,-1.4836162,7.818993126201719,NO ALERT,channel_46,2.323742,USER-SUPPLIED TELEMETRY — origin not verified,False,False
2013-09-30 22:31:00+00:00,-0.65233856,7.818993126201719,NO ALERT,channel_43,1.5567051,USER-SUPPLIED TELEMETRY — origin not verified,False,False
2013-09-30 22:32:00+00:00,-1.385949,7.818993126201719,NO ALERT,channel_44,1.3226739,USER-SUPPLIED TELEMETRY — origin not verified,False,False
2013-09-30 22:33:00+00:00,-0.96653473,7.818993126201719,NO ALERT,channel_44,1.4166123,USER-SUPPLIED TELEMETRY — origin not verified,False,False
2013-09-30 22:34:00+00:00,-1.6556648,7.818993126201719,NO ALERT,channel_41,1.626743,USER-SUPPLIED TELEMETRY — origin not verified,False,False
2013-09-30 22:35:00+00:00,-1.9534614,7.818993126201719,NO ALERT,channel_41,1.2807386,USER-SUPPLIED TELEMETRY — origin not verified,False,False
2013-09-30 22:36:00+00:00,-1.7805136,7.818993126201719,NO ALERT,channel_44,1.5881114,USER-SUPPLIED TELEMETRY — origin not verified,False,False
2013-09-30 22:37:00+00:00,-1.2122945,7.818993126201719,NO ALERT,channel_42,1.2309499,USER-SUPPLIED TELEMETRY — origin not verified,False,False
2013-09-30 22:38:00+00:00,-1.9957318,7.818993126201719,NO ALERT,channel_44,1.9105698,USER-SUPPLIED TELEMETRY — origin not verified,False,False
2013-09-30 22:39:00+00:00,-0.48949978,7.818993126201719,NO ALERT,channel_42,1.9458767,USER-SUPPLIED TELEMETRY — origin not verified,False,False
2013-09-30 22:40:00+00:00,-0.7065153,7.818993126201719,NO ALERT,channel_45,1.3922938,USER-SUPPLIED TELEMETRY — origin not verified,False,False
2013-09-30 22:41:00+00:00,-0.19066511,7.818993126201719,NO ALERT,channel_42,1.5457838,USER-SUPPLIED TELEMETRY — origin not verified,False,False
2013-09-30 22:42:00+00:00,-0.47897884,7.818993126201719,NO ALERT,channel_45,1.324552,USER-SUPPLIED TELEMETRY — origin not verified,False,False
2013-09-30 22:43:00+00:00,-1.0806319,7.818993126201719,NO ALERT,channel_45,1.3043885,USER-SUPPLIED TELEMETRY — origin not verified,False,False
2013-09-30 22:44:00+00:00,-0.33536115,7.818993126201719,NO ALERT,channel_45,1.4374125,USER-SUPPLIED TELEMETRY — origin not verified,False,False
2013-09-30 22:45:00+00:00,-0.13618933,7.818993126201719,NO ALERT,channel_42,1.0260457,USER-SUPPLIED TELEMETRY — origin not verified,False,False
2013-09-30 22:46:00+00:00,-0.28223065,7.818993126201719,NO ALERT,channel_45,2.010456,USER-SUPPLIED TELEMETRY — origin not verified,False,False
2013-09-30 22:47:00+00:00,-0.077635154,7.818993126201719,NO ALERT,channel_46,1.5117623,USER-SUPPLIED TELEMETRY — origin not verified,False,False
2013-09-30 22:48:00+00:00,-1.8884212,7.818993126201719,NO ALERT,channel_46,1.4719465,USER-SUPPLIED TELEMETRY — origin not verified,False,False
2013-09-30 22:49:00+00:00,-0.54253185,7.818993126201719,NO ALERT,channel_46,1.3636898,USER-SUPPLIED TELEMETRY — origin not verified,False,False
2013-09-30 22:50:00+00:00,-1.3643378,7.818993126201719,NO ALERT,channel_43,1.3738083,USER-SUPPLIED TELEMETRY — origin not verified,False,False
2013-09-30 22:51:00+00:00,-0.7810681,7.818993126201719,NO ALERT,channel_46,1.6946403,USER-SUPPLIED TELEMETRY — origin not verified,False,False
2013-09-30 22:52:00+00:00,0.023229022,7.818993126201719,NO ALERT,channel_41,1.3841434,USER-SUPPLIED TELEMETRY — origin not verified,False,False
2013-09-30 22:53:00+00:00,-0.4955168,7.818993126201719,NO ALERT,channel_46,1.8920698,USER-SUPPLIED TELEMETRY — origin not verified,False,False
2013-09-30 22:54:00+00:00,0.6419238,7.818993126201719,NO ALERT,channel_41,1.30847,USER-SUPPLIED TELEMETRY — origin not verified,False,False
2013-09-30 22:55:00+00:00,-0.8491087,7.818993126201719,NO ALERT,channel_46,1.2752119,USER-SUPPLIED TELEMETRY — origin not verified,False,False
2013-09-30 22:56:00+00:00,-0.7038456,7.818993126201719,NO ALERT,channel_46,1.2730926,USER-SUPPLIED TELEMETRY — origin not verified,False,False
2013-09-30 22:57:00+00:00,-0.6542341,7.818993126201719,NO ALERT,channel_44,1.9877058,USER-SUPPLIED TELEMETRY — origin not verified,False,False
2013-09-30 22:58:00+00:00,0.15665638,7.818993126201719,NO ALERT,channel_41,1.7630439,USER-SUPPLIED TELEMETRY — origin not verified,False,False
2013-09-30 22:59:00+00:00,-0.17343478,7.818993126201719,NO ALERT,channel_46,1.3131282,USER-SUPPLIED TELEMETRY — origin not verified,False,False
2013-09-30 23:00:00+00:00,-1.0327995,7.818993126201719,NO ALERT,channel_42,1.7400615,USER-SUPPLIED TELEMETRY — origin not verified,False,False
2013-09-30 23:01:00+00:00,-0.010616522,7.818993126201719,NO ALERT,channel_42,1.7197689,USER-SUPPLIED TELEMETRY — origin not verified,False,False
2013-09-30 23:02:00+00:00,-0.6815786,7.818993126201719,NO ALERT,channel_42,1.2348175,USER-SUPPLIED TELEMETRY — origin not verified,False,False
2013-09-30 23:03:00+00:00,-0.6663972,7.818993126201719,NO ALERT,channel_42,1.5348135,USER-SUPPLIED TELEMETRY — origin not verified,False,False
2013-09-30 23:04:00+00:00,-1.5287609,7.818993126201719,NO ALERT,channel_42,1.6103184,USER-SUPPLIED TELEMETRY — origin not verified,False,False
2013-09-30 23:05:00+00:00,-1.2906388,7.818993126201719,NO ALERT,channel_42,1.4783398,USER-SUPPLIED TELEMETRY — origin not verified,False,False
2013-09-30 23:06:00+00:00,-0.32138363,7.818993126201719,NO ALERT,channel_42,1.468307,USER-SUPPLIED TELEMETRY — origin not verified,False,False
2013-09-30 23:07:00+00:00,-0.6454319,7.818993126201719,NO ALERT,channel_42,1.6581206,USER-SUPPLIED TELEMETRY — origin not verified,False,False
2013-09-30 23:08:00+00:00,0.72375417,7.818993126201719,NO ALERT,channel_45,2.386393,USER-SUPPLIED TELEMETRY — origin not verified,False,False
2013-09-30 23:09:00+00:00,-0.61729574,7.818993126201719,NO ALERT,channel_46,1.7221421,USER-SUPPLIED TELEMETRY — origin not verified,False,False
2013-09-30 23:10:00+00:00,-0.45635083,7.818993126201719,NO ALERT,channel_46,2.152912,USER-SUPPLIED TELEMETRY — origin not verified,False,False
2013-09-30 23:11:00+00:00,-1.4905776,7.818993126201719,NO ALERT,channel_46,2.127106,USER-SUPPLIED TELEMETRY — origin not verified,False,False
2013-09-30 23:12:00+00:00,-0.5276987,7.818993126201719,NO ALERT,channel_42,1.568693,USER-SUPPLIED TELEMETRY — origin not verified,False,False
2013-09-30 23:13:00+00:00,-1.1522919,7.818993126201719,NO ALERT,channel_43,1.217856,USER-SUPPLIED TELEMETRY — origin not verified,False,False
2013-09-30 23:14:00+00:00,-1.25168,7.818993126201719,NO ALERT,channel_46,1.2331742,USER-SUPPLIED TELEMETRY — origin not verified,False,False
2013-09-30 23:15:00+00:00,-1.1784256,7.818993126201719,NO ALERT,channel_43,1.3312091,USER-SUPPLIED TELEMETRY — origin not verified,False,False
2013-09-30 23:16:00+00:00,-1.1078808,7.818993126201719,NO ALERT,channel_46,1.3174134,USER-SUPPLIED TELEMETRY — origin not verified,False,False
2013-09-30 23:17:00+00:00,-0.9936354,7.818993126201719,NO ALERT,channel_46,2.1633744,USER-SUPPLIED TELEMETRY — origin not verified,False,False
2013-09-30 23:18:00+00:00,-0.8110621,7.818993126201719,NO ALERT,channel_43,1.5727965,USER-SUPPLIED TELEMETRY — origin not verified,False,False
2013-09-30 23:19:00+00:00,-0.907143,7.818993126201719,NO ALERT,channel_41,1.3343518,USER-SUPPLIED TELEMETRY — origin not verified,False,False
2013-09-30 23:20:00+00:00,-1.2024182,7.818993126201719,NO ALERT,channel_46,2.0146215,USER-SUPPLIED TELEMETRY — origin not verified,False,False
2013-09-30 23:21:00+00:00,-0.5691954,7.818993126201719,NO ALERT,channel_41,1.5880404,USER-SUPPLIED TELEMETRY — origin not verified,False,False
2013-09-30 23:22:00+00:00,-1.5973153,7.818993126201719,NO ALERT,channel_44,1.939528,USER-SUPPLIED TELEMETRY — origin not verified,False,False
2013-09-30 23:23:00+00:00,-1.1878129,7.818993126201719,NO ALERT,channel_42,1.7017643,USER-SUPPLIED TELEMETRY — origin not verified,False,False
2013-09-30 23:24:00+00:00,-0.6276066,7.818993126201719,NO ALERT,channel_41,1.642092,USER-SUPPLIED TELEMETRY — origin not verified,False,False
2013-09-30 23:25:00+00:00,-0.7295399,7.818993126201719,NO ALERT,channel_44,1.8804233,USER-SUPPLIED TELEMETRY — origin not verified,False,False
2013-09-30 23:26:00+00:00,-0.941627,7.818993126201719,NO ALERT,channel_41,0.97354037,USER-SUPPLIED TELEMETRY — origin not verified,False,False
2013-09-30 23:27:00+00:00,-0.7061602,7.818993126201719,NO ALERT,channel_42,1.3631326,USER-SUPPLIED TELEMETRY — origin not verified,False,False
2013-09-30 23:28:00+00:00,-0.50176555,7.818993126201719,NO ALERT,channel_44,2.5514603,USER-SUPPLIED TELEMETRY — origin not verified,False,False
2013-09-30 23:29:00+00:00,-1.339672,7.818993126201719,NO ALERT,channel_45,1.2727822,USER-SUPPLIED TELEMETRY — origin not verified,False,False
2013-09-30 23:30:00+00:00,-0.3016698,7.818993126201719,NO ALERT,channel_42,1.7462361,USER-SUPPLIED TELEMETRY — origin not verified,False,False
2013-09-30 23:31:00+00:00,-1.1769713,7.818993126201719,NO ALERT,channel_42,1.625892,USER-SUPPLIED TELEMETRY — origin not verified,False,False
2013-09-30 23:32:00+00:00,0.015949506,7.818993126201719,NO ALERT,channel_41,1.2671589,USER-SUPPLIED TELEMETRY — origin not verified,False,False
2013-09-30 23:33:00+00:00,-1.074092,7.818993126201719,NO ALERT,channel_45,2.0714817,USER-SUPPLIED TELEMETRY — origin not verified,False,False
2013-09-30 23:34:00+00:00,-0.45162725,7.818993126201719,NO ALERT,channel_46,1.4702172,USER-SUPPLIED TELEMETRY — origin not verified,False,False
2013-09-30 23:35:00+00:00,-1.0122473,7.818993126201719,NO ALERT,channel_45,1.2962197,USER-SUPPLIED TELEMETRY — origin not verified,False,False
2013-09-30 23:36:00+00:00,-0.13489299,7.818993126201719,NO ALERT,channel_46,1.29804,USER-SUPPLIED TELEMETRY — origin not verified,False,False
2013-09-30 23:37:00+00:00,-0.91437554,7.818993126201719,NO ALERT,channel_46,1.7520163,USER-SUPPLIED TELEMETRY — origin not verified,False,False
2013-09-30 23:38:00+00:00,-0.25035822,7.818993126201719,NO ALERT,channel_46,1.593008,USER-SUPPLIED TELEMETRY — origin not verified,False,False
2013-09-30 23:39:00+00:00,-0.89963245,7.818993126201719,NO ALERT,channel_43,1.1083472,USER-SUPPLIED TELEMETRY — origin not verified,False,False
2013-09-30 23:40:00+00:00,-0.8079151,7.818993126201719,NO ALERT,channel_44,1.3213079,USER-SUPPLIED TELEMETRY — origin not verified,False,False
2013-09-30 23:41:00+00:00,-0.7269478,7.818993126201719,NO ALERT,channel_46,1.2900184,USER-SUPPLIED TELEMETRY — origin not verified,False,False
2013-09-30 23:42:00+00:00,-1.3261969,7.818993126201719,NO ALERT,channel_46,1.6341648,USER-SUPPLIED TELEMETRY — origin not verified,False,False
2013-09-30 23:43:00+00:00,-1.4873704,7.818993126201719,NO ALERT,channel_43,1.6493207,USER-SUPPLIED TELEMETRY — origin not verified,False,False
2013-09-30 23:44:00+00:00,-0.5210592,7.818993126201719,NO ALERT,channel_43,1.0045111,USER-SUPPLIED TELEMETRY — origin not verified,False,False
2013-09-30 23:45:00+00:00,-0.87800705,7.818993126201719,NO ALERT,channel_43,1.0045215,USER-SUPPLIED TELEMETRY — origin not verified,False,False
2013-09-30 23:46:00+00:00,-0.5034557,7.818993126201719,NO ALERT,channel_44,1.4095806,USER-SUPPLIED TELEMETRY — origin not verified,False,False
2013-09-30 23:47:00+00:00,-0.10136621,7.818993126201719,NO ALERT,channel_46,1.6074727,USER-SUPPLIED TELEMETRY — origin not verified,False,False
2013-09-30 23:48:00+00:00,-0.506375,7.818993126201719,NO ALERT,channel_41,1.3192503,USER-SUPPLIED TELEMETRY — origin not verified,False,False
2013-09-30 23:49:00+00:00,-0.5125503,7.818993126201719,NO ALERT,channel_44,1.3626457,USER-SUPPLIED TELEMETRY — origin not verified,False,False
2013-09-30 23:50:00+00:00,-1.1535966,7.818993126201719,NO ALERT,channel_42,0.8747114,USER-SUPPLIED TELEMETRY — origin not verified,False,False
2013-09-30 23:51:00+00:00,-0.38986394,7.818993126201719,NO ALERT,channel_45,1.3293468,USER-SUPPLIED TELEMETRY — origin not verified,False,False
2013-09-30 23:52:00+00:00,-0.95041245,7.818993126201719,NO ALERT,channel_42,1.2739036,USER-SUPPLIED TELEMETRY — origin not verified,False,False
2013-09-30 23:53:00+00:00,-1.1001087,7.818993126201719,NO ALERT,channel_46,1.397852,USER-SUPPLIED TELEMETRY — origin not verified,False,False
2013-09-30 23:54:00+00:00,-0.7330454,7.818993126201719,NO ALERT,channel_45,1.2505507,USER-SUPPLIED TELEMETRY — origin not verified,False,False
2013-09-30 23:55:00+00:00,-0.50775576,7.818993126201719,NO ALERT,channel_42,1.4480772,USER-SUPPLIED TELEMETRY — origin not verified,False,False
2013-09-30 23:56:00+00:00,-1.4405204,7.818993126201719,NO ALERT,channel_45,1.2082647,USER-SUPPLIED TELEMETRY — origin not verified,False,False
2013-09-30 23:57:00+00:00,-0.8334662,7.818993126201719,NO ALERT,channel_41,1.1275268,USER-SUPPLIED TELEMETRY — origin not verified,False,False
2013-09-30 23:58:00+00:00,-0.82445365,7.818993126201719,NO ALERT,channel_45,1.6202993,USER-SUPPLIED TELEMETRY — origin not verified,False,False
2013-09-30 23:59:00+00:00,-0.90104353,7.818993126201719,NO ALERT,channel_46,1.9821876,USER-SUPPLIED TELEMETRY — origin not verified,False,False
2013-10-01 00:00:00+00:00,-1.3275787,7.818993126201719,NO ALERT,channel_45,1.428446,USER-SUPPLIED TELEMETRY — origin not verified,False,False
2013-10-01 00:01:00+00:00,-0.37478724,7.818993126201719,NO ALERT,channel_45,1.1244526,USER-SUPPLIED TELEMETRY — origin not verified,False,False
2013-10-01 00:02:00+00:00,-1.1791846,7.818993126201719,NO ALERT,channel_46,1.3232801,USER-SUPPLIED TELEMETRY — origin not verified,False,False
2013-10-01 00:03:00+00:00,-0.5976149,7.818993126201719,NO ALERT,channel_45,1.116099,USER-SUPPLIED TELEMETRY — origin not verified,False,False
2013-10-01 00:04:00+00:00,-0.9075719,7.818993126201719,NO ALERT,channel_45,1.1232752,USER-SUPPLIED TELEMETRY — origin not verified,False,False
2013-10-01 00:05:00+00:00,-0.4310979,7.818993126201719,NO ALERT,channel_42,1.0785506,USER-SUPPLIED TELEMETRY — origin not verified,False,False
2013-10-01 00:06:00+00:00,-1.1139854,7.818993126201719,NO ALERT,channel_46,1.2869867,USER-SUPPLIED TELEMETRY — origin not verified,False,False
2013-10-01 00:07:00+00:00,-1.4649986,7.818993126201719,NO ALERT,channel_43,1.1966896,USER-SUPPLIED TELEMETRY — origin not verified,False,False
2013-10-01 00:08:00+00:00,-0.41741273,7.818993126201719,NO ALERT,channel_43,1.6543772,USER-SUPPLIED TELEMETRY — origin not verified,False,False
2013-10-01 00:09:00+00:00,-1.7604325,7.818993126201719,NO ALERT,channel_46,1.6519976,USER-SUPPLIED TELEMETRY — origin not verified,False,False
2013-10-01 00:10:00+00:00,-1.2970266,7.818993126201719,NO ALERT,channel_46,1.768387,USER-SUPPLIED TELEMETRY — origin not verified,False,False
2013-10-01 00:11:00+00:00,-1.3700396,7.818993126201719,NO ALERT,channel_44,1.3154969,USER-SUPPLIED TELEMETRY — origin not verified,False,False
2013-10-01 00:12:00+00:00,-1.2841002,7.818993126201719,NO ALERT,channel_44,1.2845932,USER-SUPPLIED TELEMETRY — origin not verified,False,False
2013-10-01 00:13:00+00:00,-2.4583645,7.818993126201719,NO ALERT,channel_46,1.6605163,USER-SUPPLIED TELEMETRY — origin not verified,False,False
2013-10-01 00:14:00+00:00,-0.36164406,7.818993126201719,NO ALERT,channel_41,1.3225799,USER-SUPPLIED TELEMETRY — origin not verified,False,False
2013-10-01 00:15:00+00:00,-1.1829537,7.818993126201719,NO ALERT,channel_41,1.4509146,USER-SUPPLIED TELEMETRY — origin not verified,False,False
2013-10-01 00:16:00+00:00,-0.69107765,7.818993126201719,NO ALERT,channel_45,1.1751366,USER-SUPPLIED TELEMETRY — origin not verified,False,False
2013-10-01 00:17:00+00:00,-0.7349585,7.818993126201719,NO ALERT,channel_42,1.3766352,USER-SUPPLIED TELEMETRY — origin not verified,False,False
2013-10-01 00:18:00+00:00,-1.8835893,7.818993126201719,NO ALERT,channel_41,1.692407,USER-SUPPLIED TELEMETRY — origin not verified,False,False
2013-10-01 00:19:00+00:00,-0.07519983,7.818993126201719,NO ALERT,channel_45,1.540585,USER-SUPPLIED TELEMETRY — origin not verified,False,False
2013-10-01 00:20:00+00:00,-1.5889007,7.818993126201719,NO ALERT,channel_44,1.3698112,USER-SUPPLIED TELEMETRY — origin not verified,False,False
2013-10-01 00:21:00+00:00,-1.3950863,7.818993126201719,NO ALERT,channel_45,1.3357993,USER-SUPPLIED TELEMETRY — origin not verified,False,False
2013-10-01 00:22:00+00:00,-0.6866398,7.818993126201719,NO ALERT,channel_45,1.1617074,USER-SUPPLIED TELEMETRY — origin not verified,False,False
2013-10-01 00:23:00+00:00,-1.384376,7.818993126201719,NO ALERT,channel_42,1.4018967,USER-SUPPLIED TELEMETRY — origin not verified,False,False
2013-10-01 00:24:00+00:00,-0.5971564,7.818993126201719,NO ALERT,channel_46,1.452755,USER-SUPPLIED TELEMETRY — origin not verified,False,False
2013-10-01 00:25:00+00:00,-0.79807746,7.818993126201719,NO ALERT,channel_42,1.4866906,USER-SUPPLIED TELEMETRY — origin not verified,False,False
2013-10-01 00:26:00+00:00,-1.9546329,7.818993126201719,NO ALERT,channel_42,1.0489949,USER-SUPPLIED TELEMETRY — origin not verified,False,False
2013-10-01 00:27:00+00:00,-0.8221512,7.818993126201719,NO ALERT,channel_45,1.3954868,USER-SUPPLIED TELEMETRY — origin not verified,False,False
2013-10-01 00:28:00+00:00,-0.5153615,7.818993126201719,NO ALERT,channel_46,1.7371528,USER-SUPPLIED TELEMETRY — origin not verified,False,False
2013-10-01 00:29:00+00:00,-1.1792582,7.818993126201719,NO ALERT,channel_43,1.4597602,USER-SUPPLIED TELEMETRY — origin not verified,False,False
2013-10-01 00:30:00+00:00,-1.3104867,7.818993126201719,NO ALERT,channel_46,1.4058956,USER-SUPPLIED TELEMETRY — origin not verified,False,False
2013-10-01 00:31:00+00:00,-0.54150337,7.818993126201719,NO ALERT,channel_44,1.2372465,USER-SUPPLIED TELEMETRY — origin not verified,False,False
2013-10-01 00:32:00+00:00,-1.4627668,7.818993126201719,NO ALERT,channel_44,1.3360531,USER-SUPPLIED TELEMETRY — origin not verified,False,False
2013-10-01 00:33:00+00:00,-0.19914423,7.818993126201719,NO ALERT,channel_41,1.3995732,USER-SUPPLIED TELEMETRY — origin not verified,False,False
2013-10-01 00:34:00+00:00,-0.553218,7.818993126201719,NO ALERT,channel_44,1.5458994,USER-SUPPLIED TELEMETRY — origin not verified,False,False
2013-10-01 00:35:00+00:00,-0.43059933,7.818993126201719,NO ALERT,channel_44,1.4033403,USER-SUPPLIED TELEMETRY — origin not verified,False,False
2013-10-01 00:36:00+00:00,-0.90444267,7.818993126201719,NO ALERT,channel_41,1.4681462,USER-SUPPLIED TELEMETRY — origin not verified,False,False
2013-10-01 00:37:00+00:00,-0.51929283,7.818993126201719,NO ALERT,channel_44,1.7614816,USER-SUPPLIED TELEMETRY — origin not verified,False,False
2013-10-01 00:38:00+00:00,-1.0444771,7.818993126201719,NO ALERT,channel_41,2.0007331,USER-SUPPLIED TELEMETRY — origin not verified,False,False
2013-10-01 00:39:00+00:00,-0.8022362,7.818993126201719,NO ALERT,channel_44,2.0000584,USER-SUPPLIED TELEMETRY — origin not verified,False,False
2013-10-01 00:40:00+00:00,-0.70904416,7.818993126201719,NO ALERT,channel_44,1.7155224,USER-SUPPLIED TELEMETRY — origin not verified,False,False
2013-10-01 00:41:00+00:00,-1.0663296,7.818993126201719,NO ALERT,channel_42,1.3429029,USER-SUPPLIED TELEMETRY — origin not verified,False,False
2013-10-01 00:42:00+00:00,-1.5198926,7.818993126201719,NO ALERT,channel_45,1.4702901,USER-SUPPLIED TELEMETRY — origin not verified,False,False
2013-10-01 00:43:00+00:00,-1.326496,7.818993126201719,NO ALERT,channel_42,1.5141118,USER-SUPPLIED TELEMETRY — origin not verified,False,False
2013-10-01 00:44:00+00:00,-1.3204899,7.818993126201719,NO ALERT,channel_42,1.2627115,USER-SUPPLIED TELEMETRY — origin not verified,False,False
2013-10-01 00:45:00+00:00,-1.2684927,7.818993126201719,NO ALERT,channel_45,1.3860066,USER-SUPPLIED TELEMETRY — origin not verified,False,False
2013-10-01 00:46:00+00:00,-0.7035051,7.818993126201719,NO ALERT,channel_46,1.8874015,USER-SUPPLIED TELEMETRY — origin not verified,False,False
2013-10-01 00:47:00+00:00,-1.2957655,7.818993126201719,NO ALERT,channel_46,2.5712972,USER-SUPPLIED TELEMETRY — origin not verified,False,False
2013-10-01 00:48:00+00:00,-0.68288016,7.818993126201719,NO ALERT,channel_42,1.7325664,USER-SUPPLIED TELEMETRY — origin not verified,False,False
2013-10-01 00:49:00+00:00,-0.3931492,7.818993126201719,NO ALERT,channel_42,1.2686428,USER-SUPPLIED TELEMETRY — origin not verified,False,False
2013-10-01 00:50:00+00:00,-1.2941812,7.818993126201719,NO ALERT,channel_42,1.5935591,USER-SUPPLIED TELEMETRY — origin not verified,False,False
2013-10-01 00:51:00+00:00,-1.6022245,7.818993126201719,NO ALERT,channel_46,1.4798577,USER-SUPPLIED TELEMETRY — origin not verified,False,False
2013-10-01 00:52:00+00:00,-0.62843776,7.818993126201719,NO ALERT,channel_46,1.9258276,USER-SUPPLIED TELEMETRY — origin not verified,False,False
2013-10-01 00:53:00+00:00,-1.190268,7.818993126201719,NO ALERT,channel_43,1.5239418,USER-SUPPLIED TELEMETRY — origin not verified,False,False
2013-10-01 00:54:00+00:00,-0.85813564,7.818993126201719,NO ALERT,channel_43,1.491207,USER-SUPPLIED TELEMETRY — origin not verified,False,False
2013-10-01 00:55:00+00:00,-1.7678331,7.818993126201719,NO ALERT,channel_46,1.8574685,USER-SUPPLIED TELEMETRY — origin not verified,False,False
2013-10-01 00:56:00+00:00,-2.1091108,7.818993126201719,NO ALERT,channel_46,2.4275002,USER-SUPPLIED TELEMETRY — origin not verified,False,False
2013-10-01 00:57:00+00:00,-0.1384552,7.818993126201719,NO ALERT,channel_43,1.4171934,USER-SUPPLIED TELEMETRY — origin not verified,False,False
2013-10-01 00:58:00+00:00,-0.034602787,7.818993126201719,NO ALERT,channel_44,1.826156,USER-SUPPLIED TELEMETRY — origin not verified,False,False
2013-10-01 00:59:00+00:00,-0.94749206,7.818993126201719,NO ALERT,channel_44,1.2763537,USER-SUPPLIED TELEMETRY — origin not verified,False,False
2013-10-01 01:00:00+00:00,-1.310119,7.818993126201719,NO ALERT,channel_41,1.5052713,USER-SUPPLIED TELEMETRY — origin not verified,False,False
2013-10-01 01:01:00+00:00,0.4054412,7.818993126201719,NO ALERT,channel_41,1.3229153,USER-SUPPLIED TELEMETRY — origin not verified,False,False
2013-10-01 01:02:00+00:00,-0.7595978,7.818993126201719,NO ALERT,channel_41,1.6105098,USER-SUPPLIED TELEMETRY — origin not verified,False,False
2013-10-01 01:03:00+00:00,-0.62044585,7.818993126201719,NO ALERT,channel_41,1.4200919,USER-SUPPLIED TELEMETRY — origin not verified,False,False
2013-10-01 01:04:00+00:00,-0.25457492,7.818993126201719,NO ALERT,channel_42,1.646634,USER-SUPPLIED TELEMETRY — origin not verified,False,False
2013-10-01 01:05:00+00:00,-0.36947122,7.818993126201719,NO ALERT,channel_42,1.382375,USER-SUPPLIED TELEMETRY — origin not verified,False,False
2013-10-01 01:06:00+00:00,-0.42760238,7.818993126201719,NO ALERT,channel_44,1.6549824,USER-SUPPLIED TELEMETRY — origin not verified,False,False
2013-10-01 01:07:00+00:00,-0.5526639,7.818993126201719,NO ALERT,channel_45,1.5325776,USER-SUPPLIED TELEMETRY — origin not verified,False,False
2013-10-01 01:08:00+00:00,-1.1470579,7.818993126201719,NO ALERT,channel_41,1.6158458,USER-SUPPLIED TELEMETRY — origin not verified,False,False
2013-10-01 01:09:00+00:00,-0.9456456,7.818993126201719,NO ALERT,channel_45,1.4730233,USER-SUPPLIED TELEMETRY — origin not verified,False,False
2013-10-01 01:10:00+00:00,-0.39450678,7.818993126201719,NO ALERT,channel_45,2.0354729,USER-SUPPLIED TELEMETRY — origin not verified,False,False
2013-10-01 01:11:00+00:00,-0.1550754,7.818993126201719,NO ALERT,channel_45,1.5442104,USER-SUPPLIED TELEMETRY — origin not verified,False,False
2013-10-01 01:12:00+00:00,-0.91449016,7.818993126201719,NO ALERT,channel_45,1.5287708,USER-SUPPLIED TELEMETRY — origin not verified,False,False
2013-10-01 01:13:00+00:00,-0.8418342,7.818993126201719,NO ALERT,channel_46,1.259062,USER-SUPPLIED TELEMETRY — origin not verified,False,False
2013-10-01 01:14:00+00:00,41.21242,7.818993126201719,ALERT ACTIVE,channel_43,100.0,USER-SUPPLIED TELEMETRY — origin not verified,True,True
2013-10-01 01:15:00+00:00,1.4459093,7.818993126201719,NO ALERT,channel_42,1.397967,USER-SUPPLIED TELEMETRY — origin not verified,False,False
2013-10-01 01:16:00+00:00,2.8390844,7.818993126201719,NO ALERT,channel_42,1.3077672,USER-SUPPLIED TELEMETRY — origin not verified,False,False
2013-10-01 01:17:00+00:00,4.4330935,7.818993126201719,NO ALERT,channel_42,1.304276,USER-SUPPLIED TELEMETRY — origin not verified,False,False
2013-10-01 01:18:00+00:00,4.615819,7.818993126201719,NO ALERT,channel_46,1.9728631,USER-SUPPLIED TELEMETRY — origin not verified,False,False
2013-10-01 01:19:00+00:00,2.5859272,7.818993126201719,NO ALERT,channel_44,1.0479175,USER-SUPPLIED TELEMETRY — origin not verified,False,False
2013-10-01 01:20:00+00:00,4.5399065,7.818993126201719,NO ALERT,channel_44,1.6762536,USER-SUPPLIED TELEMETRY — origin not verified,False,False
2013-10-01 01:21:00+00:00,2.003399,7.818993126201719,NO ALERT,channel_44,1.4138039,USER-SUPPLIED TELEMETRY — origin not verified,False,False
2013-10-01 01:22:00+00:00,3.3923142,7.818993126201719,NO ALERT,channel_44,1.2853292,USER-SUPPLIED TELEMETRY — origin not verified,False,False
2013-10-01 01:23:00+00:00,3.4895084,7.818993126201719,NO ALERT,channel_41,1.3111277,USER-SUPPLIED TELEMETRY — origin not verified,False,False
2013-10-01 01:24:00+00:00,1.9705151,7.818993126201719,NO ALERT,channel_44,1.4606262,USER-SUPPLIED TELEMETRY — origin not verified,False,False
2013-10-01 01:25:00+00:00,3.2010355,7.818993126201719,NO ALERT,channel_44,1.5467983,USER-SUPPLIED TELEMETRY — origin not verified,False,False
2013-10-01 01:26:00+00:00,3.741806,7.818993126201719,NO ALERT,channel_41,1.3680648,USER-SUPPLIED TELEMETRY — origin not verified,False,False
2013-10-01 01:27:00+00:00,3.0778904,7.818993126201719,NO ALERT,channel_41,1.4738399,USER-SUPPLIED TELEMETRY — origin not verified,False,False
2013-10-01 01:28:00+00:00,4.3147936,7.818993126201719,NO ALERT,channel_41,1.4526522,USER-SUPPLIED TELEMETRY — origin not verified,False,False
2013-10-01 01:29:00+00:00,3.1605852,7.818993126201719,NO ALERT,channel_44,1.5009953,USER-SUPPLIED TELEMETRY — origin not verified,False,False
2013-10-01 01:30:00+00:00,3.2266314,7.818993126201719,NO ALERT,channel_44,1.1570065,USER-SUPPLIED TELEMETRY — origin not verified,False,False
2013-10-01 01:31:00+00:00,3.2849157,7.818993126201719,NO ALERT,channel_42,1.3238983,USER-SUPPLIED TELEMETRY — origin not verified,False,False
2013-10-01 01:32:00+00:00,4.045941,7.818993126201719,NO ALERT,channel_42,1.5904341,USER-SUPPLIED TELEMETRY — origin not verified,False,False
2013-10-01 01:33:00+00:00,3.0539668,7.818993126201719,NO ALERT,channel_42,1.7485675,USER-SUPPLIED TELEMETRY — origin not verified,False,False
2013-10-01 01:34:00+00:00,3.7395766,7.818993126201719,NO ALERT,channel_46,1.5977243,USER-SUPPLIED TELEMETRY — origin not verified,False,False
2013-10-01 01:35:00+00:00,4.401153,7.818993126201719,NO ALERT,channel_41,1.1875567,USER-SUPPLIED TELEMETRY — origin not verified,False,False
2013-10-01 01:36:00+00:00,2.707017,7.818993126201719,NO ALERT,channel_46,1.1508777,USER-SUPPLIED TELEMETRY — origin not verified,False,False
2013-10-01 01:37:00+00:00,4.537497,7.818993126201719,NO ALERT,channel_46,1.0279443,USER-SUPPLIED TELEMETRY — origin not verified,False,False
2013-10-01 01:38:00+00:00,3.6046631,7.818993126201719,NO ALERT,channel_45,1.6058452,USER-SUPPLIED TELEMETRY — origin not verified,False,False
2013-10-01 01:39:00+00:00,5.3613343,7.818993126201719,NO ALERT,channel_46,1.3890458,USER-SUPPLIED TELEMETRY — origin not verified,False,False
2013-10-01 01:40:00+00:00,4.373437,7.818993126201719,NO ALERT,channel_46,1.3796623,USER-SUPPLIED TELEMETRY — origin not verified,False,False
2013-10-01 01:41:00+00:00,3.4981391,7.818993126201719,NO ALERT,channel_46,1.0549276,USER-SUPPLIED TELEMETRY — origin not verified,False,False
2013-10-01 01:42:00+00:00,4.077974,7.818993126201719,NO ALERT,channel_46,1.3472947,USER-SUPPLIED TELEMETRY — origin not verified,False,False
2013-10-01 01:43:00+00:00,2.1833525,7.818993126201719,NO ALERT,channel_46,1.5227231,USER-SUPPLIED TELEMETRY — origin not verified,False,False
2013-10-01 01:44:00+00:00,3.7686982,7.818993126201719,NO ALERT,channel_46,1.3145334,USER-SUPPLIED TELEMETRY — origin not verified,False,False
2013-10-01 01:45:00+00:00,3.2946362,7.818993126201719,NO ALERT,channel_46,1.3038067,USER-SUPPLIED TELEMETRY — origin not verified,False,False
2013-10-01 01:46:00+00:00,4.7887177,7.818993126201719,NO ALERT,channel_46,0.9965533,USER-SUPPLIED TELEMETRY — origin not verified,False,False
2013-10-01 01:47:00+00:00,3.4609811,7.818993126201719,NO ALERT,channel_42,1.1863716,USER-SUPPLIED TELEMETRY — origin not verified,False,False
2013-10-01 01:48:00+00:00,4.2053423,7.818993126201719,NO ALERT,channel_44,1.9329046,USER-SUPPLIED TELEMETRY — origin not verified,False,False
2013-10-01 01:49:00+00:00,3.4541268,7.818993126201719,NO ALERT,channel_42,0.9133213,USER-SUPPLIED TELEMETRY — origin not verified,False,False
2013-10-01 01:50:00+00:00,3.3404922,7.818993126201719,NO ALERT,channel_42,1.2858171,USER-SUPPLIED TELEMETRY — origin not verified,False,False
2013-10-01 01:51:00+00:00,3.1330185,7.818993126201719,NO ALERT,channel_42,1.4423984,USER-SUPPLIED TELEMETRY — origin not verified,False,False
2013-10-01 01:52:00+00:00,4.5412607,7.818993126201719,NO ALERT,channel_42,1.7077826,USER-SUPPLIED TELEMETRY — origin not verified,False,False
2013-10-01 01:53:00+00:00,4.1342,7.818993126201719,NO ALERT,channel_42,1.7755677,USER-SUPPLIED TELEMETRY — origin not verified,False,False
2013-10-01 01:54:00+00:00,6.2679133,7.818993126201719,NO ALERT,channel_42,1.4454786,USER-SUPPLIED TELEMETRY — origin not verified,False,False
2013-10-01 01:55:00+00:00,2.5173595,7.818993126201719,NO ALERT,channel_42,1.6129745,USER-SUPPLIED TELEMETRY — origin not verified,False,False
2013-10-01 01:56:00+00:00,3.6091282,7.818993126201719,NO ALERT,channel_42,1.6864887,USER-SUPPLIED TELEMETRY — origin not verified,False,False
2013-10-01 01:57:00+00:00,5.2754054,7.818993126201719,NO ALERT,channel_45,1.4494507,USER-SUPPLIED TELEMETRY — origin not verified,False,False
2013-10-01 01:58:00+00:00,5.309867,7.818993126201719,NO ALERT,channel_45,1.7859862,USER-SUPPLIED TELEMETRY — origin not verified,False,False
2013-10-01 01:59:00+00:00,3.69124,7.818993126201719,NO ALERT,channel_45,1.1596345,USER-SUPPLIED TELEMETRY — origin not verified,False,False
2013-10-01 02:00:00+00:00,3.9604251,7.818993126201719,NO ALERT,channel_45,1.3937689,USER-SUPPLIED TELEMETRY — origin not verified,False,False
2013-10-01 02:01:00+00:00,5.0094814,7.818993126201719,NO ALERT,channel_45,1.497401,USER-SUPPLIED TELEMETRY — origin not verified,False,False
2013-10-01 02:02:00+00:00,2.5045621,7.818993126201719,NO ALERT,channel_45,1.6065146,USER-SUPPLIED TELEMETRY — origin not verified,False,False
2013-10-01 02:03:00+00:00,4.064734,7.818993126201719,NO ALERT,channel_42,1.2720666,USER-SUPPLIED TELEMETRY — origin not verified,False,False
2013-10-01 02:04:00+00:00,4.9426374,7.818993126201719,NO ALERT,channel_45,1.225275,USER-SUPPLIED TELEMETRY — origin not verified,False,False
2013-10-01 02:05:00+00:00,3.1585824,7.818993126201719,NO ALERT,channel_45,1.4585907,USER-SUPPLIED TELEMETRY — origin not verified,False,False
2013-10-01 02:06:00+00:00,3.385913,7.818993126201719,NO ALERT,channel_44,1.2564998,USER-SUPPLIED TELEMETRY — origin not verified,False,False
2013-10-01 02:07:00+00:00,3.6046023,7.818993126201719,NO ALERT,channel_45,1.2097445,USER-SUPPLIED TELEMETRY — origin not verified,False,False
2013-10-01 02:08:00+00:00,5.022317,7.818993126201719,NO ALERT,channel_46,2.0918553,USER-SUPPLIED TELEMETRY — origin not verified,False,False
2013-10-01 02:09:00+00:00,2.8504167,7.818993126201719,NO ALERT,channel_44,1.4034472,USER-SUPPLIED TELEMETRY — origin not verified,False,False
2013-10-01 02:10:00+00:00,4.843075,7.818993126201719,NO ALERT,channel_44,1.5911086,USER-SUPPLIED TELEMETRY — origin not verified,False,False
2013-10-01 02:11:00+00:00,3.8576624,7.818993126201719,NO ALERT,channel_44,1.8844771,USER-SUPPLIED TELEMETRY — origin not verified,False,False
2013-10-01 02:12:00+00:00,5.159237,7.818993126201719,NO ALERT,channel_44,1.6516049,USER-SUPPLIED TELEMETRY — origin not verified,False,False
2013-10-01 02:13:00+00:00,4.2644596,7.818993126201719,NO ALERT,channel_41,1.5083187,USER-SUPPLIED TELEMETRY — origin not verified,False,False
2013-10-01 02:14:00+00:00,2.601366,7.818993126201719,NO ALERT,channel_44,2.1598542,USER-SUPPLIED TELEMETRY — origin not verified,False,False
2013-10-01 02:15:00+00:00,2.9384773,7.818993126201719,NO ALERT,channel_44,1.4787232,USER-SUPPLIED TELEMETRY — origin not verified,False,False
2013-10-01 02:16:00+00:00,2.6034758,7.818993126201719,NO ALERT,channel_44,1.3553815,USER-SUPPLIED TELEMETRY — origin not verified,False,False
2013-10-01 02:17:00+00:00,1.9092333,7.818993126201719,NO ALERT,channel_44,1.1353338,USER-SUPPLIED TELEMETRY — origin not verified,False,False
2013-10-01 02:18:00+00:00,3.7742598,7.818993126201719,NO ALERT,channel_44,1.5692519,USER-SUPPLIED TELEMETRY — origin not verified,False,False
2013-10-01 02:19:00+00:00,1.2756556,7.818993126201719,NO ALERT,channel_42,1.1318674,USER-SUPPLIED TELEMETRY — origin not verified,False,False
2013-10-01 02:20:00+00:00,0.71776813,7.818993126201719,NO ALERT,channel_42,1.105679,USER-SUPPLIED TELEMETRY — origin not verified,False,False
2013-10-01 02:21:00+00:00,4.554752,7.818993126201719,NO ALERT,channel_42,1.5781308,USER-SUPPLIED TELEMETRY — origin not verified,False,False
2013-10-01 02:22:00+00:00,4.3542147,7.818993126201719,NO ALERT,channel_42,1.8452209,USER-SUPPLIED TELEMETRY — origin not verified,False,False
2013-10-01 02:23:00+00:00,0.5531782,7.818993126201719,NO ALERT,channel_42,1.028181,USER-SUPPLIED TELEMETRY — origin not verified,False,False
2013-10-01 02:24:00+00:00,1.4804566,7.818993126201719,NO ALERT,channel_42,1.3064018,USER-SUPPLIED TELEMETRY — origin not verified,False,False
2013-10-01 02:25:00+00:00,2.0442712,7.818993126201719,NO ALERT,channel_42,0.98129296,USER-SUPPLIED TELEMETRY — origin not verified,False,False
2013-10-01 02:26:00+00:00,2.8364346,7.818993126201719,NO ALERT,channel_46,1.2719593,USER-SUPPLIED TELEMETRY — origin not verified,False,False
2013-10-01 02:27:00+00:00,4.5434823,7.818993126201719,NO ALERT,channel_46,1.3363992,USER-SUPPLIED TELEMETRY — origin not verified,False,False
2013-10-01 02:28:00+00:00,3.4707475,7.818993126201719,NO ALERT,channel_46,1.4775848,USER-SUPPLIED TELEMETRY — origin not verified,False,False
2013-10-01 02:29:00+00:00,2.421247,7.818993126201719,NO ALERT,channel_45,1.0695465,USER-SUPPLIED TELEMETRY — origin not verified,False,False
2013-10-01 02:30:00+00:00,2.887014,7.818993126201719,NO ALERT,channel_46,0.97388434,USER-SUPPLIED TELEMETRY — origin not verified,False,False
2013-10-01 02:31:00+00:00,3.2122142,7.818993126201719,NO ALERT,channel_46,0.9587525,USER-SUPPLIED TELEMETRY — origin not verified,False,False
2013-10-01 02:32:00+00:00,4.7134833,7.818993126201719,NO ALERT,channel_46,1.541294,USER-SUPPLIED TELEMETRY — origin not verified,False,False
2013-10-01 02:33:00+00:00,2.8133938,7.818993126201719,NO ALERT,channel_44,1.0780663,USER-SUPPLIED TELEMETRY — origin not verified,False,False
2013-10-01 02:34:00+00:00,2.46942,7.818993126201719,NO ALERT,channel_44,0.94868547,USER-SUPPLIED TELEMETRY — origin not verified,False,False
2013-10-01 02:35:00+00:00,3.7977436,7.818993126201719,NO ALERT,channel_44,0.93256915,USER-SUPPLIED TELEMETRY — origin not verified,False,False
2013-10-01 02:36:00+00:00,1.0799248,7.818993126201719,NO ALERT,channel_46,1.1136773,USER-SUPPLIED TELEMETRY — origin not verified,False,False
2013-10-01 02:37:00+00:00,4.17425,7.818993126201719,NO ALERT,channel_42,1.0100548,USER-SUPPLIED TELEMETRY — origin not verified,False,False
2013-10-01 02:38:00+00:00,3.4221728,7.818993126201719,NO ALERT,channel_44,1.2775769,USER-SUPPLIED TELEMETRY — origin not verified,False,False
2013-10-01 02:39:00+00:00,1.7972267,7.818993126201719,NO ALERT,channel_44,1.4105587,USER-SUPPLIED TELEMETRY — origin not verified,False,False
2013-10-01 02:40:00+00:00,3.8318381,7.818993126201719,NO ALERT,channel_44,1.1669352,USER-SUPPLIED TELEMETRY — origin not verified,False,False
2013-10-01 02:41:00+00:00,2.4932754,7.818993126201719,NO ALERT,channel_44,1.1593668,USER-SUPPLIED TELEMETRY — origin not verified,False,False
2013-10-01 02:42:00+00:00,2.0383449,7.818993126201719,NO ALERT,channel_44,1.3622297,USER-SUPPLIED TELEMETRY — origin not verified,False,False
2013-10-01 02:43:00+00:00,2.3188946,7.818993126201719,NO ALERT,channel_42,2.0478084,USER-SUPPLIED TELEMETRY — origin not verified,False,False
2013-10-01 02:44:00+00:00,1.371067,7.818993126201719,NO ALERT,channel_41,1.2110422,USER-SUPPLIED TELEMETRY — origin not verified,False,False
2013-10-01 02:45:00+00:00,3.331899,7.818993126201719,NO ALERT,channel_44,1.231387,USER-SUPPLIED TELEMETRY — origin not verified,False,False
2013-10-01 02:46:00+00:00,2.0214386,7.818993126201719,NO ALERT,channel_41,0.94674766,USER-SUPPLIED TELEMETRY — origin not verified,False,False
2013-10-01 02:47:00+00:00,4.1474395,7.818993126201719,NO ALERT,channel_42,1.6466036,USER-SUPPLIED TELEMETRY — origin not verified,False,False
2013-10-01 02:48:00+00:00,4.451316,7.818993126201719,NO ALERT,channel_45,1.2986292,USER-SUPPLIED TELEMETRY — origin not verified,False,False
2013-10-01 02:49:00+00:00,1.575301,7.818993126201719,NO ALERT,channel_42,1.4499439,USER-SUPPLIED TELEMETRY — origin not verified,False,False
2013-10-01 02:50:00+00:00,-0.036741715,7.818993126201719,NO ALERT,channel_42,1.2535113,USER-SUPPLIED TELEMETRY — origin not verified,False,False
2013-10-01 02:51:00+00:00,2.160235,7.818993126201719,NO ALERT,channel_42,1.734943,USER-SUPPLIED TELEMETRY — origin not verified,False,False
2013-10-01 02:52:00+00:00,2.4598682,7.818993126201719,NO ALERT,channel_46,1.326271,USER-SUPPLIED TELEMETRY — origin not verified,False,False
2013-10-01 02:53:00+00:00,1.8295954,7.818993126201719,NO ALERT,channel_45,1.5089344,USER-SUPPLIED TELEMETRY — origin not verified,False,False
2013-10-01 02:54:00+00:00,2.043182,7.818993126201719,NO ALERT,channel_46,1.1904885,USER-SUPPLIED TELEMETRY — origin not verified,False,False
2013-10-01 02:55:00+00:00,2.4907024,7.818993126201719,NO ALERT,channel_46,1.4655683,USER-SUPPLIED TELEMETRY — origin not verified,False,False
2013-10-01 02:56:00+00:00,3.15958,7.818993126201719,NO ALERT,channel_46,1.5388931,USER-SUPPLIED TELEMETRY — origin not verified,False,False
2013-10-01 02:57:00+00:00,2.1006246,7.818993126201719,NO ALERT,channel_44,1.268032,USER-SUPPLIED TELEMETRY — origin not verified,False,False
2013-10-01 02:58:00+00:00,3.00062,7.818993126201719,NO ALERT,channel_46,1.4611106,USER-SUPPLIED TELEMETRY — origin not verified,False,False
2013-10-01 02:59:00+00:00,3.5381796,7.818993126201719,NO ALERT,channel_46,1.5002598,USER-SUPPLIED TELEMETRY — origin not verified,False,False
2013-10-01 03:00:00+00:00,2.2697337,7.818993126201719,NO ALERT,channel_44,1.1666274,USER-SUPPLIED TELEMETRY — origin not verified,False,False
2013-10-01 03:01:00+00:00,2.1608374,7.818993126201719,NO ALERT,channel_44,1.4609203,USER-SUPPLIED TELEMETRY — origin not verified,False,False
2013-10-01 03:02:00+00:00,2.1135707,7.818993126201719,NO ALERT,channel_44,1.121244,USER-SUPPLIED TELEMETRY — origin not verified,False,False
2013-10-01 03:03:00+00:00,1.2138935,7.818993126201719,NO ALERT,channel_44,1.427944,USER-SUPPLIED TELEMETRY — origin not verified,False,False
2013-10-01 03:04:00+00:00,0.8019665,7.818993126201719,NO ALERT,channel_41,1.1935145,USER-SUPPLIED TELEMETRY — origin not verified,False,False
2013-10-01 03:05:00+00:00,-0.10491417,7.818993126201719,NO ALERT,channel_44,1.0820028,USER-SUPPLIED TELEMETRY — origin not verified,False,False
2013-10-01 03:06:00+00:00,3.8255978,7.818993126201719,NO ALERT,channel_42,1.2488456,USER-SUPPLIED TELEMETRY — origin not verified,False,False
2013-10-01 03:07:00+00:00,2.6470702,7.818993126201719,NO ALERT,channel_45,1.1592231,USER-SUPPLIED TELEMETRY — origin not verified,False,False
2013-10-01 03:08:00+00:00,2.9642136,7.818993126201719,NO ALERT,channel_41,1.5421573,USER-SUPPLIED TELEMETRY — origin not verified,False,False
2013-10-01 03:09:00+00:00,2.9065278,7.818993126201719,NO ALERT,channel_44,1.8000425,USER-SUPPLIED TELEMETRY — origin not verified,False,False
2013-10-01 03:10:00+00:00,2.8970473,7.818993126201719,NO ALERT,channel_42,1.3496677,USER-SUPPLIED TELEMETRY — origin not verified,False,False
2013-10-01 03:11:00+00:00,3.586314,7.818993126201719,NO ALERT,channel_42,1.4208521,USER-SUPPLIED TELEMETRY — origin not verified,False,False
2013-10-01 03:12:00+00:00,2.876513,7.818993126201719,NO ALERT,channel_42,1.2988008,USER-SUPPLIED TELEMETRY — origin not verified,False,False
2013-10-01 03:13:00+00:00,2.9328399,7.818993126201719,NO ALERT,channel_42,1.6928749,USER-SUPPLIED TELEMETRY — origin not verified,False,False
2013-10-01 03:14:00+00:00,3.2080975,7.818993126201719,NO ALERT,channel_46,1.2255784,USER-SUPPLIED TELEMETRY — origin not verified,False,False
2013-10-01 03:15:00+00:00,2.5364263,7.818993126201719,NO ALERT,channel_42,1.4842448,USER-SUPPLIED TELEMETRY — origin not verified,False,False
2013-10-01 03:16:00+00:00,4.4559946,7.818993126201719,NO ALERT,channel_45,1.0946805,USER-SUPPLIED TELEMETRY — origin not verified,False,False
2013-10-01 03:17:00+00:00,3.2740555,7.818993126201719,NO ALERT,channel_45,1.0843008,USER-SUPPLIED TELEMETRY — origin not verified,False,False
2013-10-01 03:18:00+00:00,3.545395,7.818993126201719,NO ALERT,channel_46,1.5173789,USER-SUPPLIED TELEMETRY — origin not verified,False,False
2013-10-01 03:19:00+00:00,3.803352,7.818993126201719,NO ALERT,channel_46,1.0981779,USER-SUPPLIED TELEMETRY — origin not verified,False,False
2013-10-01 03:20:00+00:00,2.2510054,7.818993126201719,NO ALERT,channel_44,1.31463,USER-SUPPLIED TELEMETRY — origin not verified,False,False
2013-10-01 03:21:00+00:00,2.83983,7.818993126201719,NO ALERT,channel_46,1.5506915,USER-SUPPLIED TELEMETRY — origin not verified,False,False
2013-10-01 03:22:00+00:00,2.5450246,7.818993126201719,NO ALERT,channel_44,0.9408472,USER-SUPPLIED TELEMETRY — origin not verified,False,False
2013-10-01 03:23:00+00:00,2.1618173,7.818993126201719,NO ALERT,channel_46,1.029767,USER-SUPPLIED TELEMETRY — origin not verified,False,False
2013-10-01 03:24:00+00:00,2.6849234,7.818993126201719,NO ALERT,channel_44,1.6419905,USER-SUPPLIED TELEMETRY — origin not verified,False,False
2013-10-01 03:25:00+00:00,1.9694229,7.818993126201719,NO ALERT,channel_44,1.1883122,USER-SUPPLIED TELEMETRY — origin not verified,False,False
2013-10-01 03:26:00+00:00,3.0454137,7.818993126201719,NO ALERT,channel_44,1.2633303,USER-SUPPLIED TELEMETRY — origin not verified,False,False
2013-10-01 03:27:00+00:00,2.7640746,7.818993126201719,NO ALERT,channel_46,1.7182065,USER-SUPPLIED TELEMETRY — origin not verified,False,False
2013-10-01 03:28:00+00:00,4.5590963,7.818993126201719,NO ALERT,channel_46,1.6520145,USER-SUPPLIED TELEMETRY — origin not verified,False,False
2013-10-01 03:29:00+00:00,2.0013475,7.818993126201719,NO ALERT,channel_44,0.9871568,USER-SUPPLIED TELEMETRY — origin not verified,False,False
2013-10-01 03:30:00+00:00,0.59889394,7.818993126201719,NO ALERT,channel_42,1.396027,USER-SUPPLIED TELEMETRY — origin not verified,False,False
2013-10-01 03:31:00+00:00,1.7650667,7.818993126201719,NO ALERT,channel_41,1.1137952,USER-SUPPLIED TELEMETRY — origin not verified,False,False
2013-10-01 03:32:00+00:00,2.7059443,7.818993126201719,NO ALERT,channel_44,1.2908195,USER-SUPPLIED TELEMETRY — origin not verified,False,False
2013-10-01 03:33:00+00:00,1.7453305,7.818993126201719,NO ALERT,channel_45,1.2586762,USER-SUPPLIED TELEMETRY — origin not verified,False,False
2013-10-01 03:34:00+00:00,2.0152688,7.818993126201719,NO ALERT,channel_45,1.1169468,USER-SUPPLIED TELEMETRY — origin not verified,False,False
2013-10-01 03:35:00+00:00,2.1952567,7.818993126201719,NO ALERT,channel_42,1.8527001,USER-SUPPLIED TELEMETRY — origin not verified,False,False
2013-10-01 03:36:00+00:00,1.4665555,7.818993126201719,NO ALERT,channel_42,1.5359441,USER-SUPPLIED TELEMETRY — origin not verified,False,False
2013-10-01 03:37:00+00:00,0.5859644,7.818993126201719,NO ALERT,channel_42,1.4087392,USER-SUPPLIED TELEMETRY — origin not verified,False,False
2013-10-01 03:38:00+00:00,5.213096,7.818993126201719,NO ALERT,channel_45,1.3763629,USER-SUPPLIED TELEMETRY — origin not verified,False,False
2013-10-01 03:39:00+00:00,1.684804,7.818993126201719,NO ALERT,channel_42,1.1619208,USER-SUPPLIED TELEMETRY — origin not verified,False,False
2013-10-01 03:40:00+00:00,0.8459333,7.818993126201719,NO ALERT,channel_42,1.3577484,USER-SUPPLIED TELEMETRY — origin not verified,False,False
2013-10-01 03:41:00+00:00,1.4352168,7.818993126201719,NO ALERT,channel_46,1.0344208,USER-SUPPLIED TELEMETRY — origin not verified,False,False
2013-10-01 03:42:00+00:00,2.4822037,7.818993126201719,NO ALERT,channel_46,1.2092812,USER-SUPPLIED TELEMETRY — origin not verified,False,False
2013-10-01 03:43:00+00:00,1.0031515,7.818993126201719,NO ALERT,channel_46,1.6824915,USER-SUPPLIED TELEMETRY — origin not verified,False,False
2013-10-01 03:44:00+00:00,1.1650159,7.818993126201719,NO ALERT,channel_44,0.9523377,USER-SUPPLIED TELEMETRY — origin not verified,False,False
2013-10-01 03:45:00+00:00,2.269266,7.818993126201719,NO ALERT,channel_46,1.4475551,USER-SUPPLIED TELEMETRY — origin not verified,False,False
2013-10-01 03:46:00+00:00,2.1228173,7.818993126201719,NO ALERT,channel_46,1.3424296,USER-SUPPLIED TELEMETRY — origin not verified,False,False
2013-10-01 03:47:00+00:00,0.7845554,7.818993126201719,NO ALERT,channel_46,0.9402779,USER-SUPPLIED TELEMETRY — origin not verified,False,False
2013-10-01 03:48:00+00:00,3.926225,7.818993126201719,NO ALERT,channel_46,1.4295979,USER-SUPPLIED TELEMETRY — origin not verified,False,False
2013-10-01 03:49:00+00:00,0.9714612,7.818993126201719,NO ALERT,channel_44,1.2673993,USER-SUPPLIED TELEMETRY — origin not verified,False,False
2013-10-01 03:50:00+00:00,0.60098755,7.818993126201719,NO ALERT,channel_44,0.9330684,USER-SUPPLIED TELEMETRY — origin not verified,False,False
2013-10-01 03:51:00+00:00,1.3152577,7.818993126201719,NO ALERT,channel_44,1.0120935,USER-SUPPLIED TELEMETRY — origin not verified,False,False
2013-10-01 03:52:00+00:00,2.5223415,7.818993126201719,NO ALERT,channel_46,0.9316873,USER-SUPPLIED TELEMETRY — origin not verified,False,False
2013-10-01 03:53:00+00:00,1.7415364,7.818993126201719,NO ALERT,channel_44,2.1619043,USER-SUPPLIED TELEMETRY — origin not verified,False,False
2013-10-01 03:54:00+00:00,2.3348405,7.818993126201719,NO ALERT,channel_42,1.482809,USER-SUPPLIED TELEMETRY — origin not verified,False,False
2013-10-01 03:55:00+00:00,2.0710478,7.818993126201719,NO ALERT,channel_42,1.2774276,USER-SUPPLIED TELEMETRY — origin not verified,False,False
2013-10-01 03:56:00+00:00,2.8500445,7.818993126201719,NO ALERT,channel_44,1.157784,USER-SUPPLIED TELEMETRY — origin not verified,False,False
2013-10-01 03:57:00+00:00,1.9237701,7.818993126201719,NO ALERT,channel_44,1.3705398,USER-SUPPLIED TELEMETRY — origin not verified,False,False
2013-10-01 03:58:00+00:00,3.2716167,7.818993126201719,NO ALERT,channel_41,1.3397349,USER-SUPPLIED TELEMETRY — origin not verified,False,False
2013-10-01 03:59:00+00:00,4.190148,7.818993126201719,NO ALERT,channel_42,1.4026064,USER-SUPPLIED TELEMETRY — origin not verified,False,False
2013-10-01 04:00:00+00:00,2.6297483,7.818993126201719,NO ALERT,channel_44,1.5001177,USER-SUPPLIED TELEMETRY — origin not verified,False,False
2013-10-01 04:01:00+00:00,2.7693865,7.818993126201719,NO ALERT,channel_42,1.1718473,USER-SUPPLIED TELEMETRY — origin not verified,False,False
2013-10-01 04:02:00+00:00,4.0525613,7.818993126201719,NO ALERT,channel_46,1.5404443,USER-SUPPLIED TELEMETRY — origin not verified,False,False
2013-10-01 04:03:00+00:00,3.1855972,7.818993126201719,NO ALERT,channel_46,1.4933523,USER-SUPPLIED TELEMETRY — origin not verified,False,False
2013-10-01 04:04:00+00:00,2.5853345,7.818993126201719,NO ALERT,channel_42,1.1376442,USER-SUPPLIED TELEMETRY — origin not verified,False,False
2013-10-01 04:05:00+00:00,1.656543,7.818993126201719,NO ALERT,channel_46,1.444001,USER-SUPPLIED TELEMETRY — origin not verified,False,False
2013-10-01 04:06:00+00:00,1.9291348,7.818993126201719,NO ALERT,channel_46,1.111623,USER-SUPPLIED TELEMETRY — origin not verified,False,False
2013-10-01 04:07:00+00:00,1.4743663,7.818993126201719,NO ALERT,channel_42,0.9324156,USER-SUPPLIED TELEMETRY — origin not verified,False,False
2013-10-01 04:08:00+00:00,3.927967,7.818993126201719,NO ALERT,channel_46,1.9556856,USER-SUPPLIED TELEMETRY — origin not verified,False,False
2013-10-01 04:09:00+00:00,2.2258904,7.818993126201719,NO ALERT,channel_45,0.8062936,USER-SUPPLIED TELEMETRY — origin not verified,False,False
2013-10-01 04:10:00+00:00,2.438917,7.818993126201719,NO ALERT,channel_46,0.83570844,USER-SUPPLIED TELEMETRY — origin not verified,False,False
2013-10-01 04:11:00+00:00,3.4578784,7.818993126201719,NO ALERT,channel_46,0.91768914,USER-SUPPLIED TELEMETRY — origin not verified,False,False
2013-10-01 04:12:00+00:00,2.235357,7.818993126201719,NO ALERT,channel_46,1.0060985,USER-SUPPLIED TELEMETRY — origin not verified,False,False
2013-10-01 04:13:00+00:00,2.4505613,7.818993126201719,NO ALERT,channel_46,1.2953339,USER-SUPPLIED TELEMETRY — origin not verified,False,False
2013-10-01 04:14:00+00:00,1.3625609,7.818993126201719,NO ALERT,channel_44,1.2316551,USER-SUPPLIED TELEMETRY — origin not verified,False,False
2013-10-01 04:15:00+00:00,3.0741885,7.818993126201719,NO ALERT,channel_42,1.1851183,USER-SUPPLIED TELEMETRY — origin not verified,False,False
2013-10-01 04:16:00+00:00,0.05393632,7.818993126201719,NO ALERT,channel_44,1.6290202,USER-SUPPLIED TELEMETRY — origin not verified,False,False
2013-10-01 04:17:00+00:00,2.8215,7.818993126201719,NO ALERT,channel_41,1.2208126,USER-SUPPLIED TELEMETRY — origin not verified,False,False
2013-10-01 04:18:00+00:00,3.4346683,7.818993126201719,NO ALERT,channel_41,1.0705812,USER-SUPPLIED TELEMETRY — origin not verified,False,False
2013-10-01 04:19:00+00:00,3.2349179,7.818993126201719,NO ALERT,channel_41,1.1738567,USER-SUPPLIED TELEMETRY — origin not verified,False,False
2013-10-01 04:20:00+00:00,0.42496052,7.818993126201719,NO ALERT,channel_44,1.3372859,USER-SUPPLIED TELEMETRY — origin not verified,False,False
2013-10-01 04:21:00+00:00,2.9522226,7.818993126201719,NO ALERT,channel_45,1.0078225,USER-SUPPLIED TELEMETRY — origin not verified,False,False
2013-10-01 04:22:00+00:00,1.3885114,7.818993126201719,NO ALERT,channel_44,1.5418124,USER-SUPPLIED TELEMETRY — origin not verified,False,False
2013-10-01 04:23:00+00:00,3.2732465,7.818993126201719,NO ALERT,channel_44,1.0996172,USER-SUPPLIED TELEMETRY — origin not verified,False,False
2013-10-01 04:24:00+00:00,2.9706242,7.818993126201719,NO ALERT,channel_45,1.0535454,USER-SUPPLIED TELEMETRY — origin not verified,False,False
2013-10-01 04:25:00+00:00,1.5462798,7.818993126201719,NO ALERT,channel_42,1.5034467,USER-SUPPLIED TELEMETRY — origin not verified,False,False
2013-10-01 04:26:00+00:00,1.2854962,7.818993126201719,NO ALERT,channel_45,1.1310141,USER-SUPPLIED TELEMETRY — origin not verified,False,False
2013-10-01 04:27:00+00:00,2.363201,7.818993126201719,NO ALERT,channel_45,1.2300351,USER-SUPPLIED TELEMETRY — origin not verified,False,False
2013-10-01 04:28:00+00:00,4.723256,7.818993126201719,NO ALERT,channel_45,1.1836071,USER-SUPPLIED TELEMETRY — origin not verified,False,False
2013-10-01 04:29:00+00:00,2.3827906,7.818993126201719,NO ALERT,channel_46,1.2275529,USER-SUPPLIED TELEMETRY — origin not verified,False,False
2013-10-01 04:30:00+00:00,2.1778188,7.818993126201719,NO ALERT,channel_42,1.4291283,USER-SUPPLIED TELEMETRY — origin not verified,False,False
2013-10-01 04:31:00+00:00,0.9078293,7.818993126201719,NO ALERT,channel_42,1.14003,USER-SUPPLIED TELEMETRY — origin not verified,False,False
2013-10-01 04:32:00+00:00,1.7597075,7.818993126201719,NO ALERT,channel_46,1.1784453,USER-SUPPLIED TELEMETRY — origin not verified,False,False
2013-10-01 04:33:00+00:00,3.6989639,7.818993126201719,NO ALERT,channel_46,1.3576221,USER-SUPPLIED TELEMETRY — origin not verified,False,False
2013-10-01 04:34:00+00:00,1.8611197,7.818993126201719,NO ALERT,channel_45,1.0336671,USER-SUPPLIED TELEMETRY — origin not verified,False,False
2013-10-01 04:35:00+00:00,1.683185,7.818993126201719,NO ALERT,channel_44,0.9268674,USER-SUPPLIED TELEMETRY — origin not verified,False,False
2013-10-01 04:36:00+00:00,3.3524497,7.818993126201719,NO ALERT,channel_46,1.4246347,USER-SUPPLIED TELEMETRY — origin not verified,False,False
2013-10-01 04:37:00+00:00,1.2225919,7.818993126201719,NO ALERT,channel_46,1.0258753,USER-SUPPLIED TELEMETRY — origin not verified,False,False
2013-10-01 04:38:00+00:00,2.9625196,7.818993126201719,NO ALERT,channel_46,1.1588824,USER-SUPPLIED TELEMETRY — origin not verified,False,False
2013-10-01 04:39:00+00:00,3.0343845,7.818993126201719,NO ALERT,channel_46,1.0222306,USER-SUPPLIED TELEMETRY — origin not verified,False,False
2013-10-01 04:40:00+00:00,1.7478133,7.818993126201719,NO ALERT,channel_44,1.4609704,USER-SUPPLIED TELEMETRY — origin not verified,False,False
2013-10-01 04:41:00+00:00,1.845055,7.818993126201719,NO ALERT,channel_41,0.96440893,USER-SUPPLIED TELEMETRY — origin not verified,False,False
2013-10-01 04:42:00+00:00,1.4189979,7.818993126201719,NO ALERT,channel_42,0.8878807,USER-SUPPLIED TELEMETRY — origin not verified,False,False
2013-10-01 04:43:00+00:00,1.4056126,7.818993126201719,NO ALERT,channel_44,0.97665286,USER-SUPPLIED TELEMETRY — origin not verified,False,False
2013-10-01 04:44:00+00:00,2.2469962,7.818993126201719,NO ALERT,channel_42,1.6310941,USER-SUPPLIED TELEMETRY — origin not verified,False,False
2013-10-01 04:45:00+00:00,2.7664354,7.818993126201719,NO ALERT,channel_42,1.0048299,USER-SUPPLIED TELEMETRY — origin not verified,False,False
2013-10-01 04:46:00+00:00,2.0997167,7.818993126201719,NO ALERT,channel_42,1.0751535,USER-SUPPLIED TELEMETRY — origin not verified,False,False
2013-10-01 04:47:00+00:00,3.8353221,7.818993126201719,NO ALERT,channel_42,2.0401957,USER-SUPPLIED TELEMETRY — origin not verified,False,False
2013-10-01 04:48:00+00:00,3.351713,7.818993126201719,NO ALERT,channel_41,1.1672313,USER-SUPPLIED TELEMETRY — origin not verified,False,False
2013-10-01 04:49:00+00:00,2.408334,7.818993126201719,NO ALERT,channel_42,1.191927,USER-SUPPLIED TELEMETRY — origin not verified,False,False
2013-10-01 04:50:00+00:00,4.422011,7.818993126201719,NO ALERT,channel_42,1.3785709,USER-SUPPLIED TELEMETRY — origin not verified,False,False
2013-10-01 04:51:00+00:00,2.856651,7.818993126201719,NO ALERT,channel_42,1.3669044,USER-SUPPLIED TELEMETRY — origin not verified,False,False
2013-10-01 04:52:00+00:00,3.003199,7.818993126201719,NO ALERT,channel_42,1.5428284,USER-SUPPLIED TELEMETRY — origin not verified,False,False
2013-10-01 04:53:00+00:00,2.6561215,7.818993126201719,NO ALERT,channel_42,1.6201358,USER-SUPPLIED TELEMETRY — origin not verified,False,False
2013-10-01 04:54:00+00:00,3.414136,7.818993126201719,NO ALERT,channel_42,1.3933457,USER-SUPPLIED TELEMETRY — origin not verified,False,False
2013-10-01 04:55:00+00:00,3.8746355,7.818993126201719,NO ALERT,channel_45,1.2583755,USER-SUPPLIED TELEMETRY — origin not verified,False,False
2013-10-01 04:56:00+00:00,2.7054358,7.818993126201719,NO ALERT,channel_42,1.1737815,USER-SUPPLIED TELEMETRY — origin not verified,False,False
2013-10-01 04:57:00+00:00,2.6998289,7.818993126201719,NO ALERT,channel_42,1.0655352,USER-SUPPLIED TELEMETRY — origin not verified,False,False
2013-10-01 04:58:00+00:00,3.0853086,7.818993126201719,NO ALERT,channel_46,1.2164904,USER-SUPPLIED TELEMETRY — origin not verified,False,False
2013-10-01 04:59:00+00:00,2.1569054,7.818993126201719,NO ALERT,channel_46,0.81027573,USER-SUPPLIED TELEMETRY — origin not verified,False,False
2013-10-01 05:00:00+00:00,2.1951973,7.818993126201719,NO ALERT,channel_46,1.1994376,USER-SUPPLIED TELEMETRY — origin not verified,False,False
2013-10-01 05:01:00+00:00,1.6455587,7.818993126201719,NO ALERT,channel_46,0.9859105,USER-SUPPLIED TELEMETRY — origin not verified,False,False
2013-10-01 05:02:00+00:00,1.1705434,7.818993126201719,NO ALERT,channel_41,0.7823869,USER-SUPPLIED TELEMETRY — origin not verified,False,False
2013-10-01 05:03:00+00:00,1.2608479,7.818993126201719,NO ALERT,channel_44,1.3516365,USER-SUPPLIED TELEMETRY — origin not verified,False,False
2013-10-01 05:04:00+00:00,3.1476326,7.818993126201719,NO ALERT,channel_44,0.99967885,USER-SUPPLIED TELEMETRY — origin not verified,False,False
2013-10-01 05:05:00+00:00,2.239877,7.818993126201719,NO ALERT,channel_44,0.86210036,USER-SUPPLIED TELEMETRY — origin not verified,False,False
2013-10-01 05:06:00+00:00,3.6394799,7.818993126201719,NO ALERT,channel_44,1.4880478,USER-SUPPLIED TELEMETRY — origin not verified,False,False
2013-10-01 05:07:00+00:00,2.7144027,7.818993126201719,NO ALERT,channel_44,1.7766569,USER-SUPPLIED TELEMETRY — origin not verified,False,False
2013-10-01 05:08:00+00:00,4.6647468,7.818993126201719,NO ALERT,channel_46,1.427612,USER-SUPPLIED TELEMETRY — origin not verified,False,False
2013-10-01 05:09:00+00:00,4.9534736,7.818993126201719,NO ALERT,channel_42,1.180556,USER-SUPPLIED TELEMETRY — origin not verified,False,False
2013-10-01 05:10:00+00:00,1.3144722,7.818993126201719,NO ALERT,channel_44,1.2857735,USER-SUPPLIED TELEMETRY — origin not verified,False,False
2013-10-01 05:11:00+00:00,2.7947583,7.818993126201719,NO ALERT,channel_41,1.1115102,USER-SUPPLIED TELEMETRY — origin not verified,False,False
2013-10-01 05:12:00+00:00,2.6058855,7.818993126201719,NO ALERT,channel_44,1.3740729,USER-SUPPLIED TELEMETRY — origin not verified,False,False
2013-10-01 05:13:00+00:00,4.11104,7.818993126201719,NO ALERT,channel_44,1.1448851,USER-SUPPLIED TELEMETRY — origin not verified,False,False
2013-10-01 05:14:00+00:00,3.427314,7.818993126201719,NO ALERT,channel_42,1.0099688,USER-SUPPLIED TELEMETRY — origin not verified,False,False
2013-10-01 05:15:00+00:00,2.9916248,7.818993126201719,NO ALERT,channel_42,1.1918576,USER-SUPPLIED TELEMETRY — origin not verified,False,False
2013-10-01 05:16:00+00:00,2.8847957,7.818993126201719,NO ALERT,channel_45,0.8938366,USER-SUPPLIED TELEMETRY — origin not verified,False,False
2013-10-01 05:17:00+00:00,2.544987,7.818993126201719,NO ALERT,channel_45,0.8795437,USER-SUPPLIED TELEMETRY — origin not verified,False,False
2013-10-01 05:18:00+00:00,5.744183,7.818993126201719,NO ALERT,channel_42,1.2673374,USER-SUPPLIED TELEMETRY — origin not verified,False,False
2013-10-01 05:19:00+00:00,1.5124762,7.818993126201719,NO ALERT,channel_42,1.393321,USER-SUPPLIED TELEMETRY — origin not verified,False,False
2013-10-01 05:20:00+00:00,1.9115196,7.818993126201719,NO ALERT,channel_46,1.0286922,USER-SUPPLIED TELEMETRY — origin not verified,False,False
2013-10-01 05:21:00+00:00,0.2345369,7.818993126201719,NO ALERT,channel_42,0.7974929,USER-SUPPLIED TELEMETRY — origin not verified,False,False
2013-10-01 05:22:00+00:00,1.8607321,7.818993126201719,NO ALERT,channel_46,0.88969976,USER-SUPPLIED TELEMETRY — origin not verified,False,False
2013-10-01 05:23:00+00:00,-0.4197279,7.818993126201719,NO ALERT,channel_46,0.9855562,USER-SUPPLIED TELEMETRY — origin not verified,False,False
2013-10-01 05:24:00+00:00,2.0784154,7.818993126201719,NO ALERT,channel_44,0.97921085,USER-SUPPLIED TELEMETRY — origin not verified,False,False
2013-10-01 05:25:00+00:00,2.2680445,7.818993126201719,NO ALERT,channel_46,0.97220874,USER-SUPPLIED TELEMETRY — origin not verified,False,False
2013-10-01 05:26:00+00:00,0.11068554,7.818993126201719,NO ALERT,channel_46,1.1517555,USER-SUPPLIED TELEMETRY — origin not verified,False,False
2013-10-01 05:27:00+00:00,1.657106,7.818993126201719,NO ALERT,channel_46,1.1447445,USER-SUPPLIED TELEMETRY — origin not verified,False,False
2013-10-01 05:28:00+00:00,3.753697,7.818993126201719,NO ALERT,channel_44,1.2147332,USER-SUPPLIED TELEMETRY — origin not verified,False,False
2013-10-01 05:29:00+00:00,1.7663784,7.818993126201719,NO ALERT,channel_44,1.2083759,USER-SUPPLIED TELEMETRY — origin not verified,False,False
2013-10-01 05:30:00+00:00,0.72797525,7.818993126201719,NO ALERT,channel_44,1.1792638,USER-SUPPLIED TELEMETRY — origin not verified,False,False
2013-10-01 05:31:00+00:00,1.3713834,7.818993126201719,NO ALERT,channel_41,0.9629556,USER-SUPPLIED TELEMETRY — origin not verified,False,False
2013-10-01 05:32:00+00:00,-0.3099282,7.818993126201719,NO ALERT,channel_41,0.9443647,USER-SUPPLIED TELEMETRY — origin not verified,False,False
2013-10-01 05:33:00+00:00,0.9481284,7.818993126201719,NO ALERT,channel_41,1.1740927,USER-SUPPLIED TELEMETRY — origin not verified,False,False
2013-10-01 05:34:00+00:00,-0.12139751,7.818993126201719,NO ALERT,channel_44,0.9022873,USER-SUPPLIED TELEMETRY — origin not verified,False,False
2013-10-01 05:35:00+00:00,0.6713431,7.818993126201719,NO ALERT,channel_41,1.020795,USER-SUPPLIED TELEMETRY — origin not verified,False,False
2013-10-01 05:36:00+00:00,2.9212024,7.818993126201719,NO ALERT,channel_44,1.0019783,USER-SUPPLIED TELEMETRY — origin not verified,False,False
2013-10-01 05:37:00+00:00,2.6020153,7.818993126201719,NO ALERT,channel_44,1.1037378,USER-SUPPLIED TELEMETRY — origin not verified,False,False
2013-10-01 05:38:00+00:00,2.8651433,7.818993126201719,NO ALERT,channel_42,1.4893755,USER-SUPPLIED TELEMETRY — origin not verified,False,False
2013-10-01 05:39:00+00:00,3.597265,7.818993126201719,NO ALERT,channel_42,1.257333,USER-SUPPLIED TELEMETRY — origin not verified,False,False
2013-10-01 05:40:00+00:00,1.0387417,7.818993126201719,NO ALERT,channel_46,1.3553029,USER-SUPPLIED TELEMETRY — origin not verified,False,False
2013-10-01 05:41:00+00:00,2.47959,7.818993126201719,NO ALERT,channel_42,1.0189741,USER-SUPPLIED TELEMETRY — origin not verified,False,False
2013-10-01 05:42:00+00:00,2.5000188,7.818993126201719,NO ALERT,channel_46,1.2926793,USER-SUPPLIED TELEMETRY — origin not verified,False,False
2013-10-01 05:43:00+00:00,3.1165123,7.818993126201719,NO ALERT,channel_42,1.1854094,USER-SUPPLIED TELEMETRY — origin not verified,False,False
2013-10-01 05:44:00+00:00,2.3963351,7.818993126201719,NO ALERT,channel_46,1.060644,USER-SUPPLIED TELEMETRY — origin not verified,False,False
2013-10-01 05:45:00+00:00,2.1639252,7.818993126201719,NO ALERT,channel_45,0.94585943,USER-SUPPLIED TELEMETRY — origin not verified,False,False
2013-10-01 05:46:00+00:00,3.1514127,7.818993126201719,NO ALERT,channel_42,1.0727936,USER-SUPPLIED TELEMETRY — origin not verified,False,False
2013-10-01 05:47:00+00:00,1.2901002,7.818993126201719,NO ALERT,channel_46,1.1101363,USER-SUPPLIED TELEMETRY — origin not verified,False,False
2013-10-01 05:48:00+00:00,3.8210053,7.818993126201719,NO ALERT,channel_42,1.3883439,USER-SUPPLIED TELEMETRY — origin not verified,False,False
2013-10-01 05:49:00+00:00,1.8730259,7.818993126201719,NO ALERT,channel_46,1.5785598,USER-SUPPLIED TELEMETRY — origin not verified,False,False
2013-10-01 05:50:00+00:00,3.0817878,7.818993126201719,NO ALERT,channel_46,1.1578873,USER-SUPPLIED TELEMETRY — origin not verified,False,False
2013-10-01 05:51:00+00:00,2.0729046,7.818993126201719,NO ALERT,channel_44,0.90527236,USER-SUPPLIED TELEMETRY — origin not verified,False,False
2013-10-01 05:52:00+00:00,0.80069625,7.818993126201719,NO ALERT,channel_44,0.9859887,USER-SUPPLIED TELEMETRY — origin not verified,False,False
2013-10-01 05:53:00+00:00,2.5504713,7.818993126201719,NO ALERT,channel_44,1.0756522,USER-SUPPLIED TELEMETRY — origin not verified,False,False
2013-10-01 05:54:00+00:00,3.2113774,7.818993126201719,NO ALERT,channel_44,1.260332,USER-SUPPLIED TELEMETRY — origin not verified,False,False
2013-10-01 05:55:00+00:00,0.7423589,7.818993126201719,NO ALERT,channel_42,0.95170575,USER-SUPPLIED TELEMETRY — origin not verified,False,False
2013-10-01 05:56:00+00:00,3.6662343,7.818993126201719,NO ALERT,channel_44,1.530976,USER-SUPPLIED TELEMETRY — origin not verified,False,False
2013-10-01 05:57:00+00:00,0.53549457,7.818993126201719,NO ALERT,channel_42,1.3888087,USER-SUPPLIED TELEMETRY — origin not verified,False,False
2013-10-01 05:58:00+00:00,3.734998,7.818993126201719,NO ALERT,channel_44,1.5142015,USER-SUPPLIED TELEMETRY — origin not verified,False,False
2013-10-01 05:59:00+00:00,1.9234605,7.818993126201719,NO ALERT,channel_44,1.2537812,USER-SUPPLIED TELEMETRY — origin not verified,False,False
2013-10-01 06:00:00+00:00,1.6614857,7.818993126201719,NO ALERT,channel_44,1.2431508,USER-SUPPLIED TELEMETRY — origin not verified,False,False
2013-10-01 06:01:00+00:00,1.9732178,7.818993126201719,NO ALERT,channel_44,1.2298527,USER-SUPPLIED TELEMETRY — origin not verified,False,False
2013-10-01 06:02:00+00:00,-0.19763891,7.818993126201719,NO ALERT,channel_42,0.96732324,USER-SUPPLIED TELEMETRY — origin not verified,False,False
2013-10-01 06:03:00+00:00,1.2086219,7.818993126201719,NO ALERT,channel_42,1.0456623,USER-SUPPLIED TELEMETRY — origin not verified,False,False
2013-10-01 06:04:00+00:00,1.1154805,7.818993126201719,NO ALERT,channel_45,1.1300297,USER-SUPPLIED TELEMETRY — origin not verified,False,False
2013-10-01 06:05:00+00:00,3.443788,7.818993126201719,NO ALERT,channel_45,1.3505349,USER-SUPPLIED TELEMETRY — origin not verified,False,False
2013-10-01 06:06:00+00:00,1.5197781,7.818993126201719,NO ALERT,channel_45,1.2040958,USER-SUPPLIED TELEMETRY — origin not verified,False,False
2013-10-01 06:07:00+00:00,2.7881982,7.818993126201719,NO ALERT,channel_46,1.2507457,USER-SUPPLIED TELEMETRY — origin not verified,False,False
2013-10-01 06:08:00+00:00,3.5443432,7.818993126201719,NO ALERT,channel_44,1.5470086,USER-SUPPLIED TELEMETRY — origin not verified,False,False
2013-10-01 06:09:00+00:00,1.906905,7.818993126201719,NO ALERT,channel_45,1.0316961,USER-SUPPLIED TELEMETRY — origin not verified,False,False
2013-10-01 06:10:00+00:00,1.8236092,7.818993126201719,NO ALERT,channel_46,1.0765771,USER-SUPPLIED TELEMETRY — origin not verified,False,False
2013-10-01 06:11:00+00:00,4.0243044,7.818993126201719,NO ALERT,channel_46,1.2597877,USER-SUPPLIED TELEMETRY — origin not verified,False,False
2013-10-01 06:12:00+00:00,0.44121975,7.818993126201719,NO ALERT,channel_46,1.2294192,USER-SUPPLIED TELEMETRY — origin not verified,False,False
2013-10-01 06:13:00+00:00,2.3517206,7.818993126201719,NO ALERT,channel_46,1.007819,USER-SUPPLIED TELEMETRY — origin not verified,False,False
2013-10-01 06:14:00+00:00,3.342718,7.818993126201719,NO ALERT,channel_46,1.5829536,USER-SUPPLIED TELEMETRY — origin not verified,False,False
2013-10-01 06:15:00+00:00,1.0280224,7.818993126201719,NO ALERT,channel_42,1.1979443,USER-SUPPLIED TELEMETRY — origin not verified,False,False
2013-10-01 06:16:00+00:00,2.1827145,7.818993126201719,NO ALERT,channel_41,1.4231193,USER-SUPPLIED TELEMETRY — origin not verified,False,False
2013-10-01 06:17:00+00:00,4.456262,7.818993126201719,NO ALERT,channel_44,1.2200538,USER-SUPPLIED TELEMETRY — origin not verified,False,False
2013-10-01 06:18:00+00:00,3.678399,7.818993126201719,NO ALERT,channel_46,1.3287442,USER-SUPPLIED TELEMETRY — origin not verified,False,False
2013-10-01 06:19:00+00:00,2.676873,7.818993126201719,NO ALERT,channel_44,1.0675967,USER-SUPPLIED TELEMETRY — origin not verified,False,False
2013-10-01 06:20:00+00:00,3.466325,7.818993126201719,NO ALERT,channel_44,1.5846152,USER-SUPPLIED TELEMETRY — origin not verified,False,False
2013-10-01 06:21:00+00:00,2.17459,7.818993126201719,NO ALERT,channel_41,0.93993807,USER-SUPPLIED TELEMETRY — origin not verified,False,False
2013-10-01 06:22:00+00:00,3.5456307,7.818993126201719,NO ALERT,channel_41,1.16271,USER-SUPPLIED TELEMETRY — origin not verified,False,False
2013-10-01 06:23:00+00:00,4.300885,7.818993126201719,NO ALERT,channel_41,1.2635468,USER-SUPPLIED TELEMETRY — origin not verified,False,False
2013-10-01 06:24:00+00:00,2.9842846,7.818993126201719,NO ALERT,channel_41,1.118642,USER-SUPPLIED TELEMETRY — origin not verified,False,False
2013-10-01 06:25:00+00:00,3.7532487,7.818993126201719,NO ALERT,channel_42,1.5720962,USER-SUPPLIED TELEMETRY — origin not verified,False,False
2013-10-01 06:26:00+00:00,2.3933313,7.818993126201719,NO ALERT,channel_46,1.1630061,USER-SUPPLIED TELEMETRY — origin not verified,False,False
2013-10-01 06:27:00+00:00,5.161028,7.818993126201719,NO ALERT,channel_45,1.4097204,USER-SUPPLIED TELEMETRY — origin not verified,False,False
2013-10-01 06:28:00+00:00,3.880148,7.818993126201719,NO ALERT,channel_44,1.6133742,USER-SUPPLIED TELEMETRY — origin not verified,False,False
2013-10-01 06:29:00+00:00,3.540776,7.818993126201719,NO ALERT,channel_42,1.3955703,USER-SUPPLIED TELEMETRY — origin not verified,False,False
2013-10-01 06:30:00+00:00,1.9621114,7.818993126201719,NO ALERT,channel_45,1.2098503,USER-SUPPLIED TELEMETRY — origin not verified,False,False
2013-10-01 06:31:00+00:00,2.8380182,7.818993126201719,NO ALERT,channel_42,1.3599056,USER-SUPPLIED TELEMETRY — origin not verified,False,False
2013-10-01 06:32:00+00:00,3.1733096,7.818993126201719,NO ALERT,channel_42,1.1400478,USER-SUPPLIED TELEMETRY — origin not verified,False,False
2013-10-01 06:33:00+00:00,2.007719,7.818993126201719,NO ALERT,channel_45,1.1491485,USER-SUPPLIED TELEMETRY — origin not verified,False,False
2013-10-01 06:34:00+00:00,1.7244114,7.818993126201719,NO ALERT,channel_46,1.0496752,USER-SUPPLIED TELEMETRY — origin not verified,False,False
2013-10-01 06:35:00+00:00,3.0012646,7.818993126201719,NO ALERT,channel_46,1.126944,USER-SUPPLIED TELEMETRY — origin not verified,False,False
2013-10-01 06:36:00+00:00,4.3462276,7.818993126201719,NO ALERT,channel_46,0.9996365,USER-SUPPLIED TELEMETRY — origin not verified,False,False
2013-10-01 06:37:00+00:00,2.3602648,7.818993126201719,NO ALERT,channel_46,1.1838398,USER-SUPPLIED TELEMETRY — origin not verified,False,False
2013-10-01 06:38:00+00:00,4.204768,7.818993126201719,NO ALERT,channel_44,1.3463867,USER-SUPPLIED TELEMETRY — origin not verified,False,False
2013-10-01 06:39:00+00:00,1.7272284,7.818993126201719,NO ALERT,channel_46,1.2758533,USER-SUPPLIED TELEMETRY — origin not verified,False,False
2013-10-01 06:40:00+00:00,4.325647,7.818993126201719,NO ALERT,channel_44,1.1721059,USER-SUPPLIED TELEMETRY — origin not verified,False,False
2013-10-01 06:41:00+00:00,3.0877264,7.818993126201719,NO ALERT,channel_46,1.1662679,USER-SUPPLIED TELEMETRY — origin not verified,False,False
2013-10-01 06:42:00+00:00,3.596975,7.818993126201719,NO ALERT,channel_44,1.5523471,USER-SUPPLIED TELEMETRY — origin not verified,False,False
2013-10-01 06:43:00+00:00,2.979014,7.818993126201719,NO ALERT,channel_41,0.96513313,USER-SUPPLIED TELEMETRY — origin not verified,False,False
2013-10-01 06:44:00+00:00,1.891633,7.818993126201719,NO ALERT,channel_41,1.3140008,USER-SUPPLIED TELEMETRY — origin not verified,False,False
2013-10-01 06:45:00+00:00,2.001604,7.818993126201719,NO ALERT,channel_42,1.3664445,USER-SUPPLIED TELEMETRY — origin not verified,False,False
2013-10-01 06:46:00+00:00,1.8378814,7.818993126201719,NO ALERT,channel_44,1.2437676,USER-SUPPLIED TELEMETRY — origin not verified,False,False
2013-10-01 06:47:00+00:00,3.2840707,7.818993126201719,NO ALERT,channel_44,1.3294721,USER-SUPPLIED TELEMETRY — origin not verified,False,False
2013-10-01 06:48:00+00:00,2.735161,7.818993126201719,NO ALERT,channel_44,1.4847325,USER-SUPPLIED TELEMETRY — origin not verified,False,False
2013-10-01 06:49:00+00:00,2.306585,7.818993126201719,NO ALERT,channel_42,1.8468022,USER-SUPPLIED TELEMETRY — origin not verified,False,False
2013-10-01 06:50:00+00:00,0.7854294,7.818993126201719,NO ALERT,channel_42,1.3363444,USER-SUPPLIED TELEMETRY — origin not verified,False,False
2013-10-01 06:51:00+00:00,3.49727,7.818993126201719,NO ALERT,channel_41,1.0642481,USER-SUPPLIED TELEMETRY — origin not verified,False,False
2013-10-01 06:52:00+00:00,2.5470614,7.818993126201719,NO ALERT,channel_45,1.0210171,USER-SUPPLIED TELEMETRY — origin not verified,False,False
2013-10-01 06:53:00+00:00,1.4561887,7.818993126201719,NO ALERT,channel_45,1.0028964,USER-SUPPLIED TELEMETRY — origin not verified,False,False
2013-10-01 06:54:00+00:00,0.9156298,7.818993126201719,NO ALERT,channel_42,1.5448023,USER-SUPPLIED TELEMETRY — origin not verified,False,False
2013-10-01 06:55:00+00:00,1.7498795,7.818993126201719,NO ALERT,channel_42,1.1472173,USER-SUPPLIED TELEMETRY — origin not verified,False,False
2013-10-01 06:56:00+00:00,2.7487473,7.818993126201719,NO ALERT,channel_42,1.1382087,USER-SUPPLIED TELEMETRY — origin not verified,False,False
2013-10-01 06:57:00+00:00,1.7107373,7.818993126201719,NO ALERT,channel_46,1.3185815,USER-SUPPLIED TELEMETRY — origin not verified,False,False
2013-10-01 06:58:00+00:00,5.9658546,7.818993126201719,NO ALERT,channel_46,2.0517213,USER-SUPPLIED TELEMETRY — origin not verified,False,False
2013-10-01 06:59:00+00:00,1.384254,7.818993126201719,NO ALERT,channel_46,1.2892437,USER-SUPPLIED TELEMETRY — origin not verified,False,False
2013-10-01 07:00:00+00:00,3.5795848,7.818993126201719,NO ALERT,channel_46,1.4658775,USER-SUPPLIED TELEMETRY — origin not verified,False,False
2013-10-01 07:01:00+00:00,0.33785442,7.818993126201719,NO ALERT,channel_46,1.0425104,USER-SUPPLIED TELEMETRY — origin not verified,False,False
2013-10-01 07:02:00+00:00,-0.34489754,7.818993126201719,NO ALERT,channel_46,0.93159646,USER-SUPPLIED TELEMETRY — origin not verified,False,False
2013-10-01 07:03:00+00:00,1.9394598,7.818993126201719,NO ALERT,channel_46,1.6139905,USER-SUPPLIED TELEMETRY — origin not verified,False,False
2013-10-01 07:04:00+00:00,1.0687093,7.818993126201719,NO ALERT,channel_46,0.9044314,USER-SUPPLIED TELEMETRY — origin not verified,False,False
2013-10-01 07:05:00+00:00,2.997499,7.818993126201719,NO ALERT,channel_46,1.2747381,USER-SUPPLIED TELEMETRY — origin not verified,False,False
2013-10-01 07:06:00+00:00,1.6557403,7.818993126201719,NO ALERT,channel_44,1.1052841,USER-SUPPLIED TELEMETRY — origin not verified,False,False
2013-10-01 07:07:00+00:00,1.4430991,7.818993126201719,NO ALERT,channel_44,1.4049453,USER-SUPPLIED TELEMETRY — origin not verified,False,False
2013-10-01 07:08:00+00:00,3.8424928,7.818993126201719,NO ALERT,channel_44,1.2032999,USER-SUPPLIED TELEMETRY — origin not verified,False,False
2013-10-01 07:09:00+00:00,2.3476627,7.818993126201719,NO ALERT,channel_44,1.3679056,USER-SUPPLIED TELEMETRY — origin not verified,False,False
2013-10-01 07:10:00+00:00,2.4626358,7.818993126201719,NO ALERT,channel_41,1.3388454,USER-SUPPLIED TELEMETRY — origin not verified,False,False
2013-10-01 07:11:00+00:00,2.9719594,7.818993126201719,NO ALERT,channel_42,1.3447908,USER-SUPPLIED TELEMETRY — origin not verified,False,False
2013-10-01 07:12:00+00:00,2.3213973,7.818993126201719,NO ALERT,channel_44,1.4381826,USER-SUPPLIED TELEMETRY — origin not verified,False,False
2013-10-01 07:13:00+00:00,2.2986193,7.818993126201719,NO ALERT,channel_42,0.99459106,USER-SUPPLIED TELEMETRY — origin not verified,False,False
2013-10-01 07:14:00+00:00,3.3916142,7.818993126201719,NO ALERT,channel_42,1.1625065,USER-SUPPLIED TELEMETRY — origin not verified,False,False
2013-10-01 07:15:00+00:00,1.2098547,7.818993126201719,NO ALERT,channel_45,1.2046467,USER-SUPPLIED TELEMETRY — origin not verified,False,False
2013-10-01 07:16:00+00:00,2.7963421,7.818993126201719,NO ALERT,channel_42,1.103708,USER-SUPPLIED TELEMETRY — origin not verified,False,False
2013-10-01 07:17:00+00:00,2.9164977,7.818993126201719,NO ALERT,channel_44,1.1943945,USER-SUPPLIED TELEMETRY — origin not verified,False,False
2013-10-01 07:18:00+00:00,3.095052,7.818993126201719,NO ALERT,channel_42,1.2612159,USER-SUPPLIED TELEMETRY — origin not verified,False,False
2013-10-01 07:19:00+00:00,2.4753673,7.818993126201719,NO ALERT,channel_42,1.3446794,USER-SUPPLIED TELEMETRY — origin not verified,False,False
2013-10-01 07:20:00+00:00,1.7910063,7.818993126201719,NO ALERT,channel_42,1.0389754,USER-SUPPLIED TELEMETRY — origin not verified,False,False
2013-10-01 07:21:00+00:00,3.2090294,7.818993126201719,NO ALERT,channel_42,1.1374797,USER-SUPPLIED TELEMETRY — origin not verified,False,False
2013-10-01 07:22:00+00:00,3.7439396,7.818993126201719,NO ALERT,channel_45,1.1963017,USER-SUPPLIED TELEMETRY — origin not verified,False,False
2013-10-01 07:23:00+00:00,3.0345614,7.818993126201719,NO ALERT,channel_42,1.1154015,USER-SUPPLIED TELEMETRY — origin not verified,False,False
2013-10-01 07:24:00+00:00,4.7692385,7.818993126201719,NO ALERT,channel_42,1.4038736,USER-SUPPLIED TELEMETRY — origin not verified,False,False
2013-10-01 07:25:00+00:00,3.0568345,7.818993126201719,NO ALERT,channel_46,1.6135477,USER-SUPPLIED TELEMETRY — origin not verified,False,False
2013-10-01 07:26:00+00:00,2.883149,7.818993126201719,NO ALERT,channel_46,1.6846174,USER-SUPPLIED TELEMETRY — origin not verified,False,False
2013-10-01 07:27:00+00:00,4.159867,7.818993126201719,NO ALERT,channel_46,0.9773358,USER-SUPPLIED TELEMETRY — origin not verified,False,False
2013-10-01 07:28:00+00:00,4.7916374,7.818993126201719,NO ALERT,channel_46,1.5973004,USER-SUPPLIED TELEMETRY — origin not verified,False,False
2013-10-01 07:29:00+00:00,3.0900478,7.818993126201719,NO ALERT,channel_46,1.5585307,USER-SUPPLIED TELEMETRY — origin not verified,False,False
2013-10-01 07:30:00+00:00,2.591399,7.818993126201719,NO ALERT,channel_42,1.009484,USER-SUPPLIED TELEMETRY — origin not verified,False,False
2013-10-01 07:31:00+00:00,1.106571,7.818993126201719,NO ALERT,channel_44,1.645448,USER-SUPPLIED TELEMETRY — origin not verified,False,False
2013-10-01 07:32:00+00:00,4.1127095,7.818993126201719,NO ALERT,channel_41,0.8968848,USER-SUPPLIED TELEMETRY — origin not verified,False,False
2013-10-01 07:33:00+00:00,2.1281922,7.818993126201719,NO ALERT,channel_44,0.96186274,USER-SUPPLIED TELEMETRY — origin not verified,False,False
2013-10-01 07:34:00+00:00,3.193579,7.818993126201719,NO ALERT,channel_41,0.8581625,USER-SUPPLIED TELEMETRY — origin not verified,False,False
2013-10-01 07:35:00+00:00,1.7822204,7.818993126201719,NO ALERT,channel_44,1.255579,USER-SUPPLIED TELEMETRY — origin not verified,False,False
2013-10-01 07:36:00+00:00,2.269134,7.818993126201719,NO ALERT,channel_44,1.1442682,USER-SUPPLIED TELEMETRY — origin not verified,False,False
2013-10-01 07:37:00+00:00,2.8701239,7.818993126201719,NO ALERT,channel_44,1.2425815,USER-SUPPLIED TELEMETRY — origin not verified,False,False
2013-10-01 07:38:00+00:00,4.548041,7.818993126201719,NO ALERT,channel_42,1.7353976,USER-SUPPLIED TELEMETRY — origin not verified,False,False
2013-10-01 07:39:00+00:00,2.0171728,7.818993126201719,NO ALERT,channel_42,1.0232887,USER-SUPPLIED TELEMETRY — origin not verified,False,False
2013-10-01 07:40:00+00:00,0.70978993,7.818993126201719,NO ALERT,channel_42,1.8878552,USER-SUPPLIED TELEMETRY — origin not verified,False,False
2013-10-01 07:41:00+00:00,3.1422799,7.818993126201719,NO ALERT,channel_42,1.1549357,USER-SUPPLIED TELEMETRY — origin not verified,False,False
2013-10-01 07:42:00+00:00,3.5484803,7.818993126201719,NO ALERT,channel_42,1.4459467,USER-SUPPLIED TELEMETRY — origin not verified,False,False
2013-10-01 07:43:00+00:00,3.814782,7.818993126201719,NO ALERT,channel_46,1.1899217,USER-SUPPLIED TELEMETRY — origin not verified,False,False
2013-10-01 07:44:00+00:00,2.8001475,7.818993126201719,NO ALERT,channel_42,1.5983263,USER-SUPPLIED TELEMETRY — origin not verified,False,False
2013-10-01 07:45:00+00:00,1.0953431,7.818993126201719,NO ALERT,channel_42,1.5961959,USER-SUPPLIED TELEMETRY — origin not verified,False,False
2013-10-01 07:46:00+00:00,2.608359,7.818993126201719,NO ALERT,channel_46,1.6173989,USER-SUPPLIED TELEMETRY — origin not verified,False,False
2013-10-01 07:47:00+00:00,3.3605683,7.818993126201719,NO ALERT,channel_42,1.2082087,USER-SUPPLIED TELEMETRY — origin not verified,False,False
2013-10-01 07:48:00+00:00,4.9740744,7.818993126201719,NO ALERT,channel_45,1.5413352,USER-SUPPLIED TELEMETRY — origin not verified,False,False
2013-10-01 07:49:00+00:00,3.7763975,7.818993126201719,NO ALERT,channel_45,1.5277989,USER-SUPPLIED TELEMETRY — origin not verified,False,False
2013-10-01 07:50:00+00:00,2.2315526,7.818993126201719,NO ALERT,channel_42,0.99749875,USER-SUPPLIED TELEMETRY — origin not verified,False,False
2013-10-01 07:51:00+00:00,3.5805986,7.818993126201719,NO ALERT,channel_46,1.5259066,USER-SUPPLIED TELEMETRY — origin not verified,False,False
2013-10-01 07:52:00+00:00,1.5285481,7.818993126201719,NO ALERT,channel_44,0.8246625,USER-SUPPLIED TELEMETRY — origin not verified,False,False
2013-10-01 07:53:00+00:00,1.5968082,7.818993126201719,NO ALERT,channel_44,1.2323142,USER-SUPPLIED TELEMETRY — origin not verified,False,False
2013-10-01 07:54:00+00:00,0.1496426,7.818993126201719,NO ALERT,channel_46,1.188972,USER-SUPPLIED TELEMETRY — origin not verified,False,False
2013-10-01 07:55:00+00:00,-0.074325666,7.818993126201719,NO ALERT,channel_46,1.1783986,USER-SUPPLIED TELEMETRY — origin not verified,False,False
2013-10-01 07:56:00+00:00,1.4721794,7.818993126201719,NO ALERT,channel_41,0.9535592,USER-SUPPLIED TELEMETRY — origin not verified,False,False
2013-10-01 07:57:00+00:00,2.9116213,7.818993126201719,NO ALERT,channel_44,1.2389748,USER-SUPPLIED TELEMETRY — origin not verified,False,False
2013-10-01 07:58:00+00:00,3.3183677,7.818993126201719,NO ALERT,channel_44,1.4301147,USER-SUPPLIED TELEMETRY — origin not verified,False,False
2013-10-01 07:59:00+00:00,2.3197672,7.818993126201719,NO ALERT,channel_44,0.9688745,USER-SUPPLIED TELEMETRY — origin not verified,False,False
2013-10-01 08:00:00+00:00,1.6434349,7.818993126201719,NO ALERT,channel_42,1.280156,USER-SUPPLIED TELEMETRY — origin not verified,False,False
2013-10-01 08:01:00+00:00,1.3944771,7.818993126201719,NO ALERT,channel_44,0.9394976,USER-SUPPLIED TELEMETRY — origin not verified,False,False
2013-10-01 08:02:00+00:00,3.6726873,7.818993126201719,NO ALERT,channel_44,1.1340799,USER-SUPPLIED TELEMETRY — origin not verified,False,False
2013-10-01 08:03:00+00:00,4.156834,7.818993126201719,NO ALERT,channel_45,0.9194657,USER-SUPPLIED TELEMETRY — origin not verified,False,False
2013-10-01 08:04:00+00:00,3.0098302,7.818993126201719,NO ALERT,channel_44,1.1192307,USER-SUPPLIED TELEMETRY — origin not verified,False,False
2013-10-01 08:05:00+00:00,1.4909664,7.818993126201719,NO ALERT,channel_42,1.086849,USER-SUPPLIED TELEMETRY — origin not verified,False,False
2013-10-01 08:06:00+00:00,4.432978,7.818993126201719,NO ALERT,channel_45,1.344796,USER-SUPPLIED TELEMETRY — origin not verified,False,False
2013-10-01 08:07:00+00:00,2.9663794,7.818993126201719,NO ALERT,channel_42,1.8414844,USER-SUPPLIED TELEMETRY — origin not verified,False,False
2013-10-01 08:08:00+00:00,3.9334722,7.818993126201719,NO ALERT,channel_42,1.2284608,USER-SUPPLIED TELEMETRY — origin not verified,False,False
2013-10-01 08:09:00+00:00,1.052414,7.818993126201719,NO ALERT,channel_45,1.2763036,USER-SUPPLIED TELEMETRY — origin not verified,False,False
2013-10-01 08:10:00+00:00,2.597219,7.818993126201719,NO ALERT,channel_46,1.601388,USER-SUPPLIED TELEMETRY — origin not verified,False,False
2013-10-01 08:11:00+00:00,2.5804894,7.818993126201719,NO ALERT,channel_44,1.5899411,USER-SUPPLIED TELEMETRY — origin not verified,False,False
2013-10-01 08:12:00+00:00,2.6317477,7.818993126201719,NO ALERT,channel_45,1.1117626,USER-SUPPLIED TELEMETRY — origin not verified,False,False
2013-10-01 08:13:00+00:00,4.436435,7.818993126201719,NO ALERT,channel_46,1.5357641,USER-SUPPLIED TELEMETRY — origin not verified,False,False
2013-10-01 08:14:00+00:00,2.378157,7.818993126201719,NO ALERT,channel_42,1.1027734,USER-SUPPLIED TELEMETRY — origin not verified,False,False
2013-10-01 08:15:00+00:00,4.4197435,7.818993126201719,NO ALERT,channel_46,1.6066774,USER-SUPPLIED TELEMETRY — origin not verified,False,False
2013-10-01 08:16:00+00:00,4.924769,7.818993126201719,NO ALERT,channel_44,1.2371825,USER-SUPPLIED TELEMETRY — origin not verified,False,False
2013-10-01 08:17:00+00:00,3.4406452,7.818993126201719,NO ALERT,channel_44,0.9976831,USER-SUPPLIED TELEMETRY — origin not verified,False,False
2013-10-01 08:18:00+00:00,4.5345516,7.818993126201719,NO ALERT,channel_46,1.0031222,USER-SUPPLIED TELEMETRY — origin not verified,False,False
2013-10-01 08:19:00+00:00,2.0075583,7.818993126201719,NO ALERT,channel_41,1.0634693,USER-SUPPLIED TELEMETRY — origin not verified,False,False
2013-10-01 08:20:00+00:00,3.5042331,7.818993126201719,NO ALERT,channel_41,0.9175438,USER-SUPPLIED TELEMETRY — origin not verified,False,False
2013-10-01 08:21:00+00:00,3.52482,7.818993126201719,NO ALERT,channel_44,1.130213,USER-SUPPLIED TELEMETRY — origin not verified,False,False
2013-10-01 08:22:00+00:00,3.306878,7.818993126201719,NO ALERT,channel_44,1.5383457,USER-SUPPLIED TELEMETRY — origin not verified,False,False
2013-10-01 08:23:00+00:00,2.3038163,7.818993126201719,NO ALERT,channel_44,0.88652956,USER-SUPPLIED TELEMETRY — origin not verified,False,False
2013-10-01 08:24:00+00:00,4.9667172,7.818993126201719,NO ALERT,channel_44,1.5240228,USER-SUPPLIED TELEMETRY — origin not verified,False,False
2013-10-01 08:25:00+00:00,0.8132024,7.818993126201719,NO ALERT,channel_44,1.0682844,USER-SUPPLIED TELEMETRY — origin not verified,False,False
2013-10-01 08:26:00+00:00,3.5044472,7.818993126201719,NO ALERT,channel_44,0.7335971,USER-SUPPLIED TELEMETRY — origin not verified,False,False
2013-10-01 08:27:00+00:00,2.957312,7.818993126201719,NO ALERT,channel_44,1.2736777,USER-SUPPLIED TELEMETRY — origin not verified,False,False
2013-10-01 08:28:00+00:00,3.6213152,7.818993126201719,NO ALERT,channel_44,1.2754049,USER-SUPPLIED TELEMETRY — origin not verified,False,False
2013-10-01 08:29:00+00:00,2.1665466,7.818993126201719,NO ALERT,channel_42,1.7128422,USER-SUPPLIED TELEMETRY — origin not verified,False,False
2013-10-01 08:30:00+00:00,2.887153,7.818993126201719,NO ALERT,channel_41,1.0135274,USER-SUPPLIED TELEMETRY — origin not verified,False,False
2013-10-01 08:31:00+00:00,1.5948583,7.818993126201719,NO ALERT,channel_45,0.7430699,USER-SUPPLIED TELEMETRY — origin not verified,False,False
2013-10-01 08:32:00+00:00,4.491909,7.818993126201719,NO ALERT,channel_42,0.8727463,USER-SUPPLIED TELEMETRY — origin not verified,False,False
2013-10-01 08:33:00+00:00,1.573115,7.818993126201719,NO ALERT,channel_44,1.2776057,USER-SUPPLIED TELEMETRY — origin not verified,False,False
2013-10-01 08:34:00+00:00,4.0450206,7.818993126201719,NO ALERT,channel_45,0.9708143,USER-SUPPLIED TELEMETRY — origin not verified,False,False
2013-10-01 08:35:00+00:00,2.6966724,7.818993126201719,NO ALERT,channel_46,0.91920537,USER-SUPPLIED TELEMETRY — origin not verified,False,False
2013-10-01 08:36:00+00:00,3.0011141,7.818993126201719,NO ALERT,channel_45,0.83848846,USER-SUPPLIED TELEMETRY — origin not verified,False,False
2013-10-01 08:37:00+00:00,2.9540417,7.818993126201719,NO ALERT,channel_46,0.9789904,USER-SUPPLIED TELEMETRY — origin not verified,False,False
2013-10-01 08:38:00+00:00,4.8863926,7.818993126201719,NO ALERT,channel_42,1.4935267,USER-SUPPLIED TELEMETRY — origin not verified,False,False
2013-10-01 08:39:00+00:00,3.9120398,7.818993126201719,NO ALERT,channel_46,1.0485196,USER-SUPPLIED TELEMETRY — origin not verified,False,False
2013-10-01 08:40:00+00:00,0.96798813,7.818993126201719,NO ALERT,channel_46,1.1310662,USER-SUPPLIED TELEMETRY — origin not verified,False,False
2013-10-01 08:41:00+00:00,0.19904484,7.818993126201719,NO ALERT,channel_46,0.8245806,USER-SUPPLIED TELEMETRY — origin not verified,False,False
2013-10-01 08:42:00+00:00,1.4790064,7.818993126201719,NO ALERT,channel_46,0.9139274,USER-SUPPLIED TELEMETRY — origin not verified,False,False
2013-10-01 08:43:00+00:00,1.7818605,7.818993126201719,NO ALERT,channel_46,1.3075649,USER-SUPPLIED TELEMETRY — origin not verified,False,False
2013-10-01 08:44:00+00:00,-1.3623663,7.818993126201719,NO ALERT,channel_46,0.70623404,USER-SUPPLIED TELEMETRY — origin not verified,False,False
2013-10-01 08:45:00+00:00,1.9932436,7.818993126201719,NO ALERT,channel_46,0.8996025,USER-SUPPLIED TELEMETRY — origin not verified,False,False
2013-10-01 08:46:00+00:00,2.0849853,7.818993126201719,NO ALERT,channel_46,0.6909897,USER-SUPPLIED TELEMETRY — origin not verified,False,False
2013-10-01 08:47:00+00:00,0.39631823,7.818993126201719,NO ALERT,channel_46,0.59672415,USER-SUPPLIED TELEMETRY — origin not verified,False,False
2013-10-01 08:48:00+00:00,3.2226052,7.818993126201719,NO ALERT,channel_44,1.0094472,USER-SUPPLIED TELEMETRY — origin not verified,False,False
2013-10-01 08:49:00+00:00,0.3821428,7.818993126201719,NO ALERT,channel_41,0.7191492,USER-SUPPLIED TELEMETRY — origin not verified,False,False
2013-10-01 08:50:00+00:00,3.3363025,7.818993126201719,NO ALERT,channel_46,0.8151501,USER-SUPPLIED TELEMETRY — origin not verified,False,False
2013-10-01 08:51:00+00:00,0.7039241,7.818993126201719,NO ALERT,channel_44,1.3311576,USER-SUPPLIED TELEMETRY — origin not verified,False,False
2013-10-01 08:52:00+00:00,2.0986838,7.818993126201719,NO ALERT,channel_42,1.2504802,USER-SUPPLIED TELEMETRY — origin not verified,False,False
2013-10-01 08:53:00+00:00,2.48409,7.818993126201719,NO ALERT,channel_42,1.0207317,USER-SUPPLIED TELEMETRY — origin not verified,False,False
2013-10-01 08:54:00+00:00,3.0715067,7.818993126201719,NO ALERT,channel_41,0.9256087,USER-SUPPLIED TELEMETRY — origin not verified,False,False
2013-10-01 08:55:00+00:00,2.4541624,7.818993126201719,NO ALERT,channel_42,1.5676906,USER-SUPPLIED TELEMETRY — origin not verified,False,False
2013-10-01 08:56:00+00:00,2.69273,7.818993126201719,NO ALERT,channel_42,1.1401664,USER-SUPPLIED TELEMETRY — origin not verified,False,False
2013-10-01 08:57:00+00:00,2.8555365,7.818993126201719,NO ALERT,channel_42,1.6155093,USER-SUPPLIED TELEMETRY — origin not verified,False,False
2013-10-01 08:58:00+00:00,3.3938787,7.818993126201719,NO ALERT,channel_42,1.980122,USER-SUPPLIED TELEMETRY — origin not verified,False,False
2013-10-01 08:59:00+00:00,2.2236683,7.818993126201719,NO ALERT,channel_45,0.9309701,USER-SUPPLIED TELEMETRY — origin not verified,False,False
2013-10-01 09:00:00+00:00,1.91458,7.818993126201719,NO ALERT,channel_45,0.91461116,USER-SUPPLIED TELEMETRY — origin not verified,False,False
2013-10-01 09:01:00+00:00,3.205421,7.818993126201719,NO ALERT,channel_45,0.9103363,USER-SUPPLIED TELEMETRY — origin not verified,False,False
2013-10-01 09:02:00+00:00,2.988661,7.818993126201719,NO ALERT,channel_45,1.0240479,USER-SUPPLIED TELEMETRY — origin not verified,False,False
2013-10-01 09:03:00+00:00,3.1014645,7.818993126201719,NO ALERT,channel_46,0.7312086,USER-SUPPLIED TELEMETRY — origin not verified,False,False
2013-10-01 09:04:00+00:00,1.6162666,7.818993126201719,NO ALERT,channel_46,0.92174673,USER-SUPPLIED TELEMETRY — origin not verified,False,False
2013-10-01 09:05:00+00:00,0.1518478,7.818993126201719,NO ALERT,channel_44,0.69330996,USER-SUPPLIED TELEMETRY — origin not verified,False,False
2013-10-01 09:06:00+00:00,1.5746094,7.818993126201719,NO ALERT,channel_44,0.7812812,USER-SUPPLIED TELEMETRY — origin not verified,False,False
2013-10-01 09:07:00+00:00,1.6042365,7.818993126201719,NO ALERT,channel_44,0.97208935,USER-SUPPLIED TELEMETRY — origin not verified,False,False
2013-10-01 09:08:00+00:00,3.5236104,7.818993126201719,NO ALERT,channel_44,1.2058055,USER-SUPPLIED TELEMETRY — origin not verified,False,False
2013-10-01 09:09:00+00:00,3.842516,7.818993126201719,NO ALERT,channel_41,0.7207132,USER-SUPPLIED TELEMETRY — origin not verified,False,False
2013-10-01 09:10:00+00:00,2.4533331,7.818993126201719,NO ALERT,channel_41,0.698301,USER-SUPPLIED TELEMETRY — origin not verified,False,False
2013-10-01 09:11:00+00:00,1.2293167,7.818993126201719,NO ALERT,channel_44,0.99227214,USER-SUPPLIED TELEMETRY — origin not verified,False,False
2013-10-01 09:12:00+00:00,2.8254979,7.818993126201719,NO ALERT,channel_44,1.4828272,USER-SUPPLIED TELEMETRY — origin not verified,False,False
2013-10-01 09:13:00+00:00,1.3242325,7.818993126201719,NO ALERT,channel_42,1.1307935,USER-SUPPLIED TELEMETRY — origin not verified,False,False
2013-10-01 09:14:00+00:00,3.4187982,7.818993126201719,NO ALERT,channel_41,0.9832857,USER-SUPPLIED TELEMETRY — origin not verified,False,False
2013-10-01 09:15:00+00:00,2.7002277,7.818993126201719,NO ALERT,channel_41,1.2087021,USER-SUPPLIED TELEMETRY — origin not verified,False,False
2013-10-01 09:16:00+00:00,1.4721845,7.818993126201719,NO ALERT,channel_45,1.0084976,USER-SUPPLIED TELEMETRY — origin not verified,False,False
2013-10-01 09:17:00+00:00,1.8582896,7.818993126201719,NO ALERT,channel_42,1.0720557,USER-SUPPLIED TELEMETRY — origin not verified,False,False
2013-10-01 09:18:00+00:00,3.3546598,7.818993126201719,NO ALERT,channel_44,1.3002557,USER-SUPPLIED TELEMETRY — origin not verified,False,False
2013-10-01 09:19:00+00:00,1.0645174,7.818993126201719,NO ALERT,channel_45,1.0531807,USER-SUPPLIED TELEMETRY — origin not verified,False,False
2013-10-01 09:20:00+00:00,3.6103182,7.818993126201719,NO ALERT,channel_46,0.9461307,USER-SUPPLIED TELEMETRY — origin not verified,False,False
2013-10-01 09:21:00+00:00,2.0224779,7.818993126201719,NO ALERT,channel_45,0.8968368,USER-SUPPLIED TELEMETRY — origin not verified,False,False
2013-10-01 09:22:00+00:00,1.3205453,7.818993126201719,NO ALERT,channel_46,1.1942067,USER-SUPPLIED TELEMETRY — origin not verified,False,False
2013-10-01 09:23:00+00:00,2.4622407,7.818993126201719,NO ALERT,channel_42,1.9929209,USER-SUPPLIED TELEMETRY — origin not verified,False,False
2013-10-01 09:24:00+00:00,0.97922254,7.818993126201719,NO ALERT,channel_45,1.0906986,USER-SUPPLIED TELEMETRY — origin not verified,False,False
2013-10-01 09:25:00+00:00,0.3778043,7.818993126201719,NO ALERT,channel_46,1.1023837,USER-SUPPLIED TELEMETRY — origin not verified,False,False
2013-10-01 09:26:00+00:00,1.6900352,7.818993126201719,NO ALERT,channel_46,1.0738236,USER-SUPPLIED TELEMETRY — origin not verified,False,False
2013-10-01 09:27:00+00:00,3.0367987,7.818993126201719,NO ALERT,channel_46,1.0674708,USER-SUPPLIED TELEMETRY — origin not verified,False,False
2013-10-01 09:28:00+00:00,5.413148,7.818993126201719,NO ALERT,channel_46,1.1471224,USER-SUPPLIED TELEMETRY — origin not verified,False,False
2013-10-01 09:29:00+00:00,2.0923414,7.818993126201719,NO ALERT,channel_46,0.8244627,USER-SUPPLIED TELEMETRY — origin not verified,False,False
2013-10-01 09:30:00+00:00,2.82573,7.818993126201719,NO ALERT,channel_45,0.8112309,USER-SUPPLIED TELEMETRY — origin not verified,False,False
2013-10-01 09:31:00+00:00,1.6263756,7.818993126201719,NO ALERT,channel_46,1.3860418,USER-SUPPLIED TELEMETRY — origin not verified,False,False
2013-10-01 09:32:00+00:00,3.505326,7.818993126201719,NO ALERT,channel_46,1.3635482,USER-SUPPLIED TELEMETRY — origin not verified,False,False
2013-10-01 09:33:00+00:00,0.85417527,7.818993126201719,NO ALERT,channel_44,1.2067322,USER-SUPPLIED TELEMETRY — origin not verified,False,False
2013-10-01 09:34:00+00:00,2.466152,7.818993126201719,NO ALERT,channel_46,0.84815264,USER-SUPPLIED TELEMETRY — origin not verified,False,False
2013-10-01 09:35:00+00:00,1.9494473,7.818993126201719,NO ALERT,channel_44,2.2226503,USER-SUPPLIED TELEMETRY — origin not verified,False,False
2013-10-01 09:36:00+00:00,2.5342572,7.818993126201719,NO ALERT,channel_44,0.9927732,USER-SUPPLIED TELEMETRY — origin not verified,False,False
2013-10-01 09:37:00+00:00,2.544806,7.818993126201719,NO ALERT,channel_44,1.2028439,USER-SUPPLIED TELEMETRY — origin not verified,False,False
2013-10-01 09:38:00+00:00,4.006641,7.818993126201719,NO ALERT,channel_44,1.5110015,USER-SUPPLIED TELEMETRY — origin not verified,False,False
2013-10-01 09:39:00+00:00,3.8019376,7.818993126201719,NO ALERT,channel_44,1.2676532,USER-SUPPLIED TELEMETRY — origin not verified,False,False
2013-10-01 09:40:00+00:00,2.3581038,7.818993126201719,NO ALERT,channel_44,1.2509389,USER-SUPPLIED TELEMETRY — origin not verified,False,False
2013-10-01 09:41:00+00:00,2.0667334,7.818993126201719,NO ALERT,channel_42,1.2452644,USER-SUPPLIED TELEMETRY — origin not verified,False,False
2013-10-01 09:42:00+00:00,3.2132022,7.818993126201719,NO ALERT,channel_41,1.4404161,USER-SUPPLIED TELEMETRY — origin not verified,False,False
2013-10-01 09:43:00+00:00,2.7882574,7.818993126201719,NO ALERT,channel_45,0.82044363,USER-SUPPLIED TELEMETRY — origin not verified,False,False
2013-10-01 09:44:00+00:00,1.7447679,7.818993126201719,NO ALERT,channel_42,1.1841302,USER-SUPPLIED TELEMETRY — origin not verified,False,False
2013-10-01 09:45:00+00:00,3.0706246,7.818993126201719,NO ALERT,channel_45,1.2669313,USER-SUPPLIED TELEMETRY — origin not verified,False,False
2013-10-01 09:46:00+00:00,3.0795221,7.818993126201719,NO ALERT,channel_45,1.2423114,USER-SUPPLIED TELEMETRY — origin not verified,False,False
2013-10-01 09:47:00+00:00,2.1676712,7.818993126201719,NO ALERT,channel_42,1.4301256,USER-SUPPLIED TELEMETRY — origin not verified,False,False
2013-10-01 09:48:00+00:00,5.07591,7.818993126201719,NO ALERT,channel_42,1.6779251,USER-SUPPLIED TELEMETRY — origin not verified,False,False
2013-10-01 09:49:00+00:00,3.6554353,7.818993126201719,NO ALERT,channel_46,1.7213265,USER-SUPPLIED TELEMETRY — origin not verified,False,False
2013-10-01 09:50:00+00:00,1.8503417,7.818993126201719,NO ALERT,channel_46,1.18719,USER-SUPPLIED TELEMETRY — origin not verified,False,False
2013-10-01 09:51:00+00:00,5.2675996,7.818993126201719,NO ALERT,channel_46,1.1653535,USER-SUPPLIED TELEMETRY — origin not verified,False,False
2013-10-01 09:52:00+00:00,2.197451,7.818993126201719,NO ALERT,channel_42,0.8770044,USER-SUPPLIED TELEMETRY — origin not verified,False,False
2013-10-01 09:53:00+00:00,4.503139,7.818993126201719,NO ALERT,channel_46,1.0362029,USER-SUPPLIED TELEMETRY — origin not verified,False,False
2013-10-01 09:54:00+00:00,3.2897594,7.818993126201719,NO ALERT,channel_46,1.0158702,USER-SUPPLIED TELEMETRY — origin not verified,False,False
2013-10-01 09:55:00+00:00,3.6212802,7.818993126201719,NO ALERT,channel_46,1.398784,USER-SUPPLIED TELEMETRY — origin not verified,False,False
2013-10-01 09:56:00+00:00,1.9930924,7.818993126201719,NO ALERT,channel_44,1.0345595,USER-SUPPLIED TELEMETRY — origin not verified,False,False
2013-10-01 09:57:00+00:00,1.8939363,7.818993126201719,NO ALERT,channel_44,1.2200564,USER-SUPPLIED TELEMETRY — origin not verified,False,False
2013-10-01 09:58:00+00:00,4.2233624,7.818993126201719,NO ALERT,channel_44,1.5160244,USER-SUPPLIED TELEMETRY — origin not verified,False,False
2013-10-01 09:59:00+00:00,3.4363954,7.818993126201719,NO ALERT,channel_44,1.2748153,USER-SUPPLIED TELEMETRY — origin not verified,False,False
2013-10-01 10:00:00+00:00,2.1031206,7.818993126201719,NO ALERT,channel_41,0.9635897,USER-SUPPLIED TELEMETRY — origin not verified,False,False
2013-10-01 10:01:00+00:00,2.3010986,7.818993126201719,NO ALERT,channel_44,2.2999246,USER-SUPPLIED TELEMETRY — origin not verified,False,False
2013-10-01 10:02:00+00:00,2.5672128,7.818993126201719,NO ALERT,channel_44,1.5225699,USER-SUPPLIED TELEMETRY — origin not verified,False,False
2013-10-01 10:03:00+00:00,3.2960205,7.818993126201719,NO ALERT,channel_44,1.3904077,USER-SUPPLIED TELEMETRY — origin not verified,False,False
2013-10-01 10:04:00+00:00,2.3434505,7.818993126201719,NO ALERT,channel_44,1.6915301,USER-SUPPLIED TELEMETRY — origin not verified,False,False
2013-10-01 10:05:00+00:00,1.3445246,7.818993126201719,NO ALERT,channel_44,1.1233634,USER-SUPPLIED TELEMETRY — origin not verified,False,False
2013-10-01 10:06:00+00:00,1.4500375,7.818993126201719,NO ALERT,channel_42,0.9882746,USER-SUPPLIED TELEMETRY — origin not verified,False,False
2013-10-01 10:07:00+00:00,1.0220675,7.818993126201719,NO ALERT,channel_42,1.276213,USER-SUPPLIED TELEMETRY — origin not verified,False,False
2013-10-01 10:08:00+00:00,2.6310742,7.818993126201719,NO ALERT,channel_41,1.7224263,USER-SUPPLIED TELEMETRY — origin not verified,False,False
2013-10-01 10:09:00+00:00,0.067003325,7.818993126201719,NO ALERT,channel_45,1.1126374,USER-SUPPLIED TELEMETRY — origin not verified,False,False
2013-10-01 10:10:00+00:00,-0.38660774,7.818993126201719,NO ALERT,channel_42,0.9431244,USER-SUPPLIED TELEMETRY — origin not verified,False,False
2013-10-01 10:11:00+00:00,2.8603644,7.818993126201719,NO ALERT,channel_42,1.0259659,USER-SUPPLIED TELEMETRY — origin not verified,False,False
2013-10-01 10:12:00+00:00,1.5862342,7.818993126201719,NO ALERT,channel_42,1.4113466,USER-SUPPLIED TELEMETRY — origin not verified,False,False
2013-10-01 10:13:00+00:00,2.3410358,7.818993126201719,NO ALERT,channel_46,1.0979546,USER-SUPPLIED TELEMETRY — origin not verified,False,False
2013-10-01 10:14:00+00:00,2.2511,7.818993126201719,NO ALERT,channel_46,1.3685721,USER-SUPPLIED TELEMETRY — origin not verified,False,False
2013-10-01 10:15:00+00:00,1.0632157,7.818993126201719,NO ALERT,channel_46,1.2427697,USER-SUPPLIED TELEMETRY — origin not verified,False,False
2013-10-01 10:16:00+00:00,3.124508,7.818993126201719,NO ALERT,channel_46,1.6299835,USER-SUPPLIED TELEMETRY — origin not verified,False,False
2013-10-01 10:17:00+00:00,1.2014475,7.818993126201719,NO ALERT,channel_44,0.9204823,USER-SUPPLIED TELEMETRY — origin not verified,False,False
2013-10-01 10:18:00+00:00,4.7011957,7.818993126201719,NO ALERT,channel_46,1.2901634,USER-SUPPLIED TELEMETRY — origin not verified,False,False
2013-10-01 10:19:00+00:00,-0.70842665,7.818993126201719,NO ALERT,channel_46,1.176512,USER-SUPPLIED TELEMETRY — origin not verified,False,False
2013-10-01 10:20:00+00:00,0.8954677,7.818993126201719,NO ALERT,channel_46,1.0694276,USER-SUPPLIED TELEMETRY — origin not verified,False,False
2013-10-01 10:21:00+00:00,0.029727746,7.818993126201719,NO ALERT,channel_46,1.3637004,USER-SUPPLIED TELEMETRY — origin not verified,False,False
2013-10-01 10:22:00+00:00,3.2183387,7.818993126201719,NO ALERT,channel_46,1.149679,USER-SUPPLIED TELEMETRY — origin not verified,False,False
2013-10-01 10:23:00+00:00,3.0432386,7.818993126201719,NO ALERT,channel_46,1.2491274,USER-SUPPLIED TELEMETRY — origin not verified,False,False
2013-10-01 10:24:00+00:00,3.4990978,7.818993126201719,NO ALERT,channel_41,1.1365174,USER-SUPPLIED TELEMETRY — origin not verified,False,False
2013-10-01 10:25:00+00:00,3.0210013,7.818993126201719,NO ALERT,channel_44,1.242756,USER-SUPPLIED TELEMETRY — origin not verified,False,False
2013-10-01 10:26:00+00:00,2.3710926,7.818993126201719,NO ALERT,channel_41,1.2155406,USER-SUPPLIED TELEMETRY — origin not verified,False,False
2013-10-01 10:27:00+00:00,3.1070108,7.818993126201719,NO ALERT,channel_44,1.1036025,USER-SUPPLIED TELEMETRY — origin not verified,False,False
2013-10-01 10:28:00+00:00,2.8600996,7.818993126201719,NO ALERT,channel_44,1.1893046,USER-SUPPLIED TELEMETRY — origin not verified,False,False
2013-10-01 10:29:00+00:00,2.5352745,7.818993126201719,NO ALERT,channel_44,1.2837753,USER-SUPPLIED TELEMETRY — origin not verified,False,False
2013-10-01 10:30:00+00:00,2.135592,7.818993126201719,NO ALERT,channel_44,1.0518603,USER-SUPPLIED TELEMETRY — origin not verified,False,False
2013-10-01 10:31:00+00:00,3.5371141,7.818993126201719,NO ALERT,channel_44,1.1575004,USER-SUPPLIED TELEMETRY — origin not verified,False,False
2013-10-01 10:32:00+00:00,2.1184032,7.818993126201719,NO ALERT,channel_42,1.4753014,USER-SUPPLIED TELEMETRY — origin not verified,False,False
2013-10-01 10:33:00+00:00,2.9637334,7.818993126201719,NO ALERT,channel_42,1.6511623,USER-SUPPLIED TELEMETRY — origin not verified,False,False
2013-10-01 10:34:00+00:00,5.1571336,7.818993126201719,NO ALERT,channel_42,1.3185923,USER-SUPPLIED TELEMETRY — origin not verified,False,False
2013-10-01 10:35:00+00:00,3.4075546,7.818993126201719,NO ALERT,channel_42,1.6943055,USER-SUPPLIED TELEMETRY — origin not verified,False,False
2013-10-01 10:36:00+00:00,3.0311124,7.818993126201719,NO ALERT,channel_42,1.5726206,USER-SUPPLIED TELEMETRY — origin not verified,False,False
2013-10-01 10:37:00+00:00,3.615838,7.818993126201719,NO ALERT,channel_45,1.2161906,USER-SUPPLIED TELEMETRY — origin not verified,False,False
2013-10-01 10:38:00+00:00,4.675138,7.818993126201719,NO ALERT,channel_42,1.5333391,USER-SUPPLIED TELEMETRY — origin not verified,False,False
2013-10-01 10:39:00+00:00,2.0440648,7.818993126201719,NO ALERT,channel_42,2.0367508,USER-SUPPLIED TELEMETRY — origin not verified,False,False
2013-10-01 10:40:00+00:00,2.9973693,7.818993126201719,NO ALERT,channel_46,1.2521595,USER-SUPPLIED TELEMETRY — origin not verified,False,False
2013-10-01 10:41:00+00:00,2.9395986,7.818993126201719,NO ALERT,channel_46,0.82556885,USER-SUPPLIED TELEMETRY — origin not verified,False,False
2013-10-01 10:42:00+00:00,0.9850862,7.818993126201719,NO ALERT,channel_46,0.9085902,USER-SUPPLIED TELEMETRY — origin not verified,False,False
2013-10-01 10:43:00+00:00,3.1593995,7.818993126201719,NO ALERT,channel_46,1.5970243,USER-SUPPLIED TELEMETRY — origin not verified,False,False
2013-10-01 10:44:00+00:00,5.0590434,7.818993126201719,NO ALERT,channel_46,1.5798094,USER-SUPPLIED TELEMETRY — origin not verified,False,False
2013-10-01 10:45:00+00:00,3.475014,7.818993126201719,NO ALERT,channel_41,1.0479172,USER-SUPPLIED TELEMETRY — origin not verified,False,False
2013-10-01 10:46:00+00:00,0.6276364,7.818993126201719,NO ALERT,channel_44,1.3064669,USER-SUPPLIED TELEMETRY — origin not verified,False,False
2013-10-01 10:47:00+00:00,2.123891,7.818993126201719,NO ALERT,channel_44,1.3796854,USER-SUPPLIED TELEMETRY — origin not verified,False,False
2013-10-01 10:48:00+00:00,4.0675206,7.818993126201719,NO ALERT,channel_44,1.5786862,USER-SUPPLIED TELEMETRY — origin not verified,False,False
2013-10-01 10:49:00+00:00,2.0753562,7.818993126201719,NO ALERT,channel_41,1.0770576,USER-SUPPLIED TELEMETRY — origin not verified,False,False
2013-10-01 10:50:00+00:00,1.593418,7.818993126201719,NO ALERT,channel_44,1.5533355,USER-SUPPLIED TELEMETRY — origin not verified,False,False
2013-10-01 10:51:00+00:00,2.1348987,7.818993126201719,NO ALERT,channel_41,1.2697103,USER-SUPPLIED TELEMETRY — origin not verified,False,False
2013-10-01 10:52:00+00:00,3.8978155,7.818993126201719,NO ALERT,channel_44,1.2942264,USER-SUPPLIED TELEMETRY — origin not verified,False,False
2013-10-01 10:53:00+00:00,3.411209,7.818993126201719,NO ALERT,channel_44,1.5096406,USER-SUPPLIED TELEMETRY — origin not verified,False,False
2013-10-01 10:54:00+00:00,2.4502406,7.818993126201719,NO ALERT,channel_42,1.5404761,USER-SUPPLIED TELEMETRY — origin not verified,False,False
2013-10-01 10:55:00+00:00,3.751251,7.818993126201719,NO ALERT,channel_42,1.1329803,USER-SUPPLIED TELEMETRY — origin not verified,False,False
2013-10-01 10:56:00+00:00,0.08802737,7.818993126201719,NO ALERT,channel_44,1.2635303,USER-SUPPLIED TELEMETRY — origin not verified,False,False
2013-10-01 10:57:00+00:00,1.180978,7.818993126201719,NO ALERT,channel_42,2.2842832,USER-SUPPLIED TELEMETRY — origin not verified,False,False
2013-10-01 10:58:00+00:00,3.4562075,7.818993126201719,NO ALERT,channel_42,1.3188004,USER-SUPPLIED TELEMETRY — origin not verified,False,False
2013-10-01 10:59:00+00:00,1.530175,7.818993126201719,NO ALERT,channel_42,1.364105,USER-SUPPLIED TELEMETRY — origin not verified,False,False
2013-10-01 11:00:00+00:00,2.5777824,7.818993126201719,NO ALERT,channel_42,1.4430203,USER-SUPPLIED TELEMETRY — origin not verified,False,False
2013-10-01 11:01:00+00:00,3.0267394,7.818993126201719,NO ALERT,channel_42,1.5183325,USER-SUPPLIED TELEMETRY — origin not verified,False,False
2013-10-01 11:02:00+00:00,2.882141,7.818993126201719,NO ALERT,channel_42,1.7090758,USER-SUPPLIED TELEMETRY — origin not verified,False,False
2013-10-01 11:03:00+00:00,2.5070221,7.818993126201719,NO ALERT,channel_46,1.2427678,USER-SUPPLIED TELEMETRY — origin not verified,False,False
2013-10-01 11:04:00+00:00,1.2406963,7.818993126201719,NO ALERT,channel_42,1.1881016,USER-SUPPLIED TELEMETRY — origin not verified,False,False
2013-10-01 11:05:00+00:00,2.3625698,7.818993126201719,NO ALERT,channel_46,1.2976456,USER-SUPPLIED TELEMETRY — origin not verified,False,False
2013-10-01 11:06:00+00:00,0.9221375,7.818993126201719,NO ALERT,channel_46,1.3754637,USER-SUPPLIED TELEMETRY — origin not verified,False,False
2013-10-01 11:07:00+00:00,3.2101998,7.818993126201719,NO ALERT,channel_42,1.3998624,USER-SUPPLIED TELEMETRY — origin not verified,False,False
2013-10-01 11:08:00+00:00,4.95922,7.818993126201719,NO ALERT,channel_46,1.3290339,USER-SUPPLIED TELEMETRY — origin not verified,False,False
2013-10-01 11:09:00+00:00,1.6041685,7.818993126201719,NO ALERT,channel_46,1.3133303,USER-SUPPLIED TELEMETRY — origin not verified,False,False
2013-10-01 11:10:00+00:00,0.46080735,7.818993126201719,NO ALERT,channel_46,0.7979871,USER-SUPPLIED TELEMETRY — origin not verified,False,False
2013-10-01 11:11:00+00:00,3.178154,7.818993126201719,NO ALERT,channel_46,1.169176,USER-SUPPLIED TELEMETRY — origin not verified,False,False
2013-10-01 11:12:00+00:00,1.6340541,7.818993126201719,NO ALERT,channel_46,0.96114475,USER-SUPPLIED TELEMETRY — origin not verified,False,False
2013-10-01 11:13:00+00:00,1.5392807,7.818993126201719,NO ALERT,channel_44,1.2486562,USER-SUPPLIED TELEMETRY — origin not verified,False,False
2013-10-01 11:14:00+00:00,4.0601687,7.818993126201719,NO ALERT,channel_44,1.6686977,USER-SUPPLIED TELEMETRY — origin not verified,False,False
2013-10-01 11:15:00+00:00,0.19265611,7.818993126201719,NO ALERT,channel_42,1.3609966,USER-SUPPLIED TELEMETRY — origin not verified,False,False
2013-10-01 11:16:00+00:00,2.8063366,7.818993126201719,NO ALERT,channel_41,1.0848917,USER-SUPPLIED TELEMETRY — origin not verified,False,False
2013-10-01 11:17:00+00:00,4.0821047,7.818993126201719,NO ALERT,channel_42,1.1037998,USER-SUPPLIED TELEMETRY — origin not verified,False,False
2013-10-01 11:18:00+00:00,3.9806507,7.818993126201719,NO ALERT,channel_41,1.2451737,USER-SUPPLIED TELEMETRY — origin not verified,False,False
2013-10-01 11:19:00+00:00,3.8697855,7.818993126201719,NO ALERT,channel_42,1.461853,USER-SUPPLIED TELEMETRY — origin not verified,False,False
2013-10-01 11:20:00+00:00,3.8004096,7.818993126201719,NO ALERT,channel_42,1.2437202,USER-SUPPLIED TELEMETRY — origin not verified,False,False
2013-10-01 11:21:00+00:00,4.3815417,7.818993126201719,NO ALERT,channel_42,1.2217598,USER-SUPPLIED TELEMETRY — origin not verified,False,False
2013-10-01 11:22:00+00:00,5.137862,7.818993126201719,NO ALERT,channel_45,1.0085396,USER-SUPPLIED TELEMETRY — origin not verified,False,False
2013-10-01 11:23:00+00:00,2.9761603,7.818993126201719,NO ALERT,channel_46,1.1131946,USER-SUPPLIED TELEMETRY — origin not verified,False,False
2013-10-01 11:24:00+00:00,2.1988823,7.818993126201719,NO ALERT,channel_42,1.1789616,USER-SUPPLIED TELEMETRY — origin not verified,False,False
2013-10-01 11:25:00+00:00,3.1042154,7.818993126201719,NO ALERT,channel_42,1.658347,USER-SUPPLIED TELEMETRY — origin not verified,False,False
2013-10-01 11:26:00+00:00,3.8069665,7.818993126201719,NO ALERT,channel_45,0.930763,USER-SUPPLIED TELEMETRY — origin not verified,False,False
2013-10-01 11:27:00+00:00,4.0930934,7.818993126201719,NO ALERT,channel_45,1.1607804,USER-SUPPLIED TELEMETRY — origin not verified,False,False
2013-10-01 11:28:00+00:00,5.3840566,7.818993126201719,NO ALERT,channel_46,1.8879776,USER-SUPPLIED TELEMETRY — origin not verified,False,False
2013-10-01 11:29:00+00:00,2.3426487,7.818993126201719,NO ALERT,channel_45,1.0154928,USER-SUPPLIED TELEMETRY — origin not verified,False,False
2013-10-01 11:30:00+00:00,1.7516971,7.818993126201719,NO ALERT,channel_44,1.1792859,USER-SUPPLIED TELEMETRY — origin not verified,False,False
2013-10-01 11:31:00+00:00,3.5273163,7.818993126201719,NO ALERT,channel_46,1.0234791,USER-SUPPLIED TELEMETRY — origin not verified,False,False
2013-10-01 11:32:00+00:00,1.9141968,7.818993126201719,NO ALERT,channel_42,1.129027,USER-SUPPLIED TELEMETRY — origin not verified,False,False
2013-10-01 11:33:00+00:00,2.8646905,7.818993126201719,NO ALERT,channel_46,1.0977846,USER-SUPPLIED TELEMETRY — origin not verified,False,False
2013-10-01 11:34:00+00:00,3.2647622,7.818993126201719,NO ALERT,channel_46,0.89718956,USER-SUPPLIED TELEMETRY — origin not verified,False,False
2013-10-01 11:35:00+00:00,4.1044583,7.818993126201719,NO ALERT,channel_44,1.9411548,USER-SUPPLIED TELEMETRY — origin not verified,False,False
2013-10-01 11:36:00+00:00,2.5017998,7.818993126201719,NO ALERT,channel_44,1.5630156,USER-SUPPLIED TELEMETRY — origin not verified,False,False
2013-10-01 11:37:00+00:00,3.5094316,7.818993126201719,NO ALERT,channel_41,1.132706,USER-SUPPLIED TELEMETRY — origin not verified,False,False
2013-10-01 11:38:00+00:00,3.5860102,7.818993126201719,NO ALERT,channel_44,1.2855885,USER-SUPPLIED TELEMETRY — origin not verified,False,False
2013-10-01 11:39:00+00:00,3.7759795,7.818993126201719,NO ALERT,channel_42,1.406634,USER-SUPPLIED TELEMETRY — origin not verified,False,False
2013-10-01 11:40:00+00:00,3.5460753,7.818993126201719,NO ALERT,channel_44,1.2584167,USER-SUPPLIED TELEMETRY — origin not verified,False,False
2013-10-01 11:41:00+00:00,3.716334,7.818993126201719,NO ALERT,channel_41,1.1768316,USER-SUPPLIED TELEMETRY — origin not verified,False,False
2013-10-01 11:42:00+00:00,1.768111,7.818993126201719,NO ALERT,channel_42,1.7531999,USER-SUPPLIED TELEMETRY — origin not verified,False,False
2013-10-01 11:43:00+00:00,1.8685001,7.818993126201719,NO ALERT,channel_44,1.3230194,USER-SUPPLIED TELEMETRY — origin not verified,False,False
2013-10-01 11:44:00+00:00,4.622259,7.818993126201719,NO ALERT,channel_41,1.0189409,USER-SUPPLIED TELEMETRY — origin not verified,False,False
2013-10-01 11:45:00+00:00,2.7025187,7.818993126201719,NO ALERT,channel_44,1.629698,USER-SUPPLIED TELEMETRY — origin not verified,False,False
2013-10-01 11:46:00+00:00,0.91329896,7.818993126201719,NO ALERT,channel_45,1.3833429,USER-SUPPLIED TELEMETRY — origin not verified,False,False
2013-10-01 11:47:00+00:00,2.9200253,7.818993126201719,NO ALERT,channel_45,1.1225835,USER-SUPPLIED TELEMETRY — origin not verified,False,False
2013-10-01 11:48:00+00:00,5.228948,7.818993126201719,NO ALERT,channel_45,1.3569117,USER-SUPPLIED TELEMETRY — origin not verified,False,False
2013-10-01 11:49:00+00:00,2.4730508,7.818993126201719,NO ALERT,channel_42,1.1056241,USER-SUPPLIED TELEMETRY — origin not verified,False,False
2013-10-01 11:50:00+00:00,2.5525348,7.818993126201719,NO ALERT,channel_46,0.93377614,USER-SUPPLIED TELEMETRY — origin not verified,False,False
2013-10-01 11:51:00+00:00,5.8023815,7.818993126201719,NO ALERT,channel_46,1.5054296,USER-SUPPLIED TELEMETRY — origin not verified,False,False
2013-10-01 11:52:00+00:00,1.4594295,7.818993126201719,NO ALERT,channel_42,1.1762836,USER-SUPPLIED TELEMETRY — origin not verified,False,False
2013-10-01 11:53:00+00:00,2.8038824,7.818993126201719,NO ALERT,channel_46,1.2649964,USER-SUPPLIED TELEMETRY — origin not verified,False,False
2013-10-01 11:54:00+00:00,2.6413734,7.818993126201719,NO ALERT,channel_46,1.4293578,USER-SUPPLIED TELEMETRY — origin not verified,False,False
2013-10-01 11:55:00+00:00,2.49271,7.818993126201719,NO ALERT,channel_46,1.1986438,USER-SUPPLIED TELEMETRY — origin not verified,False,False
2013-10-01 11:56:00+00:00,0.30943564,7.818993126201719,NO ALERT,channel_46,1.078285,USER-SUPPLIED TELEMETRY — origin not verified,False,False
2013-10-01 11:57:00+00:00,2.31548,7.818993126201719,NO ALERT,channel_44,1.4409095,USER-SUPPLIED TELEMETRY — origin not verified,False,False
2013-10-01 11:58:00+00:00,5.804831,7.818993126201719,NO ALERT,channel_46,1.9433783,USER-SUPPLIED TELEMETRY — origin not verified,False,False
2013-10-01 11:59:00+00:00,1.9471822,7.818993126201719,NO ALERT,channel_46,1.0515119,USER-SUPPLIED TELEMETRY — origin not verified,False,False
2013-10-01 12:00:00+00:00,0.6125146,7.818993126201719,NO ALERT,channel_46,1.0393857,USER-SUPPLIED TELEMETRY — origin not verified,False,False
2013-10-01 12:01:00+00:00,0.68273544,7.818993126201719,NO ALERT,channel_46,1.2284659,USER-SUPPLIED TELEMETRY — origin not verified,False,False
2013-10-01 12:02:00+00:00,2.3100662,7.818993126201719,NO ALERT,channel_46,1.3238211,USER-SUPPLIED TELEMETRY — origin not verified,False,False
2013-10-01 12:03:00+00:00,3.8291724,7.818993126201719,NO ALERT,channel_44,1.7373911,USER-SUPPLIED TELEMETRY — origin not verified,False,False
2013-10-01 12:04:00+00:00,0.5378668,7.818993126201719,NO ALERT,channel_44,1.1825178,USER-SUPPLIED TELEMETRY — origin not verified,False,False
2013-10-01 12:05:00+00:00,2.671684,7.818993126201719,NO ALERT,channel_42,1.2851692,USER-SUPPLIED TELEMETRY — origin not verified,False,False
2013-10-01 12:06:00+00:00,5.0006623,7.818993126201719,NO ALERT,channel_42,1.2485682,USER-SUPPLIED TELEMETRY — origin not verified,False,False
2013-10-01 12:07:00+00:00,3.1214995,7.818993126201719,NO ALERT,channel_42,1.4148858,USER-SUPPLIED TELEMETRY — origin not verified,False,False
2013-10-01 12:08:00+00:00,3.805186,7.818993126201719,NO ALERT,channel_44,1.7748915,USER-SUPPLIED TELEMETRY — origin not verified,False,False
2013-10-01 12:09:00+00:00,2.8068178,7.818993126201719,NO ALERT,channel_44,1.2117248,USER-SUPPLIED TELEMETRY — origin not verified,False,False
2013-10-01 12:10:00+00:00,3.1862454,7.818993126201719,NO ALERT,channel_45,1.2496043,USER-SUPPLIED TELEMETRY — origin not verified,False,False
2013-10-01 12:11:00+00:00,0.48359337,7.818993126201719,NO ALERT,channel_42,1.0013256,USER-SUPPLIED TELEMETRY — origin not verified,False,False
2013-10-01 12:12:00+00:00,4.434771,7.818993126201719,NO ALERT,channel_42,1.6833035,USER-SUPPLIED TELEMETRY — origin not verified,False,False
2013-10-01 12:13:00+00:00,4.7908235,7.818993126201719,NO ALERT,channel_42,1.2584789,USER-SUPPLIED TELEMETRY — origin not verified,False,False
2013-10-01 12:14:00+00:00,3.7698398,7.818993126201719,NO ALERT,channel_42,1.6353326,USER-SUPPLIED TELEMETRY — origin not verified,False,False
2013-10-01 12:15:00+00:00,2.2555408,7.818993126201719,NO ALERT,channel_46,1.1474457,USER-SUPPLIED TELEMETRY — origin not verified,False,False
2013-10-01 12:16:00+00:00,1.4401445,7.818993126201719,NO ALERT,channel_42,1.2192641,USER-SUPPLIED TELEMETRY — origin not verified,False,False
2013-10-01 12:17:00+00:00,4.6479735,7.818993126201719,NO ALERT,channel_45,1.1069789,USER-SUPPLIED TELEMETRY — origin not verified,False,False
2013-10-01 12:18:00+00:00,4.474477,7.818993126201719,NO ALERT,channel_46,1.2251571,USER-SUPPLIED TELEMETRY — origin not verified,False,False
2013-10-01 12:19:00+00:00,4.433622,7.818993126201719,NO ALERT,channel_42,1.0719286,USER-SUPPLIED TELEMETRY — origin not verified,False,False
2013-10-01 12:20:00+00:00,4.4303856,7.818993126201719,NO ALERT,channel_46,1.1454138,USER-SUPPLIED TELEMETRY — origin not verified,False,False
2013-10-01 12:21:00+00:00,3.108666,7.818993126201719,NO ALERT,channel_44,1.1470991,USER-SUPPLIED TELEMETRY — origin not verified,False,False
2013-10-01 12:22:00+00:00,0.97020626,7.818993126201719,NO ALERT,channel_46,0.80726004,USER-SUPPLIED TELEMETRY — origin not verified,False,False
2013-10-01 12:23:00+00:00,3.953812,7.818993126201719,NO ALERT,channel_42,1.0852851,USER-SUPPLIED TELEMETRY — origin not verified,False,False
2013-10-01 12:24:00+00:00,2.6493208,7.818993126201719,NO ALERT,channel_46,1.2935644,USER-SUPPLIED TELEMETRY — origin not verified,False,False
2013-10-01 12:25:00+00:00,2.6504967,7.818993126201719,NO ALERT,channel_44,1.1524645,USER-SUPPLIED TELEMETRY — origin not verified,False,False
2013-10-01 12:26:00+00:00,0.6763203,7.818993126201719,NO ALERT,channel_44,1.251282,USER-SUPPLIED TELEMETRY — origin not verified,False,False
2013-10-01 12:27:00+00:00,2.4200437,7.818993126201719,NO ALERT,channel_41,1.0354295,USER-SUPPLIED TELEMETRY — origin not verified,False,False
2013-10-01 12:28:00+00:00,4.6744823,7.818993126201719,NO ALERT,channel_42,1.5723366,USER-SUPPLIED TELEMETRY — origin not verified,False,False
2013-10-01 12:29:00+00:00,5.3480043,7.818993126201719,NO ALERT,channel_42,1.3292012,USER-SUPPLIED TELEMETRY — origin not verified,False,False
2013-10-01 12:30:00+00:00,1.2211097,7.818993126201719,NO ALERT,channel_41,0.9614273,USER-SUPPLIED TELEMETRY — origin not verified,False,False
2013-10-01 12:31:00+00:00,0.5861153,7.818993126201719,NO ALERT,channel_44,1.814096,USER-SUPPLIED TELEMETRY — origin not verified,False,False
2013-10-01 12:32:00+00:00,2.8475814,7.818993126201719,NO ALERT,channel_44,1.1177448,USER-SUPPLIED TELEMETRY — origin not verified,False,False
2013-10-01 12:33:00+00:00,4.2571893,7.818993126201719,NO ALERT,channel_41,1.1626685,USER-SUPPLIED TELEMETRY — origin not verified,False,False
2013-10-01 12:34:00+00:00,2.281502,7.818993126201719,NO ALERT,channel_42,1.719701,USER-SUPPLIED TELEMETRY — origin not verified,False,False
2013-10-01 12:35:00+00:00,3.0083473,7.818993126201719,NO ALERT,channel_42,0.87977743,USER-SUPPLIED TELEMETRY — origin not verified,False,False
2013-10-01 12:36:00+00:00,2.643149,7.818993126201719,NO ALERT,channel_45,1.3625481,USER-SUPPLIED TELEMETRY — origin not verified,False,False
2013-10-01 12:37:00+00:00,2.3222497,7.818993126201719,NO ALERT,channel_45,0.9772372,USER-SUPPLIED TELEMETRY — origin not verified,False,False
2013-10-01 12:38:00+00:00,5.3672404,7.818993126201719,NO ALERT,channel_42,2.0277073,USER-SUPPLIED TELEMETRY — origin not verified,False,False
2013-10-01 12:39:00+00:00,4.257851,7.818993126201719,NO ALERT,channel_42,1.1384901,USER-SUPPLIED TELEMETRY — origin not verified,False,False
2013-10-01 12:40:00+00:00,0.46502575,7.818993126201719,NO ALERT,channel_42,1.2239854,USER-SUPPLIED TELEMETRY — origin not verified,False,False
2013-10-01 12:41:00+00:00,0.58723223,7.818993126201719,NO ALERT,channel_46,1.1996092,USER-SUPPLIED TELEMETRY — origin not verified,False,False
2013-10-01 12:42:00+00:00,1.8425573,7.818993126201719,NO ALERT,channel_46,1.2950782,USER-SUPPLIED TELEMETRY — origin not verified,False,False
2013-10-01 12:43:00+00:00,2.5317948,7.818993126201719,NO ALERT,channel_46,1.1711823,USER-SUPPLIED TELEMETRY — origin not verified,False,False
2013-10-01 12:44:00+00:00,3.3213842,7.818993126201719,NO ALERT,channel_46,1.1393497,USER-SUPPLIED TELEMETRY — origin not verified,False,False
2013-10-01 12:45:00+00:00,2.062314,7.818993126201719,NO ALERT,channel_46,1.6207023,USER-SUPPLIED TELEMETRY — origin not verified,False,False
2013-10-01 12:46:00+00:00,3.4124136,7.818993126201719,NO ALERT,channel_46,1.2015007,USER-SUPPLIED TELEMETRY — origin not verified,False,False
2013-10-01 12:47:00+00:00,1.568296,7.818993126201719,NO ALERT,channel_46,1.0872408,USER-SUPPLIED TELEMETRY — origin not verified,False,False
2013-10-01 12:48:00+00:00,4.816219,7.818993126201719,NO ALERT,channel_44,1.270687,USER-SUPPLIED TELEMETRY — origin not verified,False,False
2013-10-01 12:49:00+00:00,2.0112867,7.818993126201719,NO ALERT,channel_44,1.0312461,USER-SUPPLIED TELEMETRY — origin not verified,False,False
2013-10-01 12:50:00+00:00,0.6967302,7.818993126201719,NO ALERT,channel_46,1.1408775,USER-SUPPLIED TELEMETRY — origin not verified,False,False
2013-10-01 12:51:00+00:00,2.498045,7.818993126201719,NO ALERT,channel_41,1.1842439,USER-SUPPLIED TELEMETRY — origin not verified,False,False
2013-10-01 12:52:00+00:00,2.2751262,7.818993126201719,NO ALERT,channel_41,1.042247,USER-SUPPLIED TELEMETRY — origin not verified,False,False
2013-10-01 12:53:00+00:00,0.721648,7.818993126201719,NO ALERT,channel_44,1.163098,USER-SUPPLIED TELEMETRY — origin not verified,False,False
2013-10-01 12:54:00+00:00,3.198189,7.818993126201719,NO ALERT,channel_44,1.6889187,USER-SUPPLIED TELEMETRY — origin not verified,False,False
2013-10-01 12:55:00+00:00,1.0347387,7.818993126201719,NO ALERT,channel_44,0.91875416,USER-SUPPLIED TELEMETRY — origin not verified,False,False
2013-10-01 12:56:00+00:00,4.9473944,7.818993126201719,NO ALERT,channel_41,1.2217432,USER-SUPPLIED TELEMETRY — origin not verified,False,False
2013-10-01 12:57:00+00:00,3.6816306,7.818993126201719,NO ALERT,channel_42,1.3233919,USER-SUPPLIED TELEMETRY — origin not verified,False,False
2013-10-01 12:58:00+00:00,3.2686942,7.818993126201719,NO ALERT,channel_42,1.5875711,USER-SUPPLIED TELEMETRY — origin not verified,False,False
2013-10-01 12:59:00+00:00,2.0710986,7.818993126201719,NO ALERT,channel_42,1.4626952,USER-SUPPLIED TELEMETRY — origin not verified,False,False
2013-10-01 13:00:00+00:00,3.1552122,7.818993126201719,NO ALERT,channel_42,1.3273842,USER-SUPPLIED TELEMETRY — origin not verified,False,False
2013-10-01 13:01:00+00:00,4.067549,7.818993126201719,NO ALERT,channel_42,1.6036412,USER-SUPPLIED TELEMETRY — origin not verified,False,False
2013-10-01 13:02:00+00:00,2.4616935,7.818993126201719,NO ALERT,channel_41,1.4447384,USER-SUPPLIED TELEMETRY — origin not verified,False,False
2013-10-01 13:03:00+00:00,3.9229991,7.818993126201719,NO ALERT,channel_42,1.1586683,USER-SUPPLIED TELEMETRY — origin not verified,False,False
2013-10-01 13:04:00+00:00,2.9219878,7.818993126201719,NO ALERT,channel_42,1.2569811,USER-SUPPLIED TELEMETRY — origin not verified,False,False
2013-10-01 13:05:00+00:00,4.3424344,7.818993126201719,NO ALERT,channel_45,1.3677053,USER-SUPPLIED TELEMETRY — origin not verified,False,False
2013-10-01 13:06:00+00:00,2.9493036,7.818993126201719,NO ALERT,channel_45,1.1107253,USER-SUPPLIED TELEMETRY — origin not verified,False,False
2013-10-01 13:07:00+00:00,3.691578,7.818993126201719,NO ALERT,channel_46,1.1767997,USER-SUPPLIED TELEMETRY — origin not verified,False,False
2013-10-01 13:08:00+00:00,4.1425686,7.818993126201719,NO ALERT,channel_45,1.1754955,USER-SUPPLIED TELEMETRY — origin not verified,False,False
2013-10-01 13:09:00+00:00,3.4951122,7.818993126201719,NO ALERT,channel_46,1.0269793,USER-SUPPLIED TELEMETRY — origin not verified,False,False
2013-10-01 13:10:00+00:00,2.2556002,7.818993126201719,NO ALERT,channel_46,2.0209851,USER-SUPPLIED TELEMETRY — origin not verified,False,False
2013-10-01 13:11:00+00:00,2.2099426,7.818993126201719,NO ALERT,channel_44,1.3814286,USER-SUPPLIED TELEMETRY — origin not verified,False,False
2013-10-01 13:12:00+00:00,3.0478268,7.818993126201719,NO ALERT,channel_46,1.3830848,USER-SUPPLIED TELEMETRY — origin not verified,False,False
2013-10-01 13:13:00+00:00,3.296468,7.818993126201719,NO ALERT,channel_44,1.0999725,USER-SUPPLIED TELEMETRY — origin not verified,False,False
2013-10-01 13:14:00+00:00,2.587157,7.818993126201719,NO ALERT,channel_44,1.5001633,USER-SUPPLIED TELEMETRY — origin not verified,False,False
2013-10-01 13:15:00+00:00,3.0455365,7.818993126201719,NO ALERT,channel_46,1.4713079,USER-SUPPLIED TELEMETRY — origin not verified,False,False
2013-10-01 13:16:00+00:00,2.3601408,7.818993126201719,NO ALERT,channel_44,1.1376141,USER-SUPPLIED TELEMETRY — origin not verified,False,False
2013-10-01 13:17:00+00:00,1.6696404,7.818993126201719,NO ALERT,channel_42,1.0578123,USER-SUPPLIED TELEMETRY — origin not verified,False,False
2013-10-01 13:18:00+00:00,4.2789207,7.818993126201719,NO ALERT,channel_44,1.3698665,USER-SUPPLIED TELEMETRY — origin not verified,False,False
2013-10-01 13:19:00+00:00,2.7406826,7.818993126201719,NO ALERT,channel_44,1.297948,USER-SUPPLIED TELEMETRY — origin not verified,False,False
2013-10-01 13:20:00+00:00,1.1723523,7.818993126201719,NO ALERT,channel_44,1.2795357,USER-SUPPLIED TELEMETRY — origin not verified,False,False
2013-10-01 13:21:00+00:00,3.195599,7.818993126201719,NO ALERT,channel_44,1.480321,USER-SUPPLIED TELEMETRY — origin not verified,False,False
2013-10-01 13:22:00+00:00,2.1899457,7.818993126201719,NO ALERT,channel_44,1.3745943,USER-SUPPLIED TELEMETRY — origin not verified,False,False
2013-10-01 13:23:00+00:00,2.3023953,7.818993126201719,NO ALERT,channel_41,0.8589312,USER-SUPPLIED TELEMETRY — origin not verified,False,False
2013-10-01 13:24:00+00:00,2.075847,7.818993126201719,NO ALERT,channel_44,1.3625888,USER-SUPPLIED TELEMETRY — origin not verified,False,False
2013-10-01 13:25:00+00:00,1.9375445,7.818993126201719,NO ALERT,channel_45,0.818204,USER-SUPPLIED TELEMETRY — origin not verified,False,False
2013-10-01 13:26:00+00:00,1.8782951,7.818993126201719,NO ALERT,channel_42,1.0771266,USER-SUPPLIED TELEMETRY — origin not verified,False,False
2013-10-01 13:27:00+00:00,3.5307794,7.818993126201719,NO ALERT,channel_45,1.0324895,USER-SUPPLIED TELEMETRY — origin not verified,False,False
2013-10-01 13:28:00+00:00,5.1998086,7.818993126201719,NO ALERT,channel_42,1.639213,USER-SUPPLIED TELEMETRY — origin not verified,False,False
2013-10-01 13:29:00+00:00,1.3417518,7.818993126201719,NO ALERT,channel_46,1.5793703,USER-SUPPLIED TELEMETRY — origin not verified,False,False
2013-10-01 13:30:00+00:00,2.0110211,7.818993126201719,NO ALERT,channel_42,1.6339914,USER-SUPPLIED TELEMETRY — origin not verified,False,False
2013-10-01 13:31:00+00:00,3.2793937,7.818993126201719,NO ALERT,channel_42,1.314097,USER-SUPPLIED TELEMETRY — origin not verified,False,False
2013-10-01 13:32:00+00:00,1.0851465,7.818993126201719,NO ALERT,channel_46,1.0932001,USER-SUPPLIED TELEMETRY — origin not verified,False,False
2013-10-01 13:33:00+00:00,2.1193554,7.818993126201719,NO ALERT,channel_46,0.97462094,USER-SUPPLIED TELEMETRY — origin not verified,False,False
2013-10-01 13:34:00+00:00,0.5294772,7.818993126201719,NO ALERT,channel_46,1.1594236,USER-SUPPLIED TELEMETRY — origin not verified,False,False
2013-10-01 13:35:00+00:00,-0.079116866,7.818993126201719,NO ALERT,channel_46,1.0369029,USER-SUPPLIED TELEMETRY — origin not verified,False,False
2013-10-01 13:36:00+00:00,2.2387946,7.818993126201719,NO ALERT,channel_46,1.0245892,USER-SUPPLIED TELEMETRY — origin not verified,False,False
2013-10-01 13:37:00+00:00,2.4748802,7.818993126201719,NO ALERT,channel_46,1.7194747,USER-SUPPLIED TELEMETRY — origin not verified,False,False
2013-10-01 13:38:00+00:00,5.355532,7.818993126201719,NO ALERT,channel_46,1.3958712,USER-SUPPLIED TELEMETRY — origin not verified,False,False
2013-10-01 13:39:00+00:00,0.03724392,7.818993126201719,NO ALERT,channel_44,1.1006329,USER-SUPPLIED TELEMETRY — origin not verified,False,False
2013-10-01 13:40:00+00:00,0.9797193,7.818993126201719,NO ALERT,channel_44,0.9797152,USER-SUPPLIED TELEMETRY — origin not verified,False,False
2013-10-01 13:41:00+00:00,1.2902763,7.818993126201719,NO ALERT,channel_44,0.84365386,USER-SUPPLIED TELEMETRY — origin not verified,False,False
2013-10-01 13:42:00+00:00,1.9355104,7.818993126201719,NO ALERT,channel_44,1.2620162,USER-SUPPLIED TELEMETRY — origin not verified,False,False
2013-10-01 13:43:00+00:00,2.3612468,7.818993126201719,NO ALERT,channel_44,1.0349838,USER-SUPPLIED TELEMETRY — origin not verified,False,False
2013-10-01 13:44:00+00:00,0.8678133,7.818993126201719,NO ALERT,channel_44,0.8186391,USER-SUPPLIED TELEMETRY — origin not verified,False,False
2013-10-01 13:45:00+00:00,0.47597596,7.818993126201719,NO ALERT,channel_44,1.0276359,USER-SUPPLIED TELEMETRY — origin not verified,False,False
2013-10-01 13:46:00+00:00,0.49097374,7.818993126201719,NO ALERT,channel_44,0.9040672,USER-SUPPLIED TELEMETRY — origin not verified,False,False
2013-10-01 13:47:00+00:00,1.7106531,7.818993126201719,NO ALERT,channel_44,1.3327361,USER-SUPPLIED TELEMETRY — origin not verified,False,False
2013-10-01 13:48:00+00:00,3.8402007,7.818993126201719,NO ALERT,channel_41,1.1961582,USER-SUPPLIED TELEMETRY — origin not verified,False,False
2013-10-01 13:49:00+00:00,2.663421,7.818993126201719,NO ALERT,channel_42,1.204402,USER-SUPPLIED TELEMETRY — origin not verified,False,False
2013-10-01 13:50:00+00:00,2.1246321,7.818993126201719,NO ALERT,channel_42,1.1875919,USER-SUPPLIED TELEMETRY — origin not verified,False,False
2013-10-01 13:51:00+00:00,1.559814,7.818993126201719,NO ALERT,channel_42,1.1622114,USER-SUPPLIED TELEMETRY — origin not verified,False,False
2013-10-01 13:52:00+00:00,0.7039789,7.818993126201719,NO ALERT,channel_42,0.9435602,USER-SUPPLIED TELEMETRY — origin not verified,False,False
2013-10-01 13:53:00+00:00,2.782643,7.818993126201719,NO ALERT,channel_45,0.8994493,USER-SUPPLIED TELEMETRY — origin not verified,False,False
2013-10-01 13:54:00+00:00,3.3922553,7.818993126201719,NO ALERT,channel_42,0.8192292,USER-SUPPLIED TELEMETRY — origin not verified,False,False
2013-10-01 13:55:00+00:00,2.3128853,7.818993126201719,NO ALERT,channel_42,1.1061406,USER-SUPPLIED TELEMETRY — origin not verified,False,False
2013-10-01 13:56:00+00:00,4.329757,7.818993126201719,NO ALERT,channel_42,1.4900346,USER-SUPPLIED TELEMETRY — origin not verified,False,False
2013-10-01 13:57:00+00:00,1.963334,7.818993126201719,NO ALERT,channel_42,1.0014218,USER-SUPPLIED TELEMETRY — origin not verified,False,False
2013-10-01 13:58:00+00:00,5.136655,7.818993126201719,NO ALERT,channel_42,1.3700867,USER-SUPPLIED TELEMETRY — origin not verified,False,False
2013-10-01 13:59:00+00:00,5.374598,7.818993126201719,NO ALERT,channel_46,1.1175598,USER-SUPPLIED TELEMETRY — origin not verified,False,False
2013-10-01 14:00:00+00:00,3.8653634,7.818993126201719,NO ALERT,channel_42,1.1276613,USER-SUPPLIED TELEMETRY — origin not verified,False,False
2013-10-01 14:01:00+00:00,0.82278967,7.818993126201719,NO ALERT,channel_44,0.8343229,USER-SUPPLIED TELEMETRY — origin not verified,False,False
2013-10-01 14:02:00+00:00,4.238399,7.818993126201719,NO ALERT,channel_44,0.8112694,USER-SUPPLIED TELEMETRY — origin not verified,False,False
2013-10-01 14:03:00+00:00,2.4378233,7.818993126201719,NO ALERT,channel_42,0.87263936,USER-SUPPLIED TELEMETRY — origin not verified,False,False
2013-10-01 14:04:00+00:00,5.0891876,7.818993126201719,NO ALERT,channel_46,0.8833542,USER-SUPPLIED TELEMETRY — origin not verified,False,False
2013-10-01 14:05:00+00:00,2.0767493,7.818993126201719,NO ALERT,channel_44,0.97131664,USER-SUPPLIED TELEMETRY — origin not verified,False,False
2013-10-01 14:06:00+00:00,1.8926727,7.818993126201719,NO ALERT,channel_46,1.086803,USER-SUPPLIED TELEMETRY — origin not verified,False,False
2013-10-01 14:07:00+00:00,2.2078512,7.818993126201719,NO ALERT,channel_44,0.9407257,USER-SUPPLIED TELEMETRY — origin not verified,False,False
2013-10-01 14:08:00+00:00,3.6730123,7.818993126201719,NO ALERT,channel_46,1.0970337,USER-SUPPLIED TELEMETRY — origin not verified,False,False
2013-10-01 14:09:00+00:00,4.5787506,7.818993126201719,NO ALERT,channel_44,1.6743801,USER-SUPPLIED TELEMETRY — origin not verified,False,False
2013-10-01 14:10:00+00:00,4.4687743,7.818993126201719,NO ALERT,channel_44,1.017014,USER-SUPPLIED TELEMETRY — origin not verified,False,False
2013-10-01 14:11:00+00:00,2.0067647,7.818993126201719,NO ALERT,channel_42,1.2994013,USER-SUPPLIED TELEMETRY — origin not verified,False,False
2013-10-01 14:12:00+00:00,3.874228,7.818993126201719,NO ALERT,channel_46,1.1650803,USER-SUPPLIED TELEMETRY — origin not verified,False,False
2013-10-01 14:13:00+00:00,3.708493,7.818993126201719,NO ALERT,channel_44,1.1343803,USER-SUPPLIED TELEMETRY — origin not verified,False,False
2013-10-01 14:14:00+00:00,3.9474328,7.818993126201719,NO ALERT,channel_42,1.352367,USER-SUPPLIED TELEMETRY — origin not verified,False,False
2013-10-01 14:15:00+00:00,2.3797636,7.818993126201719,NO ALERT,channel_45,0.89889824,USER-SUPPLIED TELEMETRY — origin not verified,False,False
2013-10-01 14:16:00+00:00,2.1972873,7.818993126201719,NO ALERT,channel_42,1.1304572,USER-SUPPLIED TELEMETRY — origin not verified,False,False
2013-10-01 14:17:00+00:00,0.717489,7.818993126201719,NO ALERT,channel_42,1.216419,USER-SUPPLIED TELEMETRY — origin not verified,False,False
2013-10-01 14:18:00+00:00,5.8701167,7.818993126201719,NO ALERT,channel_42,1.3100584,USER-SUPPLIED TELEMETRY — origin not verified,False,False
2013-10-01 14:19:00+00:00,2.3351126,7.818993126201719,NO ALERT,channel_46,1.0314043,USER-SUPPLIED TELEMETRY — origin not verified,False,False
2013-10-01 14:20:00+00:00,0.40526006,7.818993126201719,NO ALERT,channel_42,1.3955262,USER-SUPPLIED TELEMETRY — origin not verified,False,False
2013-10-01 14:21:00+00:00,2.1081688,7.818993126201719,NO ALERT,channel_42,1.0875064,USER-SUPPLIED TELEMETRY — origin not verified,False,False
2013-10-01 14:22:00+00:00,0.5817021,7.818993126201719,NO ALERT,channel_42,0.9934365,USER-SUPPLIED TELEMETRY — origin not verified,False,False
2013-10-01 14:23:00+00:00,3.6172402,7.818993126201719,NO ALERT,channel_46,0.7589598,USER-SUPPLIED TELEMETRY — origin not verified,False,False
2013-10-01 14:24:00+00:00,3.441025,7.818993126201719,NO ALERT,channel_44,0.8867575,USER-SUPPLIED TELEMETRY — origin not verified,False,False
2013-10-01 14:25:00+00:00,3.6462128,7.818993126201719,NO ALERT,channel_42,1.1089535,USER-SUPPLIED TELEMETRY — origin not verified,False,False
2013-10-01 14:26:00+00:00,3.2435858,7.818993126201719,NO ALERT,channel_46,1.1191591,USER-SUPPLIED TELEMETRY — origin not verified,False,False
2013-10-01 14:27:00+00:00,1.2824099,7.818993126201719,NO ALERT,channel_46,1.0899228,USER-SUPPLIED TELEMETRY — origin not verified,False,False
2013-10-01 14:28:00+00:00,5.068998,7.818993126201719,NO ALERT,channel_46,1.0189315,USER-SUPPLIED TELEMETRY — origin not verified,False,False
2013-10-01 14:29:00+00:00,1.5234643,7.818993126201719,NO ALERT,channel_46,1.0700678,USER-SUPPLIED TELEMETRY — origin not verified,False,False
2013-10-01 14:30:00+00:00,2.5679414,7.818993126201719,NO ALERT,channel_46,0.6814556,USER-SUPPLIED TELEMETRY — origin not verified,False,False
2013-10-01 14:31:00+00:00,3.6740634,7.818993126201719,NO ALERT,channel_44,1.3816549,USER-SUPPLIED TELEMETRY — origin not verified,False,False
2013-10-01 14:32:00+00:00,0.4194449,7.818993126201719,NO ALERT,channel_46,1.087504,USER-SUPPLIED TELEMETRY — origin not verified,False,False
2013-10-01 14:33:00+00:00,2.0855603,7.818993126201719,NO ALERT,channel_44,0.9196648,USER-SUPPLIED TELEMETRY — origin not verified,False,False
2013-10-01 14:34:00+00:00,1.702964,7.818993126201719,NO ALERT,channel_41,0.9211058,USER-SUPPLIED TELEMETRY — origin not verified,False,False
2013-10-01 14:35:00+00:00,4.36702,7.818993126201719,NO ALERT,channel_46,1.2884073,USER-SUPPLIED TELEMETRY — origin not verified,False,False
2013-10-01 14:36:00+00:00,1.7312016,7.818993126201719,NO ALERT,channel_41,1.0182902,USER-SUPPLIED TELEMETRY — origin not verified,False,False
2013-10-01 14:37:00+00:00,4.597896,7.818993126201719,NO ALERT,channel_45,0.82787985,USER-SUPPLIED TELEMETRY — origin not verified,False,False
2013-10-01 14:38:00+00:00,3.5377436,7.818993126201719,NO ALERT,channel_41,1.0588642,USER-SUPPLIED TELEMETRY — origin not verified,False,False
2013-10-01 14:39:00+00:00,3.442964,7.818993126201719,NO ALERT,channel_42,1.1770433,USER-SUPPLIED TELEMETRY — origin not verified,False,False
2013-10-01 14:40:00+00:00,1.8467423,7.818993126201719,NO ALERT,channel_42,1.153036,USER-SUPPLIED TELEMETRY — origin not verified,False,False
2013-10-01 14:41:00+00:00,1.9085759,7.818993126201719,NO ALERT,channel_45,0.9674496,USER-SUPPLIED TELEMETRY — origin not verified,False,False
2013-10-01 14:42:00+00:00,2.3120372,7.818993126201719,NO ALERT,channel_45,1.3054166,USER-SUPPLIED TELEMETRY — origin not verified,False,False
2013-10-01 14:43:00+00:00,2.7373705,7.818993126201719,NO ALERT,channel_45,1.1603191,USER-SUPPLIED TELEMETRY — origin not verified,False,False
2013-10-01 14:44:00+00:00,1.9983612,7.818993126201719,NO ALERT,channel_46,2.310955,USER-SUPPLIED TELEMETRY — origin not verified,False,False
2013-10-01 14:45:00+00:00,4.4430375,7.818993126201719,NO ALERT,channel_42,1.1784168,USER-SUPPLIED TELEMETRY — origin not verified,False,False
2013-10-01 14:46:00+00:00,3.9546773,7.818993126201719,NO ALERT,channel_46,1.0451723,USER-SUPPLIED TELEMETRY — origin not verified,False,False
2013-10-01 14:47:00+00:00,4.0786805,7.818993126201719,NO ALERT,channel_46,1.9221864,USER-SUPPLIED TELEMETRY — origin not verified,False,False
2013-10-01 14:48:00+00:00,4.817704,7.818993126201719,NO ALERT,channel_45,1.1620172,USER-SUPPLIED TELEMETRY — origin not verified,False,False
2013-10-01 14:49:00+00:00,4.6538596,7.818993126201719,NO ALERT,channel_46,1.0832756,USER-SUPPLIED TELEMETRY — origin not verified,False,False
2013-10-01 14:50:00+00:00,2.5542192,7.818993126201719,NO ALERT,channel_46,1.0613055,USER-SUPPLIED TELEMETRY — origin not verified,False,False
2013-10-01 14:51:00+00:00,1.8152289,7.818993126201719,NO ALERT,channel_46,1.2441754,USER-SUPPLIED TELEMETRY — origin not verified,False,False
2013-10-01 14:52:00+00:00,1.3477664,7.818993126201719,NO ALERT,channel_46,0.93126684,USER-SUPPLIED TELEMETRY — origin not verified,False,False
2013-10-01 14:53:00+00:00,2.202693,7.818993126201719,NO ALERT,channel_44,0.7953933,USER-SUPPLIED TELEMETRY — origin not verified,False,False
2013-10-01 14:54:00+00:00,1.3622189,7.818993126201719,NO ALERT,channel_44,1.1072056,USER-SUPPLIED TELEMETRY — origin not verified,False,False
2013-10-01 14:55:00+00:00,2.5817144,7.818993126201719,NO ALERT,channel_42,1.5971385,USER-SUPPLIED TELEMETRY — origin not verified,False,False
2013-10-01 14:56:00+00:00,2.1175568,7.818993126201719,NO ALERT,channel_44,1.5210544,USER-SUPPLIED TELEMETRY — origin not verified,False,False
2013-10-01 14:57:00+00:00,1.6702088,7.818993126201719,NO ALERT,channel_42,1.3439114,USER-SUPPLIED TELEMETRY — origin not verified,False,False
2013-10-01 14:58:00+00:00,4.1081443,7.818993126201719,NO ALERT,channel_44,1.9646659,USER-SUPPLIED TELEMETRY — origin not verified,False,False
2013-10-01 14:59:00+00:00,1.4794277,7.818993126201719,NO ALERT,channel_44,1.2390323,USER-SUPPLIED TELEMETRY — origin not verified,False,False
2013-10-01 15:00:00+00:00,1.9534789,7.818993126201719,NO ALERT,channel_41,0.8887555,USER-SUPPLIED TELEMETRY — origin not verified,False,False
2013-10-01 15:01:00+00:00,1.2757902,7.818993126201719,NO ALERT,channel_42,1.5352662,USER-SUPPLIED TELEMETRY — origin not verified,False,False
2013-10-01 15:02:00+00:00,1.8508264,7.818993126201719,NO ALERT,channel_42,1.108634,USER-SUPPLIED TELEMETRY — origin not verified,False,False
2013-10-01 15:03:00+00:00,3.2700026,7.818993126201719,NO ALERT,channel_42,1.7720287,USER-SUPPLIED TELEMETRY — origin not verified,False,False
2013-10-01 15:04:00+00:00,1.3568032,7.818993126201719,NO ALERT,channel_42,1.3286052,USER-SUPPLIED TELEMETRY — origin not verified,False,False
2013-10-01 15:05:00+00:00,2.206938,7.818993126201719,NO ALERT,channel_45,1.3695843,USER-SUPPLIED TELEMETRY — origin not verified,False,False
2013-10-01 15:06:00+00:00,2.4027765,7.818993126201719,NO ALERT,channel_42,1.3769338,USER-SUPPLIED TELEMETRY — origin not verified,False,False
2013-10-01 15:07:00+00:00,1.764766,7.818993126201719,NO ALERT,channel_42,1.2525831,USER-SUPPLIED TELEMETRY — origin not verified,False,False
2013-10-01 15:08:00+00:00,4.504148,7.818993126201719,NO ALERT,channel_45,1.2161379,USER-SUPPLIED TELEMETRY — origin not verified,False,False
2013-10-01 15:09:00+00:00,3.6884403,7.818993126201719,NO ALERT,channel_42,1.0177029,USER-SUPPLIED TELEMETRY — origin not verified,False,False
2013-10-01 15:10:00+00:00,2.486165,7.818993126201719,NO ALERT,channel_42,1.0059295,USER-SUPPLIED TELEMETRY — origin not verified,False,False
2013-10-01 15:11:00+00:00,2.575182,7.818993126201719,NO ALERT,channel_42,1.0980221,USER-SUPPLIED TELEMETRY — origin not verified,False,False
2013-10-01 15:12:00+00:00,3.5484068,7.818993126201719,NO ALERT,channel_46,0.9047529,USER-SUPPLIED TELEMETRY — origin not verified,False,False
2013-10-01 15:13:00+00:00,2.4450943,7.818993126201719,NO ALERT,channel_46,1.7729282,USER-SUPPLIED TELEMETRY — origin not verified,False,False
2013-10-01 15:14:00+00:00,2.1296978,7.818993126201719,NO ALERT,channel_44,1.0307624,USER-SUPPLIED TELEMETRY — origin not verified,False,False
2013-10-01 15:15:00+00:00,1.6988474,7.818993126201719,NO ALERT,channel_46,1.2461812,USER-SUPPLIED TELEMETRY — origin not verified,False,False
2013-10-01 15:16:00+00:00,2.5485158,7.818993126201719,NO ALERT,channel_46,1.4129207,USER-SUPPLIED TELEMETRY — origin not verified,False,False
2013-10-01 15:17:00+00:00,2.521892,7.818993126201719,NO ALERT,channel_44,1.3908346,USER-SUPPLIED TELEMETRY — origin not verified,False,False
2013-10-01 15:18:00+00:00,5.1189528,7.818993126201719,NO ALERT,channel_46,1.0938754,USER-SUPPLIED TELEMETRY — origin not verified,False,False
2013-10-01 15:19:00+00:00,1.4979558,7.818993126201719,NO ALERT,channel_44,1.2275065,USER-SUPPLIED TELEMETRY — origin not verified,False,False
2013-10-01 15:20:00+00:00,5.4882665,7.818993126201719,NO ALERT,channel_41,0.84692764,USER-SUPPLIED TELEMETRY — origin not verified,False,False
2013-10-01 15:21:00+00:00,0.97897196,7.818993126201719,NO ALERT,channel_41,1.070451,USER-SUPPLIED TELEMETRY — origin not verified,False,False
2013-10-01 15:22:00+00:00,3.7955506,7.818993126201719,NO ALERT,channel_41,1.2936838,USER-SUPPLIED TELEMETRY — origin not verified,False,False
2013-10-01 15:23:00+00:00,3.4019773,7.818993126201719,NO ALERT,channel_41,1.1468631,USER-SUPPLIED TELEMETRY — origin not verified,False,False
2013-10-01 15:24:00+00:00,3.5273015,7.818993126201719,NO ALERT,channel_42,1.2051313,USER-SUPPLIED TELEMETRY — origin not verified,False,False
2013-10-01 15:25:00+00:00,1.7728451,7.818993126201719,NO ALERT,channel_44,1.3732505,USER-SUPPLIED TELEMETRY — origin not verified,False,False
2013-10-01 15:26:00+00:00,2.6620634,7.818993126201719,NO ALERT,channel_42,1.165237,USER-SUPPLIED TELEMETRY — origin not verified,False,False
2013-10-01 15:27:00+00:00,2.1297314,7.818993126201719,NO ALERT,channel_42,1.0495908,USER-SUPPLIED TELEMETRY — origin not verified,False,False
2013-10-01 15:28:00+00:00,3.0968382,7.818993126201719,NO ALERT,channel_44,1.5530018,USER-SUPPLIED TELEMETRY — origin not verified,False,False
2013-10-01 15:29:00+00:00,3.1862974,7.818993126201719,NO ALERT,channel_42,1.0963354,USER-SUPPLIED TELEMETRY — origin not verified,False,False
2013-10-01 15:30:00+00:00,4.0499463,7.818993126201719,NO ALERT,channel_46,1.4642048,USER-SUPPLIED TELEMETRY — origin not verified,False,False
2013-10-01 15:31:00+00:00,3.7858028,7.818993126201719,NO ALERT,channel_46,1.4450318,USER-SUPPLIED TELEMETRY — origin not verified,False,False
2013-10-01 15:32:00+00:00,2.8706179,7.818993126201719,NO ALERT,channel_42,1.2647269,USER-SUPPLIED TELEMETRY — origin not verified,False,False
2013-10-01 15:33:00+00:00,3.1491745,7.818993126201719,NO ALERT,channel_46,1.7827567,USER-SUPPLIED TELEMETRY — origin not verified,False,False
2013-10-01 15:34:00+00:00,4.402989,7.818993126201719,NO ALERT,channel_46,1.8375021,USER-SUPPLIED TELEMETRY — origin not verified,False,False
2013-10-01 15:35:00+00:00,4.8283486,7.818993126201719,NO ALERT,channel_45,1.1215308,USER-SUPPLIED TELEMETRY — origin not verified,False,False
2013-10-01 15:36:00+00:00,3.3764737,7.818993126201719,NO ALERT,channel_46,1.5966804,USER-SUPPLIED TELEMETRY — origin not verified,False,False
2013-10-01 15:37:00+00:00,1.5645759,7.818993126201719,NO ALERT,channel_45,0.8719845,USER-SUPPLIED TELEMETRY — origin not verified,False,False
2013-10-01 15:38:00+00:00,4.660672,7.818993126201719,NO ALERT,channel_46,1.8342869,USER-SUPPLIED TELEMETRY — origin not verified,False,False
2013-10-01 15:39:00+00:00,3.442962,7.818993126201719,NO ALERT,channel_46,1.8425448,USER-SUPPLIED TELEMETRY — origin not verified,False,False
2013-10-01 15:40:00+00:00,3.5560544,7.818993126201719,NO ALERT,channel_46,1.2153445,USER-SUPPLIED TELEMETRY — origin not verified,False,False
2013-10-01 15:41:00+00:00,1.5676008,7.818993126201719,NO ALERT,channel_44,1.0513067,USER-SUPPLIED TELEMETRY — origin not verified,False,False
2013-10-01 15:42:00+00:00,1.0789725,7.818993126201719,NO ALERT,channel_46,0.9840352,USER-SUPPLIED TELEMETRY — origin not verified,False,False
2013-10-01 15:43:00+00:00,1.8890631,7.818993126201719,NO ALERT,channel_44,1.4393507,USER-SUPPLIED TELEMETRY — origin not verified,False,False
2013-10-01 15:44:00+00:00,2.780521,7.818993126201719,NO ALERT,channel_44,0.98262763,USER-SUPPLIED TELEMETRY — origin not verified,False,False
2013-10-01 15:45:00+00:00,3.4655242,7.818993126201719,NO ALERT,channel_44,1.5005343,USER-SUPPLIED TELEMETRY — origin not verified,False,False
2013-10-01 15:46:00+00:00,1.6879264,7.818993126201719,NO ALERT,channel_41,1.0320208,USER-SUPPLIED TELEMETRY — origin not verified,False,False
2013-10-01 15:47:00+00:00,2.580558,7.818993126201719,NO ALERT,channel_44,1.5654954,USER-SUPPLIED TELEMETRY — origin not verified,False,False
2013-10-01 15:48:00+00:00,3.570573,7.818993126201719,NO ALERT,channel_44,1.2425314,USER-SUPPLIED TELEMETRY — origin not verified,False,False
2013-10-01 15:49:00+00:00,3.262717,7.818993126201719,NO ALERT,channel_42,1.6645206,USER-SUPPLIED TELEMETRY — origin not verified,False,False
2013-10-01 15:50:00+00:00,3.262386,7.818993126201719,NO ALERT,channel_42,1.4388945,USER-SUPPLIED TELEMETRY — origin not verified,False,False
2013-10-01 15:51:00+00:00,4.088839,7.818993126201719,NO ALERT,channel_42,1.2028935,USER-SUPPLIED TELEMETRY — origin not verified,False,False
2013-10-01 15:52:00+00:00,0.60922337,7.818993126201719,NO ALERT,channel_42,1.3803506,USER-SUPPLIED TELEMETRY — origin not verified,False,False
2013-10-01 15:53:00+00:00,-0.6376605,7.818993126201719,NO ALERT,channel_45,1.1988842,USER-SUPPLIED TELEMETRY — origin not verified,False,False
2013-10-01 15:54:00+00:00,1.6355674,7.818993126201719,NO ALERT,channel_45,1.1704395,USER-SUPPLIED TELEMETRY — origin not verified,False,False
2013-10-01 15:55:00+00:00,2.0125077,7.818993126201719,NO ALERT,channel_45,1.1520448,USER-SUPPLIED TELEMETRY — origin not verified,False,False
2013-10-01 15:56:00+00:00,0.424516,7.818993126201719,NO ALERT,channel_45,1.1315728,USER-SUPPLIED TELEMETRY — origin not verified,False,False
2013-10-01 15:57:00+00:00,0.82143664,7.818993126201719,NO ALERT,channel_42,1.5140007,USER-SUPPLIED TELEMETRY — origin not verified,False,False
2013-10-01 15:58:00+00:00,5.867595,7.818993126201719,NO ALERT,channel_42,1.4428124,USER-SUPPLIED TELEMETRY — origin not verified,False,False
2013-10-01 15:59:00+00:00,2.1965725,7.818993126201719,NO ALERT,channel_44,1.1721544,USER-SUPPLIED TELEMETRY — origin not verified,False,False
2013-10-01 16:00:00+00:00,2.040708,7.818993126201719,NO ALERT,channel_46,1.4300705,USER-SUPPLIED TELEMETRY — origin not verified,False,False
2013-10-01 16:01:00+00:00,1.1807586,7.818993126201719,NO ALERT,channel_46,1.7039808,USER-SUPPLIED TELEMETRY — origin not verified,False,False
2013-10-01 16:02:00+00:00,0.92400676,7.818993126201719,NO ALERT,channel_46,0.87510586,USER-SUPPLIED TELEMETRY — origin not verified,False,False
2013-10-01 16:03:00+00:00,1.5018669,7.818993126201719,NO ALERT,channel_46,1.1626788,USER-SUPPLIED TELEMETRY — origin not verified,False,False
2013-10-01 16:04:00+00:00,3.1931615,7.818993126201719,NO ALERT,channel_44,0.94512594,USER-SUPPLIED TELEMETRY — origin not verified,False,False
2013-10-01 16:05:00+00:00,1.0649639,7.818993126201719,NO ALERT,channel_46,1.0430912,USER-SUPPLIED TELEMETRY — origin not verified,False,False
2013-10-01 16:06:00+00:00,0.36236426,7.818993126201719,NO ALERT,channel_44,0.9022261,USER-SUPPLIED TELEMETRY — origin not verified,False,False
2013-10-01 16:07:00+00:00,0.96101594,7.818993126201719,NO ALERT,channel_44,1.1018958,USER-SUPPLIED TELEMETRY — origin not verified,False,False
2013-10-01 16:08:00+00:00,4.239262,7.818993126201719,NO ALERT,channel_46,1.4566183,USER-SUPPLIED TELEMETRY — origin not verified,False,False
2013-10-01 16:09:00+00:00,1.6758767,7.818993126201719,NO ALERT,channel_44,1.1562045,USER-SUPPLIED TELEMETRY — origin not verified,False,False
2013-10-01 16:10:00+00:00,1.0051247,7.818993126201719,NO ALERT,channel_41,1.1867783,USER-SUPPLIED TELEMETRY — origin not verified,False,False
2013-10-01 16:11:00+00:00,1.6528484,7.818993126201719,NO ALERT,channel_41,1.0464214,USER-SUPPLIED TELEMETRY — origin not verified,False,False
2013-10-01 16:12:00+00:00,1.5975125,7.818993126201719,NO ALERT,channel_42,1.275643,USER-SUPPLIED TELEMETRY — origin not verified,False,False
2013-10-01 16:13:00+00:00,2.4483368,7.818993126201719,NO ALERT,channel_44,1.4303551,USER-SUPPLIED TELEMETRY — origin not verified,False,False
2013-10-01 16:14:00+00:00,1.8414233,7.818993126201719,NO ALERT,channel_41,1.1309202,USER-SUPPLIED TELEMETRY — origin not verified,False,False
2013-10-01 16:15:00+00:00,2.2089913,7.818993126201719,NO ALERT,channel_42,1.3981936,USER-SUPPLIED TELEMETRY — origin not verified,False,False
2013-10-01 16:16:00+00:00,2.805505,7.818993126201719,NO ALERT,channel_45,1.117621,USER-SUPPLIED TELEMETRY — origin not verified,False,False
2013-10-01 16:17:00+00:00,2.970178,7.818993126201719,NO ALERT,channel_42,1.5586741,USER-SUPPLIED TELEMETRY — origin not verified,False,False
2013-10-01 16:18:00+00:00,4.141338,7.818993126201719,NO ALERT,channel_42,1.436256,USER-SUPPLIED TELEMETRY — origin not verified,False,False
2013-10-01 16:19:00+00:00,2.5664387,7.818993126201719,NO ALERT,channel_42,2.000014,USER-SUPPLIED TELEMETRY — origin not verified,False,False
2013-10-01 16:20:00+00:00,1.2500496,7.818993126201719,NO ALERT,channel_45,1.2756516,USER-SUPPLIED TELEMETRY — origin not verified,False,False
2013-10-01 16:21:00+00:00,2.956713,7.818993126201719,NO ALERT,channel_45,1.0204641,USER-SUPPLIED TELEMETRY — origin not verified,False,False
2013-10-01 16:22:00+00:00,3.683235,7.818993126201719,NO ALERT,channel_45,1.1213229,USER-SUPPLIED TELEMETRY — origin not verified,False,False
2013-10-01 16:23:00+00:00,2.3273742,7.818993126201719,NO ALERT,channel_46,2.1168096,USER-SUPPLIED TELEMETRY — origin not verified,False,False
2013-10-01 16:24:00+00:00,1.7087487,7.818993126201719,NO ALERT,channel_45,0.9873486,USER-SUPPLIED TELEMETRY — origin not verified,False,False
2013-10-01 16:25:00+00:00,0.9849814,7.818993126201719,NO ALERT,channel_46,0.89180493,USER-SUPPLIED TELEMETRY — origin not verified,False,False
2013-10-01 16:26:00+00:00,3.5269647,7.818993126201719,NO ALERT,channel_46,1.1784353,USER-SUPPLIED TELEMETRY — origin not verified,False,False
2013-10-01 16:27:00+00:00,5.1401024,7.818993126201719,NO ALERT,channel_46,1.2643867,USER-SUPPLIED TELEMETRY — origin not verified,False,False
2013-10-01 16:28:00+00:00,4.294244,7.818993126201719,NO ALERT,channel_46,1.9343714,USER-SUPPLIED TELEMETRY — origin not verified,False,False
2013-10-01 16:29:00+00:00,3.2615833,7.818993126201719,NO ALERT,channel_46,2.1293116,USER-SUPPLIED TELEMETRY — origin not verified,False,False
2013-10-01 16:30:00+00:00,1.7823663,7.818993126201719,NO ALERT,channel_44,0.9533863,USER-SUPPLIED TELEMETRY — origin not verified,False,False
2013-10-01 16:31:00+00:00,3.0705519,7.818993126201719,NO ALERT,channel_46,1.206516,USER-SUPPLIED TELEMETRY — origin not verified,False,False
2013-10-01 16:32:00+00:00,2.5977256,7.818993126201719,NO ALERT,channel_41,1.1956201,USER-SUPPLIED TELEMETRY — origin not verified,False,False
2013-10-01 16:33:00+00:00,2.705694,7.818993126201719,NO ALERT,channel_44,1.5254893,USER-SUPPLIED TELEMETRY — origin not verified,False,False
2013-10-01 16:34:00+00:00,1.4056942,7.818993126201719,NO ALERT,channel_41,1.1440412,USER-SUPPLIED TELEMETRY — origin not verified,False,False
2013-10-01 16:35:00+00:00,3.0073986,7.818993126201719,NO ALERT,channel_44,1.1817738,USER-SUPPLIED TELEMETRY — origin not verified,False,False
2013-10-01 16:36:00+00:00,1.6033342,7.818993126201719,NO ALERT,channel_44,1.3778563,USER-SUPPLIED TELEMETRY — origin not verified,False,False
2013-10-01 16:37:00+00:00,2.600506,7.818993126201719,NO ALERT,channel_41,1.082242,USER-SUPPLIED TELEMETRY — origin not verified,False,False
2013-10-01 16:38:00+00:00,4.11446,7.818993126201719,NO ALERT,channel_42,1.5281764,USER-SUPPLIED TELEMETRY — origin not verified,False,False
2013-10-01 16:39:00+00:00,3.402729,7.818993126201719,NO ALERT,channel_41,1.0511097,USER-SUPPLIED TELEMETRY — origin not verified,False,False
2013-10-01 16:40:00+00:00,2.575652,7.818993126201719,NO ALERT,channel_42,1.3914444,USER-SUPPLIED TELEMETRY — origin not verified,False,False
2013-10-01 16:41:00+00:00,3.5541794,7.818993126201719,NO ALERT,channel_41,1.0379848,USER-SUPPLIED TELEMETRY — origin not verified,False,False
2013-10-01 16:42:00+00:00,1.495545,7.818993126201719,NO ALERT,channel_46,1.3309145,USER-SUPPLIED TELEMETRY — origin not verified,False,False
2013-10-01 16:43:00+00:00,4.268512,7.818993126201719,NO ALERT,channel_42,2.0075076,USER-SUPPLIED TELEMETRY — origin not verified,False,False
2013-10-01 16:44:00+00:00,4.4279513,7.818993126201719,NO ALERT,channel_45,0.9385157,USER-SUPPLIED TELEMETRY — origin not verified,False,False
2013-10-01 16:45:00+00:00,0.76601917,7.818993126201719,NO ALERT,channel_45,1.2826692,USER-SUPPLIED TELEMETRY — origin not verified,False,False
2013-10-01 16:46:00+00:00,2.2981255,7.818993126201719,NO ALERT,channel_46,0.9951892,USER-SUPPLIED TELEMETRY — origin not verified,False,False
2013-10-01 16:47:00+00:00,1.2263604,7.818993126201719,NO ALERT,channel_46,1.2872449,USER-SUPPLIED TELEMETRY — origin not verified,False,False
2013-10-01 16:48:00+00:00,5.969035,7.818993126201719,NO ALERT,channel_45,1.3667696,USER-SUPPLIED TELEMETRY — origin not verified,False,False
2013-10-01 16:49:00+00:00,2.021258,7.818993126201719,NO ALERT,channel_46,1.0537981,USER-SUPPLIED TELEMETRY — origin not verified,False,False
2013-10-01 16:50:00+00:00,1.120314,7.818993126201719,NO ALERT,channel_46,1.137927,USER-SUPPLIED TELEMETRY — origin not verified,False,False
2013-10-01 16:51:00+00:00,3.709141,7.818993126201719,NO ALERT,channel_46,1.0214962,USER-SUPPLIED TELEMETRY — origin not verified,False,False
2013-10-01 16:52:00+00:00,0.9708582,7.818993126201719,NO ALERT,channel_46,1.2166554,USER-SUPPLIED TELEMETRY — origin not verified,False,False
2013-10-01 16:53:00+00:00,4.139023,7.818993126201719,NO ALERT,channel_46,1.697399,USER-SUPPLIED TELEMETRY — origin not verified,False,False
2013-10-01 16:54:00+00:00,3.5481987,7.818993126201719,NO ALERT,channel_46,1.1852009,USER-SUPPLIED TELEMETRY — origin not verified,False,False
2013-10-01 16:55:00+00:00,2.8230128,7.818993126201719,NO ALERT,channel_44,1.1448826,USER-SUPPLIED TELEMETRY — origin not verified,False,False
2013-10-01 16:56:00+00:00,0.3776066,7.818993126201719,NO ALERT,channel_41,0.82175136,USER-SUPPLIED TELEMETRY — origin not verified,False,False
2013-10-01 16:57:00+00:00,2.863558,7.818993126201719,NO ALERT,channel_44,1.322046,USER-SUPPLIED TELEMETRY — origin not verified,False,False
2013-10-01 16:58:00+00:00,4.5853987,7.818993126201719,NO ALERT,channel_41,0.9313879,USER-SUPPLIED TELEMETRY — origin not verified,False,False
2013-10-01 16:59:00+00:00,2.7901,7.818993126201719,NO ALERT,channel_41,1.1264348,USER-SUPPLIED TELEMETRY — origin not verified,False,False
2013-10-01 17:00:00+00:00,0.517081,7.818993126201719,NO ALERT,channel_41,0.9859705,USER-SUPPLIED TELEMETRY — origin not verified,False,False
2013-10-01 17:01:00+00:00,3.380111,7.818993126201719,NO ALERT,channel_41,1.2169924,USER-SUPPLIED TELEMETRY — origin not verified,False,False
2013-10-01 17:02:00+00:00,3.4724934,7.818993126201719,NO ALERT,channel_42,1.2982572,USER-SUPPLIED TELEMETRY — origin not verified,False,False
2013-10-01 17:03:00+00:00,2.5053513,7.818993126201719,NO ALERT,channel_41,1.0744857,USER-SUPPLIED TELEMETRY — origin not verified,False,False
2013-10-01 17:04:00+00:00,3.122679,7.818993126201719,NO ALERT,channel_42,1.7254266,USER-SUPPLIED TELEMETRY — origin not verified,False,False
2013-10-01 17:05:00+00:00,2.669417,7.818993126201719,NO ALERT,channel_42,1.3187445,USER-SUPPLIED TELEMETRY — origin not verified,False,False
2013-10-01 17:06:00+00:00,1.1511682,7.818993126201719,NO ALERT,channel_45,1.0916808,USER-SUPPLIED TELEMETRY — origin not verified,False,False
2013-10-01 17:07:00+00:00,2.150575,7.818993126201719,NO ALERT,channel_42,1.2705735,USER-SUPPLIED TELEMETRY — origin not verified,False,False
2013-10-01 17:08:00+00:00,3.5450256,7.818993126201719,NO ALERT,channel_44,1.4621457,USER-SUPPLIED TELEMETRY — origin not verified,False,False
2013-10-01 17:09:00+00:00,3.2496648,7.818993126201719,NO ALERT,channel_45,1.2684568,USER-SUPPLIED TELEMETRY — origin not verified,False,False
2013-10-01 17:10:00+00:00,1.7501816,7.818993126201719,NO ALERT,channel_42,1.6210519,USER-SUPPLIED TELEMETRY — origin not verified,False,False
2013-10-01 17:11:00+00:00,3.5303729,7.818993126201719,NO ALERT,channel_42,1.6068833,USER-SUPPLIED TELEMETRY — origin not verified,False,False
2013-10-01 17:12:00+00:00,2.7022955,7.818993126201719,NO ALERT,channel_42,1.0042058,USER-SUPPLIED TELEMETRY — origin not verified,False,False
2013-10-01 17:13:00+00:00,0.63089925,7.818993126201719,NO ALERT,channel_45,1.086839,USER-SUPPLIED TELEMETRY — origin not verified,False,False
2013-10-01 17:14:00+00:00,2.5433986,7.818993126201719,NO ALERT,channel_46,1.5524731,USER-SUPPLIED TELEMETRY — origin not verified,False,False
2013-10-01 17:15:00+00:00,1.4667659,7.818993126201719,NO ALERT,channel_46,0.8381093,USER-SUPPLIED TELEMETRY — origin not verified,False,False
2013-10-01 17:16:00+00:00,4.090027,7.818993126201719,NO ALERT,channel_46,1.4159313,USER-SUPPLIED TELEMETRY — origin not verified,False,False
2013-10-01 17:17:00+00:00,4.4759974,7.818993126201719,NO ALERT,channel_46,0.9004951,USER-SUPPLIED TELEMETRY — origin not verified,False,False
2013-10-01 17:18:00+00:00,3.1671877,7.818993126201719,NO ALERT,channel_46,1.3886493,USER-SUPPLIED TELEMETRY — origin not verified,False,False
2013-10-01 17:19:00+00:00,3.556702,7.818993126201719,NO ALERT,channel_44,1.1989702,USER-SUPPLIED TELEMETRY — origin not verified,False,False
2013-10-01 17:20:00+00:00,2.0977619,7.818993126201719,NO ALERT,channel_46,1.0797358,USER-SUPPLIED TELEMETRY — origin not verified,False,False
2013-10-01 17:21:00+00:00,2.0979455,7.818993126201719,NO ALERT,channel_44,1.0357797,USER-SUPPLIED TELEMETRY — origin not verified,False,False
2013-10-01 17:22:00+00:00,0.49676266,7.818993126201719,NO ALERT,channel_44,1.4470959,USER-SUPPLIED TELEMETRY — origin not verified,False,False
2013-10-01 17:23:00+00:00,1.1916491,7.818993126201719,NO ALERT,channel_44,1.2086213,USER-SUPPLIED TELEMETRY — origin not verified,False,False
2013-10-01 17:24:00+00:00,3.6124427,7.818993126201719,NO ALERT,channel_41,1.1270609,USER-SUPPLIED TELEMETRY — origin not verified,False,False
2013-10-01 17:25:00+00:00,1.7756755,7.818993126201719,NO ALERT,channel_44,0.8540713,USER-SUPPLIED TELEMETRY — origin not verified,False,False
2013-10-01 17:26:00+00:00,1.4218551,7.818993126201719,NO ALERT,channel_41,0.8465522,USER-SUPPLIED TELEMETRY — origin not verified,False,False
2013-10-01 17:27:00+00:00,1.7727178,7.818993126201719,NO ALERT,channel_42,1.1201386,USER-SUPPLIED TELEMETRY — origin not verified,False,False
2013-10-01 17:28:00+00:00,3.4301379,7.818993126201719,NO ALERT,channel_41,1.245518,USER-SUPPLIED TELEMETRY — origin not verified,False,False
2013-10-01 17:29:00+00:00,0.8179511,7.818993126201719,NO ALERT,channel_44,1.1729454,USER-SUPPLIED TELEMETRY — origin not verified,False,False
2013-10-01 17:30:00+00:00,2.7604594,7.818993126201719,NO ALERT,channel_44,1.1748098,USER-SUPPLIED TELEMETRY — origin not verified,False,False
2013-10-01 17:31:00+00:00,2.548258,7.818993126201719,NO ALERT,channel_44,1.2842729,USER-SUPPLIED TELEMETRY — origin not verified,False,False
2013-10-01 17:32:00+00:00,1.3375704,7.818993126201719,NO ALERT,channel_45,1.0081019,USER-SUPPLIED TELEMETRY — origin not verified,False,False
2013-10-01 17:33:00+00:00,1.7156235,7.818993126201719,NO ALERT,channel_42,1.0483578,USER-SUPPLIED TELEMETRY — origin not verified,False,False
2013-10-01 17:34:00+00:00,2.3880284,7.818993126201719,NO ALERT,channel_46,1.0440787,USER-SUPPLIED TELEMETRY — origin not verified,False,False
2013-10-01 17:35:00+00:00,3.275645,7.818993126201719,NO ALERT,channel_42,1.6213063,USER-SUPPLIED TELEMETRY — origin not verified,False,False
2013-10-01 17:36:00+00:00,1.8761322,7.818993126201719,NO ALERT,channel_46,1.0885701,USER-SUPPLIED TELEMETRY — origin not verified,False,False
2013-10-01 17:37:00+00:00,4.2591863,7.818993126201719,NO ALERT,channel_42,1.025843,USER-SUPPLIED TELEMETRY — origin not verified,False,False
2013-10-01 17:38:00+00:00,4.7703753,7.818993126201719,NO ALERT,channel_46,1.54267,USER-SUPPLIED TELEMETRY — origin not verified,False,False
2013-10-01 17:39:00+00:00,0.7729646,7.818993126201719,NO ALERT,channel_46,1.0323068,USER-SUPPLIED TELEMETRY — origin not verified,False,False
2013-10-01 17:40:00+00:00,1.090802,7.818993126201719,NO ALERT,channel_42,0.73268366,USER-SUPPLIED TELEMETRY — origin not verified,False,False
2013-10-01 17:41:00+00:00,1.0403796,7.818993126201719,NO ALERT,channel_46,1.205937,USER-SUPPLIED TELEMETRY — origin not verified,False,False
2013-10-01 17:42:00+00:00,0.4586616,7.818993126201719,NO ALERT,channel_46,1.0002929,USER-SUPPLIED TELEMETRY — origin not verified,False,False
2013-10-01 17:43:00+00:00,1.6194277,7.818993126201719,NO ALERT,channel_46,1.0595351,USER-SUPPLIED TELEMETRY — origin not verified,False,False
2013-10-01 17:44:00+00:00,1.6052912,7.818993126201719,NO ALERT,channel_44,1.3950877,USER-SUPPLIED TELEMETRY — origin not verified,False,False
2013-10-01 17:45:00+00:00,0.81653726,7.818993126201719,NO ALERT,channel_44,0.828123,USER-SUPPLIED TELEMETRY — origin not verified,False,False
2013-10-01 17:46:00+00:00,1.503312,7.818993126201719,NO ALERT,channel_46,0.7362348,USER-SUPPLIED TELEMETRY — origin not verified,False,False
2013-10-01 17:47:00+00:00,1.3089358,7.818993126201719,NO ALERT,channel_41,1.5040451,USER-SUPPLIED TELEMETRY — origin not verified,False,False
2013-10-01 17:48:00+00:00,3.7769597,7.818993126201719,NO ALERT,channel_42,1.6485795,USER-SUPPLIED TELEMETRY — origin not verified,False,False
2013-10-01 17:49:00+00:00,0.6490327,7.818993126201719,NO ALERT,channel_44,1.1005305,USER-SUPPLIED TELEMETRY — origin not verified,False,False
2013-10-01 17:50:00+00:00,2.5603187,7.818993126201719,NO ALERT,channel_41,0.9662539,USER-SUPPLIED TELEMETRY — origin not verified,False,False
2013-10-01 17:51:00+00:00,1.455686,7.818993126201719,NO ALERT,channel_44,0.967557,USER-SUPPLIED TELEMETRY — origin not verified,False,False
2013-10-01 17:52:00+00:00,2.0576067,7.818993126201719,NO ALERT,channel_42,1.1458896,USER-SUPPLIED TELEMETRY — origin not verified,False,False
2013-10-01 17:53:00+00:00,1.8252221,7.818993126201719,NO ALERT,channel_44,1.1621072,USER-SUPPLIED TELEMETRY — origin not verified,False,False
2013-10-01 17:54:00+00:00,2.5533857,7.818993126201719,NO ALERT,channel_44,1.1416684,USER-SUPPLIED TELEMETRY — origin not verified,False,False
2013-10-01 17:55:00+00:00,2.0101416,7.818993126201719,NO ALERT,channel_42,1.168448,USER-SUPPLIED TELEMETRY — origin not verified,False,False
2013-10-01 17:56:00+00:00,1.3980554,7.818993126201719,NO ALERT,channel_42,1.2387561,USER-SUPPLIED TELEMETRY — origin not verified,False,False
2013-10-01 17:57:00+00:00,1.4567275,7.818993126201719,NO ALERT,channel_44,0.9229532,USER-SUPPLIED TELEMETRY — origin not verified,False,False
2013-10-01 17:58:00+00:00,3.5708947,7.818993126201719,NO ALERT,channel_44,1.2144494,USER-SUPPLIED TELEMETRY — origin not verified,False,False
2013-10-01 17:59:00+00:00,2.7736468,7.818993126201719,NO ALERT,channel_45,1.3023347,USER-SUPPLIED TELEMETRY — origin not verified,False,False
2013-10-01 18:00:00+00:00,2.978623,7.818993126201719,NO ALERT,channel_42,1.0940877,USER-SUPPLIED TELEMETRY — origin not verified,False,False
2013-10-01 18:01:00+00:00,2.0658534,7.818993126201719,NO ALERT,channel_45,1.1596284,USER-SUPPLIED TELEMETRY — origin not verified,False,False
2013-10-01 18:02:00+00:00,5.1344156,7.818993126201719,NO ALERT,channel_42,1.0905833,USER-SUPPLIED TELEMETRY — origin not verified,False,False
2013-10-01 18:03:00+00:00,3.715862,7.818993126201719,NO ALERT,channel_45,1.1348271,USER-SUPPLIED TELEMETRY — origin not verified,False,False
2013-10-01 18:04:00+00:00,3.9577305,7.818993126201719,NO ALERT,channel_46,1.1445119,USER-SUPPLIED TELEMETRY — origin not verified,False,False
2013-10-01 18:05:00+00:00,4.9460573,7.818993126201719,NO ALERT,channel_46,1.4457184,USER-SUPPLIED TELEMETRY — origin not verified,False,False
2013-10-01 18:06:00+00:00,2.2274995,7.818993126201719,NO ALERT,channel_46,1.6437386,USER-SUPPLIED TELEMETRY — origin not verified,False,False
2013-10-01 18:07:00+00:00,1.5018873,7.818993126201719,NO ALERT,channel_44,1.279697,USER-SUPPLIED TELEMETRY — origin not verified,False,False
2013-10-01 18:08:00+00:00,4.8335576,7.818993126201719,NO ALERT,channel_46,1.5565339,USER-SUPPLIED TELEMETRY — origin not verified,False,False
2013-10-01 18:09:00+00:00,4.698663,7.818993126201719,NO ALERT,channel_41,0.9954744,USER-SUPPLIED TELEMETRY — origin not verified,False,False
2013-10-01 18:10:00+00:00,5.2533736,7.818993126201719,NO ALERT,channel_44,0.88142645,USER-SUPPLIED TELEMETRY — origin not verified,False,False
2013-10-01 18:11:00+00:00,3.0372577,7.818993126201719,NO ALERT,channel_41,1.0688579,USER-SUPPLIED TELEMETRY — origin not verified,False,False
2013-10-01 18:12:00+00:00,4.5026035,7.818993126201719,NO ALERT,channel_42,1.3407764,USER-SUPPLIED TELEMETRY — origin not verified,False,False
2013-10-01 18:13:00+00:00,2.8195899,7.818993126201719,NO ALERT,channel_44,1.4683584,USER-SUPPLIED TELEMETRY — origin not verified,False,False
2013-10-01 18:14:00+00:00,4.1550674,7.818993126201719,NO ALERT,channel_42,1.3818883,USER-SUPPLIED TELEMETRY — origin not verified,False,False
2013-10-01 18:15:00+00:00,4.148436,7.818993126201719,NO ALERT,channel_44,1.3094842,USER-SUPPLIED TELEMETRY — origin not verified,False,False
2013-10-01 18:16:00+00:00,2.7858922,7.818993126201719,NO ALERT,channel_45,0.87741214,USER-SUPPLIED TELEMETRY — origin not verified,False,False
2013-10-01 18:17:00+00:00,2.2262788,7.818993126201719,NO ALERT,channel_44,1.0676408,USER-SUPPLIED TELEMETRY — origin not verified,False,False
2013-10-01 18:18:00+00:00,4.028029,7.818993126201719,NO ALERT,channel_41,1.2493825,USER-SUPPLIED TELEMETRY — origin not verified,False,False
2013-10-01 18:19:00+00:00,4.7191024,7.818993126201719,NO ALERT,channel_44,1.0491527,USER-SUPPLIED TELEMETRY — origin not verified,False,False
2013-10-01 18:20:00+00:00,0.721908,7.818993126201719,NO ALERT,channel_42,1.1556381,USER-SUPPLIED TELEMETRY — origin not verified,False,False
2013-10-01 18:21:00+00:00,3.2091427,7.818993126201719,NO ALERT,channel_44,1.3870702,USER-SUPPLIED TELEMETRY — origin not verified,False,False
2013-10-01 18:22:00+00:00,3.6039743,7.818993126201719,NO ALERT,channel_45,0.9900067,USER-SUPPLIED TELEMETRY — origin not verified,False,False
2013-10-01 18:23:00+00:00,1.5797416,7.818993126201719,NO ALERT,channel_42,1.9884961,USER-SUPPLIED TELEMETRY — origin not verified,False,False
2013-10-01 18:24:00+00:00,4.5994687,7.818993126201719,NO ALERT,channel_46,1.0067409,USER-SUPPLIED TELEMETRY — origin not verified,False,False
2013-10-01 18:25:00+00:00,1.1006209,7.818993126201719,NO ALERT,channel_42,1.6704997,USER-SUPPLIED TELEMETRY — origin not verified,False,False
2013-10-01 18:26:00+00:00,2.5707614,7.818993126201719,NO ALERT,channel_42,1.051526,USER-SUPPLIED TELEMETRY — origin not verified,False,False
2013-10-01 18:27:00+00:00,2.2895253,7.818993126201719,NO ALERT,channel_42,1.4340453,USER-SUPPLIED TELEMETRY — origin not verified,False,False
2013-10-01 18:28:00+00:00,5.069711,7.818993126201719,NO ALERT,channel_45,1.6477135,USER-SUPPLIED TELEMETRY — origin not verified,False,False
2013-10-01 18:29:00+00:00,2.0698895,7.818993126201719,NO ALERT,channel_46,0.9958018,USER-SUPPLIED TELEMETRY — origin not verified,False,False
2013-10-01 18:30:00+00:00,1.6150206,7.818993126201719,NO ALERT,channel_46,0.87432694,USER-SUPPLIED TELEMETRY — origin not verified,False,False
2013-10-01 18:31:00+00:00,2.2955377,7.818993126201719,NO ALERT,channel_44,1.0510192,USER-SUPPLIED TELEMETRY — origin not verified,False,False
2013-10-01 18:32:00+00:00,2.2104018,7.818993126201719,NO ALERT,channel_44,0.80971885,USER-SUPPLIED TELEMETRY — origin not verified,False,False
2013-10-01 18:33:00+00:00,2.0993476,7.818993126201719,NO ALERT,channel_44,1.2169558,USER-SUPPLIED TELEMETRY — origin not verified,False,False
2013-10-01 18:34:00+00:00,1.2722378,7.818993126201719,NO ALERT,channel_44,1.410917,USER-SUPPLIED TELEMETRY — origin not verified,False,False
2013-10-01 18:35:00+00:00,1.965928,7.818993126201719,NO ALERT,channel_44,0.9494647,USER-SUPPLIED TELEMETRY — origin not verified,False,False
2013-10-01 18:36:00+00:00,1.7340423,7.818993126201719,NO ALERT,channel_44,1.4637375,USER-SUPPLIED TELEMETRY — origin not verified,False,False
2013-10-01 18:37:00+00:00,2.5066493,7.818993126201719,NO ALERT,channel_41,1.1083935,USER-SUPPLIED TELEMETRY — origin not verified,False,False
2013-10-01 18:38:00+00:00,3.863202,7.818993126201719,NO ALERT,channel_44,1.531957,USER-SUPPLIED TELEMETRY — origin not verified,False,False
2013-10-01 18:39:00+00:00,2.1501672,7.818993126201719,NO ALERT,channel_42,1.5956107,USER-SUPPLIED TELEMETRY — origin not verified,False,False
2013-10-01 18:40:00+00:00,2.3685064,7.818993126201719,NO ALERT,channel_42,1.3564086,USER-SUPPLIED TELEMETRY — origin not verified,False,False
2013-10-01 18:41:00+00:00,3.5950038,7.818993126201719,NO ALERT,channel_42,1.5345982,USER-SUPPLIED TELEMETRY — origin not verified,False,False
2013-10-01 18:42:00+00:00,2.9893916,7.818993126201719,NO ALERT,channel_42,1.2225047,USER-SUPPLIED TELEMETRY — origin not verified,False,False
2013-10-01 18:43:00+00:00,3.1511457,7.818993126201719,NO ALERT,channel_42,1.3954799,USER-SUPPLIED TELEMETRY — origin not verified,False,False
2013-10-01 18:44:00+00:00,3.552331,7.818993126201719,NO ALERT,channel_45,1.1455338,USER-SUPPLIED TELEMETRY — origin not verified,False,False
2013-10-01 18:45:00+00:00,4.1078057,7.818993126201719,NO ALERT,channel_42,1.9598866,USER-SUPPLIED TELEMETRY — origin not verified,False,False
2013-10-01 18:46:00+00:00,4.357595,7.818993126201719,NO ALERT,channel_46,1.3608265,USER-SUPPLIED TELEMETRY — origin not verified,False,False
2013-10-01 18:47:00+00:00,2.4154596,7.818993126201719,NO ALERT,channel_42,1.3036438,USER-SUPPLIED TELEMETRY — origin not verified,False,False
2013-10-01 18:48:00+00:00,3.2649539,7.818993126201719,NO ALERT,channel_45,1.4489828,USER-SUPPLIED TELEMETRY — origin not verified,False,False
2013-10-01 18:49:00+00:00,3.4085798,7.818993126201719,NO ALERT,channel_46,1.2897024,USER-SUPPLIED TELEMETRY — origin not verified,False,False
2013-10-01 18:50:00+00:00,1.9705194,7.818993126201719,NO ALERT,channel_46,1.0560153,USER-SUPPLIED TELEMETRY — origin not verified,False,False
2013-10-01 18:51:00+00:00,3.1052892,7.818993126201719,NO ALERT,channel_46,1.6314813,USER-SUPPLIED TELEMETRY — origin not verified,False,False
2013-10-01 18:52:00+00:00,2.636861,7.818993126201719,NO ALERT,channel_42,1.0323051,USER-SUPPLIED TELEMETRY — origin not verified,False,False
2013-10-01 18:53:00+00:00,1.9309963,7.818993126201719,NO ALERT,channel_46,1.3773237,USER-SUPPLIED TELEMETRY — origin not verified,False,False
2013-10-01 18:54:00+00:00,2.631877,7.818993126201719,NO ALERT,channel_46,1.1448191,USER-SUPPLIED TELEMETRY — origin not verified,False,False
2013-10-01 18:55:00+00:00,3.320067,7.818993126201719,NO ALERT,channel_46,1.3224201,USER-SUPPLIED TELEMETRY — origin not verified,False,False
2013-10-01 18:56:00+00:00,3.2175627,7.818993126201719,NO ALERT,channel_46,1.6030484,USER-SUPPLIED TELEMETRY — origin not verified,False,False
2013-10-01 18:57:00+00:00,3.712098,7.818993126201719,NO ALERT,channel_46,1.3769609,USER-SUPPLIED TELEMETRY — origin not verified,False,False
2013-10-01 18:58:00+00:00,4.039741,7.818993126201719,NO ALERT,channel_41,1.1087109,USER-SUPPLIED TELEMETRY — origin not verified,False,False
2013-10-01 18:59:00+00:00,0.5032487,7.818993126201719,NO ALERT,channel_44,0.91819817,USER-SUPPLIED TELEMETRY — origin not verified,False,False
2013-10-01 19:00:00+00:00,3.5474865,7.818993126201719,NO ALERT,channel_44,1.4380083,USER-SUPPLIED TELEMETRY — origin not verified,False,False
2013-10-01 19:01:00+00:00,2.0468807,7.818993126201719,NO ALERT,channel_44,1.6383152,USER-SUPPLIED TELEMETRY — origin not verified,False,False
2013-10-01 19:02:00+00:00,3.4986527,7.818993126201719,NO ALERT,channel_44,1.2833433,USER-SUPPLIED TELEMETRY — origin not verified,False,False
2013-10-01 19:03:00+00:00,0.8696132,7.818993126201719,NO ALERT,channel_41,1.4781294,USER-SUPPLIED TELEMETRY — origin not verified,False,False
2013-10-01 19:04:00+00:00,2.5511544,7.818993126201719,NO ALERT,channel_44,1.3443445,USER-SUPPLIED TELEMETRY — origin not verified,False,False
2013-10-01 19:05:00+00:00,2.794582,7.818993126201719,NO ALERT,channel_44,1.2279779,USER-SUPPLIED TELEMETRY — origin not verified,False,False
2013-10-01 19:06:00+00:00,2.6126387,7.818993126201719,NO ALERT,channel_41,1.1714942,USER-SUPPLIED TELEMETRY — origin not verified,False,False
2013-10-01 19:07:00+00:00,1.9010476,7.818993126201719,NO ALERT,channel_45,1.2938273,USER-SUPPLIED TELEMETRY — origin not verified,False,False
2013-10-01 19:08:00+00:00,4.0230374,7.818993126201719,NO ALERT,channel_41,1.6495987,USER-SUPPLIED TELEMETRY — origin not verified,False,False
2013-10-01 19:09:00+00:00,1.3954954,7.818993126201719,NO ALERT,channel_45,1.2353888,USER-SUPPLIED TELEMETRY — origin not verified,False,False
2013-10-01 19:10:00+00:00,0.4995233,7.818993126201719,NO ALERT,channel_42,1.0183271,USER-SUPPLIED TELEMETRY — origin not verified,False,False
2013-10-01 19:11:00+00:00,1.1044489,7.818993126201719,NO ALERT,channel_45,1.4321532,USER-SUPPLIED TELEMETRY — origin not verified,False,False
2013-10-01 19:12:00+00:00,0.6054561,7.818993126201719,NO ALERT,channel_45,1.160592,USER-SUPPLIED TELEMETRY — origin not verified,False,False
2013-10-01 19:13:00+00:00,0.6427916,7.818993126201719,NO ALERT,channel_42,1.9610883,USER-SUPPLIED TELEMETRY — origin not verified,False,False
2013-10-01 19:14:00+00:00,3.474638,7.818993126201719,NO ALERT,channel_46,1.154912,USER-SUPPLIED TELEMETRY — origin not verified,False,False
2013-10-01 19:15:00+00:00,2.8278265,7.818993126201719,NO ALERT,channel_42,1.2528605,USER-SUPPLIED TELEMETRY — origin not verified,False,False
2013-10-01 19:16:00+00:00,2.2083366,7.818993126201719,NO ALERT,channel_45,1.0938727,USER-SUPPLIED TELEMETRY — origin not verified,False,False
2013-10-01 19:17:00+00:00,3.9894965,7.818993126201719,NO ALERT,channel_46,1.5840694,USER-SUPPLIED TELEMETRY — origin not verified,False,False
2013-10-01 19:18:00+00:00,5.1039157,7.818993126201719,NO ALERT,channel_46,1.341528,USER-SUPPLIED TELEMETRY — origin not verified,False,False
2013-10-01 19:19:00+00:00,2.7827015,7.818993126201719,NO ALERT,channel_46,1.6284992,USER-SUPPLIED TELEMETRY — origin not verified,False,False
2013-10-01 19:20:00+00:00,1.6548977,7.818993126201719,NO ALERT,channel_44,1.2522222,USER-SUPPLIED TELEMETRY — origin not verified,False,False
2013-10-01 19:21:00+00:00,2.4544737,7.818993126201719,NO ALERT,channel_46,1.0968578,USER-SUPPLIED TELEMETRY — origin not verified,False,False
2013-10-01 19:22:00+00:00,4.3651333,7.818993126201719,NO ALERT,channel_46,1.7598497,USER-SUPPLIED TELEMETRY — origin not verified,False,False
2013-10-01 19:23:00+00:00,2.8314805,7.818993126201719,NO ALERT,channel_46,0.938566,USER-SUPPLIED TELEMETRY — origin not verified,False,False
2013-10-01 19:24:00+00:00,0.7884164,7.818993126201719,NO ALERT,channel_44,0.92371523,USER-SUPPLIED TELEMETRY — origin not verified,False,False
2013-10-01 19:25:00+00:00,2.547077,7.818993126201719,NO ALERT,channel_44,1.2229998,USER-SUPPLIED TELEMETRY — origin not verified,False,False
2013-10-01 19:26:00+00:00,1.0855129,7.818993126201719,NO ALERT,channel_44,1.0898091,USER-SUPPLIED TELEMETRY — origin not verified,False,False
2013-10-01 19:27:00+00:00,1.8092358,7.818993126201719,NO ALERT,channel_41,0.99658376,USER-SUPPLIED TELEMETRY — origin not verified,False,False
2013-10-01 19:28:00+00:00,4.2146106,7.818993126201719,NO ALERT,channel_42,2.049388,USER-SUPPLIED TELEMETRY — origin not verified,False,False
2013-10-01 19:29:00+00:00,3.148057,7.818993126201719,NO ALERT,channel_41,1.0897228,USER-SUPPLIED TELEMETRY — origin not verified,False,False
2013-10-01 19:30:00+00:00,1.3346727,7.818993126201719,NO ALERT,channel_45,1.0245886,USER-SUPPLIED TELEMETRY — origin not verified,False,False
2013-10-01 19:31:00+00:00,3.4726453,7.818993126201719,NO ALERT,channel_44,1.5569991,USER-SUPPLIED TELEMETRY — origin not verified,False,False
2013-10-01 19:32:00+00:00,2.4373531,7.818993126201719,NO ALERT,channel_46,1.2501764,USER-SUPPLIED TELEMETRY — origin not verified,False,False
2013-10-01 19:33:00+00:00,1.605906,7.818993126201719,NO ALERT,channel_42,1.4845928,USER-SUPPLIED TELEMETRY — origin not verified,False,False
2013-10-01 19:34:00+00:00,4.2630043,7.818993126201719,NO ALERT,channel_46,1.306709,USER-SUPPLIED TELEMETRY — origin not verified,False,False
2013-10-01 19:35:00+00:00,2.7083087,7.818993126201719,NO ALERT,channel_42,1.148394,USER-SUPPLIED TELEMETRY — origin not verified,False,False
2013-10-01 19:36:00+00:00,2.4653127,7.818993126201719,NO ALERT,channel_42,1.5209721,USER-SUPPLIED TELEMETRY — origin not verified,False,False
2013-10-01 19:37:00+00:00,3.259878,7.818993126201719,NO ALERT,channel_45,1.3513848,USER-SUPPLIED TELEMETRY — origin not verified,False,False
2013-10-01 19:38:00+00:00,3.7857335,7.818993126201719,NO ALERT,channel_45,1.4193938,USER-SUPPLIED TELEMETRY — origin not verified,False,False
2013-10-01 19:39:00+00:00,4.2782245,7.818993126201719,NO ALERT,channel_46,1.2577999,USER-SUPPLIED TELEMETRY — origin not verified,False,False
2013-10-01 19:40:00+00:00,1.3415352,7.818993126201719,NO ALERT,channel_45,0.83500564,USER-SUPPLIED TELEMETRY — origin not verified,False,False
2013-10-01 19:41:00+00:00,4.045939,7.818993126201719,NO ALERT,channel_45,1.0664648,USER-SUPPLIED TELEMETRY — origin not verified,False,False
2013-10-01 19:42:00+00:00,2.5025299,7.818993126201719,NO ALERT,channel_42,1.7190752,USER-SUPPLIED TELEMETRY — origin not verified,False,False
2013-10-01 19:43:00+00:00,5.089245,7.818993126201719,NO ALERT,channel_44,0.8973238,USER-SUPPLIED TELEMETRY — origin not verified,False,False
2013-10-01 19:44:00+00:00,1.6909443,7.818993126201719,NO ALERT,channel_44,0.8743158,USER-SUPPLIED TELEMETRY — origin not verified,False,False
2013-10-01 19:45:00+00:00,1.9192336,7.818993126201719,NO ALERT,channel_44,0.84081507,USER-SUPPLIED TELEMETRY — origin not verified,False,False
2013-10-01 19:46:00+00:00,1.3484014,7.818993126201719,NO ALERT,channel_44,1.3495371,USER-SUPPLIED TELEMETRY — origin not verified,False,False
2013-10-01 19:47:00+00:00,2.537253,7.818993126201719,NO ALERT,channel_44,1.8564957,USER-SUPPLIED TELEMETRY — origin not verified,False,False
2013-10-01 19:48:00+00:00,4.2556257,7.818993126201719,NO ALERT,channel_46,1.516683,USER-SUPPLIED TELEMETRY — origin not verified,False,False
2013-10-01 19:49:00+00:00,3.5512671,7.818993126201719,NO ALERT,channel_41,1.1677092,USER-SUPPLIED TELEMETRY — origin not verified,False,False
2013-10-01 19:50:00+00:00,2.1821902,7.818993126201719,NO ALERT,channel_44,1.5678422,USER-SUPPLIED TELEMETRY — origin not verified,False,False
2013-10-01 19:51:00+00:00,1.7348776,7.818993126201719,NO ALERT,channel_41,1.1270669,USER-SUPPLIED TELEMETRY — origin not verified,False,False
2013-10-01 19:52:00+00:00,1.9637958,7.818993126201719,NO ALERT,channel_44,1.204681,USER-SUPPLIED TELEMETRY — origin not verified,False,False
2013-10-01 19:53:00+00:00,2.306542,7.818993126201719,NO ALERT,channel_41,1.3375785,USER-SUPPLIED TELEMETRY — origin not verified,False,False
2013-10-01 19:54:00+00:00,4.767854,7.818993126201719,NO ALERT,channel_44,1.7112175,USER-SUPPLIED TELEMETRY — origin not verified,False,False
2013-10-01 19:55:00+00:00,3.664987,7.818993126201719,NO ALERT,channel_44,1.6938306,USER-SUPPLIED TELEMETRY — origin not verified,False,False
2013-10-01 19:56:00+00:00,3.6395156,7.818993126201719,NO ALERT,channel_46,1.1004632,USER-SUPPLIED TELEMETRY — origin not verified,False,False
2013-10-01 19:57:00+00:00,2.2990391,7.818993126201719,NO ALERT,channel_42,2.0156472,USER-SUPPLIED TELEMETRY — origin not verified,False,False
2013-10-01 19:58:00+00:00,4.3546615,7.818993126201719,NO ALERT,channel_44,1.6310618,USER-SUPPLIED TELEMETRY — origin not verified,False,False
2013-10-01 19:59:00+00:00,1.2722276,7.818993126201719,NO ALERT,channel_42,1.2829763,USER-SUPPLIED TELEMETRY — origin not verified,False,False
2013-10-01 20:00:00+00:00,1.7420844,7.818993126201719,NO ALERT,channel_42,1.7478074,USER-SUPPLIED TELEMETRY — origin not verified,False,False
2013-10-01 20:01:00+00:00,1.3450012,7.818993126201719,NO ALERT,channel_45,1.2346939,USER-SUPPLIED TELEMETRY — origin not verified,False,False
2013-10-01 20:02:00+00:00,2.1621723,7.818993126201719,NO ALERT,channel_42,1.5055414,USER-SUPPLIED TELEMETRY — origin not verified,False,False
2013-10-01 20:03:00+00:00,1.1389409,7.818993126201719,NO ALERT,channel_42,1.3978195,USER-SUPPLIED TELEMETRY — origin not verified,False,False
2013-10-01 20:04:00+00:00,2.5008738,7.818993126201719,NO ALERT,channel_46,1.6203005,USER-SUPPLIED TELEMETRY — origin not verified,False,False
2013-10-01 20:05:00+00:00,2.6868262,7.818993126201719,NO ALERT,channel_46,0.88971615,USER-SUPPLIED TELEMETRY — origin not verified,False,False
2013-10-01 20:06:00+00:00,2.131118,7.818993126201719,NO ALERT,channel_42,1.1945151,USER-SUPPLIED TELEMETRY — origin not verified,False,False
2013-10-01 20:07:00+00:00,3.0570188,7.818993126201719,NO ALERT,channel_46,1.3428421,USER-SUPPLIED TELEMETRY — origin not verified,False,False
2013-10-01 20:08:00+00:00,4.1242523,7.818993126201719,NO ALERT,channel_46,1.4578427,USER-SUPPLIED TELEMETRY — origin not verified,False,False
2013-10-01 20:09:00+00:00,1.4530753,7.818993126201719,NO ALERT,channel_46,1.2144957,USER-SUPPLIED TELEMETRY — origin not verified,False,False
2013-10-01 20:10:00+00:00,2.8234606,7.818993126201719,NO ALERT,channel_41,1.456696,USER-SUPPLIED TELEMETRY — origin not verified,False,False
2013-10-01 20:11:00+00:00,3.8225071,7.818993126201719,NO ALERT,channel_46,1.2963715,USER-SUPPLIED TELEMETRY — origin not verified,False,False
2013-10-01 20:12:00+00:00,2.2923229,7.818993126201719,NO ALERT,channel_46,0.8992798,USER-SUPPLIED TELEMETRY — origin not verified,False,False
2013-10-01 20:13:00+00:00,2.8964453,7.818993126201719,NO ALERT,channel_44,1.1756228,USER-SUPPLIED TELEMETRY — origin not verified,False,False
2013-10-01 20:14:00+00:00,0.4932889,7.818993126201719,NO ALERT,channel_46,0.99311507,USER-SUPPLIED TELEMETRY — origin not verified,False,False
2013-10-01 20:15:00+00:00,2.7995899,7.818993126201719,NO ALERT,channel_44,1.2441813,USER-SUPPLIED TELEMETRY — origin not verified,False,False
2013-10-01 20:16:00+00:00,1.5072047,7.818993126201719,NO ALERT,channel_41,0.8259292,USER-SUPPLIED TELEMETRY — origin not verified,False,False
2013-10-01 20:17:00+00:00,1.1071676,7.818993126201719,NO ALERT,channel_45,0.94848764,USER-SUPPLIED TELEMETRY — origin not verified,False,False
2013-10-01 20:18:00+00:00,2.9247525,7.818993126201719,NO ALERT,channel_44,1.2005258,USER-SUPPLIED TELEMETRY — origin not verified,False,False
2013-10-01 20:19:00+00:00,4.6247206,7.818993126201719,NO ALERT,channel_42,1.9280963,USER-SUPPLIED TELEMETRY — origin not verified,False,False
2013-10-01 20:20:00+00:00,4.067021,7.818993126201719,NO ALERT,channel_41,1.0178645,USER-SUPPLIED TELEMETRY — origin not verified,False,False
2013-10-01 20:21:00+00:00,2.156111,7.818993126201719,NO ALERT,channel_42,1.0865122,USER-SUPPLIED TELEMETRY — origin not verified,False,False
2013-10-01 20:22:00+00:00,5.1296024,7.818993126201719,NO ALERT,channel_45,1.1841012,USER-SUPPLIED TELEMETRY — origin not verified,False,False
2013-10-01 20:23:00+00:00,2.9730093,7.818993126201719,NO ALERT,channel_45,1.042185,USER-SUPPLIED TELEMETRY — origin not verified,False,False
2013-10-01 20:24:00+00:00,4.216406,7.818993126201719,NO ALERT,channel_45,1.1376244,USER-SUPPLIED TELEMETRY — origin not verified,False,False
2013-10-01 20:25:00+00:00,1.8346747,7.818993126201719,NO ALERT,channel_45,1.2366982,USER-SUPPLIED TELEMETRY — origin not verified,False,False
2013-10-01 20:26:00+00:00,2.0172231,7.818993126201719,NO ALERT,channel_46,1.0533283,USER-SUPPLIED TELEMETRY — origin not verified,False,False
2013-10-01 20:27:00+00:00,1.9378034,7.818993126201719,NO ALERT,channel_42,1.09056,USER-SUPPLIED TELEMETRY — origin not verified,False,False
2013-10-01 20:28:00+00:00,4.402974,7.818993126201719,NO ALERT,channel_46,1.6137111,USER-SUPPLIED TELEMETRY — origin not verified,False,False
2013-10-01 20:29:00+00:00,3.7987604,7.818993126201719,NO ALERT,channel_45,1.0723143,USER-SUPPLIED TELEMETRY — origin not verified,False,False
2013-10-01 20:30:00+00:00,0.80723083,7.818993126201719,NO ALERT,channel_46,1.2730118,USER-SUPPLIED TELEMETRY — origin not verified,False,False
2013-10-01 20:31:00+00:00,3.1330707,7.818993126201719,NO ALERT,channel_46,1.0543414,USER-SUPPLIED TELEMETRY — origin not verified,False,False
2013-10-01 20:32:00+00:00,3.410174,7.818993126201719,NO ALERT,channel_45,0.82886446,USER-SUPPLIED TELEMETRY — origin not verified,False,False
2013-10-01 20:33:00+00:00,2.9786508,7.818993126201719,NO ALERT,channel_46,1.3304803,USER-SUPPLIED TELEMETRY — origin not verified,False,False
2013-10-01 20:34:00+00:00,3.1782992,7.818993126201719,NO ALERT,channel_44,1.3065434,USER-SUPPLIED TELEMETRY — origin not verified,False,False
2013-10-01 20:35:00+00:00,4.3836656,7.818993126201719,NO ALERT,channel_41,0.6644236,USER-SUPPLIED TELEMETRY — origin not verified,False,False
2013-10-01 20:36:00+00:00,1.8103917,7.818993126201719,NO ALERT,channel_46,1.0375409,USER-SUPPLIED TELEMETRY — origin not verified,False,False
2013-10-01 20:37:00+00:00,3.3527148,7.818993126201719,NO ALERT,channel_44,1.3278769,USER-SUPPLIED TELEMETRY — origin not verified,False,False
2013-10-01 20:38:00+00:00,4.5628114,7.818993126201719,NO ALERT,channel_44,1.3989668,USER-SUPPLIED TELEMETRY — origin not verified,False,False
2013-10-01 20:39:00+00:00,1.2176647,7.818993126201719,NO ALERT,channel_41,1.1706938,USER-SUPPLIED TELEMETRY — origin not verified,False,False
2013-10-01 20:40:00+00:00,1.8922917,7.818993126201719,NO ALERT,channel_41,1.2631556,USER-SUPPLIED TELEMETRY — origin not verified,False,False
2013-10-01 20:41:00+00:00,1.8243388,7.818993126201719,NO ALERT,channel_44,1.1335102,USER-SUPPLIED TELEMETRY — origin not verified,False,False
2013-10-01 20:42:00+00:00,1.0555905,7.818993126201719,NO ALERT,channel_41,1.2242991,USER-SUPPLIED TELEMETRY — origin not verified,False,False
2013-10-01 20:43:00+00:00,2.9522977,7.818993126201719,NO ALERT,channel_44,1.4366026,USER-SUPPLIED TELEMETRY — origin not verified,False,False
2013-10-01 20:44:00+00:00,2.2082183,7.818993126201719,NO ALERT,channel_42,1.6649649,USER-SUPPLIED TELEMETRY — origin not verified,False,False
2013-10-01 20:45:00+00:00,3.4411721,7.818993126201719,NO ALERT,channel_41,1.2034566,USER-SUPPLIED TELEMETRY — origin not verified,False,False
2013-10-01 20:46:00+00:00,2.041776,7.818993126201719,NO ALERT,channel_42,1.3117248,USER-SUPPLIED TELEMETRY — origin not verified,False,False
2013-10-01 20:47:00+00:00,2.0474133,7.818993126201719,NO ALERT,channel_42,1.2823553,USER-SUPPLIED TELEMETRY — origin not verified,False,False
2013-10-01 20:48:00+00:00,3.7472982,7.818993126201719,NO ALERT,channel_45,1.122263,USER-SUPPLIED TELEMETRY — origin not verified,False,False
2013-10-01 20:49:00+00:00,2.5012956,7.818993126201719,NO ALERT,channel_45,0.8950023,USER-SUPPLIED TELEMETRY — origin not verified,False,False
2013-10-01 20:50:00+00:00,0.3741892,7.818993126201719,NO ALERT,channel_45,1.1260219,USER-SUPPLIED TELEMETRY — origin not verified,False,False
2013-10-01 20:51:00+00:00,3.5341346,7.818993126201719,NO ALERT,channel_42,0.9397723,USER-SUPPLIED TELEMETRY — origin not verified,False,False
2013-10-01 20:52:00+00:00,0.86029655,7.818993126201719,NO ALERT,channel_45,1.0970706,USER-SUPPLIED TELEMETRY — origin not verified,False,False
2013-10-01 20:53:00+00:00,2.6488848,7.818993126201719,NO ALERT,channel_46,1.2560686,USER-SUPPLIED TELEMETRY — origin not verified,False,False
2013-10-01 20:54:00+00:00,2.141495,7.818993126201719,NO ALERT,channel_42,1.5104591,USER-SUPPLIED TELEMETRY — origin not verified,False,False
2013-10-01 20:55:00+00:00,1.3416278,7.818993126201719,NO ALERT,channel_44,1.3601134,USER-SUPPLIED TELEMETRY — origin not verified,False,False
2013-10-01 20:56:00+00:00,1.6993568,7.818993126201719,NO ALERT,channel_46,1.0876542,USER-SUPPLIED TELEMETRY — origin not verified,False,False
2013-10-01 20:57:00+00:00,3.0408363,7.818993126201719,NO ALERT,channel_46,1.1466345,USER-SUPPLIED TELEMETRY — origin not verified,False,False
2013-10-01 20:58:00+00:00,4.041832,7.818993126201719,NO ALERT,channel_46,1.6404657,USER-SUPPLIED TELEMETRY — origin not verified,False,False
2013-10-01 20:59:00+00:00,0.718753,7.818993126201719,NO ALERT,channel_46,1.1414573,USER-SUPPLIED TELEMETRY — origin not verified,False,False
2013-10-01 21:00:00+00:00,2.7041204,7.818993126201719,NO ALERT,channel_46,1.3294702,USER-SUPPLIED TELEMETRY — origin not verified,False,False
2013-10-01 21:01:00+00:00,1.7759508,7.818993126201719,NO ALERT,channel_44,1.3995631,USER-SUPPLIED TELEMETRY — origin not verified,False,False
2013-10-01 21:02:00+00:00,2.841473,7.818993126201719,NO ALERT,channel_44,1.3672006,USER-SUPPLIED TELEMETRY — origin not verified,False,False
2013-10-01 21:03:00+00:00,1.0660818,7.818993126201719,NO ALERT,channel_44,1.2223108,USER-SUPPLIED TELEMETRY — origin not verified,False,False
2013-10-01 21:04:00+00:00,1.431445,7.818993126201719,NO ALERT,channel_41,0.8725817,USER-SUPPLIED TELEMETRY — origin not verified,False,False
2013-10-01 21:05:00+00:00,2.6271544,7.818993126201719,NO ALERT,channel_42,1.2422984,USER-SUPPLIED TELEMETRY — origin not verified,False,False
2013-10-01 21:06:00+00:00,3.143336,7.818993126201719,NO ALERT,channel_44,1.1589239,USER-SUPPLIED TELEMETRY — origin not verified,False,False
2013-10-01 21:07:00+00:00,2.0442255,7.818993126201719,NO ALERT,channel_44,1.2527051,USER-SUPPLIED TELEMETRY — origin not verified,False,False
2013-10-01 21:08:00+00:00,2.7176232,7.818993126201719,NO ALERT,channel_42,1.4555901,USER-SUPPLIED TELEMETRY — origin not verified,False,False
2013-10-01 21:09:00+00:00,3.6536515,7.818993126201719,NO ALERT,channel_42,1.333569,USER-SUPPLIED TELEMETRY — origin not verified,False,False
2013-10-01 21:10:00+00:00,3.2667198,7.818993126201719,NO ALERT,channel_41,1.2765894,USER-SUPPLIED TELEMETRY — origin not verified,False,False
2013-10-01 21:11:00+00:00,2.732456,7.818993126201719,NO ALERT,channel_42,1.2785466,USER-SUPPLIED TELEMETRY — origin not verified,False,False
2013-10-01 21:12:00+00:00,1.3157436,7.818993126201719,NO ALERT,channel_42,1.3482444,USER-SUPPLIED TELEMETRY — origin not verified,False,False
2013-10-01 21:13:00+00:00,3.2265456,7.818993126201719,NO ALERT,channel_42,1.0253963,USER-SUPPLIED TELEMETRY — origin not verified,False,False
2013-10-01 21:14:00+00:00,3.5108507,7.818993126201719,NO ALERT,channel_42,1.3142327,USER-SUPPLIED TELEMETRY — origin not verified,False,False
2013-10-01 21:15:00+00:00,3.1231563,7.818993126201719,NO ALERT,channel_45,1.2934552,USER-SUPPLIED TELEMETRY — origin not verified,False,False
2013-10-01 21:16:00+00:00,4.5182343,7.818993126201719,NO ALERT,channel_46,1.517159,USER-SUPPLIED TELEMETRY — origin not verified,False,False
2013-10-01 21:17:00+00:00,2.625408,7.818993126201719,NO ALERT,channel_42,1.3695859,USER-SUPPLIED TELEMETRY — origin not verified,False,False
2013-10-01 21:18:00+00:00,4.267295,7.818993126201719,NO ALERT,channel_42,1.4860348,USER-SUPPLIED TELEMETRY — origin not verified,False,False
2013-10-01 21:19:00+00:00,2.8759947,7.818993126201719,NO ALERT,channel_42,1.937729,USER-SUPPLIED TELEMETRY — origin not verified,False,False
2013-10-01 21:20:00+00:00,4.32521,7.818993126201719,NO ALERT,channel_46,1.035415,USER-SUPPLIED TELEMETRY — origin not verified,False,False
2013-10-01 21:21:00+00:00,3.2164872,7.818993126201719,NO ALERT,channel_46,1.3200451,USER-SUPPLIED TELEMETRY — origin not verified,False,False
2013-10-01 21:22:00+00:00,1.1166793,7.818993126201719,NO ALERT,channel_46,1.7173865,USER-SUPPLIED TELEMETRY — origin not verified,False,False
2013-10-01 21:23:00+00:00,2.7631264,7.818993126201719,NO ALERT,channel_44,1.3879479,USER-SUPPLIED TELEMETRY — origin not verified,False,False
2013-10-01 21:24:00+00:00,1.5596007,7.818993126201719,NO ALERT,channel_44,1.1534841,USER-SUPPLIED TELEMETRY — origin not verified,False,False
2013-10-01 21:25:00+00:00,1.9541086,7.818993126201719,NO ALERT,channel_44,1.22805,USER-SUPPLIED TELEMETRY — origin not verified,False,False
2013-10-01 21:26:00+00:00,3.720616,7.818993126201719,NO ALERT,channel_44,1.7308309,USER-SUPPLIED TELEMETRY — origin not verified,False,False
2013-10-01 21:27:00+00:00,2.9294822,7.818993126201719,NO ALERT,channel_41,1.1908387,USER-SUPPLIED TELEMETRY — origin not verified,False,False
2013-10-01 21:28:00+00:00,4.289443,7.818993126201719,NO ALERT,channel_46,1.7746137,USER-SUPPLIED TELEMETRY — origin not verified,False,False
2013-10-01 21:29:00+00:00,2.970704,7.818993126201719,NO ALERT,channel_44,1.231725,USER-SUPPLIED TELEMETRY — origin not verified,False,False
2013-10-01 21:30:00+00:00,2.365535,7.818993126201719,NO ALERT,channel_44,1.4157168,USER-SUPPLIED TELEMETRY — origin not verified,False,False
2013-10-01 21:31:00+00:00,3.5297868,7.818993126201719,NO ALERT,channel_44,1.5037059,USER-SUPPLIED TELEMETRY — origin not verified,False,False
2013-10-01 21:32:00+00:00,3.3927455,7.818993126201719,NO ALERT,channel_42,1.7601291,USER-SUPPLIED TELEMETRY — origin not verified,False,False
2013-10-01 21:33:00+00:00,3.4147317,7.818993126201719,NO ALERT,channel_44,1.2652885,USER-SUPPLIED TELEMETRY — origin not verified,False,False
2013-10-01 21:34:00+00:00,2.9714243,7.818993126201719,NO ALERT,channel_42,1.1010439,USER-SUPPLIED TELEMETRY — origin not verified,False,False
2013-10-01 21:35:00+00:00,2.6731386,7.818993126201719,NO ALERT,channel_42,1.3664361,USER-SUPPLIED TELEMETRY — origin not verified,False,False
2013-10-01 21:36:00+00:00,3.4883711,7.818993126201719,NO ALERT,channel_42,1.8371611,USER-SUPPLIED TELEMETRY — origin not verified,False,False
2013-10-01 21:37:00+00:00,3.9584887,7.818993126201719,NO ALERT,channel_45,1.3197504,USER-SUPPLIED TELEMETRY — origin not verified,False,False
2013-10-01 21:38:00+00:00,4.373371,7.818993126201719,NO ALERT,channel_42,1.5515972,USER-SUPPLIED TELEMETRY — origin not verified,False,False
2013-10-01 21:39:00+00:00,1.4653498,7.818993126201719,NO ALERT,channel_42,1.176497,USER-SUPPLIED TELEMETRY — origin not verified,False,False
2013-10-01 21:40:00+00:00,2.578116,7.818993126201719,NO ALERT,channel_45,1.2624029,USER-SUPPLIED TELEMETRY — origin not verified,False,False
2013-10-01 21:41:00+00:00,3.9346077,7.818993126201719,NO ALERT,channel_42,1.1408594,USER-SUPPLIED TELEMETRY — origin not verified,False,False
2013-10-01 21:42:00+00:00,1.8484019,7.818993126201719,NO ALERT,channel_46,1.1814538,USER-SUPPLIED TELEMETRY — origin not verified,False,False
2013-10-01 21:43:00+00:00,3.1107872,7.818993126201719,NO ALERT,channel_42,1.1333061,USER-SUPPLIED TELEMETRY — origin not verified,False,False
2013-10-01 21:44:00+00:00,2.713958,7.818993126201719,NO ALERT,channel_46,1.0318378,USER-SUPPLIED TELEMETRY — origin not verified,False,False
2013-10-01 21:45:00+00:00,0.60974944,7.818993126201719,NO ALERT,channel_46,1.312506,USER-SUPPLIED TELEMETRY — origin not verified,False,False
2013-10-01 21:46:00+00:00,1.6746174,7.818993126201719,NO ALERT,channel_46,1.1024143,USER-SUPPLIED TELEMETRY — origin not verified,False,False
2013-10-01 21:47:00+00:00,2.652791,7.818993126201719,NO ALERT,channel_46,1.7872345,USER-SUPPLIED TELEMETRY — origin not verified,False,False
2013-10-01 21:48:00+00:00,3.4855325,7.818993126201719,NO ALERT,channel_46,0.9817956,USER-SUPPLIED TELEMETRY — origin not verified,False,False
2013-10-01 21:49:00+00:00,3.0386267,7.818993126201719,NO ALERT,channel_46,1.0826441,USER-SUPPLIED TELEMETRY — origin not verified,False,False
2013-10-01 21:50:00+00:00,2.0453525,7.818993126201719,NO ALERT,channel_46,1.0738921,USER-SUPPLIED TELEMETRY — origin not verified,False,False
2013-10-01 21:51:00+00:00,1.6524141,7.818993126201719,NO ALERT,channel_44,1.2480725,USER-SUPPLIED TELEMETRY — origin not verified,False,False
2013-10-01 21:52:00+00:00,0.9554652,7.818993126201719,NO ALERT,channel_44,1.2352514,USER-SUPPLIED TELEMETRY — origin not verified,False,False
2013-10-01 21:53:00+00:00,1.8503321,7.818993126201719,NO ALERT,channel_41,1.3259012,USER-SUPPLIED TELEMETRY — origin not verified,False,False
2013-10-01 21:54:00+00:00,1.9239532,7.818993126201719,NO ALERT,channel_44,1.3043556,USER-SUPPLIED TELEMETRY — origin not verified,False,False
2013-10-01 21:55:00+00:00,3.0067747,7.818993126201719,NO ALERT,channel_41,1.0351297,USER-SUPPLIED TELEMETRY — origin not verified,False,False
2013-10-01 21:56:00+00:00,3.7683783,7.818993126201719,NO ALERT,channel_41,1.0226142,USER-SUPPLIED TELEMETRY — origin not verified,False,False
2013-10-01 21:57:00+00:00,2.951721,7.818993126201719,NO ALERT,channel_44,1.0595258,USER-SUPPLIED TELEMETRY — origin not verified,False,False
2013-10-01 21:58:00+00:00,2.7905734,7.818993126201719,NO ALERT,channel_41,1.5573548,USER-SUPPLIED TELEMETRY — origin not verified,False,False
2013-10-01 21:59:00+00:00,4.535598,7.818993126201719,NO ALERT,channel_42,1.4357109,USER-SUPPLIED TELEMETRY — origin not verified,False,False
2013-10-01 22:00:00+00:00,4.506665,7.818993126201719,NO ALERT,channel_41,1.2165049,USER-SUPPLIED TELEMETRY — origin not verified,False,False
2013-10-01 22:01:00+00:00,2.9907854,7.818993126201719,NO ALERT,channel_46,1.0162684,USER-SUPPLIED TELEMETRY — origin not verified,False,False
2013-10-01 22:02:00+00:00,2.257087,7.818993126201719,NO ALERT,channel_44,1.6943839,USER-SUPPLIED TELEMETRY — origin not verified,False,False
2013-10-01 22:03:00+00:00,2.6446726,7.818993126201719,NO ALERT,channel_42,1.5669144,USER-SUPPLIED TELEMETRY — origin not verified,False,False
2013-10-01 22:04:00+00:00,2.5544095,7.818993126201719,NO ALERT,channel_42,1.350264,USER-SUPPLIED TELEMETRY — origin not verified,False,False
2013-10-01 22:05:00+00:00,3.3845828,7.818993126201719,NO ALERT,channel_46,2.1095195,USER-SUPPLIED TELEMETRY — origin not verified,False,False
2013-10-01 22:06:00+00:00,1.9325713,7.818993126201719,NO ALERT,channel_42,1.2368393,USER-SUPPLIED TELEMETRY — origin not verified,False,False
2013-10-01 22:07:00+00:00,3.6940343,7.818993126201719,NO ALERT,channel_46,1.0638546,USER-SUPPLIED TELEMETRY — origin not verified,False,False
2013-10-01 22:08:00+00:00,3.376431,7.818993126201719,NO ALERT,channel_45,1.3479048,USER-SUPPLIED TELEMETRY — origin not verified,False,False
2013-10-01 22:09:00+00:00,3.2669666,7.818993126201719,NO ALERT,channel_46,0.9224851,USER-SUPPLIED TELEMETRY — origin not verified,False,False
2013-10-01 22:10:00+00:00,3.7786396,7.818993126201719,NO ALERT,channel_46,1.1026727,USER-SUPPLIED TELEMETRY — origin not verified,False,False
2013-10-01 22:11:00+00:00,3.1505077,7.818993126201719,NO ALERT,channel_46,1.0871751,USER-SUPPLIED TELEMETRY — origin not verified,False,False
2013-10-01 22:12:00+00:00,3.1892397,7.818993126201719,NO ALERT,channel_46,1.0716963,USER-SUPPLIED TELEMETRY — origin not verified,False,False
2013-10-01 22:13:00+00:00,3.738858,7.818993126201719,NO ALERT,channel_46,1.0646544,USER-SUPPLIED TELEMETRY — origin not verified,False,False
2013-10-01 22:14:00+00:00,1.9893061,7.818993126201719,NO ALERT,channel_44,1.1135094,USER-SUPPLIED TELEMETRY — origin not verified,False,False
2013-10-01 22:15:00+00:00,1.9422129,7.818993126201719,NO ALERT,channel_46,1.4368834,USER-SUPPLIED TELEMETRY — origin not verified,False,False
2013-10-01 22:16:00+00:00,3.0546145,7.818993126201719,NO ALERT,channel_46,1.4280255,USER-SUPPLIED TELEMETRY — origin not verified,False,False
2013-10-01 22:17:00+00:00,2.073751,7.818993126201719,NO ALERT,channel_46,1.6310685,USER-SUPPLIED TELEMETRY — origin not verified,False,False
2013-10-01 22:18:00+00:00,3.3933072,7.818993126201719,NO ALERT,channel_44,1.3429717,USER-SUPPLIED TELEMETRY — origin not verified,False,False
2013-10-01 22:19:00+00:00,3.7658768,7.818993126201719,NO ALERT,channel_44,1.6363537,USER-SUPPLIED TELEMETRY — origin not verified,False,False
2013-10-01 22:20:00+00:00,2.5951698,7.818993126201719,NO ALERT,channel_41,1.2667232,USER-SUPPLIED TELEMETRY — origin not verified,False,False
2013-10-01 22:21:00+00:00,3.1177483,7.818993126201719,NO ALERT,channel_44,1.191725,USER-SUPPLIED TELEMETRY — origin not verified,False,False
2013-10-01 22:22:00+00:00,1.8988763,7.818993126201719,NO ALERT,channel_42,1.4438756,USER-SUPPLIED TELEMETRY — origin not verified,False,False
2013-10-01 22:23:00+00:00,2.2673402,7.818993126201719,NO ALERT,channel_42,1.1153849,USER-SUPPLIED TELEMETRY — origin not verified,False,False
2013-10-01 22:24:00+00:00,1.6235834,7.818993126201719,NO ALERT,channel_44,1.2632251,USER-SUPPLIED TELEMETRY — origin not verified,False,False
2013-10-01 22:25:00+00:00,1.6953157,7.818993126201719,NO ALERT,channel_44,1.1514394,USER-SUPPLIED TELEMETRY — origin not verified,False,False
2013-10-01 22:26:00+00:00,2.3425422,7.818993126201719,NO ALERT,channel_42,1.2573202,USER-SUPPLIED TELEMETRY — origin not verified,False,False
2013-10-01 22:27:00+00:00,2.569732,7.818993126201719,NO ALERT,channel_44,1.2761778,USER-SUPPLIED TELEMETRY — origin not verified,False,False
2013-10-01 22:28:00+00:00,4.6271563,7.818993126201719,NO ALERT,channel_42,2.0213225,USER-SUPPLIED TELEMETRY — origin not verified,False,False
2013-10-01 22:29:00+00:00,1.4190634,7.818993126201719,NO ALERT,channel_42,1.796469,USER-SUPPLIED TELEMETRY — origin not verified,False,False
2013-10-01 22:30:00+00:00,1.7284349,7.818993126201719,NO ALERT,channel_46,0.7379099,USER-SUPPLIED TELEMETRY — origin not verified,False,False
2013-10-01 22:31:00+00:00,3.491394,7.818993126201719,NO ALERT,channel_42,1.1926124,USER-SUPPLIED TELEMETRY — origin not verified,False,False
2013-10-01 22:32:00+00:00,2.1511807,7.818993126201719,NO ALERT,channel_46,1.1830293,USER-SUPPLIED TELEMETRY — origin not verified,False,False
2013-10-01 22:33:00+00:00,1.6256182,7.818993126201719,NO ALERT,channel_42,1.0886431,USER-SUPPLIED TELEMETRY — origin not verified,False,False
2013-10-01 22:34:00+00:00,2.5977805,7.818993126201719,NO ALERT,channel_46,1.1443357,USER-SUPPLIED TELEMETRY — origin not verified,False,False
2013-10-01 22:35:00+00:00,3.205342,7.818993126201719,NO ALERT,channel_46,1.4300251,USER-SUPPLIED TELEMETRY — origin not verified,False,False
2013-10-01 22:36:00+00:00,-0.09715675,7.818993126201719,NO ALERT,channel_46,0.8331946,USER-SUPPLIED TELEMETRY — origin not verified,False,False
2013-10-01 22:37:00+00:00,3.226257,7.818993126201719,NO ALERT,channel_46,1.3173991,USER-SUPPLIED TELEMETRY — origin not verified,False,False
2013-10-01 22:38:00+00:00,3.7693858,7.818993126201719,NO ALERT,channel_44,0.95384353,USER-SUPPLIED TELEMETRY — origin not verified,False,False
2013-10-01 22:39:00+00:00,2.7887387,7.818993126201719,NO ALERT,channel_41,0.92406905,USER-SUPPLIED TELEMETRY — origin not verified,False,False
2013-10-01 22:40:00+00:00,1.9958829,7.818993126201719,NO ALERT,channel_46,0.90658146,USER-SUPPLIED TELEMETRY — origin not verified,False,False
2013-10-01 22:41:00+00:00,1.984738,7.818993126201719,NO ALERT,channel_44,1.2177427,USER-SUPPLIED TELEMETRY — origin not verified,False,False
2013-10-01 22:42:00+00:00,1.6383414,7.818993126201719,NO ALERT,channel_46,1.2033014,USER-SUPPLIED TELEMETRY — origin not verified,False,False
2013-10-01 22:43:00+00:00,0.6783308,7.818993126201719,NO ALERT,channel_41,0.86370367,USER-SUPPLIED TELEMETRY — origin not verified,False,False
2013-10-01 22:44:00+00:00,3.0043359,7.818993126201719,NO ALERT,channel_41,1.0908017,USER-SUPPLIED TELEMETRY — origin not verified,False,False
2013-10-01 22:45:00+00:00,1.6236371,7.818993126201719,NO ALERT,channel_41,1.3215328,USER-SUPPLIED TELEMETRY — origin not verified,False,False
2013-10-01 22:46:00+00:00,1.5258666,7.818993126201719,NO ALERT,channel_42,1.2390476,USER-SUPPLIED TELEMETRY — origin not verified,False,False
2013-10-01 22:47:00+00:00,3.164508,7.818993126201719,NO ALERT,channel_42,1.3246659,USER-SUPPLIED TELEMETRY — origin not verified,False,False
2013-10-01 22:48:00+00:00,2.6436975,7.818993126201719,NO ALERT,channel_41,1.3851757,USER-SUPPLIED TELEMETRY — origin not verified,False,False
2013-10-01 22:49:00+00:00,2.329336,7.818993126201719,NO ALERT,channel_42,1.5847776,USER-SUPPLIED TELEMETRY — origin not verified,False,False
2013-10-01 22:50:00+00:00,2.9247892,7.818993126201719,NO ALERT,channel_42,1.2533869,USER-SUPPLIED TELEMETRY — origin not verified,False,False
2013-10-01 22:51:00+00:00,3.7289019,7.818993126201719,NO ALERT,channel_42,1.428537,USER-SUPPLIED TELEMETRY — origin not verified,False,False
2013-10-01 22:52:00+00:00,2.3523228,7.818993126201719,NO ALERT,channel_42,1.6997355,USER-SUPPLIED TELEMETRY — origin not verified,False,False
2013-10-01 22:53:00+00:00,2.3744237,7.818993126201719,NO ALERT,channel_42,1.2792312,USER-SUPPLIED TELEMETRY — origin not verified,False,False
2013-10-01 22:54:00+00:00,1.7597953,7.818993126201719,NO ALERT,channel_42,1.3637599,USER-SUPPLIED TELEMETRY — origin not verified,False,False
2013-10-01 22:55:00+00:00,1.0027325,7.818993126201719,NO ALERT,channel_46,1.0156087,USER-SUPPLIED TELEMETRY — origin not verified,False,False
2013-10-01 22:56:00+00:00,4.2589602,7.818993126201719,NO ALERT,channel_45,1.0734738,USER-SUPPLIED TELEMETRY — origin not verified,False,False
2013-10-01 22:57:00+00:00,2.9622762,7.818993126201719,NO ALERT,channel_42,1.0538747,USER-SUPPLIED TELEMETRY — origin not verified,False,False
2013-10-01 22:58:00+00:00,4.3149385,7.818993126201719,NO ALERT,channel_46,1.3498445,USER-SUPPLIED TELEMETRY — origin not verified,False,False
2013-10-01 22:59:00+00:00,4.8034296,7.818993126201719,NO ALERT,channel_46,1.7383775,USER-SUPPLIED TELEMETRY — origin not verified,False,False
2013-10-01 23:00:00+00:00,2.623416,7.818993126201719,NO ALERT,channel_46,0.9086403,USER-SUPPLIED TELEMETRY — origin not verified,False,False
2013-10-01 23:01:00+00:00,3.5731826,7.818993126201719,NO ALERT,channel_45,0.8198956,USER-SUPPLIED TELEMETRY — origin not verified,False,False
2013-10-01 23:02:00+00:00,4.164062,7.818993126201719,NO ALERT,channel_46,1.58345,USER-SUPPLIED TELEMETRY — origin not verified,False,False
2013-10-01 23:03:00+00:00,2.314907,7.818993126201719,NO ALERT,channel_46,0.67617667,USER-SUPPLIED TELEMETRY — origin not verified,False,False
2013-10-01 23:04:00+00:00,1.246893,7.818993126201719,NO ALERT,channel_44,0.73720294,USER-SUPPLIED TELEMETRY — origin not verified,False,False
2013-10-01 23:05:00+00:00,3.4452593,7.818993126201719,NO ALERT,channel_44,0.7161222,USER-SUPPLIED TELEMETRY — origin not verified,False,False
2013-10-01 23:06:00+00:00,3.3721626,7.818993126201719,NO ALERT,channel_44,1.3507407,USER-SUPPLIED TELEMETRY — origin not verified,False,False
2013-10-01 23:07:00+00:00,4.2141924,7.818993126201719,NO ALERT,channel_42,0.89149773,USER-SUPPLIED TELEMETRY — origin not verified,False,False
2013-10-01 23:08:00+00:00,4.3848495,7.818993126201719,NO ALERT,channel_41,1.0087309,USER-SUPPLIED TELEMETRY — origin not verified,False,False
2013-10-01 23:09:00+00:00,2.2970648,7.818993126201719,NO ALERT,channel_44,1.3133459,USER-SUPPLIED TELEMETRY — origin not verified,False,False
2013-10-01 23:10:00+00:00,1.2866498,7.818993126201719,NO ALERT,channel_41,1.0938208,USER-SUPPLIED TELEMETRY — origin not verified,False,False
2013-10-01 23:11:00+00:00,1.851549,7.818993126201719,NO ALERT,channel_44,1.1802517,USER-SUPPLIED TELEMETRY — origin not verified,False,False
2013-10-01 23:12:00+00:00,0.6188802,7.818993126201719,NO ALERT,channel_44,1.3820972,USER-SUPPLIED TELEMETRY — origin not verified,False,False
2013-10-01 23:13:00+00:00,1.7463048,7.818993126201719,NO ALERT,channel_41,0.93064034,USER-SUPPLIED TELEMETRY — origin not verified,False,False
2013-10-01 23:14:00+00:00,1.6502023,7.818993126201719,NO ALERT,channel_41,1.1695036,USER-SUPPLIED TELEMETRY — origin not verified,False,False
2013-10-01 23:15:00+00:00,2.2718518,7.818993126201719,NO ALERT,channel_45,1.6966677,USER-SUPPLIED TELEMETRY — origin not verified,False,False
2013-10-01 23:16:00+00:00,1.9643451,7.818993126201719,NO ALERT,channel_42,0.9068172,USER-SUPPLIED TELEMETRY — origin not verified,False,False
2013-10-01 23:17:00+00:00,3.2908027,7.818993126201719,NO ALERT,channel_46,0.84169257,USER-SUPPLIED TELEMETRY — origin not verified,False,False
2013-10-01 23:18:00+00:00,5.126239,7.818993126201719,NO ALERT,channel_45,1.3447518,USER-SUPPLIED TELEMETRY — origin not verified,False,False
2013-10-01 23:19:00+00:00,3.6227894,7.818993126201719,NO ALERT,channel_42,1.1893708,USER-SUPPLIED TELEMETRY — origin not verified,False,False
2013-10-01 23:20:00+00:00,1.069608,7.818993126201719,NO ALERT,channel_42,1.3831835,USER-SUPPLIED TELEMETRY — origin not verified,False,False
2013-10-01 23:21:00+00:00,1.5830386,7.818993126201719,NO ALERT,channel_46,0.9096705,USER-SUPPLIED TELEMETRY — origin not verified,False,False
2013-10-01 23:22:00+00:00,3.2233396,7.818993126201719,NO ALERT,channel_46,1.2937791,USER-SUPPLIED TELEMETRY — origin not verified,False,False
2013-10-01 23:23:00+00:00,3.095916,7.818993126201719,NO ALERT,channel_46,1.1710137,USER-SUPPLIED TELEMETRY — origin not verified,False,False
2013-10-01 23:24:00+00:00,3.883315,7.818993126201719,NO ALERT,channel_46,1.2602274,USER-SUPPLIED TELEMETRY — origin not verified,False,False
2013-10-01 23:25:00+00:00,2.8463213,7.818993126201719,NO ALERT,channel_46,0.93893784,USER-SUPPLIED TELEMETRY — origin not verified,False,False
2013-10-01 23:26:00+00:00,2.812413,7.818993126201719,NO ALERT,channel_46,0.9255364,USER-SUPPLIED TELEMETRY — origin not verified,False,False
2013-10-01 23:27:00+00:00,2.3515732,7.818993126201719,NO ALERT,channel_46,0.8179749,USER-SUPPLIED TELEMETRY — origin not verified,False,False
2013-10-01 23:28:00+00:00,4.1335025,7.818993126201719,NO ALERT,channel_46,1.2703841,USER-SUPPLIED TELEMETRY — origin not verified,False,False
2013-10-01 23:29:00+00:00,1.3472779,7.818993126201719,NO ALERT,channel_44,0.9474723,USER-SUPPLIED TELEMETRY — origin not verified,False,False
2013-10-01 23:30:00+00:00,2.7786467,7.818993126201719,NO ALERT,channel_44,1.3508363,USER-SUPPLIED TELEMETRY — origin not verified,False,False
2013-10-01 23:31:00+00:00,1.3286103,7.818993126201719,NO ALERT,channel_44,0.7868117,USER-SUPPLIED TELEMETRY — origin not verified,False,False
2013-10-01 23:32:00+00:00,0.051136214,7.818993126201719,NO ALERT,channel_41,0.9965293,USER-SUPPLIED TELEMETRY — origin not verified,False,False
2013-10-01 23:33:00+00:00,2.2947996,7.818993126201719,NO ALERT,channel_44,1.5099046,USER-SUPPLIED TELEMETRY — origin not verified,False,False
2013-10-01 23:34:00+00:00,1.2829813,7.818993126201719,NO ALERT,channel_41,1.0838139,USER-SUPPLIED TELEMETRY — origin not verified,False,False
2013-10-01 23:35:00+00:00,2.264955,7.818993126201719,NO ALERT,channel_44,0.85216254,USER-SUPPLIED TELEMETRY — origin not verified,False,False
2013-10-01 23:36:00+00:00,2.070112,7.818993126201719,NO ALERT,channel_42,1.071387,USER-SUPPLIED TELEMETRY — origin not verified,False,False
2013-10-01 23:37:00+00:00,2.3895571,7.818993126201719,NO ALERT,channel_44,0.940224,USER-SUPPLIED TELEMETRY — origin not verified,False,False
2013-10-01 23:38:00+00:00,3.2416582,7.818993126201719,NO ALERT,channel_42,1.9189924,USER-SUPPLIED TELEMETRY — origin not verified,False,False
2013-10-01 23:39:00+00:00,2.9322133,7.818993126201719,NO ALERT,channel_42,1.2872335,USER-SUPPLIED TELEMETRY — origin not verified,False,False
2013-10-01 23:40:00+00:00,2.474511,7.818993126201719,NO ALERT,channel_42,0.96956676,USER-SUPPLIED TELEMETRY — origin not verified,False,False
2013-10-01 23:41:00+00:00,1.7600662,7.818993126201719,NO ALERT,channel_45,1.0103669,USER-SUPPLIED TELEMETRY — origin not verified,False,False
2013-10-01 23:42:00+00:00,3.125593,7.818993126201719,NO ALERT,channel_45,1.2252216,USER-SUPPLIED TELEMETRY — origin not verified,False,False
2013-10-01 23:43:00+00:00,3.776704,7.818993126201719,NO ALERT,channel_46,2.1126385,USER-SUPPLIED TELEMETRY — origin not verified,False,False
2013-10-01 23:44:00+00:00,2.241014,7.818993126201719,NO ALERT,channel_42,1.7082285,USER-SUPPLIED TELEMETRY — origin not verified,False,False
2013-10-01 23:45:00+00:00,3.8078692,7.818993126201719,NO ALERT,channel_46,1.4530588,USER-SUPPLIED TELEMETRY — origin not verified,False,False
2013-10-01 23:46:00+00:00,4.2509437,7.818993126201719,NO ALERT,channel_45,1.1536727,USER-SUPPLIED TELEMETRY — origin not verified,False,False
2013-10-01 23:47:00+00:00,3.9216423,7.818993126201719,NO ALERT,channel_46,1.5889482,USER-SUPPLIED TELEMETRY — origin not verified,False,False
2013-10-01 23:48:00+00:00,4.083157,7.818993126201719,NO ALERT,channel_46,1.355453,USER-SUPPLIED TELEMETRY — origin not verified,False,False
2013-10-01 23:49:00+00:00,4.2258024,7.818993126201719,NO ALERT,channel_46,1.1384127,USER-SUPPLIED TELEMETRY — origin not verified,False,False
2013-10-01 23:50:00+00:00,0.92838097,7.818993126201719,NO ALERT,channel_46,1.116325,USER-SUPPLIED TELEMETRY — origin not verified,False,False
2013-10-01 23:51:00+00:00,3.2452564,7.818993126201719,NO ALERT,channel_44,0.8859051,USER-SUPPLIED TELEMETRY — origin not verified,False,False
2013-10-01 23:52:00+00:00,1.9035637,7.818993126201719,NO ALERT,channel_44,1.2944076,USER-SUPPLIED TELEMETRY — origin not verified,False,False
2013-10-01 23:53:00+00:00,3.2559624,7.818993126201719,NO ALERT,channel_44,1.2692723,USER-SUPPLIED TELEMETRY — origin not verified,False,False
2013-10-01 23:54:00+00:00,0.29642376,7.818993126201719,NO ALERT,channel_44,1.1486307,USER-SUPPLIED TELEMETRY — origin not verified,False,False
2013-10-01 23:55:00+00:00,5.169721,7.818993126201719,NO ALERT,channel_44,1.0136166,USER-SUPPLIED TELEMETRY — origin not verified,False,False
2013-10-01 23:56:00+00:00,1.3835922,7.818993126201719,NO ALERT,channel_42,0.936355,USER-SUPPLIED TELEMETRY — origin not verified,False,False
2013-10-01 23:57:00+00:00,1.8503473,7.818993126201719,NO ALERT,channel_41,1.2600275,USER-SUPPLIED TELEMETRY — origin not verified,False,False
2013-10-01 23:58:00+00:00,3.5304048,7.818993126201719,NO ALERT,channel_44,1.3939043,USER-SUPPLIED TELEMETRY — origin not verified,False,False
2013-10-01 23:59:00+00:00,2.2966263,7.818993126201719,NO ALERT,channel_44,1.3737746,USER-SUPPLIED TELEMETRY — origin not verified,False,False
2013-10-02 00:00:00+00:00,2.2981477,7.818993126201719,NO ALERT,channel_44,1.4672652,USER-SUPPLIED TELEMETRY — origin not verified,False,False
2013-10-02 00:01:00+00:00,3.0695956,7.818993126201719,NO ALERT,channel_44,1.5494926,USER-SUPPLIED TELEMETRY — origin not verified,False,False
2013-10-02 00:02:00+00:00,2.7925599,7.818993126201719,NO ALERT,channel_41,1.1730558,USER-SUPPLIED TELEMETRY — origin not verified,False,False
2013-10-02 00:03:00+00:00,2.2467024,7.818993126201719,NO ALERT,channel_42,0.988709,USER-SUPPLIED TELEMETRY — origin not verified,False,False
2013-10-02 00:04:00+00:00,1.2418971,7.818993126201719,NO ALERT,channel_42,1.5627708,USER-SUPPLIED TELEMETRY — origin not verified,False,False
2013-10-02 00:05:00+00:00,1.2329875,7.818993126201719,NO ALERT,channel_42,1.4442631,USER-SUPPLIED TELEMETRY — origin not verified,False,False
2013-10-02 00:06:00+00:00,2.9146101,7.818993126201719,NO ALERT,channel_46,1.3569753,USER-SUPPLIED TELEMETRY — origin not verified,False,False
2013-10-02 00:07:00+00:00,2.6652217,7.818993126201719,NO ALERT,channel_46,1.0331159,USER-SUPPLIED TELEMETRY — origin not verified,False,False
2013-10-02 00:08:00+00:00,4.6758237,7.818993126201719,NO ALERT,channel_45,1.4891057,USER-SUPPLIED TELEMETRY — origin not verified,False,False
2013-10-02 00:09:00+00:00,1.4804188,7.818993126201719,NO ALERT,channel_46,1.3895383,USER-SUPPLIED TELEMETRY — origin not verified,False,False
2013-10-02 00:10:00+00:00,2.5983272,7.818993126201719,NO ALERT,channel_46,1.5671272,USER-SUPPLIED TELEMETRY — origin not verified,False,False
2013-10-02 00:11:00+00:00,1.3943522,7.818993126201719,NO ALERT,channel_46,1.6266687,USER-SUPPLIED TELEMETRY — origin not verified,False,False
2013-10-02 00:12:00+00:00,2.5114193,7.818993126201719,NO ALERT,channel_46,1.4898764,USER-SUPPLIED TELEMETRY — origin not verified,False,False
2013-10-02 00:13:00+00:00,3.6090548,7.818993126201719,NO ALERT,channel_46,1.2594659,USER-SUPPLIED TELEMETRY — origin not verified,False,False
2013-10-02 00:14:00+00:00,0.7892272,7.818993126201719,NO ALERT,channel_46,1.7454166,USER-SUPPLIED TELEMETRY — origin not verified,False,False
2013-10-02 00:15:00+00:00,2.0509493,7.818993126201719,NO ALERT,channel_44,0.91544724,USER-SUPPLIED TELEMETRY — origin not verified,False,False
2013-10-02 00:16:00+00:00,3.7034247,7.818993126201719,NO ALERT,channel_46,1.3988268,USER-SUPPLIED TELEMETRY — origin not verified,False,False
2013-10-02 00:17:00+00:00,-1.0653826,7.818993126201719,NO ALERT,channel_44,1.1832335,USER-SUPPLIED TELEMETRY — origin not verified,False,False
2013-10-02 00:18:00+00:00,3.768368,7.818993126201719,NO ALERT,channel_44,1.3713248,USER-SUPPLIED TELEMETRY — origin not verified,False,False
2013-10-02 00:19:00+00:00,1.383757,7.818993126201719,NO ALERT,channel_41,0.95478594,USER-SUPPLIED TELEMETRY — origin not verified,False,False
2013-10-02 00:20:00+00:00,2.3464923,7.818993126201719,NO ALERT,channel_44,1.0249671,USER-SUPPLIED TELEMETRY — origin not verified,False,False
2013-10-02 00:21:00+00:00,0.4029372,7.818993126201719,NO ALERT,channel_44,1.4384634,USER-SUPPLIED TELEMETRY — origin not verified,False,False
2013-10-02 00:22:00+00:00,3.0335445,7.818993126201719,NO ALERT,channel_44,1.1078897,USER-SUPPLIED TELEMETRY — origin not verified,False,False
2013-10-02 00:23:00+00:00,1.7155523,7.818993126201719,NO ALERT,channel_44,1.3005109,USER-SUPPLIED TELEMETRY — origin not verified,False,False
2013-10-02 00:24:00+00:00,1.8138717,7.818993126201719,NO ALERT,channel_41,1.345189,USER-SUPPLIED TELEMETRY — origin not verified,False,False
2013-10-02 00:25:00+00:00,4.83371,7.818993126201719,NO ALERT,channel_45,1.1654731,USER-SUPPLIED TELEMETRY — origin not verified,False,False
2013-10-02 00:26:00+00:00,3.8400264,7.818993126201719,NO ALERT,channel_42,1.3973397,USER-SUPPLIED TELEMETRY — origin not verified,False,False
2013-10-02 00:27:00+00:00,4.2482023,7.818993126201719,NO ALERT,channel_45,1.1078868,USER-SUPPLIED TELEMETRY — origin not verified,False,False
2013-10-02 00:28:00+00:00,3.4509966,7.818993126201719,NO ALERT,channel_45,1.3032328,USER-SUPPLIED TELEMETRY — origin not verified,False,False
2013-10-02 00:29:00+00:00,3.070922,7.818993126201719,NO ALERT,channel_45,1.1737511,USER-SUPPLIED TELEMETRY — origin not verified,False,False
2013-10-02 00:30:00+00:00,3.6658754,7.818993126201719,NO ALERT,channel_42,1.299928,USER-SUPPLIED TELEMETRY — origin not verified,False,False
2013-10-02 00:31:00+00:00,2.6180649,7.818993126201719,NO ALERT,channel_42,1.5724584,USER-SUPPLIED TELEMETRY — origin not verified,False,False
2013-10-02 00:32:00+00:00,3.285711,7.818993126201719,NO ALERT,channel_45,1.2222776,USER-SUPPLIED TELEMETRY — origin not verified,False,False
2013-10-02 00:33:00+00:00,4.4189343,7.818993126201719,NO ALERT,channel_46,1.4561553,USER-SUPPLIED TELEMETRY — origin not verified,False,False
2013-10-02 00:34:00+00:00,4.426274,7.818993126201719,NO ALERT,channel_46,2.3190851,USER-SUPPLIED TELEMETRY — origin not verified,False,False
2013-10-02 00:35:00+00:00,4.422948,7.818993126201719,NO ALERT,channel_45,1.0500535,USER-SUPPLIED TELEMETRY — origin not verified,False,False
2013-10-02 00:36:00+00:00,3.924812,7.818993126201719,NO ALERT,channel_46,1.160255,USER-SUPPLIED TELEMETRY — origin not verified,False,False
2013-10-02 00:37:00+00:00,3.6218467,7.818993126201719,NO ALERT,channel_46,1.0313885,USER-SUPPLIED TELEMETRY — origin not verified,False,False
2013-10-02 00:38:00+00:00,4.3334813,7.818993126201719,NO ALERT,channel_42,1.2701365,USER-SUPPLIED TELEMETRY — origin not verified,False,False
2013-10-02 00:39:00+00:00,2.8947442,7.818993126201719,NO ALERT,channel_46,1.0979618,USER-SUPPLIED TELEMETRY — origin not verified,False,False
2013-10-02 00:40:00+00:00,3.271752,7.818993126201719,NO ALERT,channel_46,0.9823225,USER-SUPPLIED TELEMETRY — origin not verified,False,False
2013-10-02 00:41:00+00:00,1.1270972,7.818993126201719,NO ALERT,channel_46,1.459771,USER-SUPPLIED TELEMETRY — origin not verified,False,False
2013-10-02 00:42:00+00:00,2.0512161,7.818993126201719,NO ALERT,channel_41,1.0438576,USER-SUPPLIED TELEMETRY — origin not verified,False,False
2013-10-02 00:43:00+00:00,2.9344723,7.818993126201719,NO ALERT,channel_44,1.4869809,USER-SUPPLIED TELEMETRY — origin not verified,False,False
2013-10-02 00:44:00+00:00,2.3734217,7.818993126201719,NO ALERT,channel_44,1.0418873,USER-SUPPLIED TELEMETRY — origin not verified,False,False
2013-10-02 00:45:00+00:00,3.434055,7.818993126201719,NO ALERT,channel_44,1.2330953,USER-SUPPLIED TELEMETRY — origin not verified,False,False
2013-10-02 00:46:00+00:00,2.1530044,7.818993126201719,NO ALERT,channel_44,1.3085812,USER-SUPPLIED TELEMETRY — origin not verified,False,False
2013-10-02 00:47:00+00:00,4.149785,7.818993126201719,NO ALERT,channel_41,1.2994796,USER-SUPPLIED TELEMETRY — origin not verified,False,False
2013-10-02 00:48:00+00:00,3.1402106,7.818993126201719,NO ALERT,channel_44,1.2740214,USER-SUPPLIED TELEMETRY — origin not verified,False,False
2013-10-02 00:49:00+00:00,2.0093412,7.818993126201719,NO ALERT,channel_44,1.1673641,USER-SUPPLIED TELEMETRY — origin not verified,False,False
2013-10-02 00:50:00+00:00,0.38970122,7.818993126201719,NO ALERT,channel_42,1.9304682,USER-SUPPLIED TELEMETRY — origin not verified,False,False
2013-10-02 00:51:00+00:00,1.6384829,7.818993126201719,NO ALERT,channel_42,1.2945406,USER-SUPPLIED TELEMETRY — origin not verified,False,False
2013-10-02 00:52:00+00:00,2.756819,7.818993126201719,NO ALERT,channel_42,1.1706268,USER-SUPPLIED TELEMETRY — origin not verified,False,False
2013-10-02 00:53:00+00:00,1.4080442,7.818993126201719,NO ALERT,channel_42,1.1440728,USER-SUPPLIED TELEMETRY — origin not verified,False,False
2013-10-02 00:54:00+00:00,2.2542224,7.818993126201719,NO ALERT,channel_42,1.123784,USER-SUPPLIED TELEMETRY — origin not verified,False,False
2013-10-02 00:55:00+00:00,1.4994172,7.818993126201719,NO ALERT,channel_45,1.1989748,USER-SUPPLIED TELEMETRY — origin not verified,False,False
2013-10-02 00:56:00+00:00,2.9103348,7.818993126201719,NO ALERT,channel_45,0.9422705,USER-SUPPLIED TELEMETRY — origin not verified,False,False
2013-10-02 00:57:00+00:00,1.071163,7.818993126201719,NO ALERT,channel_42,1.0082194,USER-SUPPLIED TELEMETRY — origin not verified,False,False
2013-10-02 00:58:00+00:00,4.0572705,7.818993126201719,NO ALERT,channel_45,1.2199047,USER-SUPPLIED TELEMETRY — origin not verified,False,False
2013-10-02 00:59:00+00:00,2.37743,7.818993126201719,NO ALERT,channel_46,1.2606694,USER-SUPPLIED TELEMETRY — origin not verified,False,False
2013-10-02 01:00:00+00:00,0.82968014,7.818993126201719,NO ALERT,channel_46,1.2407473,USER-SUPPLIED TELEMETRY — origin not verified,False,False
2013-10-02 01:01:00+00:00,3.3047092,7.818993126201719,NO ALERT,channel_46,1.1170756,USER-SUPPLIED TELEMETRY — origin not verified,False,False
2013-10-02 01:02:00+00:00,1.7634469,7.818993126201719,NO ALERT,channel_46,1.2970747,USER-SUPPLIED TELEMETRY — origin not verified,False,False
2013-10-02 01:03:00+00:00,2.6364644,7.818993126201719,NO ALERT,channel_46,1.3845415,USER-SUPPLIED TELEMETRY — origin not verified,False,False
2013-10-02 01:04:00+00:00,2.3937607,7.818993126201719,NO ALERT,channel_44,1.0363119,USER-SUPPLIED TELEMETRY — origin not verified,False,False
2013-10-02 01:05:00+00:00,-0.7958292,7.818993126201719,NO ALERT,channel_46,1.2548906,USER-SUPPLIED TELEMETRY — origin not verified,False,False
2013-10-02 01:06:00+00:00,2.9566975,7.818993126201719,NO ALERT,channel_46,1.3234359,USER-SUPPLIED TELEMETRY — origin not verified,False,False
2013-10-02 01:07:00+00:00,1.0942876,7.818993126201719,NO ALERT,channel_44,1.91755,USER-SUPPLIED TELEMETRY — origin not verified,False,False
2013-10-02 01:08:00+00:00,4.3838925,7.818993126201719,NO ALERT,channel_44,1.4943094,USER-SUPPLIED TELEMETRY — origin not verified,False,False
2013-10-02 01:09:00+00:00,2.1875644,7.818993126201719,NO ALERT,channel_46,1.0343689,USER-SUPPLIED TELEMETRY — origin not verified,False,False
2013-10-02 01:10:00+00:00,1.3084738,7.818993126201719,NO ALERT,channel_44,1.1324681,USER-SUPPLIED TELEMETRY — origin not verified,False,False
2013-10-02 01:11:00+00:00,2.6592748,7.818993126201719,NO ALERT,channel_46,1.1696022,USER-SUPPLIED TELEMETRY — origin not verified,False,False
2013-10-02 01:12:00+00:00,1.4511359,7.818993126201719,NO ALERT,channel_41,1.3961123,USER-SUPPLIED TELEMETRY — origin not verified,False,False
2013-10-02 01:13:00+00:00,1.906137,7.818993126201719,NO ALERT,channel_44,1.2040408,USER-SUPPLIED TELEMETRY — origin not verified,False,False
2013-10-02 01:14:00+00:00,2.9728465,7.818993126201719,NO ALERT,channel_42,1.3642588,USER-SUPPLIED TELEMETRY — origin not verified,False,False
2013-10-02 01:15:00+00:00,-1.2612174,7.818993126201719,NO ALERT,channel_42,1.6106323,USER-SUPPLIED TELEMETRY — origin not verified,False,False
2013-10-02 01:16:00+00:00,-1.1249377,7.818993126201719,NO ALERT,channel_42,1.3581802,USER-SUPPLIED TELEMETRY — origin not verified,False,False
2013-10-02 01:17:00+00:00,-2.007635,7.818993126201719,NO ALERT,channel_45,1.3009559,USER-SUPPLIED TELEMETRY — origin not verified,False,False
2013-10-02 01:18:00+00:00,0.26904833,7.818993126201719,NO ALERT,channel_42,1.8090737,USER-SUPPLIED TELEMETRY — origin not verified,False,False
2013-10-02 01:19:00+00:00,-1.2759049,7.818993126201719,NO ALERT,channel_42,1.9496472,USER-SUPPLIED TELEMETRY — origin not verified,False,False
2013-10-02 01:20:00+00:00,-1.4868106,7.818993126201719,NO ALERT,channel_45,1.6674174,USER-SUPPLIED TELEMETRY — origin not verified,False,False
2013-10-02 01:21:00+00:00,-0.9880162,7.818993126201719,NO ALERT,channel_45,1.5004594,USER-SUPPLIED TELEMETRY — origin not verified,False,False
2013-10-02 01:22:00+00:00,-0.7667058,7.818993126201719,NO ALERT,channel_42,1.451248,USER-SUPPLIED TELEMETRY — origin not verified,False,False
2013-10-02 01:23:00+00:00,-1.0914627,7.818993126201719,NO ALERT,channel_42,1.6551018,USER-SUPPLIED TELEMETRY — origin not verified,False,False
2013-10-02 01:24:00+00:00,-1.8988761,7.818993126201719,NO ALERT,channel_46,1.4593828,USER-SUPPLIED TELEMETRY — origin not verified,False,False
2013-10-02 01:25:00+00:00,-1.2887504,7.818993126201719,NO ALERT,channel_46,0.9590968,USER-SUPPLIED TELEMETRY — origin not verified,False,False
2013-10-02 01:26:00+00:00,-0.9153034,7.818993126201719,NO ALERT,channel_43,1.024423,USER-SUPPLIED TELEMETRY — origin not verified,False,False
2013-10-02 01:27:00+00:00,-1.1887742,7.818993126201719,NO ALERT,channel_43,1.4593768,USER-SUPPLIED TELEMETRY — origin not verified,False,False
2013-10-02 01:28:00+00:00,-0.9947058,7.818993126201719,NO ALERT,channel_46,1.7450768,USER-SUPPLIED TELEMETRY — origin not verified,False,False
2013-10-02 01:29:00+00:00,-0.50923085,7.818993126201719,NO ALERT,channel_43,2.03016,USER-SUPPLIED TELEMETRY — origin not verified,False,False
2013-10-02 01:30:00+00:00,-0.20523886,7.818993126201719,NO ALERT,channel_46,1.4753143,USER-SUPPLIED TELEMETRY — origin not verified,False,False
2013-10-02 01:31:00+00:00,-0.9128911,7.818993126201719,NO ALERT,channel_44,1.37435,USER-SUPPLIED TELEMETRY — origin not verified,False,False
2013-10-02 01:32:00+00:00,-1.2911819,7.818993126201719,NO ALERT,channel_42,1.1345732,USER-SUPPLIED TELEMETRY — origin not verified,False,False
2013-10-02 01:33:00+00:00,-1.3120327,7.818993126201719,NO ALERT,channel_44,1.6906499,USER-SUPPLIED TELEMETRY — origin not verified,False,False
2013-10-02 01:34:00+00:00,-0.8257577,7.818993126201719,NO ALERT,channel_44,1.786014,USER-SUPPLIED TELEMETRY — origin not verified,False,False
2013-10-02 01:35:00+00:00,-2.0789068,7.818993126201719,NO ALERT,channel_44,1.6280856,USER-SUPPLIED TELEMETRY — origin not verified,False,False
2013-10-02 01:36:00+00:00,-0.9796835,7.818993126201719,NO ALERT,channel_44,1.619509,USER-SUPPLIED TELEMETRY — origin not verified,False,False
2013-10-02 01:37:00+00:00,-0.83549154,7.818993126201719,NO ALERT,channel_41,1.1372626,USER-SUPPLIED TELEMETRY — origin not verified,False,False
2013-10-02 01:38:00+00:00,-0.08553322,7.818993126201719,NO ALERT,channel_44,1.6884214,USER-SUPPLIED TELEMETRY — origin not verified,False,False
2013-10-02 01:39:00+00:00,-0.47177312,7.818993126201719,NO ALERT,channel_41,1.4168247,USER-SUPPLIED TELEMETRY — origin not verified,False,False
2013-10-02 01:40:00+00:00,-1.2365952,7.818993126201719,NO ALERT,channel_41,0.9394772,USER-SUPPLIED TELEMETRY — origin not verified,False,False
2013-10-02 01:41:00+00:00,-0.41403744,7.818993126201719,NO ALERT,channel_45,1.6003422,USER-SUPPLIED TELEMETRY — origin not verified,False,False
2013-10-02 01:42:00+00:00,-1.6115195,7.818993126201719,NO ALERT,channel_42,1.9837703,USER-SUPPLIED TELEMETRY — origin not verified,False,False
2013-10-02 01:43:00+00:00,-1.1482685,7.818993126201719,NO ALERT,channel_41,1.2358115,USER-SUPPLIED TELEMETRY — origin not verified,False,False
2013-10-02 01:44:00+00:00,-0.46868595,7.818993126201719,NO ALERT,channel_42,1.3834697,USER-SUPPLIED TELEMETRY — origin not verified,False,False
2013-10-02 01:45:00+00:00,-1.87094,7.818993126201719,NO ALERT,channel_42,1.5923142,USER-SUPPLIED TELEMETRY — origin not verified,False,False
2013-10-02 01:46:00+00:00,0.07409038,7.818993126201719,NO ALERT,channel_42,1.3301712,USER-SUPPLIED TELEMETRY — origin not verified,False,False
2013-10-02 01:47:00+00:00,-1.1317419,7.818993126201719,NO ALERT,channel_46,1.1708634,USER-SUPPLIED TELEMETRY — origin not verified,False,False
2013-10-02 01:48:00+00:00,0.8139583,7.818993126201719,NO ALERT,channel_45,1.924826,USER-SUPPLIED TELEMETRY — origin not verified,False,False
2013-10-02 01:49:00+00:00,-0.77667785,7.818993126201719,NO ALERT,channel_46,1.4759587,USER-SUPPLIED TELEMETRY — origin not verified,False,False
2013-10-02 01:50:00+00:00,-0.5411885,7.818993126201719,NO ALERT,channel_46,1.6888314,USER-SUPPLIED TELEMETRY — origin not verified,False,False
2013-10-02 01:51:00+00:00,-0.59868026,7.818993126201719,NO ALERT,channel_46,1.7754999,USER-SUPPLIED TELEMETRY — origin not verified,False,False
2013-10-02 01:52:00+00:00,-0.9297737,7.818993126201719,NO ALERT,channel_46,1.742405,USER-SUPPLIED TELEMETRY — origin not verified,False,False
2013-10-02 01:53:00+00:00,-0.82656884,7.818993126201719,NO ALERT,channel_46,1.7111542,USER-SUPPLIED TELEMETRY — origin not verified,False,False
2013-10-02 01:54:00+00:00,-0.20889919,7.818993126201719,NO ALERT,channel_41,1.9754512,USER-SUPPLIED TELEMETRY — origin not verified,False,False
2013-10-02 01:55:00+00:00,-0.773092,7.818993126201719,NO ALERT,channel_43,1.1180243,USER-SUPPLIED TELEMETRY — origin not verified,False,False
2013-10-02 01:56:00+00:00,0.24340917,7.818993126201719,NO ALERT,channel_43,1.5658327,USER-SUPPLIED TELEMETRY — origin not verified,False,False
2013-10-02 01:57:00+00:00,0.23241664,7.818993126201719,NO ALERT,channel_46,1.642233,USER-SUPPLIED TELEMETRY — origin not verified,False,False
2013-10-02 01:58:00+00:00,-0.34879968,7.818993126201719,NO ALERT,channel_46,1.7550453,USER-SUPPLIED TELEMETRY — origin not verified,False,False
2013-10-02 01:59:00+00:00,-1.0732741,7.818993126201719,NO ALERT,channel_44,1.605692,USER-SUPPLIED TELEMETRY — origin not verified,False,False
2013-10-02 02:00:00+00:00,-0.92254543,7.818993126201719,NO ALERT,channel_44,1.8168411,USER-SUPPLIED TELEMETRY — origin not verified,False,False
2013-10-02 02:01:00+00:00,-0.16072689,7.818993126201719,NO ALERT,channel_41,1.4980792,USER-SUPPLIED TELEMETRY — origin not verified,False,False
2013-10-02 02:02:00+00:00,-1.0458137,7.818993126201719,NO ALERT,channel_44,1.785044,USER-SUPPLIED TELEMETRY — origin not verified,False,False
2013-10-02 02:03:00+00:00,-1.201343,7.818993126201719,NO ALERT,channel_41,1.7708038,USER-SUPPLIED TELEMETRY — origin not verified,False,False
2013-10-02 02:04:00+00:00,0.520345,7.818993126201719,NO ALERT,channel_44,1.3804504,USER-SUPPLIED TELEMETRY — origin not verified,False,False
2013-10-02 02:05:00+00:00,-0.33382228,7.818993126201719,NO ALERT,channel_42,1.8520513,USER-SUPPLIED TELEMETRY — origin not verified,False,False
2013-10-02 02:06:00+00:00,-0.42503443,7.818993126201719,NO ALERT,channel_45,1.5420793,USER-SUPPLIED TELEMETRY — origin not verified,False,False
2013-10-02 02:07:00+00:00,-0.21288417,7.818993126201719,NO ALERT,channel_45,1.5095172,USER-SUPPLIED TELEMETRY — origin not verified,False,False
2013-10-02 02:08:00+00:00,-0.028546315,7.818993126201719,NO ALERT,channel_41,1.4939606,USER-SUPPLIED TELEMETRY — origin not verified,False,False
2013-10-02 02:09:00+00:00,-0.70064455,7.818993126201719,NO ALERT,channel_42,1.8938895,USER-SUPPLIED TELEMETRY — origin not verified,False,False
2013-10-02 02:10:00+00:00,-1.2399093,7.818993126201719,NO ALERT,channel_45,1.167055,USER-SUPPLIED TELEMETRY — origin not verified,False,False
2013-10-02 02:11:00+00:00,-0.88101846,7.818993126201719,NO ALERT,channel_46,1.4520444,USER-SUPPLIED TELEMETRY — origin not verified,False,False
2013-10-02 02:12:00+00:00,-1.103689,7.818993126201719,NO ALERT,channel_45,1.2836118,USER-SUPPLIED TELEMETRY — origin not verified,False,False
2013-10-02 02:13:00+00:00,-0.026458245,7.818993126201719,NO ALERT,channel_42,1.4064604,USER-SUPPLIED TELEMETRY — origin not verified,False,False
2013-10-02 02:14:00+00:00,-0.7691975,7.818993126201719,NO ALERT,channel_45,1.4094775,USER-SUPPLIED TELEMETRY — origin not verified,False,False
2013-10-02 02:15:00+00:00,-0.27114388,7.818993126201719,NO ALERT,channel_42,1.2883478,USER-SUPPLIED TELEMETRY — origin not verified,False,False
2013-10-02 02:16:00+00:00,-0.86344445,7.818993126201719,NO ALERT,channel_43,1.5153369,USER-SUPPLIED TELEMETRY — origin not verified,False,False
2013-10-02 02:17:00+00:00,-0.12320249,7.818993126201719,NO ALERT,channel_45,1.096452,USER-SUPPLIED TELEMETRY — origin not verified,False,False
2013-10-02 02:18:00+00:00,-0.31748372,7.818993126201719,NO ALERT,channel_46,1.7025602,USER-SUPPLIED TELEMETRY — origin not verified,False,False
2013-10-02 02:19:00+00:00,-0.3907996,7.818993126201719,NO ALERT,channel_43,0.9873112,USER-SUPPLIED TELEMETRY — origin not verified,False,False
2013-10-02 02:20:00+00:00,-1.0946039,7.818993126201719,NO ALERT,channel_43,1.2818539,USER-SUPPLIED TELEMETRY — origin not verified,False,False
2013-10-02 02:21:00+00:00,-0.804783,7.818993126201719,NO ALERT,channel_46,2.2705462,USER-SUPPLIED TELEMETRY — origin not verified,False,False
2013-10-02 02:22:00+00:00,-0.9865428,7.818993126201719,NO ALERT,channel_46,2.1479669,USER-SUPPLIED TELEMETRY — origin not verified,False,False
2013-10-02 02:23:00+00:00,-0.6347552,7.818993126201719,NO ALERT,channel_44,1.0126967,USER-SUPPLIED TELEMETRY — origin not verified,False,False
2013-10-02 02:24:00+00:00,-0.21537553,7.818993126201719,NO ALERT,channel_41,1.3703532,USER-SUPPLIED TELEMETRY — origin not verified,False,False
2013-10-02 02:25:00+00:00,-0.8089849,7.818993126201719,NO ALERT,channel_44,1.3595141,USER-SUPPLIED TELEMETRY — origin not verified,False,False
2013-10-02 02:26:00+00:00,-0.10323374,7.818993126201719,NO ALERT,channel_44,1.603619,USER-SUPPLIED TELEMETRY — origin not verified,False,False
2013-10-02 02:27:00+00:00,-0.6398,7.818993126201719,NO ALERT,channel_41,1.2939589,USER-SUPPLIED TELEMETRY — origin not verified,False,False
2013-10-02 02:28:00+00:00,-0.8290001,7.818993126201719,NO ALERT,channel_44,1.7051116,USER-SUPPLIED TELEMETRY — origin not verified,False,False
2013-10-02 02:29:00+00:00,-0.10413174,7.818993126201719,NO ALERT,channel_41,1.269299,USER-SUPPLIED TELEMETRY — origin not verified,False,False
2013-10-02 02:30:00+00:00,-0.29561493,7.818993126201719,NO ALERT,channel_44,1.4518819,USER-SUPPLIED TELEMETRY — origin not verified,False,False
2013-10-02 02:31:00+00:00,-0.31873736,7.818993126201719,NO ALERT,channel_41,1.2494402,USER-SUPPLIED TELEMETRY — origin not verified,False,False
2013-10-02 02:32:00+00:00,-0.077740654,7.818993126201719,NO ALERT,channel_41,1.0946475,USER-SUPPLIED TELEMETRY — origin not verified,False,False
2013-10-02 02:33:00+00:00,-1.2132367,7.818993126201719,NO ALERT,channel_42,1.3757682,USER-SUPPLIED TELEMETRY — origin not verified,False,False
2013-10-02 02:34:00+00:00,-0.2203715,7.818993126201719,NO ALERT,channel_44,0.9616216,USER-SUPPLIED TELEMETRY — origin not verified,False,False
2013-10-02 02:35:00+00:00,-0.5945815,7.818993126201719,NO ALERT,channel_42,1.1382972,USER-SUPPLIED TELEMETRY — origin not verified,False,False
2013-10-02 02:36:00+00:00,-0.1591966,7.818993126201719,NO ALERT,channel_46,0.7169499,USER-SUPPLIED TELEMETRY — origin not verified,False,False
2013-10-02 02:37:00+00:00,-0.5046755,7.818993126201719,NO ALERT,channel_46,0.8152412,USER-SUPPLIED TELEMETRY — origin not verified,False,False
2013-10-02 02:38:00+00:00,-1.0748187,7.818993126201719,NO ALERT,channel_42,1.5888594,USER-SUPPLIED TELEMETRY — origin not verified,False,False
2013-10-02 02:39:00+00:00,0.19696726,7.818993126201719,NO ALERT,channel_46,0.9034079,USER-SUPPLIED TELEMETRY — origin not verified,False,False
2013-10-02 02:40:00+00:00,-0.43271825,7.818993126201719,NO ALERT,channel_43,1.2490674,USER-SUPPLIED TELEMETRY — origin not verified,False,False
2013-10-02 02:41:00+00:00,0.21759088,7.818993126201719,NO ALERT,channel_46,1.4348401,USER-SUPPLIED TELEMETRY — origin not verified,False,False
2013-10-02 02:42:00+00:00,-0.6214567,7.818993126201719,NO ALERT,channel_43,0.8816492,USER-SUPPLIED TELEMETRY — origin not verified,False,False
2013-10-02 02:43:00+00:00,-0.6452126,7.818993126201719,NO ALERT,channel_43,1.1739067,USER-SUPPLIED TELEMETRY — origin not verified,False,False
2013-10-02 02:44:00+00:00,-0.989824,7.818993126201719,NO ALERT,channel_43,0.9974232,USER-SUPPLIED TELEMETRY — origin not verified,False,False
2013-10-02 02:45:00+00:00,-0.44419965,7.818993126201719,NO ALERT,channel_43,1.1419339,USER-SUPPLIED TELEMETRY — origin not verified,False,False
2013-10-02 02:46:00+00:00,-0.8802702,7.818993126201719,NO ALERT,channel_43,0.8185085,USER-SUPPLIED TELEMETRY — origin not verified,False,False
2013-10-02 02:47:00+00:00,0.024134535,7.818993126201719,NO ALERT,channel_43,1.125555,USER-SUPPLIED TELEMETRY — origin not verified,False,False
2013-10-02 02:48:00+00:00,-0.60976374,7.818993126201719,NO ALERT,channel_41,1.2085649,USER-SUPPLIED TELEMETRY — origin not verified,False,False
2013-10-02 02:49:00+00:00,-0.641567,7.818993126201719,NO ALERT,channel_44,1.0713686,USER-SUPPLIED TELEMETRY — origin not verified,False,False
2013-10-02 02:50:00+00:00,-0.9615031,7.818993126201719,NO ALERT,channel_44,2.0730348,USER-SUPPLIED TELEMETRY — origin not verified,False,False
2013-10-02 02:51:00+00:00,-0.9524961,7.818993126201719,NO ALERT,channel_42,0.99649745,USER-SUPPLIED TELEMETRY — origin not verified,False,False
2013-10-02 02:52:00+00:00,-0.75189036,7.818993126201719,NO ALERT,channel_42,1.3048854,USER-SUPPLIED TELEMETRY — origin not verified,False,False
2013-10-02 02:53:00+00:00,-0.4929044,7.818993126201719,NO ALERT,channel_42,1.1580701,USER-SUPPLIED TELEMETRY — origin not verified,False,False
2013-10-02 02:54:00+00:00,-0.9573121,7.818993126201719,NO ALERT,channel_44,1.4352919,USER-SUPPLIED TELEMETRY — origin not verified,False,False
2013-10-02 02:55:00+00:00,-0.9436084,7.818993126201719,NO ALERT,channel_42,1.1223867,USER-SUPPLIED TELEMETRY — origin not verified,False,False
2013-10-02 02:56:00+00:00,-1.224439,7.818993126201719,NO ALERT,channel_42,1.3234531,USER-SUPPLIED TELEMETRY — origin not verified,False,False
2013-10-02 02:57:00+00:00,-0.7920716,7.818993126201719,NO ALERT,channel_42,1.2910295,USER-SUPPLIED TELEMETRY — origin not verified,False,False
2013-10-02 02:58:00+00:00,-0.025875729,7.818993126201719,NO ALERT,channel_45,1.5215921,USER-SUPPLIED TELEMETRY — origin not verified,False,False
2013-10-02 02:59:00+00:00,-1.2153423,7.818993126201719,NO ALERT,channel_45,1.286248,USER-SUPPLIED TELEMETRY — origin not verified,False,False
2013-10-02 03:00:00+00:00,-0.4893407,7.818993126201719,NO ALERT,channel_42,1.8107076,USER-SUPPLIED TELEMETRY — origin not verified,False,False
2013-10-02 03:01:00+00:00,-0.5850769,7.818993126201719,NO ALERT,channel_42,1.4733365,USER-SUPPLIED TELEMETRY — origin not verified,False,False
2013-10-02 03:02:00+00:00,-1.5559603,7.818993126201719,NO ALERT,channel_42,1.1338334,USER-SUPPLIED TELEMETRY — origin not verified,False,False
2013-10-02 03:03:00+00:00,-1.8517429,7.818993126201719,NO ALERT,channel_42,1.237643,USER-SUPPLIED TELEMETRY — origin not verified,False,False
2013-10-02 03:04:00+00:00,-1.2231885,7.818993126201719,NO ALERT,channel_46,1.2038252,USER-SUPPLIED TELEMETRY — origin not verified,False,False
2013-10-02 03:05:00+00:00,-0.15962325,7.818993126201719,NO ALERT,channel_45,1.075206,USER-SUPPLIED TELEMETRY — origin not verified,False,False
2013-10-02 03:06:00+00:00,-0.7736263,7.818993126201719,NO ALERT,channel_46,0.8363679,USER-SUPPLIED TELEMETRY — origin not verified,False,False
2013-10-02 03:07:00+00:00,-0.17917179,7.818993126201719,NO ALERT,channel_43,1.0849245,USER-SUPPLIED TELEMETRY — origin not verified,False,False
2013-10-02 03:08:00+00:00,-0.8526871,7.818993126201719,NO ALERT,channel_46,1.7642378,USER-SUPPLIED TELEMETRY — origin not verified,False,False
2013-10-02 03:09:00+00:00,-0.70267296,7.818993126201719,NO ALERT,channel_46,0.93591124,USER-SUPPLIED TELEMETRY — origin not verified,False,False
2013-10-02 03:10:00+00:00,-2.1619213,7.818993126201719,NO ALERT,channel_42,1.4144671,USER-SUPPLIED TELEMETRY — origin not verified,False,False
2013-10-02 03:11:00+00:00,-1.030008,7.818993126201719,NO ALERT,channel_43,1.0504128,USER-SUPPLIED TELEMETRY — origin not verified,False,False
2013-10-02 03:12:00+00:00,-0.5450344,7.818993126201719,NO ALERT,channel_44,1.391845,USER-SUPPLIED TELEMETRY — origin not verified,False,False
2013-10-02 03:13:00+00:00,-0.5930356,7.818993126201719,NO ALERT,channel_44,1.1070985,USER-SUPPLIED TELEMETRY — origin not verified,False,False
2013-10-02 03:14:00+00:00,-0.5217324,7.818993126201719,NO ALERT,channel_44,1.5876445,USER-SUPPLIED TELEMETRY — origin not verified,False,False
2013-10-02 03:15:00+00:00,-0.49641907,7.818993126201719,NO ALERT,channel_44,1.4320718,USER-SUPPLIED TELEMETRY — origin not verified,False,False
2013-10-02 03:16:00+00:00,-0.56254375,7.818993126201719,NO ALERT,channel_44,1.4073223,USER-SUPPLIED TELEMETRY — origin not verified,False,False
2013-10-02 03:17:00+00:00,0.11233814,7.818993126201719,NO ALERT,channel_41,1.4479661,USER-SUPPLIED TELEMETRY — origin not verified,False,False
2013-10-02 03:18:00+00:00,-1.0739862,7.818993126201719,NO ALERT,channel_44,1.898964,USER-SUPPLIED TELEMETRY — origin not verified,False,False
2013-10-02 03:19:00+00:00,-1.2390268,7.818993126201719,NO ALERT,channel_41,1.0946217,USER-SUPPLIED TELEMETRY — origin not verified,False,False
2013-10-02 03:20:00+00:00,-0.59636885,7.818993126201719,NO ALERT,channel_41,1.2380521,USER-SUPPLIED TELEMETRY — origin not verified,False,False
2013-10-02 03:21:00+00:00,-0.8551716,7.818993126201719,NO ALERT,channel_42,1.3041345,USER-SUPPLIED TELEMETRY — origin not verified,False,False
2013-10-02 03:22:00+00:00,-1.624921,7.818993126201719,NO ALERT,channel_42,1.3973173,USER-SUPPLIED TELEMETRY — origin not verified,False,False
2013-10-02 03:23:00+00:00,-0.39445958,7.818993126201719,NO ALERT,channel_45,1.2915425,USER-SUPPLIED TELEMETRY — origin not verified,False,False
2013-10-02 03:24:00+00:00,-1.1883482,7.818993126201719,NO ALERT,channel_42,1.5976962,USER-SUPPLIED TELEMETRY — origin not verified,False,False
2013-10-02 03:25:00+00:00,-1.2278049,7.818993126201719,NO ALERT,channel_45,1.258362,USER-SUPPLIED TELEMETRY — origin not verified,False,False
2013-10-02 03:26:00+00:00,-0.30030617,7.818993126201719,NO ALERT,channel_46,1.4183544,USER-SUPPLIED TELEMETRY — origin not verified,False,False
2013-10-02 03:27:00+00:00,-1.3583031,7.818993126201719,NO ALERT,channel_46,1.5132622,USER-SUPPLIED TELEMETRY — origin not verified,False,False
2013-10-02 03:28:00+00:00,-0.87236416,7.818993126201719,NO ALERT,channel_42,1.8185605,USER-SUPPLIED TELEMETRY — origin not verified,False,False
2013-10-02 03:29:00+00:00,-1.3128016,7.818993126201719,NO ALERT,channel_46,1.4492568,USER-SUPPLIED TELEMETRY — origin not verified,False,False
2013-10-02 03:30:00+00:00,-0.62616384,7.818993126201719,NO ALERT,channel_43,1.6061829,USER-SUPPLIED TELEMETRY — origin not verified,False,False
2013-10-02 03:31:00+00:00,-0.6870228,7.818993126201719,NO ALERT,channel_43,1.5769404,USER-SUPPLIED TELEMETRY — origin not verified,False,False
2013-10-02 03:32:00+00:00,-0.5615305,7.818993126201719,NO ALERT,channel_43,1.5497925,USER-SUPPLIED TELEMETRY — origin not verified,False,False
2013-10-02 03:33:00+00:00,-1.0756841,7.818993126201719,NO ALERT,channel_43,1.5201898,USER-SUPPLIED TELEMETRY — origin not verified,False,False
2013-10-02 03:34:00+00:00,-1.346583,7.818993126201719,NO ALERT,channel_43,1.0217701,USER-SUPPLIED TELEMETRY — origin not verified,False,False
2013-10-02 03:35:00+00:00,-0.45679858,7.818993126201719,NO ALERT,channel_43,1.6383753,USER-SUPPLIED TELEMETRY — origin not verified,False,False
2013-10-02 03:36:00+00:00,0.1491567,7.818993126201719,NO ALERT,channel_41,1.4631528,USER-SUPPLIED TELEMETRY — origin not verified,False,False
2013-10-02 03:37:00+00:00,-0.7696261,7.818993126201719,NO ALERT,channel_43,1.1341009,USER-SUPPLIED TELEMETRY — origin not verified,False,False
2013-10-02 03:38:00+00:00,-0.67721665,7.818993126201719,NO ALERT,channel_41,1.4058,USER-SUPPLIED TELEMETRY — origin not verified,False,False
2013-10-02 03:39:00+00:00,-0.5177662,7.818993126201719,NO ALERT,channel_41,1.9944057,USER-SUPPLIED TELEMETRY — origin not verified,False,False
2013-10-02 03:40:00+00:00,-0.97095376,7.818993126201719,NO ALERT,channel_42,1.4639459,USER-SUPPLIED TELEMETRY — origin not verified,False,False
2013-10-02 03:41:00+00:00,-0.09036271,7.818993126201719,NO ALERT,channel_42,1.9923857,USER-SUPPLIED TELEMETRY — origin not verified,False,False
2013-10-02 03:42:00+00:00,-0.8794843,7.818993126201719,NO ALERT,channel_42,1.6242918,USER-SUPPLIED TELEMETRY — origin not verified,False,False
2013-10-02 03:43:00+00:00,-1.1968527,7.818993126201719,NO ALERT,channel_42,1.1489094,USER-SUPPLIED TELEMETRY — origin not verified,False,False
2013-10-02 03:44:00+00:00,-1.0096024,7.818993126201719,NO ALERT,channel_42,1.3447866,USER-SUPPLIED TELEMETRY — origin not verified,False,False
2013-10-02 03:45:00+00:00,-0.82589126,7.818993126201719,NO ALERT,channel_42,1.6617993,USER-SUPPLIED TELEMETRY — origin not verified,False,False
2013-10-02 03:46:00+00:00,-1.1704305,7.818993126201719,NO ALERT,channel_45,1.0763469,USER-SUPPLIED TELEMETRY — origin not verified,False,False
2013-10-02 03:47:00+00:00,-1.5504924,7.818993126201719,NO ALERT,channel_46,1.5243826,USER-SUPPLIED TELEMETRY — origin not verified,False,False
2013-10-02 03:48:00+00:00,-0.7763063,7.818993126201719,NO ALERT,channel_45,1.6633285,USER-SUPPLIED TELEMETRY — origin not verified,False,False
2013-10-02 03:49:00+00:00,-1.0163004,7.818993126201719,NO ALERT,channel_45,1.1575677,USER-SUPPLIED TELEMETRY — origin not verified,False,False
2013-10-02 03:50:00+00:00,-1.1251734,7.818993126201719,NO ALERT,channel_45,1.5895981,USER-SUPPLIED TELEMETRY — origin not verified,False,False
2013-10-02 03:51:00+00:00,-0.83581865,7.818993126201719,NO ALERT,channel_42,1.6842799,USER-SUPPLIED TELEMETRY — origin not verified,False,False
2013-10-02 03:52:00+00:00,-0.8223563,7.818993126201719,NO ALERT,channel_43,1.3133811,USER-SUPPLIED TELEMETRY — origin not verified,False,False
2013-10-02 03:53:00+00:00,-1.2087406,7.818993126201719,NO ALERT,channel_46,1.8462611,USER-SUPPLIED TELEMETRY — origin not verified,False,False
2013-10-02 03:54:00+00:00,-1.083794,7.818993126201719,NO ALERT,channel_46,1.4576086,USER-SUPPLIED TELEMETRY — origin not verified,False,False
2013-10-02 03:55:00+00:00,-0.6630479,7.818993126201719,NO ALERT,channel_43,1.5393772,USER-SUPPLIED TELEMETRY — origin not verified,False,False
2013-10-02 03:56:00+00:00,-0.3741745,7.818993126201719,NO ALERT,channel_43,1.0374463,USER-SUPPLIED TELEMETRY — origin not verified,False,False
2013-10-02 03:57:00+00:00,-1.2124001,7.818993126201719,NO ALERT,channel_44,1.2205403,USER-SUPPLIED TELEMETRY — origin not verified,False,False
2013-10-02 03:58:00+00:00,-0.16674043,7.818993126201719,NO ALERT,channel_46,1.6692201,USER-SUPPLIED TELEMETRY — origin not verified,False,False
2013-10-02 03:59:00+00:00,-0.8985201,7.818993126201719,NO ALERT,channel_41,1.0257356,USER-SUPPLIED TELEMETRY — origin not verified,False,False
2013-10-02 04:00:00+00:00,-1.2491448,7.818993126201719,NO ALERT,channel_43,1.1433372,USER-SUPPLIED TELEMETRY — origin not verified,False,False
2013-10-02 04:01:00+00:00,-0.86644745,7.818993126201719,NO ALERT,channel_43,1.5982622,USER-SUPPLIED TELEMETRY — origin not verified,False,False
2013-10-02 04:02:00+00:00,-0.06663196,7.818993126201719,NO ALERT,channel_41,1.3914839,USER-SUPPLIED TELEMETRY — origin not verified,False,False
2013-10-02 04:03:00+00:00,-0.8705867,7.818993126201719,NO ALERT,channel_44,1.7228886,USER-SUPPLIED TELEMETRY — origin not verified,False,False
2013-10-02 04:04:00+00:00,-0.4053004,7.818993126201719,NO ALERT,channel_41,1.3277841,USER-SUPPLIED TELEMETRY — origin not verified,False,False
2013-10-02 04:05:00+00:00,-0.77149516,7.818993126201719,NO ALERT,channel_41,1.454383,USER-SUPPLIED TELEMETRY — origin not verified,False,False
2013-10-02 04:06:00+00:00,-0.5719068,7.818993126201719,NO ALERT,channel_42,1.9181367,USER-SUPPLIED TELEMETRY — origin not verified,False,False
2013-10-02 04:07:00+00:00,-0.64495236,7.818993126201719,NO ALERT,channel_41,1.4160273,USER-SUPPLIED TELEMETRY — origin not verified,False,False
2013-10-02 04:08:00+00:00,-0.7374625,7.818993126201719,NO ALERT,channel_45,1.3638216,USER-SUPPLIED TELEMETRY — origin not verified,False,False
2013-10-02 04:09:00+00:00,-1.2464287,7.818993126201719,NO ALERT,channel_42,1.2623883,USER-SUPPLIED TELEMETRY — origin not verified,False,False
2013-10-02 04:10:00+00:00,-0.14379065,7.818993126201719,NO ALERT,channel_45,1.4228624,USER-SUPPLIED TELEMETRY — origin not verified,False,False
2013-10-02 04:11:00+00:00,-0.6559615,7.818993126201719,NO ALERT,channel_42,1.6806186,USER-SUPPLIED TELEMETRY — origin not verified,False,False
2013-10-02 04:12:00+00:00,-0.5596788,7.818993126201719,NO ALERT,channel_45,1.6629324,USER-SUPPLIED TELEMETRY — origin not verified,False,False
2013-10-02 04:13:00+00:00,-0.6998126,7.818993126201719,NO ALERT,channel_42,1.40235,USER-SUPPLIED TELEMETRY — origin not verified,False,False
2013-10-02 04:14:00+00:00,-0.44082388,7.818993126201719,NO ALERT,channel_46,1.4254621,USER-SUPPLIED TELEMETRY — origin not verified,False,False
2013-10-02 04:15:00+00:00,0.03434976,7.818993126201719,NO ALERT,channel_42,2.1502576,USER-SUPPLIED TELEMETRY — origin not verified,False,False
2013-10-02 04:16:00+00:00,0.34888348,7.818993126201719,NO ALERT,channel_46,1.4801043,USER-SUPPLIED TELEMETRY — origin not verified,False,False
2013-10-02 04:17:00+00:00,-0.9904296,7.818993126201719,NO ALERT,channel_43,1.3435597,USER-SUPPLIED TELEMETRY — origin not verified,False,False
2013-10-02 04:18:00+00:00,-1.7013458,7.818993126201719,NO ALERT,channel_46,1.6593447,USER-SUPPLIED TELEMETRY — origin not verified,False,False
2013-10-02 04:19:00+00:00,0.104939476,7.818993126201719,NO ALERT,channel_43,1.5942049,USER-SUPPLIED TELEMETRY — origin not verified,False,False
2013-10-02 04:20:00+00:00,-0.9807565,7.818993126201719,NO ALERT,channel_43,1.5563672,USER-SUPPLIED TELEMETRY — origin not verified,False,False
2013-10-02 04:21:00+00:00,-0.45290884,7.818993126201719,NO ALERT,channel_43,1.6920023,USER-SUPPLIED TELEMETRY — origin not verified,False,False
2013-10-02 04:22:00+00:00,-1.215662,7.818993126201719,NO ALERT,channel_46,1.687296,USER-SUPPLIED TELEMETRY — origin not verified,False,False
2013-10-02 04:23:00+00:00,-0.6687258,7.818993126201719,NO ALERT,channel_43,1.1565057,USER-SUPPLIED TELEMETRY — origin not verified,False,False
2013-10-02 04:24:00+00:00,-1.1294984,7.818993126201719,NO ALERT,channel_44,2.113675,USER-SUPPLIED TELEMETRY — origin not verified,False,False
2013-10-02 04:25:00+00:00,-0.15582417,7.818993126201719,NO ALERT,channel_44,1.8388407,USER-SUPPLIED TELEMETRY — origin not verified,False,False
2013-10-02 04:26:00+00:00,-0.578479,7.818993126201719,NO ALERT,channel_41,1.5304925,USER-SUPPLIED TELEMETRY — origin not verified,False,False
2013-10-02 04:27:00+00:00,-0.6033085,7.818993126201719,NO ALERT,channel_44,2.2888548,USER-SUPPLIED TELEMETRY — origin not verified,False,False
2013-10-02 04:28:00+00:00,-0.2162243,7.818993126201719,NO ALERT,channel_41,1.4823532,USER-SUPPLIED TELEMETRY — origin not verified,False,False
2013-10-02 04:29:00+00:00,-0.82733953,7.818993126201719,NO ALERT,channel_42,1.5103472,USER-SUPPLIED TELEMETRY — origin not verified,False,False
2013-10-02 04:30:00+00:00,-0.014492732,7.818993126201719,NO ALERT,channel_42,1.5958521,USER-SUPPLIED TELEMETRY — origin not verified,False,False
2013-10-02 04:31:00+00:00,-0.6133701,7.818993126201719,NO ALERT,channel_45,1.5300958,USER-SUPPLIED TELEMETRY — origin not verified,False,False
2013-10-02 04:32:00+00:00,-0.89020294,7.818993126201719,NO ALERT,channel_45,1.4927299,USER-SUPPLIED TELEMETRY — origin not verified,False,False
2013-10-02 04:33:00+00:00,-0.6837232,7.818993126201719,NO ALERT,channel_42,1.6187012,USER-SUPPLIED TELEMETRY — origin not verified,False,False
2013-10-02 04:34:00+00:00,-1.2695392,7.818993126201719,NO ALERT,channel_44,1.5567183,USER-SUPPLIED TELEMETRY — origin not verified,False,False
2013-10-02 04:35:00+00:00,-1.0871595,7.818993126201719,NO ALERT,channel_45,1.4238973,USER-SUPPLIED TELEMETRY — origin not verified,False,False
2013-10-02 04:36:00+00:00,-1.0750597,7.818993126201719,NO ALERT,channel_45,1.3905663,USER-SUPPLIED TELEMETRY — origin not verified,False,False
2013-10-02 04:37:00+00:00,-1.8026669,7.818993126201719,NO ALERT,channel_42,1.8771086,USER-SUPPLIED TELEMETRY — origin not verified,False,False
2013-10-02 04:38:00+00:00,-1.7114092,7.818993126201719,NO ALERT,channel_46,2.8805103,USER-SUPPLIED TELEMETRY — origin not verified,False,False
2013-10-02 04:39:00+00:00,-1.0917226,7.818993126201719,NO ALERT,channel_45,1.47866,USER-SUPPLIED TELEMETRY — origin not verified,False,False
2013-10-02 04:40:00+00:00,-0.46558365,7.818993126201719,NO ALERT,channel_46,1.2778767,USER-SUPPLIED TELEMETRY — origin not verified,False,False
2013-10-02 04:41:00+00:00,-1.0232258,7.818993126201719,NO ALERT,channel_43,1.0040627,USER-SUPPLIED TELEMETRY — origin not verified,False,False
2013-10-02 04:42:00+00:00,-1.7867677,7.818993126201719,NO ALERT,channel_43,1.2990578,USER-SUPPLIED TELEMETRY — origin not verified,False,False
2013-10-02 04:43:00+00:00,-1.0763067,7.818993126201719,NO ALERT,channel_43,1.5884067,USER-SUPPLIED TELEMETRY — origin not verified,False,False
2013-10-02 04:44:00+00:00,-1.3231406,7.818993126201719,NO ALERT,channel_44,1.2639706,USER-SUPPLIED TELEMETRY — origin not verified,False,False
2013-10-02 04:45:00+00:00,-1.8425512,7.818993126201719,NO ALERT,channel_43,1.394704,USER-SUPPLIED TELEMETRY — origin not verified,False,False
2013-10-02 04:46:00+00:00,-0.6653933,7.818993126201719,NO ALERT,channel_44,1.5789639,USER-SUPPLIED TELEMETRY — origin not verified,False,False
2013-10-02 04:47:00+00:00,-1.163464,7.818993126201719,NO ALERT,channel_43,1.203764,USER-SUPPLIED TELEMETRY — origin not verified,False,False
2013-10-02 04:48:00+00:00,-0.06333454,7.818993126201719,NO ALERT,channel_46,2.2426534,USER-SUPPLIED TELEMETRY — origin not verified,False,False
2013-10-02 04:49:00+00:00,-1.0474658,7.818993126201719,NO ALERT,channel_44,1.3599814,USER-SUPPLIED TELEMETRY — origin not verified,False,False
2013-10-02 04:50:00+00:00,-1.4856683,7.818993126201719,NO ALERT,channel_41,1.4706511,USER-SUPPLIED TELEMETRY — origin not verified,False,False
2013-10-02 04:51:00+00:00,-1.6673685,7.818993126201719,NO ALERT,channel_44,1.293693,USER-SUPPLIED TELEMETRY — origin not verified,False,False
2013-10-02 04:52:00+00:00,-0.8203427,7.818993126201719,NO ALERT,channel_44,1.9034936,USER-SUPPLIED TELEMETRY — origin not verified,False,False
2013-10-02 04:53:00+00:00,-1.1213871,7.818993126201719,NO ALERT,channel_44,1.7552541,USER-SUPPLIED TELEMETRY — origin not verified,False,False
2013-10-02 04:54:00+00:00,-1.275091,7.818993126201719,NO ALERT,channel_44,1.3605977,USER-SUPPLIED TELEMETRY — origin not verified,False,False
2013-10-02 04:55:00+00:00,-1.1975838,7.818993126201719,NO ALERT,channel_44,1.3623343,USER-SUPPLIED TELEMETRY — origin not verified,False,False
2013-10-02 04:56:00+00:00,-1.737845,7.818993126201719,NO ALERT,channel_44,1.6095369,USER-SUPPLIED TELEMETRY — origin not verified,False,False
2013-10-02 04:57:00+00:00,-0.27975538,7.818993126201719,NO ALERT,channel_45,1.4032377,USER-SUPPLIED TELEMETRY — origin not verified,False,False
2013-10-02 04:58:00+00:00,-0.5186327,7.818993126201719,NO ALERT,channel_44,1.6875402,USER-SUPPLIED TELEMETRY — origin not verified,False,False
2013-10-02 04:59:00+00:00,-0.3748016,7.818993126201719,NO ALERT,channel_45,1.3503145,USER-SUPPLIED TELEMETRY — origin not verified,False,False
2013-10-02 05:00:00+00:00,-1.731619,7.818993126201719,NO ALERT,channel_42,1.6471678,USER-SUPPLIED TELEMETRY — origin not verified,False,False
2013-10-02 05:01:00+00:00,-0.4968101,7.818993126201719,NO ALERT,channel_45,1.446278,USER-SUPPLIED TELEMETRY — origin not verified,False,False
2013-10-02 05:02:00+00:00,-1.0808914,7.818993126201719,NO ALERT,channel_42,1.1632729,USER-SUPPLIED TELEMETRY — origin not verified,False,False
2013-10-02 05:03:00+00:00,-0.90311664,7.818993126201719,NO ALERT,channel_42,1.3813041,USER-SUPPLIED TELEMETRY — origin not verified,False,False
2013-10-02 05:04:00+00:00,-1.9994133,7.818993126201719,NO ALERT,channel_46,1.296333,USER-SUPPLIED TELEMETRY — origin not verified,False,False
2013-10-02 05:05:00+00:00,-0.40962866,7.818993126201719,NO ALERT,channel_45,1.3837944,USER-SUPPLIED TELEMETRY — origin not verified,False,False
2013-10-02 05:06:00+00:00,-0.19202708,7.818993126201719,NO ALERT,channel_46,1.8451716,USER-SUPPLIED TELEMETRY — origin not verified,False,False
2013-10-02 05:07:00+00:00,-1.068485,7.818993126201719,NO ALERT,channel_42,2.0411696,USER-SUPPLIED TELEMETRY — origin not verified,False,False
2013-10-02 05:08:00+00:00,-0.6105416,7.818993126201719,NO ALERT,channel_46,1.7895353,USER-SUPPLIED TELEMETRY — origin not verified,False,False
2013-10-02 05:09:00+00:00,-1.784118,7.818993126201719,NO ALERT,channel_43,1.4135035,USER-SUPPLIED TELEMETRY — origin not verified,False,False
2013-10-02 05:10:00+00:00,-0.3854619,7.818993126201719,NO ALERT,channel_46,1.9699688,USER-SUPPLIED TELEMETRY — origin not verified,False,False
2013-10-02 05:11:00+00:00,-1.3490683,7.818993126201719,NO ALERT,channel_44,1.239931,USER-SUPPLIED TELEMETRY — origin not verified,False,False
2013-10-02 05:12:00+00:00,-0.5736977,7.818993126201719,NO ALERT,channel_43,1.3431939,USER-SUPPLIED TELEMETRY — origin not verified,False,False
2013-10-02 05:13:00+00:00,-0.8592235,7.818993126201719,NO ALERT,channel_41,1.3001139,USER-SUPPLIED TELEMETRY — origin not verified,False,False
2013-10-02 05:14:00+00:00,-0.88292134,7.818993126201719,NO ALERT,channel_46,1.2057253,USER-SUPPLIED TELEMETRY — origin not verified,False,False
2013-10-02 05:15:00+00:00,-0.6850008,7.818993126201719,NO ALERT,channel_44,1.524663,USER-SUPPLIED TELEMETRY — origin not verified,False,False
2013-10-02 05:16:00+00:00,-1.1596621,7.818993126201719,NO ALERT,channel_44,1.2649192,USER-SUPPLIED TELEMETRY — origin not verified,False,False
2013-10-02 05:17:00+00:00,-0.82318664,7.818993126201719,NO ALERT,channel_44,1.4985912,USER-SUPPLIED TELEMETRY — origin not verified,False,False
2013-10-02 05:18:00+00:00,-0.254037,7.818993126201719,NO ALERT,channel_41,1.453389,USER-SUPPLIED TELEMETRY — origin not verified,False,False
2013-10-02 05:19:00+00:00,-0.993686,7.818993126201719,NO ALERT,channel_44,1.4783438,USER-SUPPLIED TELEMETRY — origin not verified,False,False
2013-10-02 05:20:00+00:00,-0.874751,7.818993126201719,NO ALERT,channel_42,1.60564,USER-SUPPLIED TELEMETRY — origin not verified,False,False
2013-10-02 05:21:00+00:00,-0.3345165,7.818993126201719,NO ALERT,channel_44,1.4471055,USER-SUPPLIED TELEMETRY — origin not verified,False,False
2013-10-02 05:22:00+00:00,-0.934063,7.818993126201719,NO ALERT,channel_45,1.370355,USER-SUPPLIED TELEMETRY — origin not verified,False,False
2013-10-02 05:23:00+00:00,-0.73479533,7.818993126201719,NO ALERT,channel_45,1.6419319,USER-SUPPLIED TELEMETRY — origin not verified,False,False
2013-10-02 05:24:00+00:00,-0.8562226,7.818993126201719,NO ALERT,channel_42,1.7207778,USER-SUPPLIED TELEMETRY — origin not verified,False,False
2013-10-02 05:25:00+00:00,-0.7730849,7.818993126201719,NO ALERT,channel_44,1.4496207,USER-SUPPLIED TELEMETRY — origin not verified,False,False
2013-10-02 05:26:00+00:00,-0.9195361,7.818993126201719,NO ALERT,channel_45,1.557939,USER-SUPPLIED TELEMETRY — origin not verified,False,False
2013-10-02 05:27:00+00:00,-0.5340038,7.818993126201719,NO ALERT,channel_42,1.450583,USER-SUPPLIED TELEMETRY — origin not verified,False,False
2013-10-02 05:28:00+00:00,-1.4659266,7.818993126201719,NO ALERT,channel_45,1.668394,USER-SUPPLIED TELEMETRY — origin not verified,False,False
2013-10-02 05:29:00+00:00,-1.1490818,7.818993126201719,NO ALERT,channel_46,1.2915692,USER-SUPPLIED TELEMETRY — origin not verified,False,False
2013-10-02 05:30:00+00:00,-1.2261467,7.818993126201719,NO ALERT,channel_43,1.5006757,USER-SUPPLIED TELEMETRY — origin not verified,False,False
2013-10-02 05:31:00+00:00,-0.7715302,7.818993126201719,NO ALERT,channel_46,1.2406539,USER-SUPPLIED TELEMETRY — origin not verified,False,False
2013-10-02 05:32:00+00:00,-1.2454977,7.818993126201719,NO ALERT,channel_43,1.2842119,USER-SUPPLIED TELEMETRY — origin not verified,False,False
2013-10-02 05:33:00+00:00,-1.5119884,7.818993126201719,NO ALERT,channel_46,2.1370773,USER-SUPPLIED TELEMETRY — origin not verified,False,False
2013-10-02 05:34:00+00:00,-0.8805839,7.818993126201719,NO ALERT,channel_43,1.3932492,USER-SUPPLIED TELEMETRY — origin not verified,False,False
2013-10-02 05:35:00+00:00,-0.3572094,7.818993126201719,NO ALERT,channel_43,1.3716806,USER-SUPPLIED TELEMETRY — origin not verified,False,False
2013-10-02 05:36:00+00:00,-1.0273272,7.818993126201719,NO ALERT,channel_43,1.3500565,USER-SUPPLIED TELEMETRY — origin not verified,False,False
2013-10-02 05:37:00+00:00,-1.2926444,7.818993126201719,NO ALERT,channel_44,1.5910687,USER-SUPPLIED TELEMETRY — origin not verified,False,False
2013-10-02 05:38:00+00:00,0.17257576,7.818993126201719,NO ALERT,channel_43,1.8034215,USER-SUPPLIED TELEMETRY — origin not verified,False,False
2013-10-02 05:39:00+00:00,-1.1261241,7.818993126201719,NO ALERT,channel_41,1.3500261,USER-SUPPLIED TELEMETRY — origin not verified,False,False
2013-10-02 05:40:00+00:00,-0.9721241,7.818993126201719,NO ALERT,channel_44,1.6417824,USER-SUPPLIED TELEMETRY — origin not verified,False,False
2013-10-02 05:41:00+00:00,-1.0355934,7.818993126201719,NO ALERT,channel_41,1.6079556,USER-SUPPLIED TELEMETRY — origin not verified,False,False
2013-10-02 05:42:00+00:00,-0.8769636,7.818993126201719,NO ALERT,channel_44,1.5980521,USER-SUPPLIED TELEMETRY — origin not verified,False,False
2013-10-02 05:43:00+00:00,-1.6841649,7.818993126201719,NO ALERT,channel_42,1.7752609,USER-SUPPLIED TELEMETRY — origin not verified,False,False
2013-10-02 05:44:00+00:00,-1.36087,7.818993126201719,NO ALERT,channel_41,1.2315311,USER-SUPPLIED TELEMETRY — origin not verified,False,False
2013-10-02 05:45:00+00:00,-0.9881242,7.818993126201719,NO ALERT,channel_44,1.5560842,USER-SUPPLIED TELEMETRY — origin not verified,False,False
2013-10-02 05:46:00+00:00,-1.3760039,7.818993126201719,NO ALERT,channel_42,1.1136602,USER-SUPPLIED TELEMETRY — origin not verified,False,False
2013-10-02 05:47:00+00:00,-1.292678,7.818993126201719,NO ALERT,channel_45,1.356713,USER-SUPPLIED TELEMETRY — origin not verified,False,False
2013-10-02 05:48:00+00:00,-0.26876655,7.818993126201719,NO ALERT,channel_45,1.5155212,USER-SUPPLIED TELEMETRY — origin not verified,False,False
2013-10-02 05:49:00+00:00,-1.0260442,7.818993126201719,NO ALERT,channel_45,1.2932402,USER-SUPPLIED TELEMETRY — origin not verified,False,False
2013-10-02 05:50:00+00:00,-0.18166094,7.818993126201719,NO ALERT,channel_46,1.3903137,USER-SUPPLIED TELEMETRY — origin not verified,False,False
2013-10-02 05:51:00+00:00,-1.2839276,7.818993126201719,NO ALERT,channel_45,1.403886,USER-SUPPLIED TELEMETRY — origin not verified,False,False
2013-10-02 05:52:00+00:00,-0.9413656,7.818993126201719,NO ALERT,channel_42,1.4439043,USER-SUPPLIED TELEMETRY — origin not verified,False,False
2013-10-02 05:53:00+00:00,-1.7837478,7.818993126201719,NO ALERT,channel_45,1.5140053,USER-SUPPLIED TELEMETRY — origin not verified,False,False
2013-10-02 05:54:00+00:00,-1.5305051,7.818993126201719,NO ALERT,channel_45,1.2107502,USER-SUPPLIED TELEMETRY — origin not verified,False,False
2013-10-02 05:55:00+00:00,-1.2103888,7.818993126201719,NO ALERT,channel_46,1.8577751,USER-SUPPLIED TELEMETRY — origin not verified,False,False
2013-10-02 05:56:00+00:00,-1.1642524,7.818993126201719,NO ALERT,channel_43,1.509459,USER-SUPPLIED TELEMETRY — origin not verified,False,False
2013-10-02 05:57:00+00:00,-0.7898549,7.818993126201719,NO ALERT,channel_46,2.0534506,USER-SUPPLIED TELEMETRY — origin not verified,False,False
2013-10-02 05:58:00+00:00,-2.1182725,7.818993126201719,NO ALERT,channel_43,1.9863279,USER-SUPPLIED TELEMETRY — origin not verified,False,False
2013-10-02 05:59:00+00:00,-0.7897484,7.818993126201719,NO ALERT,channel_43,1.5733228,USER-SUPPLIED TELEMETRY — origin not verified,False,False
2013-10-02 06:00:00+00:00,-1.3034505,7.818993126201719,NO ALERT,channel_46,1.4010907,USER-SUPPLIED TELEMETRY — origin not verified,False,False
2013-10-02 06:01:00+00:00,0.6937723,7.818993126201719,NO ALERT,channel_41,1.9348395,USER-SUPPLIED TELEMETRY — origin not verified,False,False
2013-10-02 06:02:00+00:00,0.2964261,7.818993126201719,NO ALERT,channel_44,1.3598918,USER-SUPPLIED TELEMETRY — origin not verified,False,False
2013-10-02 06:03:00+00:00,-0.8727133,7.818993126201719,NO ALERT,channel_43,0.8948521,USER-SUPPLIED TELEMETRY — origin not verified,False,False
2013-10-02 06:04:00+00:00,-0.65149105,7.818993126201719,NO ALERT,channel_44,1.4301136,USER-SUPPLIED TELEMETRY — origin not verified,False,False
2013-10-02 06:05:00+00:00,-1.4909848,7.818993126201719,NO ALERT,channel_41,1.4915241,USER-SUPPLIED TELEMETRY — origin not verified,False,False
2013-10-02 06:06:00+00:00,-0.39017913,7.818993126201719,NO ALERT,channel_44,1.2547295,USER-SUPPLIED TELEMETRY — origin not verified,False,False
2013-10-02 06:07:00+00:00,-0.16412888,7.818993126201719,NO ALERT,channel_42,1.8795183,USER-SUPPLIED TELEMETRY — origin not verified,False,False
2013-10-02 06:08:00+00:00,-0.34764183,7.818993126201719,NO ALERT,channel_41,1.5237201,USER-SUPPLIED TELEMETRY — origin not verified,False,False
2013-10-02 06:09:00+00:00,-0.6945302,7.818993126201719,NO ALERT,channel_41,1.7109243,USER-SUPPLIED TELEMETRY — origin not verified,False,False
2013-10-02 06:10:00+00:00,-1.0613867,7.818993126201719,NO ALERT,channel_42,1.5349976,USER-SUPPLIED TELEMETRY — origin not verified,False,False
2013-10-02 06:11:00+00:00,-0.37880453,7.818993126201719,NO ALERT,channel_42,1.7253033,USER-SUPPLIED TELEMETRY — origin not verified,False,False
2013-10-02 06:12:00+00:00,-0.76973146,7.818993126201719,NO ALERT,channel_42,2.0326283,USER-SUPPLIED TELEMETRY — origin not verified,False,False
2013-10-02 06:13:00+00:00,-1.9901441,7.818993126201719,NO ALERT,channel_42,1.3391696,USER-SUPPLIED TELEMETRY — origin not verified,False,False
2013-10-02 06:14:00+00:00,-1.063233,7.818993126201719,NO ALERT,channel_45,1.5292196,USER-SUPPLIED TELEMETRY — origin not verified,False,False
2013-10-02 06:15:00+00:00,-1.1059186,7.818993126201719,NO ALERT,channel_42,1.5058515,USER-SUPPLIED TELEMETRY — origin not verified,False,False
2013-10-02 06:16:00+00:00,-0.7788249,7.818993126201719,NO ALERT,channel_45,1.4864041,USER-SUPPLIED TELEMETRY — origin not verified,False,False
2013-10-02 06:17:00+00:00,-1.1393119,7.818993126201719,NO ALERT,channel_42,1.4789222,USER-SUPPLIED TELEMETRY — origin not verified,False,False
2013-10-02 06:18:00+00:00,-1.0842052,7.818993126201719,NO ALERT,channel_45,1.5966507,USER-SUPPLIED TELEMETRY — origin not verified,False,False
2013-10-02 06:19:00+00:00,-1.0852267,7.818993126201719,NO ALERT,channel_46,1.4391404,USER-SUPPLIED TELEMETRY — origin not verified,False,False
2013-10-02 06:20:00+00:00,-1.3720208,7.818993126201719,NO ALERT,channel_43,1.2833456,USER-SUPPLIED TELEMETRY — origin not verified,False,False
2013-10-02 06:21:00+00:00,-1.2477607,7.818993126201719,NO ALERT,channel_46,1.5168453,USER-SUPPLIED TELEMETRY — origin not verified,False,False
2013-10-02 06:22:00+00:00,-0.9198873,7.818993126201719,NO ALERT,channel_46,1.7295663,USER-SUPPLIED TELEMETRY — origin not verified,False,False
2013-10-02 06:23:00+00:00,-1.5083731,7.818993126201719,NO ALERT,channel_46,1.5973235,USER-SUPPLIED TELEMETRY — origin not verified,False,False
2013-10-02 06:24:00+00:00,-0.77769756,7.818993126201719,NO ALERT,channel_44,1.0026532,USER-SUPPLIED TELEMETRY — origin not verified,False,False
2013-10-02 06:25:00+00:00,-1.152542,7.818993126201719,NO ALERT,channel_43,1.354061,USER-SUPPLIED TELEMETRY — origin not verified,False,False
2013-10-02 06:26:00+00:00,-2.3389962,7.818993126201719,NO ALERT,channel_44,1.4635469,USER-SUPPLIED TELEMETRY — origin not verified,False,False
2013-10-02 06:27:00+00:00,-1.0509042,7.818993126201719,NO ALERT,channel_41,1.2846059,USER-SUPPLIED TELEMETRY — origin not verified,False,False
2013-10-02 06:28:00+00:00,-1.8469521,7.818993126201719,NO ALERT,channel_44,2.1761086,USER-SUPPLIED TELEMETRY — origin not verified,False,False
2013-10-02 06:29:00+00:00,-0.57688653,7.818993126201719,NO ALERT,channel_42,1.7334913,USER-SUPPLIED TELEMETRY — origin not verified,False,False
2013-10-02 06:30:00+00:00,-0.84918195,7.818993126201719,NO ALERT,channel_41,1.6591562,USER-SUPPLIED TELEMETRY — origin not verified,False,False
2013-10-02 06:31:00+00:00,-1.8696781,7.818993126201719,NO ALERT,channel_41,1.3279663,USER-SUPPLIED TELEMETRY — origin not verified,False,False
2013-10-02 06:32:00+00:00,-1.597803,7.818993126201719,NO ALERT,channel_44,1.5940682,USER-SUPPLIED TELEMETRY — origin not verified,False,False
2013-10-02 06:33:00+00:00,-1.2563763,7.818993126201719,NO ALERT,channel_41,1.4407276,USER-SUPPLIED TELEMETRY — origin not verified,False,False
2013-10-02 06:34:00+00:00,-1.1894808,7.818993126201719,NO ALERT,channel_45,1.4419342,USER-SUPPLIED TELEMETRY — origin not verified,False,False
2013-10-02 06:35:00+00:00,-1.7887007,7.818993126201719,NO ALERT,channel_42,1.3048301,USER-SUPPLIED TELEMETRY — origin not verified,False,False
2013-10-02 06:36:00+00:00,-1.6709388,7.818993126201719,NO ALERT,channel_45,1.2298392,USER-SUPPLIED TELEMETRY — origin not verified,False,False
2013-10-02 06:37:00+00:00,-1.6453888,7.818993126201719,NO ALERT,channel_42,1.9395324,USER-SUPPLIED TELEMETRY — origin not verified,False,False
2013-10-02 06:38:00+00:00,-0.3568935,7.818993126201719,NO ALERT,channel_45,1.6638863,USER-SUPPLIED TELEMETRY — origin not verified,False,False
2013-10-02 06:39:00+00:00,-1.3821028,7.818993126201719,NO ALERT,channel_44,1.296805,USER-SUPPLIED TELEMETRY — origin not verified,False,False
2013-10-02 06:40:00+00:00,-1.3837711,7.818993126201719,NO ALERT,channel_45,1.4303366,USER-SUPPLIED TELEMETRY — origin not verified,False,False
2013-10-02 06:41:00+00:00,-0.512928,7.818993126201719,NO ALERT,channel_46,1.7157822,USER-SUPPLIED TELEMETRY — origin not verified,False,False
2013-10-02 06:42:00+00:00,-1.5545092,7.818993126201719,NO ALERT,channel_46,1.4394872,USER-SUPPLIED TELEMETRY — origin not verified,False,False
2013-10-02 06:43:00+00:00,-0.39612755,7.818993126201719,NO ALERT,channel_46,1.6457675,USER-SUPPLIED TELEMETRY — origin not verified,False,False
2013-10-02 06:44:00+00:00,-0.867235,7.818993126201719,NO ALERT,channel_43,1.3401499,USER-SUPPLIED TELEMETRY — origin not verified,False,False
2013-10-02 06:45:00+00:00,-0.6346067,7.818993126201719,NO ALERT,channel_42,1.8546154,USER-SUPPLIED TELEMETRY — origin not verified,False,False
2013-10-02 06:46:00+00:00,-0.73734015,7.818993126201719,NO ALERT,channel_46,1.6974682,USER-SUPPLIED TELEMETRY — origin not verified,False,False
2013-10-02 06:47:00+00:00,-1.0009078,7.818993126201719,NO ALERT,channel_46,1.6786313,USER-SUPPLIED TELEMETRY — origin not verified,False,False
2013-10-02 06:48:00+00:00,-1.1003269,7.818993126201719,NO ALERT,channel_43,1.560207,USER-SUPPLIED TELEMETRY — origin not verified,False,False
2013-10-02 06:49:00+00:00,-1.0239836,7.818993126201719,NO ALERT,channel_43,1.5405514,USER-SUPPLIED TELEMETRY — origin not verified,False,False
2013-10-02 06:50:00+00:00,-1.1960218,7.818993126201719,NO ALERT,channel_46,1.62065,USER-SUPPLIED TELEMETRY — origin not verified,False,False
2013-10-02 06:51:00+00:00,-1.0185707,7.818993126201719,NO ALERT,channel_41,1.2852676,USER-SUPPLIED TELEMETRY — origin not verified,False,False
2013-10-02 06:52:00+00:00,-1.092321,7.818993126201719,NO ALERT,channel_44,1.1904751,USER-SUPPLIED TELEMETRY — origin not verified,False,False
2013-10-02 06:53:00+00:00,-1.4056312,7.818993126201719,NO ALERT,channel_43,1.1754755,USER-SUPPLIED TELEMETRY — origin not verified,False,False
2013-10-02 06:54:00+00:00,-0.8157243,7.818993126201719,NO ALERT,channel_41,1.2178187,USER-SUPPLIED TELEMETRY — origin not verified,False,False
2013-10-02 06:55:00+00:00,-0.19045757,7.818993126201719,NO ALERT,channel_41,1.3544024,USER-SUPPLIED TELEMETRY — origin not verified,False,False
2013-10-02 06:56:00+00:00,-1.382475,7.818993126201719,NO ALERT,channel_44,1.4877335,USER-SUPPLIED TELEMETRY — origin not verified,False,False
2013-10-02 06:57:00+00:00,-1.2885268,7.818993126201719,NO ALERT,channel_45,1.1382427,USER-SUPPLIED TELEMETRY — origin not verified,False,False
2013-10-02 06:58:00+00:00,-0.9535809,7.818993126201719,NO ALERT,channel_41,1.7743163,USER-SUPPLIED TELEMETRY — origin not verified,False,False
2013-10-02 06:59:00+00:00,-0.7486123,7.818993126201719,NO ALERT,channel_41,1.3300191,USER-SUPPLIED TELEMETRY — origin not verified,False,False
2013-10-02 07:00:00+00:00,-0.93418646,7.818993126201719,NO ALERT,channel_42,1.3980308,USER-SUPPLIED TELEMETRY — origin not verified,False,False
2013-10-02 07:01:00+00:00,-0.46460894,7.818993126201719,NO ALERT,channel_45,1.6132711,USER-SUPPLIED TELEMETRY — origin not verified,False,False
2013-10-02 07:02:00+00:00,-1.1001563,7.818993126201719,NO ALERT,channel_44,1.6214046,USER-SUPPLIED TELEMETRY — origin not verified,False,False
2013-10-02 07:03:00+00:00,-0.94962007,7.818993126201719,NO ALERT,channel_46,1.6587366,USER-SUPPLIED TELEMETRY — origin not verified,False,False
2013-10-02 07:04:00+00:00,-0.78718203,7.818993126201719,NO ALERT,channel_42,1.8661578,USER-SUPPLIED TELEMETRY — origin not verified,False,False
2013-10-02 07:05:00+00:00,-1.1155515,7.818993126201719,NO ALERT,channel_46,1.5908356,USER-SUPPLIED TELEMETRY — origin not verified,False,False
2013-10-02 07:06:00+00:00,-0.46376893,7.818993126201719,NO ALERT,channel_45,1.6404158,USER-SUPPLIED TELEMETRY — origin not verified,False,False
2013-10-02 07:07:00+00:00,-1.5135077,7.818993126201719,NO ALERT,channel_45,1.1719751,USER-SUPPLIED TELEMETRY — origin not verified,False,False
2013-10-02 07:08:00+00:00,-0.6258999,7.818993126201719,NO ALERT,channel_45,1.6760105,USER-SUPPLIED TELEMETRY — origin not verified,False,False
2013-10-02 07:09:00+00:00,-1.5494851,7.818993126201719,NO ALERT,channel_45,1.2997645,USER-SUPPLIED TELEMETRY — origin not verified,False,False
2013-10-02 07:10:00+00:00,-0.8239639,7.818993126201719,NO ALERT,channel_45,1.0009589,USER-SUPPLIED TELEMETRY — origin not verified,False,False
2013-10-02 07:11:00+00:00,-0.4357979,7.818993126201719,NO ALERT,channel_43,0.96813613,USER-SUPPLIED TELEMETRY — origin not verified,False,False
2013-10-02 07:12:00+00:00,-1.1940933,7.818993126201719,NO ALERT,channel_43,1.2595358,USER-SUPPLIED TELEMETRY — origin not verified,False,False
2013-10-02 07:13:00+00:00,-0.6843811,7.818993126201719,NO ALERT,channel_44,1.4920729,USER-SUPPLIED TELEMETRY — origin not verified,False,False
2013-10-02 07:14:00+00:00,-0.9034017,7.818993126201719,NO ALERT,channel_43,1.6818453,USER-SUPPLIED TELEMETRY — origin not verified,False,False
2013-10-02 07:15:00+00:00,-0.58193946,7.818993126201719,NO ALERT,channel_43,1.0417793,USER-SUPPLIED TELEMETRY — origin not verified,False,False
2013-10-02 07:16:00+00:00,-0.18412887,7.818993126201719,NO ALERT,channel_43,1.6569841,USER-SUPPLIED TELEMETRY — origin not verified,False,False
2013-10-02 07:17:00+00:00,-0.8989097,7.818993126201719,NO ALERT,channel_41,1.2955688,USER-SUPPLIED TELEMETRY — origin not verified,False,False
2013-10-02 07:18:00+00:00,-0.8019203,7.818993126201719,NO ALERT,channel_44,1.8128035,USER-SUPPLIED TELEMETRY — origin not verified,False,False
2013-10-02 07:19:00+00:00,-0.100287065,7.818993126201719,NO ALERT,channel_41,1.5495751,USER-SUPPLIED TELEMETRY — origin not verified,False,False
2013-10-02 07:20:00+00:00,-0.11224078,7.818993126201719,NO ALERT,channel_41,1.3749695,USER-SUPPLIED TELEMETRY — origin not verified,False,False
2013-10-02 07:21:00+00:00,-1.004574,7.818993126201719,NO ALERT,channel_41,1.3489115,USER-SUPPLIED TELEMETRY — origin not verified,False,False
2013-10-02 07:22:00+00:00,0.02292182,7.818993126201719,NO ALERT,channel_41,1.6410598,USER-SUPPLIED TELEMETRY — origin not verified,False,False
2013-10-02 07:23:00+00:00,-0.89697146,7.818993126201719,NO ALERT,channel_44,1.5886822,USER-SUPPLIED TELEMETRY — origin not verified,False,False
2013-10-02 07:24:00+00:00,-1.0038899,7.818993126201719,NO ALERT,channel_41,1.4523004,USER-SUPPLIED TELEMETRY — origin not verified,False,False
2013-10-02 07:25:00+00:00,-0.7026116,7.818993126201719,NO ALERT,channel_44,1.4346923,USER-SUPPLIED TELEMETRY — origin not verified,False,False
2013-10-02 07:26:00+00:00,-0.8015275,7.818993126201719,NO ALERT,channel_41,1.271549,USER-SUPPLIED TELEMETRY — origin not verified,False,False
2013-10-02 07:27:00+00:00,-0.5385448,7.818993126201719,NO ALERT,channel_45,1.1985393,USER-SUPPLIED TELEMETRY — origin not verified,False,False
2013-10-02 07:28:00+00:00,-0.93371433,7.818993126201719,NO ALERT,channel_42,1.5397434,USER-SUPPLIED TELEMETRY — origin not verified,False,False
2013-10-02 07:29:00+00:00,-0.72001505,7.818993126201719,NO ALERT,channel_42,1.5030613,USER-SUPPLIED TELEMETRY — origin not verified,False,False
2013-10-02 07:30:00+00:00,-1.2020355,7.818993126201719,NO ALERT,channel_45,1.2919654,USER-SUPPLIED TELEMETRY — origin not verified,False,False
2013-10-02 07:31:00+00:00,-0.8213032,7.818993126201719,NO ALERT,channel_46,1.4718007,USER-SUPPLIED TELEMETRY — origin not verified,False,False
2013-10-02 07:32:00+00:00,-0.60809004,7.818993126201719,NO ALERT,channel_45,1.121984,USER-SUPPLIED TELEMETRY — origin not verified,False,False
2013-10-02 07:33:00+00:00,-0.48018846,7.818993126201719,NO ALERT,channel_46,1.0700259,USER-SUPPLIED TELEMETRY — origin not verified,False,False
2013-10-02 07:34:00+00:00,-1.1469865,7.818993126201719,NO ALERT,channel_42,1.322936,USER-SUPPLIED TELEMETRY — origin not verified,False,False
2013-10-02 07:35:00+00:00,-0.85706913,7.818993126201719,NO ALERT,channel_42,1.5364181,USER-SUPPLIED TELEMETRY — origin not verified,False,False
2013-10-02 07:36:00+00:00,0.39931872,7.818993126201719,NO ALERT,channel_43,1.6165464,USER-SUPPLIED TELEMETRY — origin not verified,False,False
2013-10-02 07:37:00+00:00,-0.89539087,7.818993126201719,NO ALERT,channel_46,1.4848562,USER-SUPPLIED TELEMETRY — origin not verified,False,False
2013-10-02 07:38:00+00:00,-1.6727681,7.818993126201719,NO ALERT,channel_44,1.7208484,USER-SUPPLIED TELEMETRY — origin not verified,False,False
2013-10-02 07:39:00+00:00,-0.8806024,7.818993126201719,NO ALERT,channel_46,1.2186317,USER-SUPPLIED TELEMETRY — origin not verified,False,False
2013-10-02 07:40:00+00:00,-0.6435213,7.818993126201719,NO ALERT,channel_43,1.0871272,USER-SUPPLIED TELEMETRY — origin not verified,False,False
2013-10-02 07:41:00+00:00,-0.82244635,7.818993126201719,NO ALERT,channel_46,1.5514674,USER-SUPPLIED TELEMETRY — origin not verified,False,False
2013-10-02 07:42:00+00:00,-0.45326862,7.818993126201719,NO ALERT,channel_41,1.1052765,USER-SUPPLIED TELEMETRY — origin not verified,False,False
2013-10-02 07:43:00+00:00,-0.91168875,7.818993126201719,NO ALERT,channel_43,1.2202309,USER-SUPPLIED TELEMETRY — origin not verified,False,False
2013-10-02 07:44:00+00:00,-0.3636196,7.818993126201719,NO ALERT,channel_44,1.3852546,USER-SUPPLIED TELEMETRY — origin not verified,False,False
2013-10-02 07:45:00+00:00,0.11694051,7.818993126201719,NO ALERT,channel_42,1.5955639,USER-SUPPLIED TELEMETRY — origin not verified,False,False
2013-10-02 07:46:00+00:00,-1.1216656,7.818993126201719,NO ALERT,channel_42,1.3098993,USER-SUPPLIED TELEMETRY — origin not verified,False,False
2013-10-02 07:47:00+00:00,-0.2119193,7.818993126201719,NO ALERT,channel_42,1.7447586,USER-SUPPLIED TELEMETRY — origin not verified,False,False
2013-10-02 07:48:00+00:00,0.2100523,7.818993126201719,NO ALERT,channel_41,1.6430616,USER-SUPPLIED TELEMETRY — origin not verified,False,False
2013-10-02 07:49:00+00:00,-0.67921185,7.818993126201719,NO ALERT,channel_42,1.8103906,USER-SUPPLIED TELEMETRY — origin not verified,False,False
2013-10-02 07:50:00+00:00,0.046555895,7.818993126201719,NO ALERT,channel_45,1.6120083,USER-SUPPLIED TELEMETRY — origin not verified,False,False
2013-10-02 07:51:00+00:00,-0.6655696,7.818993126201719,NO ALERT,channel_45,1.269385,USER-SUPPLIED TELEMETRY — origin not verified,False,False
2013-10-02 07:52:00+00:00,-1.3288189,7.818993126201719,NO ALERT,channel_46,1.9167697,USER-SUPPLIED TELEMETRY — origin not verified,False,False
2013-10-02 07:53:00+00:00,-0.22962801,7.818993126201719,NO ALERT,channel_45,1.3762829,USER-SUPPLIED TELEMETRY — origin not verified,False,False
2013-10-02 07:54:00+00:00,-0.5534284,7.818993126201719,NO ALERT,channel_42,1.45968,USER-SUPPLIED TELEMETRY — origin not verified,False,False
2013-10-02 07:55:00+00:00,-1.4636456,7.818993126201719,NO ALERT,channel_45,1.484476,USER-SUPPLIED TELEMETRY — origin not verified,False,False
2013-10-02 07:56:00+00:00,-0.6910918,7.818993126201719,NO ALERT,channel_45,1.4687688,USER-SUPPLIED TELEMETRY — origin not verified,False,False
2013-10-02 07:57:00+00:00,-0.8178879,7.818993126201719,NO ALERT,channel_45,1.2980974,USER-SUPPLIED TELEMETRY — origin not verified,False,False
2013-10-02 07:58:00+00:00,-1.8350352,7.818993126201719,NO ALERT,channel_46,1.1710154,USER-SUPPLIED TELEMETRY — origin not verified,False,False
2013-10-02 07:59:00+00:00,-1.2735206,7.818993126201719,NO ALERT,channel_45,1.0032928,USER-SUPPLIED TELEMETRY — origin not verified,False,False
2013-10-02 08:00:00+00:00,-1.5683379,7.818993126201719,NO ALERT,channel_44,0.7366624,USER-SUPPLIED TELEMETRY — origin not verified,False,False
2013-10-02 08:01:00+00:00,-0.46976504,7.818993126201719,NO ALERT,channel_46,0.919308,USER-SUPPLIED TELEMETRY — origin not verified,False,False
2013-10-02 08:02:00+00:00,-1.3124162,7.818993126201719,NO ALERT,channel_46,1.1614918,USER-SUPPLIED TELEMETRY — origin not verified,False,False
2013-10-02 08:03:00+00:00,-0.6492217,7.818993126201719,NO ALERT,channel_46,0.79296476,USER-SUPPLIED TELEMETRY — origin not verified,False,False
2013-10-02 08:04:00+00:00,-1.1296487,7.818993126201719,NO ALERT,channel_46,1.3948749,USER-SUPPLIED TELEMETRY — origin not verified,False,False
2013-10-02 08:05:00+00:00,-1.7738466,7.818993126201719,NO ALERT,channel_46,2.1069012,USER-SUPPLIED TELEMETRY — origin not verified,False,False
2013-10-02 08:06:00+00:00,-0.5211105,7.818993126201719,NO ALERT,channel_44,0.85609293,USER-SUPPLIED TELEMETRY — origin not verified,False,False
2013-10-02 08:07:00+00:00,-1.8892375,7.818993126201719,NO ALERT,channel_46,1.8642671,USER-SUPPLIED TELEMETRY — origin not verified,False,False
2013-10-02 08:08:00+00:00,-0.094181105,7.818993126201719,NO ALERT,channel_43,1.3471,USER-SUPPLIED TELEMETRY — origin not verified,False,False
2013-10-02 08:09:00+00:00,-1.8904072,7.818993126201719,NO ALERT,channel_42,1.5758439,USER-SUPPLIED TELEMETRY — origin not verified,False,False
2013-10-02 08:10:00+00:00,-1.0989811,7.818993126201719,NO ALERT,channel_43,1.1672124,USER-SUPPLIED TELEMETRY — origin not verified,False,False
2013-10-02 08:11:00+00:00,-1.0028709,7.818993126201719,NO ALERT,channel_41,1.142589,USER-SUPPLIED TELEMETRY — origin not verified,False,False
2013-10-02 08:12:00+00:00,-0.5183154,7.818993126201719,NO ALERT,channel_41,1.4357759,USER-SUPPLIED TELEMETRY — origin not verified,False,False
2013-10-02 08:13:00+00:00,-2.0697796,7.818993126201719,NO ALERT,channel_41,1.2604492,USER-SUPPLIED TELEMETRY — origin not verified,False,False
2013-10-02 08:14:00+00:00,-0.053755324,7.818993126201719,NO ALERT,channel_44,1.5197166,USER-SUPPLIED TELEMETRY — origin not verified,False,False
2013-10-02 08:15:00+00:00,-1.4874207,7.818993126201719,NO ALERT,channel_45,1.0796783,USER-SUPPLIED TELEMETRY — origin not verified,False,False
2013-10-02 08:16:00+00:00,-1.1898345,7.818993126201719,NO ALERT,channel_42,1.9788522,USER-SUPPLIED TELEMETRY — origin not verified,False,False
2013-10-02 08:17:00+00:00,-0.829138,7.818993126201719,NO ALERT,channel_45,1.1819975,USER-SUPPLIED TELEMETRY — origin not verified,False,False
2013-10-02 08:18:00+00:00,-0.8105904,7.818993126201719,NO ALERT,channel_45,1.5340457,USER-SUPPLIED TELEMETRY — origin not verified,False,False
2013-10-02 08:19:00+00:00,-1.0063775,7.818993126201719,NO ALERT,channel_45,1.2887678,USER-SUPPLIED TELEMETRY — origin not verified,False,False
2013-10-02 08:20:00+00:00,-1.4993308,7.818993126201719,NO ALERT,channel_45,1.2860962,USER-SUPPLIED TELEMETRY — origin not verified,False,False
2013-10-02 08:21:00+00:00,-1.0684114,7.818993126201719,NO ALERT,channel_45,1.1178833,USER-SUPPLIED TELEMETRY — origin not verified,False,False
2013-10-02 08:22:00+00:00,-1.1391968,7.818993126201719,NO ALERT,channel_45,1.254642,USER-SUPPLIED TELEMETRY — origin not verified,False,False
2013-10-02 08:23:00+00:00,-1.602052,7.818993126201719,NO ALERT,channel_45,1.5479766,USER-SUPPLIED TELEMETRY — origin not verified,False,False
2013-10-02 08:24:00+00:00,-1.9105135,7.818993126201719,NO ALERT,channel_46,1.0830766,USER-SUPPLIED TELEMETRY — origin not verified,False,False
2013-10-02 08:25:00+00:00,-1.5340976,7.818993126201719,NO ALERT,channel_46,1.1853031,USER-SUPPLIED TELEMETRY — origin not verified,False,False
2013-10-02 08:26:00+00:00,-0.99580723,7.818993126201719,NO ALERT,channel_46,1.2851905,USER-SUPPLIED TELEMETRY — origin not verified,False,False
2013-10-02 08:27:00+00:00,-0.585569,7.818993126201719,NO ALERT,channel_43,1.153373,USER-SUPPLIED TELEMETRY — origin not verified,False,False
2013-10-02 08:28:00+00:00,-0.5952896,7.818993126201719,NO ALERT,channel_46,1.8596951,USER-SUPPLIED TELEMETRY — origin not verified,False,False
2013-10-02 08:29:00+00:00,-1.2043315,7.818993126201719,NO ALERT,channel_46,1.1397387,USER-SUPPLIED TELEMETRY — origin not verified,False,False
2013-10-02 08:30:00+00:00,-1.2702447,7.818993126201719,NO ALERT,channel_43,1.0938729,USER-SUPPLIED TELEMETRY — origin not verified,False,False
2013-10-02 08:31:00+00:00,-1.3936479,7.818993126201719,NO ALERT,channel_41,0.9821554,USER-SUPPLIED TELEMETRY — origin not verified,False,False
2013-10-02 08:32:00+00:00,-1.1438886,7.818993126201719,NO ALERT,channel_44,1.3305603,USER-SUPPLIED TELEMETRY — origin not verified,False,False
2013-10-02 08:33:00+00:00,-1.0467585,7.818993126201719,NO ALERT,channel_41,1.4094775,USER-SUPPLIED TELEMETRY — origin not verified,False,False
2013-10-02 08:34:00+00:00,-0.8857438,7.818993126201719,NO ALERT,channel_42,1.1921993,USER-SUPPLIED TELEMETRY — origin not verified,False,False
2013-10-02 08:35:00+00:00,-1.4599726,7.818993126201719,NO ALERT,channel_44,1.272965,USER-SUPPLIED TELEMETRY — origin not verified,False,False
2013-10-02 08:36:00+00:00,-1.3612238,7.818993126201719,NO ALERT,channel_44,1.5202392,USER-SUPPLIED TELEMETRY — origin not verified,False,False
2013-10-02 08:37:00+00:00,-1.3408939,7.818993126201719,NO ALERT,channel_41,0.8691065,USER-SUPPLIED TELEMETRY — origin not verified,False,False
2013-10-02 08:38:00+00:00,-1.3201991,7.818993126201719,NO ALERT,channel_42,1.871711,USER-SUPPLIED TELEMETRY — origin not verified,False,False
2013-10-02 08:39:00+00:00,-0.79630023,7.818993126201719,NO ALERT,channel_42,1.8394188,USER-SUPPLIED TELEMETRY — origin not verified,False,False
2013-10-02 08:40:00+00:00,-0.66826874,7.818993126201719,NO ALERT,channel_42,1.8146673,USER-SUPPLIED TELEMETRY — origin not verified,False,False
2013-10-02 08:41:00+00:00,-0.84952945,7.818993126201719,NO ALERT,channel_45,1.3356149,USER-SUPPLIED TELEMETRY — origin not verified,False,False
2013-10-02 08:42:00+00:00,-0.82441664,7.818993126201719,NO ALERT,channel_44,1.5831184,USER-SUPPLIED TELEMETRY — origin not verified,False,False
2013-10-02 08:43:00+00:00,-0.89221394,7.818993126201719,NO ALERT,channel_45,1.4334636,USER-SUPPLIED TELEMETRY — origin not verified,False,False
2013-10-02 08:44:00+00:00,-1.1352686,7.818993126201719,NO ALERT,channel_45,1.108989,USER-SUPPLIED TELEMETRY — origin not verified,False,False
2013-10-02 08:45:00+00:00,-0.1062762,7.818993126201719,NO ALERT,channel_42,1.7048575,USER-SUPPLIED TELEMETRY — origin not verified,False,False
2013-10-02 08:46:00+00:00,-0.95166296,7.818993126201719,NO ALERT,channel_43,1.3654715,USER-SUPPLIED TELEMETRY — origin not verified,False,False
2013-10-02 08:47:00+00:00,-1.5912303,7.818993126201719,NO ALERT,channel_43,1.3337929,USER-SUPPLIED TELEMETRY — origin not verified,False,False
2013-10-02 08:48:00+00:00,-1.3177534,7.818993126201719,NO ALERT,channel_42,1.9154803,USER-SUPPLIED TELEMETRY — origin not verified,False,False
2013-10-02 08:49:00+00:00,-0.9195436,7.818993126201719,NO ALERT,channel_46,1.5114222,USER-SUPPLIED TELEMETRY — origin not verified,False,False
2013-10-02 08:50:00+00:00,-1.3768867,7.818993126201719,NO ALERT,channel_43,1.5587142,USER-SUPPLIED TELEMETRY — origin not verified,False,False
2013-10-02 08:51:00+00:00,-1.1700311,7.818993126201719,NO ALERT,channel_43,1.5236434,USER-SUPPLIED TELEMETRY — origin not verified,False,False
2013-10-02 08:52:00+00:00,-0.31538948,7.818993126201719,NO ALERT,channel_43,1.0255592,USER-SUPPLIED TELEMETRY — origin not verified,False,False
2013-10-02 08:53:00+00:00,-1.5741613,7.818993126201719,NO ALERT,channel_44,2.2681668,USER-SUPPLIED TELEMETRY — origin not verified,False,False
2013-10-02 08:54:00+00:00,-1.0881592,7.818993126201719,NO ALERT,channel_44,1.4435939,USER-SUPPLIED TELEMETRY — origin not verified,False,False
2013-10-02 08:55:00+00:00,-1.6209531,7.818993126201719,NO ALERT,channel_46,1.6871363,USER-SUPPLIED TELEMETRY — origin not verified,False,False
2013-10-02 08:56:00+00:00,-1.1384131,7.818993126201719,NO ALERT,channel_44,1.2649229,USER-SUPPLIED TELEMETRY — origin not verified,False,False
2013-10-02 08:57:00+00:00,-1.602439,7.818993126201719,NO ALERT,channel_42,1.4651742,USER-SUPPLIED TELEMETRY — origin not verified,False,False
2013-10-02 08:58:00+00:00,-0.3099646,7.818993126201719,NO ALERT,channel_41,1.5910058,USER-SUPPLIED TELEMETRY — origin not verified,False,False
2013-10-02 08:59:00+00:00,-1.1326071,7.818993126201719,NO ALERT,channel_42,1.6243514,USER-SUPPLIED TELEMETRY — origin not verified,False,False
2013-10-02 09:00:00+00:00,-0.83608305,7.818993126201719,NO ALERT,channel_41,1.462205,USER-SUPPLIED TELEMETRY — origin not verified,False,False
2013-10-02 09:01:00+00:00,-1.5155103,7.818993126201719,NO ALERT,channel_42,1.3486507,USER-SUPPLIED TELEMETRY — origin not verified,False,False
2013-10-02 09:02:00+00:00,-0.5487216,7.818993126201719,NO ALERT,channel_42,2.106075,USER-SUPPLIED TELEMETRY — origin not verified,False,False
2013-10-02 09:03:00+00:00,0.00079717115,7.818993126201719,NO ALERT,channel_44,1.5305334,USER-SUPPLIED TELEMETRY — origin not verified,False,False
2013-10-02 09:04:00+00:00,-0.6562923,7.818993126201719,NO ALERT,channel_45,1.6501927,USER-SUPPLIED TELEMETRY — origin not verified,False,False
2013-10-02 09:05:00+00:00,-1.8167828,7.818993126201719,NO ALERT,channel_42,1.3524374,USER-SUPPLIED TELEMETRY — origin not verified,False,False
2013-10-02 09:06:00+00:00,-1.0668659,7.818993126201719,NO ALERT,channel_42,1.5511075,USER-SUPPLIED TELEMETRY — origin not verified,False,False
2013-10-02 09:07:00+00:00,-1.7873386,7.818993126201719,NO ALERT,channel_42,1.7432605,USER-SUPPLIED TELEMETRY — origin not verified,False,False
2013-10-02 09:08:00+00:00,-2.447821,7.818993126201719,NO ALERT,channel_42,1.6715955,USER-SUPPLIED TELEMETRY — origin not verified,False,False
2013-10-02 09:09:00+00:00,-0.18043543,7.818993126201719,NO ALERT,channel_42,1.7069032,USER-SUPPLIED TELEMETRY — origin not verified,False,False
2013-10-02 09:10:00+00:00,-1.0303236,7.818993126201719,NO ALERT,channel_46,1.4450669,USER-SUPPLIED TELEMETRY — origin not verified,False,False
2013-10-02 09:11:00+00:00,-1.0958183,7.818993126201719,NO ALERT,channel_46,1.1786649,USER-SUPPLIED TELEMETRY — origin not verified,False,False
2013-10-02 09:12:00+00:00,-1.0840662,7.818993126201719,NO ALERT,channel_46,1.8614266,USER-SUPPLIED TELEMETRY — origin not verified,False,False
2013-10-02 09:13:00+00:00,-1.3358595,7.818993126201719,NO ALERT,channel_46,1.3677458,USER-SUPPLIED TELEMETRY — origin not verified,False,False
2013-10-02 09:14:00+00:00,-1.3513081,7.818993126201719,NO ALERT,channel_46,1.5595244,USER-SUPPLIED TELEMETRY — origin not verified,False,False
2013-10-02 09:15:00+00:00,-1.1098675,7.818993126201719,NO ALERT,channel_43,1.5032079,USER-SUPPLIED TELEMETRY — origin not verified,False,False
2013-10-02 09:16:00+00:00,-1.2598337,7.818993126201719,NO ALERT,channel_41,1.5392962,USER-SUPPLIED TELEMETRY — origin not verified,False,False
2013-10-02 09:17:00+00:00,-0.6605306,7.818993126201719,NO ALERT,channel_43,1.4633898,USER-SUPPLIED TELEMETRY — origin not verified,False,False
2013-10-02 09:18:00+00:00,-0.39177576,7.818993126201719,NO ALERT,channel_44,1.5636954,USER-SUPPLIED TELEMETRY — origin not verified,False,False
2013-10-02 09:19:00+00:00,-0.27509817,7.818993126201719,NO ALERT,channel_44,1.4965003,USER-SUPPLIED TELEMETRY — origin not verified,False,False
2013-10-02 09:20:00+00:00,-1.3182002,7.818993126201719,NO ALERT,channel_44,1.8637254,USER-SUPPLIED TELEMETRY — origin not verified,False,False
2013-10-02 09:21:00+00:00,-1.5689739,7.818993126201719,NO ALERT,channel_44,1.7108234,USER-SUPPLIED TELEMETRY — origin not verified,False,False
2013-10-02 09:22:00+00:00,-1.156483,7.818993126201719,NO ALERT,channel_44,1.4314889,USER-SUPPLIED TELEMETRY — origin not verified,False,False
2013-10-02 09:23:00+00:00,-0.60545826,7.818993126201719,NO ALERT,channel_41,1.4903827,USER-SUPPLIED TELEMETRY — origin not verified,False,False
2013-10-02 09:24:00+00:00,-0.4615157,7.818993126201719,NO ALERT,channel_42,1.9005919,USER-SUPPLIED TELEMETRY — origin not verified,False,False
2013-10-02 09:25:00+00:00,-1.578887,7.818993126201719,NO ALERT,channel_41,1.452834,USER-SUPPLIED TELEMETRY — origin not verified,False,False
2013-10-02 09:26:00+00:00,-1.5042204,7.818993126201719,NO ALERT,channel_46,1.5824109,USER-SUPPLIED TELEMETRY — origin not verified,False,False
2013-10-02 09:27:00+00:00,-0.5199554,7.818993126201719,NO ALERT,channel_42,2.1602569,USER-SUPPLIED TELEMETRY — origin not verified,False,False
2013-10-02 09:28:00+00:00,0.38388172,7.818993126201719,NO ALERT,channel_45,1.7258246,USER-SUPPLIED TELEMETRY — origin not verified,False,False
2013-10-02 09:29:00+00:00,-0.87013566,7.818993126201719,NO ALERT,channel_42,1.5346795,USER-SUPPLIED TELEMETRY — origin not verified,False,False
2013-10-02 09:30:00+00:00,-0.93912745,7.818993126201719,NO ALERT,channel_42,2.3234048,USER-SUPPLIED TELEMETRY — origin not verified,False,False
2013-10-02 09:31:00+00:00,-0.858624,7.818993126201719,NO ALERT,channel_42,1.846243,USER-SUPPLIED TELEMETRY — origin not verified,False,False
2013-10-02 09:32:00+00:00,-1.8207136,7.818993126201719,NO ALERT,channel_45,1.584528,USER-SUPPLIED TELEMETRY — origin not verified,False,False
2013-10-02 09:33:00+00:00,-0.50757706,7.818993126201719,NO ALERT,channel_42,1.474771,USER-SUPPLIED TELEMETRY — origin not verified,False,False
2013-10-02 09:34:00+00:00,-1.4229451,7.818993126201719,NO ALERT,channel_46,1.4445279,USER-SUPPLIED TELEMETRY — origin not verified,False,False
2013-10-02 09:35:00+00:00,-0.49781474,7.818993126201719,NO ALERT,channel_45,1.3712353,USER-SUPPLIED TELEMETRY — origin not verified,False,False
2013-10-02 09:36:00+00:00,-0.5691658,7.818993126201719,NO ALERT,channel_45,1.3527777,USER-SUPPLIED TELEMETRY — origin not verified,False,False
2013-10-02 09:37:00+00:00,-1.5604529,7.818993126201719,NO ALERT,channel_43,1.2221404,USER-SUPPLIED TELEMETRY — origin not verified,False,False
2013-10-02 09:38:00+00:00,-0.4381965,7.818993126201719,NO ALERT,channel_45,1.6362603,USER-SUPPLIED TELEMETRY — origin not verified,False,False
2013-10-02 09:39:00+00:00,-0.94480264,7.818993126201719,NO ALERT,channel_43,1.4829144,USER-SUPPLIED TELEMETRY — origin not verified,False,False
2013-10-02 09:40:00+00:00,-0.58916193,7.818993126201719,NO ALERT,channel_46,1.7503606,USER-SUPPLIED TELEMETRY — origin not verified,False,False
2013-10-02 09:41:00+00:00,-0.8595153,7.818993126201719,NO ALERT,channel_43,1.107973,USER-SUPPLIED TELEMETRY — origin not verified,False,False
2013-10-02 09:42:00+00:00,-2.5196884,7.818993126201719,NO ALERT,channel_44,1.7311819,USER-SUPPLIED TELEMETRY — origin not verified,False,False
2013-10-02 09:43:00+00:00,-1.4115008,7.818993126201719,NO ALERT,channel_43,1.3856822,USER-SUPPLIED TELEMETRY — origin not verified,False,False
2013-10-02 09:44:00+00:00,-0.93717927,7.818993126201719,NO ALERT,channel_44,1.3853111,USER-SUPPLIED TELEMETRY — origin not verified,False,False
2013-10-02 09:45:00+00:00,-1.3888224,7.818993126201719,NO ALERT,channel_46,1.3511144,USER-SUPPLIED TELEMETRY — origin not verified,False,False
2013-10-02 09:46:00+00:00,-0.47466457,7.818993126201719,NO ALERT,channel_41,1.4702332,USER-SUPPLIED TELEMETRY — origin not verified,False,False
2013-10-02 09:47:00+00:00,-0.3048182,7.818993126201719,NO ALERT,channel_41,1.2802658,USER-SUPPLIED TELEMETRY — origin not verified,False,False
2013-10-02 09:48:00+00:00,-1.1010734,7.818993126201719,NO ALERT,channel_41,1.5437853,USER-SUPPLIED TELEMETRY — origin not verified,False,False
2013-10-02 09:49:00+00:00,-0.94176614,7.818993126201719,NO ALERT,channel_42,1.2670245,USER-SUPPLIED TELEMETRY — origin not verified,False,False
2013-10-02 09:50:00+00:00,-1.2366796,7.818993126201719,NO ALERT,channel_42,1.7950925,USER-SUPPLIED TELEMETRY — origin not verified,False,False
2013-10-02 09:51:00+00:00,-1.4033837,7.818993126201719,NO ALERT,channel_42,1.6375215,USER-SUPPLIED TELEMETRY — origin not verified,False,False
2013-10-02 09:52:00+00:00,-0.97652686,7.818993126201719,NO ALERT,channel_42,1.4899282,USER-SUPPLIED TELEMETRY — origin not verified,False,False
2013-10-02 09:53:00+00:00,-0.6053773,7.818993126201719,NO ALERT,channel_45,1.4425938,USER-SUPPLIED TELEMETRY — origin not verified,False,False
2013-10-02 09:54:00+00:00,-1.114878,7.818993126201719,NO ALERT,channel_45,1.5513622,USER-SUPPLIED TELEMETRY — origin not verified,False,False
2013-10-02 09:55:00+00:00,-1.3204952,7.818993126201719,NO ALERT,channel_46,1.6941875,USER-SUPPLIED TELEMETRY — origin not verified,False,False
2013-10-02 09:56:00+00:00,-0.521761,7.818993126201719,NO ALERT,channel_45,1.1976814,USER-SUPPLIED TELEMETRY — origin not verified,False,False
2013-10-02 09:57:00+00:00,-0.1169561,7.818993126201719,NO ALERT,channel_45,1.7745405,USER-SUPPLIED TELEMETRY — origin not verified,False,False
2013-10-02 09:58:00+00:00,-1.3985424,7.818993126201719,NO ALERT,channel_45,2.1161413,USER-SUPPLIED TELEMETRY — origin not verified,False,False
2013-10-02 09:59:00+00:00,-0.28053412,7.818993126201719,NO ALERT,channel_42,1.5940773,USER-SUPPLIED TELEMETRY — origin not verified,False,False
2013-10-02 10:00:00+00:00,-0.45498332,7.818993126201719,NO ALERT,channel_46,1.4549055,USER-SUPPLIED TELEMETRY — origin not verified,False,False
2013-10-02 10:01:00+00:00,-2.2274837,7.818993126201719,NO ALERT,channel_43,1.2200545,USER-SUPPLIED TELEMETRY — origin not verified,False,False
2013-10-02 10:02:00+00:00,-0.3719246,7.818993126201719,NO ALERT,channel_46,1.2889148,USER-SUPPLIED TELEMETRY — origin not verified,False,False
2013-10-02 10:03:00+00:00,-0.997151,7.818993126201719,NO ALERT,channel_43,1.4840715,USER-SUPPLIED TELEMETRY — origin not verified,False,False
2013-10-02 10:04:00+00:00,-0.5686728,7.818993126201719,NO ALERT,channel_46,1.715276,USER-SUPPLIED TELEMETRY — origin not verified,False,False
2013-10-02 10:05:00+00:00,-0.24370681,7.818993126201719,NO ALERT,channel_43,1.1253182,USER-SUPPLIED TELEMETRY — origin not verified,False,False
2013-10-02 10:06:00+00:00,-0.23317026,7.818993126201719,NO ALERT,channel_44,1.5862815,USER-SUPPLIED TELEMETRY — origin not verified,False,False
2013-10-02 10:07:00+00:00,-1.0031254,7.818993126201719,NO ALERT,channel_41,1.9961805,USER-SUPPLIED TELEMETRY — origin not verified,False,False
2013-10-02 10:08:00+00:00,-1.3472034,7.818993126201719,NO ALERT,channel_43,1.3810599,USER-SUPPLIED TELEMETRY — origin not verified,False,False
2013-10-02 10:09:00+00:00,-1.0225208,7.818993126201719,NO ALERT,channel_44,1.2240528,USER-SUPPLIED TELEMETRY — origin not verified,False,False
2013-10-02 10:10:00+00:00,-0.8378147,7.818993126201719,NO ALERT,channel_44,1.4411244,USER-SUPPLIED TELEMETRY — origin not verified,False,False
2013-10-02 10:11:00+00:00,-1.3785918,7.818993126201719,NO ALERT,channel_44,1.5525345,USER-SUPPLIED TELEMETRY — origin not verified,False,False
2013-10-02 10:12:00+00:00,-0.71012306,7.818993126201719,NO ALERT,channel_41,1.5474557,USER-SUPPLIED TELEMETRY — origin not verified,False,False
2013-10-02 10:13:00+00:00,-1.1288046,7.818993126201719,NO ALERT,channel_41,1.5313996,USER-SUPPLIED TELEMETRY — origin not verified,False,False
2013-10-02 10:14:00+00:00,-0.6543481,7.818993126201719,NO ALERT,channel_41,1.5101838,USER-SUPPLIED TELEMETRY — origin not verified,False,False
2013-10-02 10:15:00+00:00,-0.7524484,7.818993126201719,NO ALERT,channel_41,1.6485953,USER-SUPPLIED TELEMETRY — origin not verified,False,False
2013-10-02 10:16:00+00:00,-1.3475734,7.818993126201719,NO ALERT,channel_42,1.5487245,USER-SUPPLIED TELEMETRY — origin not verified,False,False
2013-10-02 10:17:00+00:00,-1.5188106,7.818993126201719,NO ALERT,channel_41,1.7788588,USER-SUPPLIED TELEMETRY — origin not verified,False,False
2013-10-02 10:18:00+00:00,-0.11058593,7.818993126201719,NO ALERT,channel_42,1.7496309,USER-SUPPLIED TELEMETRY — origin not verified,False,False
2013-10-02 10:19:00+00:00,-1.314874,7.818993126201719,NO ALERT,channel_45,1.5007733,USER-SUPPLIED TELEMETRY — origin not verified,False,False
2013-10-02 10:20:00+00:00,-1.3418416,7.818993126201719,NO ALERT,channel_42,2.1144888,USER-SUPPLIED TELEMETRY — origin not verified,False,False
2013-10-02 10:21:00+00:00,-1.0207957,7.818993126201719,NO ALERT,channel_45,1.4398094,USER-SUPPLIED TELEMETRY — origin not verified,False,False
2013-10-02 10:22:00+00:00,-1.0466267,7.818993126201719,NO ALERT,channel_45,1.5674018,USER-SUPPLIED TELEMETRY — origin not verified,False,False
2013-10-02 10:23:00+00:00,-0.71151,7.818993126201719,NO ALERT,channel_42,1.6291337,USER-SUPPLIED TELEMETRY — origin not verified,False,False
2013-10-02 10:24:00+00:00,-2.0882683,7.818993126201719,NO ALERT,channel_42,1.3957278,USER-SUPPLIED TELEMETRY — origin not verified,False,False
2013-10-02 10:25:00+00:00,-0.97470945,7.818993126201719,NO ALERT,channel_42,1.3933355,USER-SUPPLIED TELEMETRY — origin not verified,False,False
2013-10-02 10:26:00+00:00,-0.97090065,7.818993126201719,NO ALERT,channel_43,1.2555605,USER-SUPPLIED TELEMETRY — origin not verified,False,False
2013-10-02 10:27:00+00:00,-0.61808026,7.818993126201719,NO ALERT,channel_43,1.2289935,USER-SUPPLIED TELEMETRY — origin not verified,False,False
2013-10-02 10:28:00+00:00,-1.9970609,7.818993126201719,NO ALERT,channel_43,1.5188261,USER-SUPPLIED TELEMETRY — origin not verified,False,False
2013-10-02 10:29:00+00:00,-1.2129762,7.818993126201719,NO ALERT,channel_44,1.3933752,USER-SUPPLIED TELEMETRY — origin not verified,False,False
2013-10-02 10:30:00+00:00,-0.59645045,7.818993126201719,NO ALERT,channel_44,1.2346817,USER-SUPPLIED TELEMETRY — origin not verified,False,False
2013-10-02 10:31:00+00:00,-1.1821414,7.818993126201719,NO ALERT,channel_43,1.4529356,USER-SUPPLIED TELEMETRY — origin not verified,False,False
2013-10-02 10:32:00+00:00,-1.1995927,7.818993126201719,NO ALERT,channel_46,1.356816,USER-SUPPLIED TELEMETRY — origin not verified,False,False
2013-10-02 10:33:00+00:00,-1.1404485,7.818993126201719,NO ALERT,channel_42,1.6898879,USER-SUPPLIED TELEMETRY — origin not verified,False,False
2013-10-02 10:34:00+00:00,-0.5348976,7.818993126201719,NO ALERT,channel_41,1.5463903,USER-SUPPLIED TELEMETRY — origin not verified,False,False
2013-10-02 10:35:00+00:00,-0.86092913,7.818993126201719,NO ALERT,channel_44,1.5925261,USER-SUPPLIED TELEMETRY — origin not verified,False,False
2013-10-02 10:36:00+00:00,-1.1517398,7.818993126201719,NO ALERT,channel_41,1.4805446,USER-SUPPLIED TELEMETRY — origin not verified,False,False
2013-10-02 10:37:00+00:00,-0.48947406,7.818993126201719,NO ALERT,channel_44,1.6744387,USER-SUPPLIED TELEMETRY — origin not verified,False,False
2013-10-02 10:38:00+00:00,-0.36892277,7.818993126201719,NO ALERT,channel_41,1.5330533,USER-SUPPLIED TELEMETRY — origin not verified,False,False
2013-10-02 10:39:00+00:00,-0.19642292,7.818993126201719,NO ALERT,channel_41,1.5502414,USER-SUPPLIED TELEMETRY — origin not verified,False,False
2013-10-02 10:40:00+00:00,-0.8881122,7.818993126201719,NO ALERT,channel_41,1.3870627,USER-SUPPLIED TELEMETRY — origin not verified,False,False
2013-10-02 10:41:00+00:00,-0.76428723,7.818993126201719,NO ALERT,channel_45,1.1909685,USER-SUPPLIED TELEMETRY — origin not verified,False,False
2013-10-02 10:42:00+00:00,-1.0648686,7.818993126201719,NO ALERT,channel_42,1.4054921,USER-SUPPLIED TELEMETRY — origin not verified,False,False
2013-10-02 10:43:00+00:00,-0.57442635,7.818993126201719,NO ALERT,channel_42,1.4958092,USER-SUPPLIED TELEMETRY — origin not verified,False,False
2013-10-02 10:44:00+00:00,-0.23626868,7.818993126201719,NO ALERT,channel_45,1.5547587,USER-SUPPLIED TELEMETRY — origin not verified,False,False
2013-10-02 10:45:00+00:00,-0.9300011,7.818993126201719,NO ALERT,channel_45,1.534244,USER-SUPPLIED TELEMETRY — origin not verified,False,False
2013-10-02 10:46:00+00:00,-0.077690944,7.818993126201719,NO ALERT,channel_45,1.3597125,USER-SUPPLIED TELEMETRY — origin not verified,False,False
2013-10-02 10:47:00+00:00,-0.36335412,7.818993126201719,NO ALERT,channel_46,1.5712098,USER-SUPPLIED TELEMETRY — origin not verified,False,False
2013-10-02 10:48:00+00:00,-0.9825036,7.818993126201719,NO ALERT,channel_42,1.5966744,USER-SUPPLIED TELEMETRY — origin not verified,False,False
2013-10-02 10:49:00+00:00,-0.24958591,7.818993126201719,NO ALERT,channel_43,1.4637876,USER-SUPPLIED TELEMETRY — origin not verified,False,False
2013-10-02 10:50:00+00:00,-0.7683983,7.818993126201719,NO ALERT,channel_45,1.329737,USER-SUPPLIED TELEMETRY — origin not verified,False,False
2013-10-02 10:51:00+00:00,0.18653695,7.818993126201719,NO ALERT,channel_43,1.5520854,USER-SUPPLIED TELEMETRY — origin not verified,False,False
2013-10-02 10:52:00+00:00,-0.58384407,7.818993126201719,NO ALERT,channel_46,1.5774457,USER-SUPPLIED TELEMETRY — origin not verified,False,False
2013-10-02 10:53:00+00:00,-0.91105545,7.818993126201719,NO ALERT,channel_43,1.4880362,USER-SUPPLIED TELEMETRY — origin not verified,False,False
2013-10-02 10:54:00+00:00,-0.94354147,7.818993126201719,NO ALERT,channel_46,1.6517149,USER-SUPPLIED TELEMETRY — origin not verified,False,False
2013-10-02 10:55:00+00:00,-0.6271552,7.818993126201719,NO ALERT,channel_46,1.6472957,USER-SUPPLIED TELEMETRY — origin not verified,False,False
2013-10-02 10:56:00+00:00,-0.9721165,7.818993126201719,NO ALERT,channel_43,1.5820435,USER-SUPPLIED TELEMETRY — origin not verified,False,False
2013-10-02 10:57:00+00:00,-1.0841061,7.818993126201719,NO ALERT,channel_43,1.4064522,USER-SUPPLIED TELEMETRY — origin not verified,False,False
2013-10-02 10:58:00+00:00,-0.65212643,7.818993126201719,NO ALERT,channel_43,1.8709234,USER-SUPPLIED TELEMETRY — origin not verified,False,False
2013-10-02 10:59:00+00:00,-0.78387415,7.818993126201719,NO ALERT,channel_44,1.7485218,USER-SUPPLIED TELEMETRY — origin not verified,False,False
2013-10-02 11:00:00+00:00,-1.1529593,7.818993126201719,NO ALERT,channel_44,1.4556733,USER-SUPPLIED TELEMETRY — origin not verified,False,False
2013-10-02 11:01:00+00:00,-1.0284419,7.818993126201719,NO ALERT,channel_44,1.4272758,USER-SUPPLIED TELEMETRY — origin not verified,False,False
2013-10-02 11:02:00+00:00,-0.842448,7.818993126201719,NO ALERT,channel_41,1.4089782,USER-SUPPLIED TELEMETRY — origin not verified,False,False
2013-10-02 11:03:00+00:00,-0.80615807,7.818993126201719,NO ALERT,channel_41,1.068574,USER-SUPPLIED TELEMETRY — origin not verified,False,False
2013-10-02 11:04:00+00:00,-0.8145952,7.818993126201719,NO ALERT,channel_42,1.6587942,USER-SUPPLIED TELEMETRY — origin not verified,False,False
2013-10-02 11:05:00+00:00,-0.8138546,7.818993126201719,NO ALERT,channel_41,1.656313,USER-SUPPLIED TELEMETRY — origin not verified,False,False
2013-10-02 11:06:00+00:00,-0.75959146,7.818993126201719,NO ALERT,channel_41,1.6505677,USER-SUPPLIED TELEMETRY — origin not verified,False,False
2013-10-02 11:07:00+00:00,-1.2138091,7.818993126201719,NO ALERT,channel_46,1.6882921,USER-SUPPLIED TELEMETRY — origin not verified,False,False
2013-10-02 11:08:00+00:00,-0.48846582,7.818993126201719,NO ALERT,channel_42,1.8999444,USER-SUPPLIED TELEMETRY — origin not verified,False,False
2013-10-02 11:09:00+00:00,-0.62305146,7.818993126201719,NO ALERT,channel_45,1.6004037,USER-SUPPLIED TELEMETRY — origin not verified,False,False
2013-10-02 11:10:00+00:00,-0.6589391,7.818993126201719,NO ALERT,channel_42,1.5270245,USER-SUPPLIED TELEMETRY — origin not verified,False,False
2013-10-02 11:11:00+00:00,-1.1631638,7.818993126201719,NO ALERT,channel_42,1.6208197,USER-SUPPLIED TELEMETRY — origin not verified,False,False
2013-10-02 11:12:00+00:00,-1.2180281,7.818993126201719,NO ALERT,channel_42,1.1483316,USER-SUPPLIED TELEMETRY — origin not verified,False,False
2013-10-02 11:13:00+00:00,-1.1725385,7.818993126201719,NO ALERT,channel_46,1.3955827,USER-SUPPLIED TELEMETRY — origin not verified,False,False
2013-10-02 11:14:00+00:00,-1.207851,7.818993126201719,NO ALERT,channel_46,1.4895083,USER-SUPPLIED TELEMETRY — origin not verified,False,False
2013-10-02 11:15:00+00:00,-1.1417506,7.818993126201719,NO ALERT,channel_45,1.2265192,USER-SUPPLIED TELEMETRY — origin not verified,False,False
2013-10-02 11:16:00+00:00,-1.4545983,7.818993126201719,NO ALERT,channel_46,1.3421519,USER-SUPPLIED TELEMETRY — origin not verified,False,False
2013-10-02 11:17:00+00:00,-0.8368945,7.818993126201719,NO ALERT,channel_42,1.8134762,USER-SUPPLIED TELEMETRY — origin not verified,False,False
2013-10-02 11:18:00+00:00,-1.7076293,7.818993126201719,NO ALERT,channel_46,1.4235835,USER-SUPPLIED TELEMETRY — origin not verified,False,False
2013-10-02 11:19:00+00:00,-1.3529927,7.818993126201719,NO ALERT,channel_44,1.6432983,USER-SUPPLIED TELEMETRY — origin not verified,False,False
2013-10-02 11:20:00+00:00,-1.0427709,7.818993126201719,NO ALERT,channel_43,1.6739277,USER-SUPPLIED TELEMETRY — origin not verified,False,False
2013-10-02 11:21:00+00:00,-0.5189135,7.818993126201719,NO ALERT,channel_44,1.1984347,USER-SUPPLIED TELEMETRY — origin not verified,False,False
2013-10-02 11:22:00+00:00,-0.7888933,7.818993126201719,NO ALERT,channel_41,1.5219861,USER-SUPPLIED TELEMETRY — origin not verified,False,False
2013-10-02 11:23:00+00:00,-1.6608979,7.818993126201719,NO ALERT,channel_44,1.5225694,USER-SUPPLIED TELEMETRY — origin not verified,False,False
2013-10-02 11:24:00+00:00,-0.89534634,7.818993126201719,NO ALERT,channel_44,1.2184762,USER-SUPPLIED TELEMETRY — origin not verified,False,False
2013-10-02 11:25:00+00:00,-0.7601095,7.818993126201719,NO ALERT,channel_41,1.4222773,USER-SUPPLIED TELEMETRY — origin not verified,False,False
2013-10-02 11:26:00+00:00,-1.8586541,7.818993126201719,NO ALERT,channel_42,1.6887447,USER-SUPPLIED TELEMETRY — origin not verified,False,False
2013-10-02 11:27:00+00:00,-1.1091735,7.818993126201719,NO ALERT,channel_44,2.091602,USER-SUPPLIED TELEMETRY — origin not verified,False,False
2013-10-02 11:28:00+00:00,-1.8886555,7.818993126201719,NO ALERT,channel_44,1.6824448,USER-SUPPLIED TELEMETRY — origin not verified,False,False
2013-10-02 11:29:00+00:00,-1.168467,7.818993126201719,NO ALERT,channel_44,1.789951,USER-SUPPLIED TELEMETRY — origin not verified,False,False
2013-10-02 11:30:00+00:00,-1.5394903,7.818993126201719,NO ALERT,channel_44,1.4077182,USER-SUPPLIED TELEMETRY — origin not verified,False,False
2013-10-02 11:31:00+00:00,-1.4626175,7.818993126201719,NO ALERT,channel_41,1.3228004,USER-SUPPLIED TELEMETRY — origin not verified,False,False
2013-10-02 11:32:00+00:00,-0.55404305,7.818993126201719,NO ALERT,channel_42,1.8681315,USER-SUPPLIED TELEMETRY — origin not verified,False,False
2013-10-02 11:33:00+00:00,-0.35900143,7.818993126201719,NO ALERT,channel_45,1.5032297,USER-SUPPLIED TELEMETRY — origin not verified,False,False
2013-10-02 11:34:00+00:00,-1.2770017,7.818993126201719,NO ALERT,channel_45,1.3255901,USER-SUPPLIED TELEMETRY — origin not verified,False,False
2013-10-02 11:35:00+00:00,-0.56172615,7.818993126201719,NO ALERT,channel_42,1.280355,USER-SUPPLIED TELEMETRY — origin not verified,False,False
2013-10-02 11:36:00+00:00,-0.26748708,7.818993126201719,NO ALERT,channel_42,0.9386278,USER-SUPPLIED TELEMETRY — origin not verified,False,False
2013-10-02 11:37:00+00:00,-0.6143117,7.818993126201719,NO ALERT,channel_46,1.1823063,USER-SUPPLIED TELEMETRY — origin not verified,False,False
2013-10-02 11:38:00+00:00,-0.72822493,7.818993126201719,NO ALERT,channel_42,1.9685,USER-SUPPLIED TELEMETRY — origin not verified,False,False
2013-10-02 11:39:00+00:00,-0.14314006,7.818993126201719,NO ALERT,channel_43,1.3756415,USER-SUPPLIED TELEMETRY — origin not verified,False,False
2013-10-02 11:40:00+00:00,-1.1899923,7.818993126201719,NO ALERT,channel_46,1.2363354,USER-SUPPLIED TELEMETRY — origin not verified,False,False
2013-10-02 11:41:00+00:00,-0.84361064,7.818993126201719,NO ALERT,channel_46,1.2183388,USER-SUPPLIED TELEMETRY — origin not verified,False,False
2013-10-02 11:42:00+00:00,-0.9940628,7.818993126201719,NO ALERT,channel_46,1.3221185,USER-SUPPLIED TELEMETRY — origin not verified,False,False
2013-10-02 11:43:00+00:00,-1.1279913,7.818993126201719,NO ALERT,channel_43,1.2753125,USER-SUPPLIED TELEMETRY — origin not verified,False,False
2013-10-02 11:44:00+00:00,-0.44705376,7.818993126201719,NO ALERT,channel_46,1.5379918,USER-SUPPLIED TELEMETRY — origin not verified,False,False
2013-10-02 11:45:00+00:00,-0.51071835,7.818993126201719,NO ALERT,channel_42,1.7560265,USER-SUPPLIED TELEMETRY — origin not verified,False,False
2013-10-02 11:46:00+00:00,-0.9614569,7.818993126201719,NO ALERT,channel_43,1.3824053,USER-SUPPLIED TELEMETRY — origin not verified,False,False
2013-10-02 11:47:00+00:00,-0.5292545,7.818993126201719,NO ALERT,channel_44,1.3957465,USER-SUPPLIED TELEMETRY — origin not verified,False,False
2013-10-02 11:48:00+00:00,-1.5487329,7.818993126201719,NO ALERT,channel_46,1.2935424,USER-SUPPLIED TELEMETRY — origin not verified,False,False
2013-10-02 11:49:00+00:00,-0.06581335,7.818993126201719,NO ALERT,channel_46,1.5312222,USER-SUPPLIED TELEMETRY — origin not verified,False,False
2013-10-02 11:50:00+00:00,-0.27891317,7.818993126201719,NO ALERT,channel_43,1.0790049,USER-SUPPLIED TELEMETRY — origin not verified,False,False
2013-10-02 11:51:00+00:00,-1.3415655,7.818993126201719,NO ALERT,channel_41,0.9907881,USER-SUPPLIED TELEMETRY — origin not verified,False,False
2013-10-02 11:52:00+00:00,-1.0563468,7.818993126201719,NO ALERT,channel_44,1.3025086,USER-SUPPLIED TELEMETRY — origin not verified,False,False
2013-10-02 11:53:00+00:00,-0.9442319,7.818993126201719,NO ALERT,channel_44,1.1658504,USER-SUPPLIED TELEMETRY — origin not verified,False,False
2013-10-02 11:54:00+00:00,-0.80999225,7.818993126201719,NO ALERT,channel_41,1.1189666,USER-SUPPLIED TELEMETRY — origin not verified,False,False
2013-10-02 11:55:00+00:00,-0.7106075,7.818993126201719,NO ALERT,channel_41,1.1079148,USER-SUPPLIED TELEMETRY — origin not verified,False,False
2013-10-02 11:56:00+00:00,-0.60590625,7.818993126201719,NO ALERT,channel_45,1.3008522,USER-SUPPLIED TELEMETRY — origin not verified,False,False
2013-10-02 11:57:00+00:00,-0.7261425,7.818993126201719,NO ALERT,channel_45,1.1167765,USER-SUPPLIED TELEMETRY — origin not verified,False,False
2013-10-02 11:58:00+00:00,-1.1350448,7.818993126201719,NO ALERT,channel_42,1.4514139,USER-SUPPLIED TELEMETRY — origin not verified,False,False
2013-10-02 11:59:00+00:00,-1.2022098,7.818993126201719,NO ALERT,channel_45,1.2178024,USER-SUPPLIED TELEMETRY — origin not verified,False,False
2013-10-02 12:00:00+00:00,-1.221464,7.818993126201719,NO ALERT,channel_46,1.9383124,USER-SUPPLIED TELEMETRY — origin not verified,False,False
2013-10-02 12:01:00+00:00,-0.83566225,7.818993126201719,NO ALERT,channel_45,1.6305938,USER-SUPPLIED TELEMETRY — origin not verified,False,False
2013-10-02 12:02:00+00:00,-0.5567976,7.818993126201719,NO ALERT,channel_46,1.5096506,USER-SUPPLIED TELEMETRY — origin not verified,False,False
2013-10-02 12:03:00+00:00,-1.5515189,7.818993126201719,NO ALERT,channel_45,0.8584591,USER-SUPPLIED TELEMETRY — origin not verified,False,False
2013-10-02 12:04:00+00:00,-0.5941193,7.818993126201719,NO ALERT,channel_45,1.1525843,USER-SUPPLIED TELEMETRY — origin not verified,False,False
2013-10-02 12:05:00+00:00,-1.0236824,7.818993126201719,NO ALERT,channel_42,1.1835868,USER-SUPPLIED TELEMETRY — origin not verified,False,False
2013-10-02 12:06:00+00:00,-0.92385685,7.818993126201719,NO ALERT,channel_45,0.9962683,USER-SUPPLIED TELEMETRY — origin not verified,False,False
2013-10-02 12:07:00+00:00,-0.9707798,7.818993126201719,NO ALERT,channel_43,1.2752806,USER-SUPPLIED TELEMETRY — origin not verified,False,False
2013-10-02 12:08:00+00:00,-1.8149215,7.818993126201719,NO ALERT,channel_46,2.1348653,USER-SUPPLIED TELEMETRY — origin not verified,False,False
2013-10-02 12:09:00+00:00,-1.3129501,7.818993126201719,NO ALERT,channel_46,2.0096369,USER-SUPPLIED TELEMETRY — origin not verified,False,False
2013-10-02 12:10:00+00:00,-1.2974,7.818993126201719,NO ALERT,channel_43,1.3869184,USER-SUPPLIED TELEMETRY — origin not verified,False,False
2013-10-02 12:11:00+00:00,-1.1048243,7.818993126201719,NO ALERT,channel_44,1.6898309,USER-SUPPLIED TELEMETRY — origin not verified,False,False
2013-10-02 12:12:00+00:00,-1.0120429,7.818993126201719,NO ALERT,channel_44,1.5445974,USER-SUPPLIED TELEMETRY — origin not verified,False,False
2013-10-02 12:13:00+00:00,-1.5333145,7.818993126201719,NO ALERT,channel_44,1.5182742,USER-SUPPLIED TELEMETRY — origin not verified,False,False
2013-10-02 12:14:00+00:00,-1.1827551,7.818993126201719,NO ALERT,channel_44,1.8994541,USER-SUPPLIED TELEMETRY — origin not verified,False,False
2013-10-02 12:15:00+00:00,-0.71322834,7.818993126201719,NO ALERT,channel_41,1.5342846,USER-SUPPLIED TELEMETRY — origin not verified,False,False
2013-10-02 12:16:00+00:00,-0.78690755,7.818993126201719,NO ALERT,channel_44,1.3577919,USER-SUPPLIED TELEMETRY — origin not verified,False,False
2013-10-02 12:17:00+00:00,-1.3995086,7.818993126201719,NO ALERT,channel_42,1.6190354,USER-SUPPLIED TELEMETRY — origin not verified,False,False
2013-10-02 12:18:00+00:00,-0.9525955,7.818993126201719,NO ALERT,channel_44,1.6195877,USER-SUPPLIED TELEMETRY — origin not verified,False,False
2013-10-02 12:19:00+00:00,-1.3479596,7.818993126201719,NO ALERT,channel_42,2.0099614,USER-SUPPLIED TELEMETRY — origin not verified,False,False
2013-10-02 12:20:00+00:00,-0.46636745,7.818993126201719,NO ALERT,channel_41,1.3037559,USER-SUPPLIED TELEMETRY — origin not verified,False,False
2013-10-02 12:21:00+00:00,-0.75327253,7.818993126201719,NO ALERT,channel_42,1.3808206,USER-SUPPLIED TELEMETRY — origin not verified,False,False
2013-10-02 12:22:00+00:00,-0.72515744,7.818993126201719,NO ALERT,channel_42,1.4683828,USER-SUPPLIED TELEMETRY — origin not verified,False,False
2013-10-02 12:23:00+00:00,-0.4086223,7.818993126201719,NO ALERT,channel_42,1.215524,USER-SUPPLIED TELEMETRY — origin not verified,False,False
2013-10-02 12:24:00+00:00,-0.8127507,7.818993126201719,NO ALERT,channel_45,1.1422691,USER-SUPPLIED TELEMETRY — origin not verified,False,False
2013-10-02 12:25:00+00:00,-0.4045566,7.818993126201719,NO ALERT,channel_42,1.2990152,USER-SUPPLIED TELEMETRY — origin not verified,False,False
2013-10-02 12:26:00+00:00,-0.6913484,7.818993126201719,NO ALERT,channel_43,1.0043784,USER-SUPPLIED TELEMETRY — origin not verified,False,False
2013-10-02 12:27:00+00:00,-1.0381148,7.818993126201719,NO ALERT,channel_46,1.586194,USER-SUPPLIED TELEMETRY — origin not verified,False,False
2013-10-02 12:28:00+00:00,-0.7571025,7.818993126201719,NO ALERT,channel_46,1.5396849,USER-SUPPLIED TELEMETRY — origin not verified,False,False
2013-10-02 12:29:00+00:00,-1.4475256,7.818993126201719,NO ALERT,channel_44,1.2242286,USER-SUPPLIED TELEMETRY — origin not verified,False,False
2013-10-02 12:30:00+00:00,-0.8058334,7.818993126201719,NO ALERT,channel_45,1.0661356,USER-SUPPLIED TELEMETRY — origin not verified,False,False
2013-10-02 12:31:00+00:00,-0.6916072,7.818993126201719,NO ALERT,channel_46,1.5976604,USER-SUPPLIED TELEMETRY — origin not verified,False,False
2013-10-02 12:32:00+00:00,-0.8988097,7.818993126201719,NO ALERT,channel_43,1.1514021,USER-SUPPLIED TELEMETRY — origin not verified,False,False
2013-10-02 12:33:00+00:00,-0.57081497,7.818993126201719,NO ALERT,channel_46,1.6729499,USER-SUPPLIED TELEMETRY — origin not verified,False,False
2013-10-02 12:34:00+00:00,-0.8118558,7.818993126201719,NO ALERT,channel_46,1.1886867,USER-SUPPLIED TELEMETRY — origin not verified,False,False
2013-10-02 12:35:00+00:00,-0.9876077,7.818993126201719,NO ALERT,channel_46,1.4214423,USER-SUPPLIED TELEMETRY — origin not verified,False,False
2013-10-02 12:36:00+00:00,-0.88152015,7.818993126201719,NO ALERT,channel_44,1.2138227,USER-SUPPLIED TELEMETRY — origin not verified,False,False
2013-10-02 12:37:00+00:00,-0.8709064,7.818993126201719,NO ALERT,channel_41,1.4637148,USER-SUPPLIED TELEMETRY — origin not verified,False,False
2013-10-02 12:38:00+00:00,-0.99183804,7.818993126201719,NO ALERT,channel_44,2.203488,USER-SUPPLIED TELEMETRY — origin not verified,False,False
2013-10-02 12:39:00+00:00,-0.81850064,7.818993126201719,NO ALERT,channel_41,1.7204651,USER-SUPPLIED TELEMETRY — origin not verified,False,False
2013-10-02 12:40:00+00:00,-0.62237453,7.818993126201719,NO ALERT,channel_44,1.2317921,USER-SUPPLIED TELEMETRY — origin not verified,False,False
2013-10-02 12:41:00+00:00,-0.771214,7.818993126201719,NO ALERT,channel_41,1.3591826,USER-SUPPLIED TELEMETRY — origin not verified,False,False
2013-10-02 12:42:00+00:00,-0.9738916,7.818993126201719,NO ALERT,channel_44,1.3287964,USER-SUPPLIED TELEMETRY — origin not verified,False,False
2013-10-02 12:43:00+00:00,-1.3392599,7.818993126201719,NO ALERT,channel_44,1.9533638,USER-SUPPLIED TELEMETRY — origin not verified,False,False
2013-10-02 12:44:00+00:00,-0.9282981,7.818993126201719,NO ALERT,channel_44,1.4054064,USER-SUPPLIED TELEMETRY — origin not verified,False,False
2013-10-02 12:45:00+00:00,-2.3675802,7.818993126201719,NO ALERT,channel_46,1.7585953,USER-SUPPLIED TELEMETRY — origin not verified,False,False
2013-10-02 12:46:00+00:00,0.1424702,7.818993126201719,NO ALERT,channel_42,2.1936507,USER-SUPPLIED TELEMETRY — origin not verified,False,False
2013-10-02 12:47:00+00:00,-2.0075965,7.818993126201719,NO ALERT,channel_46,1.8123324,USER-SUPPLIED TELEMETRY — origin not verified,False,False
2013-10-02 12:48:00+00:00,-1.9997951,7.818993126201719,NO ALERT,channel_42,1.7782036,USER-SUPPLIED TELEMETRY — origin not verified,False,False
2013-10-02 12:49:00+00:00,-0.76352715,7.818993126201719,NO ALERT,channel_42,1.54522,USER-SUPPLIED TELEMETRY — origin not verified,False,False
2013-10-02 12:50:00+00:00,-1.2139938,7.818993126201719,NO ALERT,channel_42,1.9715327,USER-SUPPLIED TELEMETRY — origin not verified,False,False
2013-10-02 12:51:00+00:00,-1.8589855,7.818993126201719,NO ALERT,channel_46,1.9329498,USER-SUPPLIED TELEMETRY — origin not verified,False,False
2013-10-02 12:52:00+00:00,-1.189045,7.818993126201719,NO ALERT,channel_43,1.624952,USER-SUPPLIED TELEMETRY — origin not verified,False,False
2013-10-02 12:53:00+00:00,-0.74132544,7.818993126201719,NO ALERT,channel_42,1.3725603,USER-SUPPLIED TELEMETRY — origin not verified,False,False
2013-10-02 12:54:00+00:00,-0.91326046,7.818993126201719,NO ALERT,channel_46,1.4744309,USER-SUPPLIED TELEMETRY — origin not verified,False,False
2013-10-02 12:55:00+00:00,-0.6129004,7.818993126201719,NO ALERT,channel_43,1.0468115,USER-SUPPLIED TELEMETRY — origin not verified,False,False
2013-10-02 12:56:00+00:00,-1.3744494,7.818993126201719,NO ALERT,channel_46,2.0162427,USER-SUPPLIED TELEMETRY — origin not verified,False,False
2013-10-02 12:57:00+00:00,-0.8947282,7.818993126201719,NO ALERT,channel_43,1.4755896,USER-SUPPLIED TELEMETRY — origin not verified,False,False
2013-10-02 12:58:00+00:00,-0.7259823,7.818993126201719,NO ALERT,channel_46,1.6898024,USER-SUPPLIED TELEMETRY — origin not verified,False,False
2013-10-02 12:59:00+00:00,-0.51481247,7.818993126201719,NO ALERT,channel_42,1.4010805,USER-SUPPLIED TELEMETRY — origin not verified,False,False
2013-10-02 13:00:00+00:00,0.3750354,7.818993126201719,NO ALERT,channel_43,2.0485315,USER-SUPPLIED TELEMETRY — origin not verified,False,False
2013-10-02 13:01:00+00:00,-0.14617234,7.818993126201719,NO ALERT,channel_43,2.0228076,USER-SUPPLIED TELEMETRY — origin not verified,False,False
2013-10-02 13:02:00+00:00,-0.89676535,7.818993126201719,NO ALERT,channel_44,1.4711245,USER-SUPPLIED TELEMETRY — origin not verified,False,False
2013-10-02 13:03:00+00:00,-1.107519,7.818993126201719,NO ALERT,channel_44,1.5908749,USER-SUPPLIED TELEMETRY — origin not verified,False,False
2013-10-02 13:04:00+00:00,-0.94648075,7.818993126201719,NO ALERT,channel_44,1.702922,USER-SUPPLIED TELEMETRY — origin not verified,False,False
2013-10-02 13:05:00+00:00,-0.8095002,7.818993126201719,NO ALERT,channel_44,2.3228707,USER-SUPPLIED TELEMETRY — origin not verified,False,False
2013-10-02 13:06:00+00:00,-0.49945396,7.818993126201719,NO ALERT,channel_44,1.7704246,USER-SUPPLIED TELEMETRY — origin not verified,False,False
2013-10-02 13:07:00+00:00,-0.9802661,7.818993126201719,NO ALERT,channel_41,1.4655477,USER-SUPPLIED TELEMETRY — origin not verified,False,False
2013-10-02 13:08:00+00:00,-1.0859598,7.818993126201719,NO ALERT,channel_41,1.9836676,USER-SUPPLIED TELEMETRY — origin not verified,False,False
2013-10-02 13:09:00+00:00,0.22344284,7.818993126201719,NO ALERT,channel_44,1.7391132,USER-SUPPLIED TELEMETRY — origin not verified,False,False
2013-10-02 13:10:00+00:00,-0.76077133,7.818993126201719,NO ALERT,channel_41,1.4057821,USER-SUPPLIED TELEMETRY — origin not verified,False,False
2013-10-02 13:11:00+00:00,-0.5999739,7.818993126201719,NO ALERT,channel_42,1.2640656,USER-SUPPLIED TELEMETRY — origin not verified,False,False
2013-10-02 13:12:00+00:00,-0.2409832,7.818993126201719,NO ALERT,channel_42,1.5805647,USER-SUPPLIED TELEMETRY — origin not verified,False,False
2013-10-02 13:13:00+00:00,-0.10602601,7.818993126201719,NO ALERT,channel_42,1.4519454,USER-SUPPLIED TELEMETRY — origin not verified,False,False
2013-10-02 13:14:00+00:00,-0.6817704,7.818993126201719,NO ALERT,channel_45,1.3765657,USER-SUPPLIED TELEMETRY — origin not verified,False,False
2013-10-02 13:15:00+00:00,-0.656875,7.818993126201719,NO ALERT,channel_42,1.3099437,USER-SUPPLIED TELEMETRY — origin not verified,False,False
2013-10-02 13:16:00+00:00,0.3382149,7.818993126201719,NO ALERT,channel_46,1.5815638,USER-SUPPLIED TELEMETRY — origin not verified,False,False
2013-10-02 13:17:00+00:00,0.030234057,7.818993126201719,NO ALERT,channel_43,1.4239417,USER-SUPPLIED TELEMETRY — origin not verified,False,False
2013-10-02 13:18:00+00:00,-1.2167268,7.818993126201719,NO ALERT,channel_46,1.8785169,USER-SUPPLIED TELEMETRY — origin not verified,False,False
2013-10-02 13:19:00+00:00,-1.0712522,7.818993126201719,NO ALERT,channel_46,1.2390469,USER-SUPPLIED TELEMETRY — origin not verified,False,False
2013-10-02 13:20:00+00:00,-0.5778414,7.818993126201719,NO ALERT,channel_46,1.8083613,USER-SUPPLIED TELEMETRY — origin not verified,False,False
2013-10-02 13:21:00+00:00,-0.4783409,7.818993126201719,NO ALERT,channel_46,1.5491543,USER-SUPPLIED TELEMETRY — origin not verified,False,False
2013-10-02 13:22:00+00:00,-0.29988244,7.818993126201719,NO ALERT,channel_43,1.4456867,USER-SUPPLIED TELEMETRY — origin not verified,False,False
2013-10-02 13:23:00+00:00,0.33669075,7.818993126201719,NO ALERT,channel_46,1.7659944,USER-SUPPLIED TELEMETRY — origin not verified,False,False
2013-10-02 13:24:00+00:00,-0.85769033,7.818993126201719,NO ALERT,channel_44,1.4622626,USER-SUPPLIED TELEMETRY — origin not verified,False,False
2013-10-02 13:25:00+00:00,-0.19366528,7.818993126201719,NO ALERT,channel_46,1.2550141,USER-SUPPLIED TELEMETRY — origin not verified,False,False
2013-10-02 13:26:00+00:00,0.21500687,7.818993126201719,NO ALERT,channel_41,1.4371382,USER-SUPPLIED TELEMETRY — origin not verified,False,False
2013-10-02 13:27:00+00:00,-0.963507,7.818993126201719,NO ALERT,channel_44,1.5189784,USER-SUPPLIED TELEMETRY — origin not verified,False,False
2013-10-02 13:28:00+00:00,0.3631076,7.818993126201719,NO ALERT,channel_44,2.0455167,USER-SUPPLIED TELEMETRY — origin not verified,False,False
2013-10-02 13:29:00+00:00,-0.28830242,7.818993126201719,NO ALERT,channel_41,1.5210941,USER-SUPPLIED TELEMETRY — origin not verified,False,False
2013-10-02 13:30:00+00:00,-0.6548332,7.818993126201719,NO ALERT,channel_41,1.6496935,USER-SUPPLIED TELEMETRY — origin not verified,False,False
2013-10-02 13:31:00+00:00,-1.2533059,7.818993126201719,NO ALERT,channel_44,1.4167901,USER-SUPPLIED TELEMETRY — origin not verified,False,False
2013-10-02 13:32:00+00:00,-0.92737806,7.818993126201719,NO ALERT,channel_45,1.3961443,USER-SUPPLIED TELEMETRY — origin not verified,False,False
2013-10-02 13:33:00+00:00,-0.74372107,7.818993126201719,NO ALERT,channel_42,2.2790256,USER-SUPPLIED TELEMETRY — origin not verified,False,False
2013-10-02 13:34:00+00:00,-1.1729711,7.818993126201719,NO ALERT,channel_42,1.4409584,USER-SUPPLIED TELEMETRY — origin not verified,False,False
2013-10-02 13:35:00+00:00,-1.0173864,7.818993126201719,NO ALERT,channel_42,1.3000127,USER-SUPPLIED TELEMETRY — origin not verified,False,False
2013-10-02 13:36:00+00:00,-0.7327064,7.818993126201719,NO ALERT,channel_42,1.5056794,USER-SUPPLIED TELEMETRY — origin not verified,False,False
2013-10-02 13:37:00+00:00,-0.5835475,7.818993126201719,NO ALERT,channel_45,1.5586461,USER-SUPPLIED TELEMETRY — origin not verified,False,False
2013-10-02 13:38:00+00:00,-0.4882159,7.818993126201719,NO ALERT,channel_45,1.7423966,USER-SUPPLIED TELEMETRY — origin not verified,False,False
2013-10-02 13:39:00+00:00,-0.10825704,7.818993126201719,NO ALERT,channel_45,1.6669098,USER-SUPPLIED TELEMETRY — origin not verified,False,False
2013-10-02 13:40:00+00:00,-0.97909045,7.818993126201719,NO ALERT,channel_45,1.4966241,USER-SUPPLIED TELEMETRY — origin not verified,False,False
2013-10-02 13:41:00+00:00,-0.17783155,7.818993126201719,NO ALERT,channel_45,1.4754969,USER-SUPPLIED TELEMETRY — origin not verified,False,False
2013-10-02 13:42:00+00:00,-0.8515497,7.818993126201719,NO ALERT,channel_43,1.4327844,USER-SUPPLIED TELEMETRY — origin not verified,False,False
2013-10-02 13:43:00+00:00,-0.24239813,7.818993126201719,NO ALERT,channel_46,1.7397366,USER-SUPPLIED TELEMETRY — origin not verified,False,False
2013-10-02 13:44:00+00:00,-1.2081778,7.818993126201719,NO ALERT,channel_46,1.7101523,USER-SUPPLIED TELEMETRY — origin not verified,False,False
2013-10-02 13:45:00+00:00,-1.0164632,7.818993126201719,NO ALERT,channel_43,1.2049844,USER-SUPPLIED TELEMETRY — origin not verified,False,False
2013-10-02 13:46:00+00:00,-1.385014,7.818993126201719,NO ALERT,channel_46,1.3553457,USER-SUPPLIED TELEMETRY — origin not verified,False,False
2013-10-02 13:47:00+00:00,-1.2912922,7.818993126201719,NO ALERT,channel_43,1.4827214,USER-SUPPLIED TELEMETRY — origin not verified,False,False
2013-10-02 13:48:00+00:00,0.31521833,7.818993126201719,NO ALERT,channel_46,2.2307754,USER-SUPPLIED TELEMETRY — origin not verified,False,False
2013-10-02 13:49:00+00:00,0.027040053,7.818993126201719,NO ALERT,channel_46,1.6698315,USER-SUPPLIED TELEMETRY — origin not verified,False,False
2013-10-02 13:50:00+00:00,-0.72757035,7.818993126201719,NO ALERT,channel_46,1.5386556,USER-SUPPLIED TELEMETRY — origin not verified,False,False
2013-10-02 13:51:00+00:00,-0.9280622,7.818993126201719,NO ALERT,channel_41,1.3291343,USER-SUPPLIED TELEMETRY — origin not verified,False,False
2013-10-02 13:52:00+00:00,-0.95841146,7.818993126201719,NO ALERT,channel_46,1.9142175,USER-SUPPLIED TELEMETRY — origin not verified,False,False
2013-10-02 13:53:00+00:00,-0.07895644,7.818993126201719,NO ALERT,channel_41,1.5880648,USER-SUPPLIED TELEMETRY — origin not verified,False,False
2013-10-02 13:54:00+00:00,-0.64538795,7.818993126201719,NO ALERT,channel_41,1.550359,USER-SUPPLIED TELEMETRY — origin not verified,False,False
2013-10-02 13:55:00+00:00,-0.74015737,7.818993126201719,NO ALERT,channel_42,1.6319411,USER-SUPPLIED TELEMETRY — origin not verified,False,False
2013-10-02 13:56:00+00:00,-0.72421396,7.818993126201719,NO ALERT,channel_42,1.383014,USER-SUPPLIED TELEMETRY — origin not verified,False,False
2013-10-02 13:57:00+00:00,-0.14370154,7.818993126201719,NO ALERT,channel_41,1.495995,USER-SUPPLIED TELEMETRY — origin not verified,False,False
2013-10-02 13:58:00+00:00,-0.24383675,7.818993126201719,NO ALERT,channel_41,1.9342952,USER-SUPPLIED TELEMETRY — origin not verified,False,False
2013-10-02 13:59:00+00:00,-0.21032725,7.818993126201719,NO ALERT,channel_42,1.5248607,USER-SUPPLIED TELEMETRY — origin not verified,False,False
2013-10-02 14:00:00+00:00,-0.0010151081,7.818993126201719,NO ALERT,channel_42,1.5010455,USER-SUPPLIED TELEMETRY — origin not verified,False,False
2013-10-02 14:01:00+00:00,0.37584972,7.818993126201719,NO ALERT,channel_45,1.4491031,USER-SUPPLIED TELEMETRY — origin not verified,False,False
2013-10-02 14:02:00+00:00,-0.80542713,7.818993126201719,NO ALERT,channel_45,1.4282011,USER-SUPPLIED TELEMETRY — origin not verified,False,False
2013-10-02 14:03:00+00:00,-0.96793747,7.818993126201719,NO ALERT,channel_42,1.4753953,USER-SUPPLIED TELEMETRY — origin not verified,False,False
2013-10-02 14:04:00+00:00,-1.3376106,7.818993126201719,NO ALERT,channel_42,1.1247246,USER-SUPPLIED TELEMETRY — origin not verified,False,False
2013-10-02 14:05:00+00:00,-0.095313415,7.818993126201719,NO ALERT,channel_43,0.98583037,USER-SUPPLIED TELEMETRY — origin not verified,False,False
2013-10-02 14:06:00+00:00,-1.0392845,7.818993126201719,NO ALERT,channel_42,1.4582864,USER-SUPPLIED TELEMETRY — origin not verified,False,False
2013-10-02 14:07:00+00:00,-0.1296071,7.818993126201719,NO ALERT,channel_46,2.6404903,USER-SUPPLIED TELEMETRY — origin not verified,False,False
2013-10-02 14:08:00+00:00,-0.6146876,7.818993126201719,NO ALERT,channel_46,1.3300422,USER-SUPPLIED TELEMETRY — origin not verified,False,False
2013-10-02 14:09:00+00:00,-0.79510736,7.818993126201719,NO ALERT,channel_44,1.6820784,USER-SUPPLIED TELEMETRY — origin not verified,False,False
2013-10-02 14:10:00+00:00,-0.97236335,7.818993126201719,NO ALERT,channel_43,1.313079,USER-SUPPLIED TELEMETRY — origin not verified,False,False
2013-10-02 14:11:00+00:00,-0.15685181,7.818993126201719,NO ALERT,channel_43,1.5993822,USER-SUPPLIED TELEMETRY — origin not verified,False,False
2013-10-02 14:12:00+00:00,-0.9480983,7.818993126201719,NO ALERT,channel_44,1.6969192,USER-SUPPLIED TELEMETRY — origin not verified,False,False
2013-10-02 14:13:00+00:00,-0.30261835,7.818993126201719,NO ALERT,channel_43,1.3883197,USER-SUPPLIED TELEMETRY — origin not verified,False,False
2013-10-02 14:14:00+00:00,-1.2722942,7.818993126201719,NO ALERT,channel_44,1.3729168,USER-SUPPLIED TELEMETRY — origin not verified,False,False
2013-10-02 14:15:00+00:00,-0.7491029,7.818993126201719,NO ALERT,channel_44,1.6199328,USER-SUPPLIED TELEMETRY — origin not verified,False,False
2013-10-02 14:16:00+00:00,0.38116106,7.818993126201719,NO ALERT,channel_41,1.4259129,USER-SUPPLIED TELEMETRY — origin not verified,False,False
2013-10-02 14:17:00+00:00,-0.272294,7.818993126201719,NO ALERT,channel_44,1.199476,USER-SUPPLIED TELEMETRY — origin not verified,False,False
2013-10-02 14:18:00+00:00,-0.90831995,7.818993126201719,NO ALERT,channel_44,1.6924242,USER-SUPPLIED TELEMETRY — origin not verified,False,False
2013-10-02 14:19:00+00:00,-0.86888015,7.818993126201719,NO ALERT,channel_42,1.6908987,USER-SUPPLIED TELEMETRY — origin not verified,False,False
2013-10-02 14:20:00+00:00,-0.9425052,7.818993126201719,NO ALERT,channel_42,1.4245691,USER-SUPPLIED TELEMETRY — origin not verified,False,False
2013-10-02 14:21:00+00:00,-0.8169179,7.818993126201719,NO ALERT,channel_42,1.7353631,USER-SUPPLIED TELEMETRY — origin not verified,False,False
2013-10-02 14:22:00+00:00,-0.6463536,7.818993126201719,NO ALERT,channel_41,1.6145017,USER-SUPPLIED TELEMETRY — origin not verified,False,False
2013-10-02 14:23:00+00:00,-0.66886866,7.818993126201719,NO ALERT,channel_45,1.4741634,USER-SUPPLIED TELEMETRY — origin not verified,False,False
2013-10-02 14:24:00+00:00,-1.2811474,7.818993126201719,NO ALERT,channel_45,1.4461504,USER-SUPPLIED TELEMETRY — origin not verified,False,False
2013-10-02 14:25:00+00:00,-0.3339209,7.818993126201719,NO ALERT,channel_45,1.7154716,USER-SUPPLIED TELEMETRY — origin not verified,False,False
2013-10-02 14:26:00+00:00,-0.5565747,7.818993126201719,NO ALERT,channel_42,1.2606138,USER-SUPPLIED TELEMETRY — origin not verified,False,False
2013-10-02 14:27:00+00:00,-1.0420965,7.818993126201719,NO ALERT,channel_45,1.5213249,USER-SUPPLIED TELEMETRY — origin not verified,False,False
2013-10-02 14:28:00+00:00,-0.018415224,7.818993126201719,NO ALERT,channel_45,1.7599583,USER-SUPPLIED TELEMETRY — origin not verified,False,False
2013-10-02 14:29:00+00:00,-0.55262053,7.818993126201719,NO ALERT,channel_42,1.4424566,USER-SUPPLIED TELEMETRY — origin not verified,False,False
2013-10-02 14:30:00+00:00,-1.0929753,7.818993126201719,NO ALERT,channel_45,1.0500412,USER-SUPPLIED TELEMETRY — origin not verified,False,False
2013-10-02 14:31:00+00:00,-0.910095,7.818993126201719,NO ALERT,channel_46,1.6458566,USER-SUPPLIED TELEMETRY — origin not verified,False,False
2013-10-02 14:32:00+00:00,-0.4080552,7.818993126201719,NO ALERT,channel_43,1.1069117,USER-SUPPLIED TELEMETRY — origin not verified,False,False
2013-10-02 14:33:00+00:00,-0.26953954,7.818993126201719,NO ALERT,channel_46,1.4884944,USER-SUPPLIED TELEMETRY — origin not verified,False,False
2013-10-02 14:34:00+00:00,-1.0495378,7.818993126201719,NO ALERT,channel_43,1.2299204,USER-SUPPLIED TELEMETRY — origin not verified,False,False
2013-10-02 14:35:00+00:00,-0.8720509,7.818993126201719,NO ALERT,channel_43,1.3650504,USER-SUPPLIED TELEMETRY — origin not verified,False,False
2013-10-02 14:36:00+00:00,-0.63274133,7.818993126201719,NO ALERT,channel_44,1.3820351,USER-SUPPLIED TELEMETRY — origin not verified,False,False
2013-10-02 14:37:00+00:00,-0.6223308,7.818993126201719,NO ALERT,channel_44,1.8626033,USER-SUPPLIED TELEMETRY — origin not verified,False,False
2013-10-02 14:38:00+00:00,-0.6130683,7.818993126201719,NO ALERT,channel_43,1.4850031,USER-SUPPLIED TELEMETRY — origin not verified,False,False
2013-10-02 14:39:00+00:00,1.0360556,7.818993126201719,NO ALERT,channel_43,1.3173019,USER-SUPPLIED TELEMETRY — origin not verified,False,False
2013-10-02 14:40:00+00:00,-0.25281322,7.818993126201719,NO ALERT,channel_41,1.4827515,USER-SUPPLIED TELEMETRY — origin not verified,False,False
2013-10-02 14:41:00+00:00,-0.41115686,7.818993126201719,NO ALERT,channel_44,1.6835281,USER-SUPPLIED TELEMETRY — origin not verified,False,False
2013-10-02 14:42:00+00:00,-0.08657463,7.818993126201719,NO ALERT,channel_43,1.3092352,USER-SUPPLIED TELEMETRY — origin not verified,False,False
2013-10-02 14:43:00+00:00,-1.204091,7.818993126201719,NO ALERT,channel_41,1.5426887,USER-SUPPLIED TELEMETRY — origin not verified,False,False
2013-10-02 14:44:00+00:00,-0.38279417,7.818993126201719,NO ALERT,channel_41,1.3668174,USER-SUPPLIED TELEMETRY — origin not verified,False,False
2013-10-02 14:45:00+00:00,-0.64486134,7.818993126201719,NO ALERT,channel_41,1.5018892,USER-SUPPLIED TELEMETRY — origin not verified,False,False
2013-10-02 14:46:00+00:00,-0.88700676,7.818993126201719,NO ALERT,channel_41,1.339891,USER-SUPPLIED TELEMETRY — origin not verified,False,False
2013-10-02 14:47:00+00:00,-0.36242485,7.818993126201719,NO ALERT,channel_44,1.5117912,USER-SUPPLIED TELEMETRY — origin not verified,False,False
2013-10-02 14:48:00+00:00,-0.053176172,7.818993126201719,NO ALERT,channel_45,1.847252,USER-SUPPLIED TELEMETRY — origin not verified,False,False
2013-10-02 14:49:00+00:00,-0.29756817,7.818993126201719,NO ALERT,channel_44,1.3870348,USER-SUPPLIED TELEMETRY — origin not verified,False,False
2013-10-02 14:50:00+00:00,-0.6482877,7.818993126201719,NO ALERT,channel_42,1.4231666,USER-SUPPLIED TELEMETRY — origin not verified,False,False
2013-10-02 14:51:00+00:00,-0.89207125,7.818993126201719,NO ALERT,channel_42,1.3111796,USER-SUPPLIED TELEMETRY — origin not verified,False,False
2013-10-02 14:52:00+00:00,-0.5891964,7.818993126201719,NO ALERT,channel_45,1.2013187,USER-SUPPLIED TELEMETRY — origin not verified,False,False
2013-10-02 14:53:00+00:00,-0.20103554,7.818993126201719,NO ALERT,channel_46,1.1345222,USER-SUPPLIED TELEMETRY — origin not verified,False,False
2013-10-02 14:54:00+00:00,-0.6898892,7.818993126201719,NO ALERT,channel_45,1.9155167,USER-SUPPLIED TELEMETRY — origin not verified,False,False
2013-10-02 14:55:00+00:00,-0.32310447,7.818993126201719,NO ALERT,channel_46,1.5505829,USER-SUPPLIED TELEMETRY — origin not verified,False,False
2013-10-02 14:56:00+00:00,-0.7829939,7.818993126201719,NO ALERT,channel_46,1.7651702,USER-SUPPLIED TELEMETRY — origin not verified,False,False
2013-10-02 14:57:00+00:00,-0.31306675,7.818993126201719,NO ALERT,channel_46,1.613838,USER-SUPPLIED TELEMETRY — origin not verified,False,False
2013-10-02 14:58:00+00:00,-0.78597546,7.818993126201719,NO ALERT,channel_43,1.6865151,USER-SUPPLIED TELEMETRY — origin not verified,False,False
2013-10-02 14:59:00+00:00,-0.52708673,7.818993126201719,NO ALERT,channel_46,1.5653827,USER-SUPPLIED TELEMETRY — origin not verified,False,False
2013-10-02 15:00:00+00:00,-1.0578222,7.818993126201719,NO ALERT,channel_44,1.7592922,USER-SUPPLIED TELEMETRY — origin not verified,False,False
2013-10-02 15:01:00+00:00,-0.6077193,7.818993126201719,NO ALERT,channel_43,1.2121235,USER-SUPPLIED TELEMETRY — origin not verified,False,False
2013-10-02 15:02:00+00:00,-1.0548875,7.818993126201719,NO ALERT,channel_43,1.6735195,USER-SUPPLIED TELEMETRY — origin not verified,False,False
2013-10-02 15:03:00+00:00,-0.7198467,7.818993126201719,NO ALERT,channel_44,1.5152373,USER-SUPPLIED TELEMETRY — origin not verified,False,False
2013-10-02 15:04:00+00:00,-0.28522548,7.818993126201719,NO ALERT,channel_41,1.728353,USER-SUPPLIED TELEMETRY — origin not verified,False,False
2013-10-02 15:05:00+00:00,-0.27702594,7.818993126201719,NO ALERT,channel_44,1.572173,USER-SUPPLIED TELEMETRY — origin not verified,False,False
2013-10-02 15:06:00+00:00,-0.675673,7.818993126201719,NO ALERT,channel_44,1.2830446,USER-SUPPLIED TELEMETRY — origin not verified,False,False
2013-10-02 15:07:00+00:00,-0.9529732,7.818993126201719,NO ALERT,channel_41,1.4788737,USER-SUPPLIED TELEMETRY — origin not verified,False,False
2013-10-02 15:08:00+00:00,1.0051831,7.818993126201719,NO ALERT,channel_41,1.9380565,USER-SUPPLIED TELEMETRY — origin not verified,False,False
2013-10-02 15:09:00+00:00,-0.9564992,7.818993126201719,NO ALERT,channel_42,1.5079299,USER-SUPPLIED TELEMETRY — origin not verified,False,False
2013-10-02 15:10:00+00:00,-0.38732496,7.818993126201719,NO ALERT,channel_42,1.6909454,USER-SUPPLIED TELEMETRY — origin not verified,False,False
2013-10-02 15:11:00+00:00,-1.1257302,7.818993126201719,NO ALERT,channel_45,1.3769411,USER-SUPPLIED TELEMETRY — origin not verified,False,False
2013-10-02 15:12:00+00:00,-1.2703722,7.818993126201719,NO ALERT,channel_45,1.3418008,USER-SUPPLIED TELEMETRY — origin not verified,False,False
2013-10-02 15:13:00+00:00,-0.60228825,7.818993126201719,NO ALERT,channel_42,1.6115239,USER-SUPPLIED TELEMETRY — origin not verified,False,False
2013-10-02 15:14:00+00:00,-0.41954914,7.818993126201719,NO ALERT,channel_42,1.1396315,USER-SUPPLIED TELEMETRY — origin not verified,False,False
2013-10-02 15:15:00+00:00,-1.7207576,7.818993126201719,NO ALERT,channel_45,1.4027296,USER-SUPPLIED TELEMETRY — origin not verified,False,False
2013-10-02 15:16:00+00:00,-0.54533476,7.818993126201719,NO ALERT,channel_42,1.8819867,USER-SUPPLIED TELEMETRY — origin not verified,False,False
2013-10-02 15:17:00+00:00,-0.85465753,7.818993126201719,NO ALERT,channel_45,1.3717154,USER-SUPPLIED TELEMETRY — origin not verified,False,False
2013-10-02 15:18:00+00:00,-0.8343912,7.818993126201719,NO ALERT,channel_45,1.311801,USER-SUPPLIED TELEMETRY — origin not verified,False,False
2013-10-02 15:19:00+00:00,-0.22919373,7.818993126201719,NO ALERT,channel_46,1.3184702,USER-SUPPLIED TELEMETRY — origin not verified,False,False
2013-10-02 15:20:00+00:00,-1.4669831,7.818993126201719,NO ALERT,channel_46,2.0125406,USER-SUPPLIED TELEMETRY — origin not verified,False,False
2013-10-02 15:21:00+00:00,-0.7318182,7.818993126201719,NO ALERT,channel_46,1.5176316,USER-SUPPLIED TELEMETRY — origin not verified,False,False
2013-10-02 15:22:00+00:00,-0.027503323,7.818993126201719,NO ALERT,channel_43,1.7218609,USER-SUPPLIED TELEMETRY — origin not verified,False,False
2013-10-02 15:23:00+00:00,-0.76861525,7.818993126201719,NO ALERT,channel_46,0.9980279,USER-SUPPLIED TELEMETRY — origin not verified,False,False
2013-10-02 15:24:00+00:00,-1.0671886,7.818993126201719,NO ALERT,channel_43,1.5344783,USER-SUPPLIED TELEMETRY — origin not verified,False,False
2013-10-02 15:25:00+00:00,0.5657737,7.818993126201719,NO ALERT,channel_43,1.3451191,USER-SUPPLIED TELEMETRY — origin not verified,False,False
2013-10-02 15:26:00+00:00,-0.8972139,7.818993126201719,NO ALERT,channel_46,1.6837375,USER-SUPPLIED TELEMETRY — origin not verified,False,False
2013-10-02 15:27:00+00:00,-0.8267964,7.818993126201719,NO ALERT,channel_44,1.4592631,USER-SUPPLIED TELEMETRY — origin not verified,False,False
2013-10-02 15:28:00+00:00,0.076593995,7.818993126201719,NO ALERT,channel_44,2.0794518,USER-SUPPLIED TELEMETRY — origin not verified,False,False
2013-10-02 15:29:00+00:00,-0.9884678,7.818993126201719,NO ALERT,channel_44,1.3955446,USER-SUPPLIED TELEMETRY — origin not verified,False,False
2013-10-02 15:30:00+00:00,-0.38383064,7.818993126201719,NO ALERT,channel_41,1.6401565,USER-SUPPLIED TELEMETRY — origin not verified,False,False
2013-10-02 15:31:00+00:00,-0.9160621,7.818993126201719,NO ALERT,channel_44,1.7459388,USER-SUPPLIED TELEMETRY — origin not verified,False,False
2013-10-02 15:32:00+00:00,-0.3423702,7.818993126201719,NO ALERT,channel_41,1.5940094,USER-SUPPLIED TELEMETRY — origin not verified,False,False
2013-10-02 15:33:00+00:00,-0.47034213,7.818993126201719,NO ALERT,channel_44,1.5938148,USER-SUPPLIED TELEMETRY — origin not verified,False,False
2013-10-02 15:34:00+00:00,-0.83848286,7.818993126201719,NO ALERT,channel_41,1.3918183,USER-SUPPLIED TELEMETRY — origin not verified,False,False
2013-10-02 15:35:00+00:00,-0.08146928,7.818993126201719,NO ALERT,channel_44,1.8199999,USER-SUPPLIED TELEMETRY — origin not verified,False,False
2013-10-02 15:36:00+00:00,-1.3085406,7.818993126201719,NO ALERT,channel_42,2.0388122,USER-SUPPLIED TELEMETRY — origin not verified,False,False
2013-10-02 15:37:00+00:00,-0.20423077,7.818993126201719,NO ALERT,channel_42,1.8842893,USER-SUPPLIED TELEMETRY — origin not verified,False,False
2013-10-02 15:38:00+00:00,-0.3902614,7.818993126201719,NO ALERT,channel_42,2.3024747,USER-SUPPLIED TELEMETRY — origin not verified,False,False
2013-10-02 15:39:00+00:00,-1.2104231,7.818993126201719,NO ALERT,channel_45,1.2622569,USER-SUPPLIED TELEMETRY — origin not verified,False,False
2013-10-02 15:40:00+00:00,-0.92524385,7.818993126201719,NO ALERT,channel_45,1.0861858,USER-SUPPLIED TELEMETRY — origin not verified,False,False
2013-10-02 15:41:00+00:00,-0.44189122,7.818993126201719,NO ALERT,channel_45,1.6645327,USER-SUPPLIED TELEMETRY — origin not verified,False,False
2013-10-02 15:42:00+00:00,-0.6798513,7.818993126201719,NO ALERT,channel_45,1.3522648,USER-SUPPLIED TELEMETRY — origin not verified,False,False
2013-10-02 15:43:00+00:00,-0.2656264,7.818993126201719,NO ALERT,channel_46,1.3912731,USER-SUPPLIED TELEMETRY — origin not verified,False,False
2013-10-02 15:44:00+00:00,-0.74540573,7.818993126201719,NO ALERT,channel_46,1.8308231,USER-SUPPLIED TELEMETRY — origin not verified,False,False
2013-10-02 15:45:00+00:00,-0.7929074,7.818993126201719,NO ALERT,channel_43,1.4092625,USER-SUPPLIED TELEMETRY — origin not verified,False,False
2013-10-02 15:46:00+00:00,-0.8566766,7.818993126201719,NO ALERT,channel_46,1.556793,USER-SUPPLIED TELEMETRY — origin not verified,False,False
2013-10-02 15:47:00+00:00,-0.71501,7.818993126201719,NO ALERT,channel_46,1.2952805,USER-SUPPLIED TELEMETRY — origin not verified,False,False
2013-10-02 15:48:00+00:00,-1.5148506,7.818993126201719,NO ALERT,channel_43,1.6558257,USER-SUPPLIED TELEMETRY — origin not verified,False,False
2013-10-02 15:49:00+00:00,-0.34848627,7.818993126201719,NO ALERT,channel_43,1.6337833,USER-SUPPLIED TELEMETRY — origin not verified,False,False
2013-10-02 15:50:00+00:00,-1.1411933,7.818993126201719,NO ALERT,channel_44,1.4772574,USER-SUPPLIED TELEMETRY — origin not verified,False,False
2013-10-02 15:51:00+00:00,-0.65029585,7.818993126201719,NO ALERT,channel_43,1.5849246,USER-SUPPLIED TELEMETRY — origin not verified,False,False
2013-10-02 15:52:00+00:00,-0.23058923,7.818993126201719,NO ALERT,channel_44,1.3028715,USER-SUPPLIED TELEMETRY — origin not verified,False,False
2013-10-02 15:53:00+00:00,-0.2604569,7.818993126201719,NO ALERT,channel_44,1.8004866,USER-SUPPLIED TELEMETRY — origin not verified,False,False
2013-10-02 15:54:00+00:00,-0.15948755,7.818993126201719,NO ALERT,channel_44,1.5119807,USER-SUPPLIED TELEMETRY — origin not verified,False,False
2013-10-02 15:55:00+00:00,-0.6174681,7.818993126201719,NO ALERT,channel_41,1.6264269,USER-SUPPLIED TELEMETRY — origin not verified,False,False
2013-10-02 15:56:00+00:00,-0.87303007,7.818993126201719,NO ALERT,channel_44,1.3305708,USER-SUPPLIED TELEMETRY — origin not verified,False,False
2013-10-02 15:57:00+00:00,-0.43400028,7.818993126201719,NO ALERT,channel_44,1.4372293,USER-SUPPLIED TELEMETRY — origin not verified,False,False
2013-10-02 15:58:00+00:00,0.4888533,7.818993126201719,NO ALERT,channel_44,2.7066393,USER-SUPPLIED TELEMETRY — origin not verified,False,False
2013-10-02 15:59:00+00:00,-1.0815877,7.818993126201719,NO ALERT,channel_44,1.2739874,USER-SUPPLIED TELEMETRY — origin not verified,False,False
2013-10-02 16:00:00+00:00,-0.318736,7.818993126201719,NO ALERT,channel_42,1.452981,USER-SUPPLIED TELEMETRY — origin not verified,False,False
2013-10-02 16:01:00+00:00,-0.6967613,7.818993126201719,NO ALERT,channel_41,1.2253311,USER-SUPPLIED TELEMETRY — origin not verified,False,False
2013-10-02 16:02:00+00:00,-0.84290355,7.818993126201719,NO ALERT,channel_44,1.7769103,USER-SUPPLIED TELEMETRY — origin not verified,False,False
2013-10-02 16:03:00+00:00,-0.96938145,7.818993126201719,NO ALERT,channel_45,1.7089382,USER-SUPPLIED TELEMETRY — origin not verified,False,False
2013-10-02 16:04:00+00:00,-1.2893106,7.818993126201719,NO ALERT,channel_42,1.4738123,USER-SUPPLIED TELEMETRY — origin not verified,False,False
2013-10-02 16:05:00+00:00,-0.855304,7.818993126201719,NO ALERT,channel_45,1.368627,USER-SUPPLIED TELEMETRY — origin not verified,False,False
2013-10-02 16:06:00+00:00,-0.32930073,7.818993126201719,NO ALERT,channel_45,1.5072919,USER-SUPPLIED TELEMETRY — origin not verified,False,False
2013-10-02 16:07:00+00:00,-0.6501074,7.818993126201719,NO ALERT,channel_46,1.4376119,USER-SUPPLIED TELEMETRY — origin not verified,False,False
2013-10-02 16:08:00+00:00,-1.1834704,7.818993126201719,NO ALERT,channel_42,1.5025331,USER-SUPPLIED TELEMETRY — origin not verified,False,False
2013-10-02 16:09:00+00:00,-0.5474601,7.818993126201719,NO ALERT,channel_46,1.2539536,USER-SUPPLIED TELEMETRY — origin not verified,False,False
2013-10-02 16:10:00+00:00,-0.4741217,7.818993126201719,NO ALERT,channel_43,1.3723401,USER-SUPPLIED TELEMETRY — origin not verified,False,False
2013-10-02 16:11:00+00:00,1.3274667,7.818993126201719,NO ALERT,channel_46,2.6345508,USER-SUPPLIED TELEMETRY — origin not verified,False,False
2013-10-02 16:12:00+00:00,0.34844202,7.818993126201719,NO ALERT,channel_46,1.8759341,USER-SUPPLIED TELEMETRY — origin not verified,False,False
2013-10-02 16:13:00+00:00,-0.9160397,7.818993126201719,NO ALERT,channel_44,1.5143086,USER-SUPPLIED TELEMETRY — origin not verified,False,False
2013-10-02 16:14:00+00:00,-0.62828505,7.818993126201719,NO ALERT,channel_43,1.4336667,USER-SUPPLIED TELEMETRY — origin not verified,False,False
2013-10-02 16:15:00+00:00,-1.1185285,7.818993126201719,NO ALERT,channel_44,1.31778,USER-SUPPLIED TELEMETRY — origin not verified,False,False
2013-10-02 16:16:00+00:00,-0.41277558,7.818993126201719,NO ALERT,channel_43,1.400413,USER-SUPPLIED TELEMETRY — origin not verified,False,False
2013-10-02 16:17:00+00:00,-0.8811052,7.818993126201719,NO ALERT,channel_44,1.9059339,USER-SUPPLIED TELEMETRY — origin not verified,False,False
2013-10-02 16:18:00+00:00,-1.0709472,7.818993126201719,NO ALERT,channel_44,1.8796564,USER-SUPPLIED TELEMETRY — origin not verified,False,False
2013-10-02 16:19:00+00:00,-0.44212833,7.818993126201719,NO ALERT,channel_44,1.4637898,USER-SUPPLIED TELEMETRY — origin not verified,False,False
2013-10-02 16:20:00+00:00,-0.28189775,7.818993126201719,NO ALERT,channel_41,1.5132535,USER-SUPPLIED TELEMETRY — origin not verified,False,False
2013-10-02 16:21:00+00:00,-0.17839028,7.818993126201719,NO ALERT,channel_41,1.640691,USER-SUPPLIED TELEMETRY — origin not verified,False,False
2013-10-02 16:22:00+00:00,-0.9314908,7.818993126201719,NO ALERT,channel_41,1.6164739,USER-SUPPLIED TELEMETRY — origin not verified,False,False
2013-10-02 16:23:00+00:00,-0.6723087,7.818993126201719,NO ALERT,channel_44,1.6079736,USER-SUPPLIED TELEMETRY — origin not verified,False,False
2013-10-02 16:24:00+00:00,-0.8589922,7.818993126201719,NO ALERT,channel_42,1.4463465,USER-SUPPLIED TELEMETRY — origin not verified,False,False
2013-10-02 16:25:00+00:00,-0.32066062,7.818993126201719,NO ALERT,channel_42,1.9743266,USER-SUPPLIED TELEMETRY — origin not verified,False,False
2013-10-02 16:26:00+00:00,-0.27571294,7.818993126201719,NO ALERT,channel_44,1.1885875,USER-SUPPLIED TELEMETRY — origin not verified,False,False
2013-10-02 16:27:00+00:00,-0.21437852,7.818993126201719,NO ALERT,channel_41,1.2504373,USER-SUPPLIED TELEMETRY — origin not verified,False,False
2013-10-02 16:28:00+00:00,-0.8092502,7.818993126201719,NO ALERT,channel_42,1.7922597,USER-SUPPLIED TELEMETRY — origin not verified,False,False
2013-10-02 16:29:00+00:00,0.31790724,7.818993126201719,NO ALERT,channel_46,1.6765022,USER-SUPPLIED TELEMETRY — origin not verified,False,False
2013-10-02 16:30:00+00:00,-0.7654265,7.818993126201719,NO ALERT,channel_46,0.91967785,USER-SUPPLIED TELEMETRY — origin not verified,False,False
2013-10-02 16:31:00+00:00,0.11380769,7.818993126201719,NO ALERT,channel_42,2.0112255,USER-SUPPLIED TELEMETRY — origin not verified,False,False
2013-10-02 16:32:00+00:00,0.49975958,7.818993126201719,NO ALERT,channel_46,1.2131058,USER-SUPPLIED TELEMETRY — origin not verified,False,False
2013-10-02 16:33:00+00:00,-0.72291493,7.818993126201719,NO ALERT,channel_46,1.5493912,USER-SUPPLIED TELEMETRY — origin not verified,False,False
2013-10-02 16:34:00+00:00,-0.71050334,7.818993126201719,NO ALERT,channel_46,1.631924,USER-SUPPLIED TELEMETRY — origin not verified,False,False
2013-10-02 16:35:00+00:00,-0.60392725,7.818993126201719,NO ALERT,channel_43,1.5740137,USER-SUPPLIED TELEMETRY — origin not verified,False,False
2013-10-02 16:36:00+00:00,-0.18232583,7.818993126201719,NO ALERT,channel_43,1.5482558,USER-SUPPLIED TELEMETRY — origin not verified,False,False
2013-10-02 16:37:00+00:00,-0.4940815,7.818993126201719,NO ALERT,channel_46,1.3471068,USER-SUPPLIED TELEMETRY — origin not verified,False,False
2013-10-02 16:38:00+00:00,-0.66791785,7.818993126201719,NO ALERT,channel_43,1.6098632,USER-SUPPLIED TELEMETRY — origin not verified,False,False
2013-10-02 16:39:00+00:00,-0.95087385,7.818993126201719,NO ALERT,channel_44,1.5021198,USER-SUPPLIED TELEMETRY — origin not verified,False,False
2013-10-02 16:40:00+00:00,-0.53970677,7.818993126201719,NO ALERT,channel_43,1.6487675,USER-SUPPLIED TELEMETRY — origin not verified,False,False
2013-10-02 16:41:00+00:00,-1.3826629,7.818993126201719,NO ALERT,channel_43,1.320828,USER-SUPPLIED TELEMETRY — origin not verified,False,False
2013-10-02 16:42:00+00:00,-0.63692343,7.818993126201719,NO ALERT,channel_44,1.1378243,USER-SUPPLIED TELEMETRY — origin not verified,False,False
2013-10-02 16:43:00+00:00,-0.7599075,7.818993126201719,NO ALERT,channel_44,1.2467563,USER-SUPPLIED TELEMETRY — origin not verified,False,False
2013-10-02 16:44:00+00:00,-0.16091971,7.818993126201719,NO ALERT,channel_41,1.3083845,USER-SUPPLIED TELEMETRY — origin not verified,False,False
2013-10-02 16:45:00+00:00,0.39988342,7.818993126201719,NO ALERT,channel_44,1.3582902,USER-SUPPLIED TELEMETRY — origin not verified,False,False
2013-10-02 16:46:00+00:00,0.169149,7.818993126201719,NO ALERT,channel_41,1.5739716,USER-SUPPLIED TELEMETRY — origin not verified,False,False
2013-10-02 16:47:00+00:00,0.004770387,7.818993126201719,NO ALERT,channel_44,1.4598612,USER-SUPPLIED TELEMETRY — origin not verified,False,False
2013-10-02 16:48:00+00:00,-0.19853821,7.818993126201719,NO ALERT,channel_44,1.8979015,USER-SUPPLIED TELEMETRY — origin not verified,False,False
2013-10-02 16:49:00+00:00,-0.75287104,7.818993126201719,NO ALERT,channel_41,1.5319705,USER-SUPPLIED TELEMETRY — origin not verified,False,False
2013-10-02 16:50:00+00:00,-1.0024464,7.818993126201719,NO ALERT,channel_42,1.4580405,USER-SUPPLIED TELEMETRY — origin not verified,False,False
2013-10-02 16:51:00+00:00,-0.47514346,7.818993126201719,NO ALERT,channel_42,1.5442587,USER-SUPPLIED TELEMETRY — origin not verified,False,False
2013-10-02 16:52:00+00:00,-0.8560569,7.818993126201719,NO ALERT,channel_41,1.2308775,USER-SUPPLIED TELEMETRY — origin not verified,False,False
2013-10-02 16:53:00+00:00,-0.27493376,7.818993126201719,NO ALERT,channel_45,1.4809268,USER-SUPPLIED TELEMETRY — origin not verified,False,False
2013-10-02 16:54:00+00:00,-1.610488,7.818993126201719,NO ALERT,channel_45,1.3087572,USER-SUPPLIED TELEMETRY — origin not verified,False,False
2013-10-02 16:55:00+00:00,-0.39877635,7.818993126201719,NO ALERT,channel_45,1.4395026,USER-SUPPLIED TELEMETRY — origin not verified,False,False
2013-10-02 16:56:00+00:00,-0.8554946,7.818993126201719,NO ALERT,channel_42,1.1706265,USER-SUPPLIED TELEMETRY — origin not verified,False,False
2013-10-02 16:57:00+00:00,-0.43484724,7.818993126201719,NO ALERT,channel_45,1.1142508,USER-SUPPLIED TELEMETRY — origin not verified,False,False
2013-10-02 16:58:00+00:00,-0.644402,7.818993126201719,NO ALERT,channel_42,1.5391539,USER-SUPPLIED TELEMETRY — origin not verified,False,False
2013-10-02 16:59:00+00:00,-0.097092494,7.818993126201719,NO ALERT,channel_45,1.2543712,USER-SUPPLIED TELEMETRY — origin not verified,False,False
2013-10-02 17:00:00+00:00,0.3103314,7.818993126201719,NO ALERT,channel_46,1.4570905,USER-SUPPLIED TELEMETRY — origin not verified,False,False
2013-10-02 17:01:00+00:00,-0.41106534,7.818993126201719,NO ALERT,channel_46,1.6718303,USER-SUPPLIED TELEMETRY — origin not verified,False,False
2013-10-02 17:02:00+00:00,-0.6357097,7.818993126201719,NO ALERT,channel_46,1.1527395,USER-SUPPLIED TELEMETRY — origin not verified,False,False
2013-10-02 17:03:00+00:00,-0.4211388,7.818993126201719,NO ALERT,channel_43,1.2812696,USER-SUPPLIED TELEMETRY — origin not verified,False,False
2013-10-02 17:04:00+00:00,-0.06514236,7.818993126201719,NO ALERT,channel_46,1.1413066,USER-SUPPLIED TELEMETRY — origin not verified,False,False
2013-10-02 17:05:00+00:00,-0.8625442,7.818993126201719,NO ALERT,channel_44,1.3865235,USER-SUPPLIED TELEMETRY — origin not verified,False,False
2013-10-02 17:06:00+00:00,-1.3102413,7.818993126201719,NO ALERT,channel_44,1.4893067,USER-SUPPLIED TELEMETRY — origin not verified,False,False
2013-10-02 17:07:00+00:00,-0.45878026,7.818993126201719,NO ALERT,channel_46,1.7214822,USER-SUPPLIED TELEMETRY — origin not verified,False,False
2013-10-02 17:08:00+00:00,-1.2577635,7.818993126201719,NO ALERT,channel_46,1.7371509,USER-SUPPLIED TELEMETRY — origin not verified,False,False
2013-10-02 17:09:00+00:00,-0.4998089,7.818993126201719,NO ALERT,channel_46,1.3900443,USER-SUPPLIED TELEMETRY — origin not verified,False,False
2013-10-02 17:10:00+00:00,-0.058629017,7.818993126201719,NO ALERT,channel_43,1.2506231,USER-SUPPLIED TELEMETRY — origin not verified,False,False
2013-10-02 17:11:00+00:00,-0.8364876,7.818993126201719,NO ALERT,channel_44,2.1386497,USER-SUPPLIED TELEMETRY — origin not verified,False,False
2013-10-02 17:12:00+00:00,0.020455439,7.818993126201719,NO ALERT,channel_41,1.2869922,USER-SUPPLIED TELEMETRY — origin not verified,False,False
2013-10-02 17:13:00+00:00,-0.6452552,7.818993126201719,NO ALERT,channel_41,1.5807066,USER-SUPPLIED TELEMETRY — origin not verified,False,False
2013-10-02 17:14:00+00:00,-0.35596332,7.818993126201719,NO ALERT,channel_41,1.5616168,USER-SUPPLIED TELEMETRY — origin not verified,False,False
2013-10-02 17:15:00+00:00,-0.8020681,7.818993126201719,NO ALERT,channel_42,1.4570204,USER-SUPPLIED TELEMETRY — origin not verified,False,False
2013-10-02 17:16:00+00:00,-1.3645854,7.818993126201719,NO ALERT,channel_42,1.4588939,USER-SUPPLIED TELEMETRY — origin not verified,False,False
2013-10-02 17:17:00+00:00,-0.3092434,7.818993126201719,NO ALERT,channel_44,1.3043784,USER-SUPPLIED TELEMETRY — origin not verified,False,False
2013-10-02 17:18:00+00:00,-0.451807,7.818993126201719,NO ALERT,channel_45,1.5497006,USER-SUPPLIED TELEMETRY — origin not verified,False,False
2013-10-02 17:19:00+00:00,-0.6635206,7.818993126201719,NO ALERT,channel_45,1.2706054,USER-SUPPLIED TELEMETRY — origin not verified,False,False
2013-10-02 17:20:00+00:00,-1.9528009,7.818993126201719,NO ALERT,channel_42,1.4035697,USER-SUPPLIED TELEMETRY — origin not verified,False,False
2013-10-02 17:21:00+00:00,0.011577863,7.818993126201719,NO ALERT,channel_46,1.7376713,USER-SUPPLIED TELEMETRY — origin not verified,False,False
2013-10-02 17:22:00+00:00,-1.6292847,7.818993126201719,NO ALERT,channel_42,1.4958873,USER-SUPPLIED TELEMETRY — origin not verified,False,False
2013-10-02 17:23:00+00:00,-0.7476059,7.818993126201719,NO ALERT,channel_45,1.2276531,USER-SUPPLIED TELEMETRY — origin not verified,False,False
2013-10-02 17:24:00+00:00,-0.9207785,7.818993126201719,NO ALERT,channel_46,1.4175518,USER-SUPPLIED TELEMETRY — origin not verified,False,False
2013-10-02 17:25:00+00:00,-1.4444088,7.818993126201719,NO ALERT,channel_46,1.5098962,USER-SUPPLIED TELEMETRY — origin not verified,False,False
2013-10-02 17:26:00+00:00,-0.14207639,7.818993126201719,NO ALERT,channel_46,1.5018768,USER-SUPPLIED TELEMETRY — origin not verified,False,False
2013-10-02 17:27:00+00:00,-0.8720681,7.818993126201719,NO ALERT,channel_43,1.2141448,USER-SUPPLIED TELEMETRY — origin not verified,False,False
2013-10-02 17:28:00+00:00,-1.078276,7.818993126201719,NO ALERT,channel_43,1.6609894,USER-SUPPLIED TELEMETRY — origin not verified,False,False
2013-10-02 17:29:00+00:00,-1.0299275,7.818993126201719,NO ALERT,channel_44,1.6459805,USER-SUPPLIED TELEMETRY — origin not verified,False,False
2013-10-02 17:30:00+00:00,-1.5111936,7.818993126201719,NO ALERT,channel_44,1.4739718,USER-SUPPLIED TELEMETRY — origin not verified,False,False
2013-10-02 17:31:00+00:00,-0.31474146,7.818993126201719,NO ALERT,channel_43,1.2866813,USER-SUPPLIED TELEMETRY — origin not verified,False,False
2013-10-02 17:32:00+00:00,-0.21954899,7.818993126201719,NO ALERT,channel_44,1.446634,USER-SUPPLIED TELEMETRY — origin not verified,False,False
2013-10-02 17:33:00+00:00,-0.42540094,7.818993126201719,NO ALERT,channel_44,1.2830851,USER-SUPPLIED TELEMETRY — origin not verified,False,False
2013-10-02 17:34:00+00:00,-1.5447413,7.818993126201719,NO ALERT,channel_44,1.2566609,USER-SUPPLIED TELEMETRY — origin not verified,False,False
2013-10-02 17:35:00+00:00,-0.77863395,7.818993126201719,NO ALERT,channel_41,1.0131897,USER-SUPPLIED TELEMETRY — origin not verified,False,False
2013-10-02 17:36:00+00:00,-0.62413335,7.818993126201719,NO ALERT,channel_42,1.1872404,USER-SUPPLIED TELEMETRY — origin not verified,False,False
2013-10-02 17:37:00+00:00,-0.82509995,7.818993126201719,NO ALERT,channel_41,1.2967443,USER-SUPPLIED TELEMETRY — origin not verified,False,False
2013-10-02 17:38:00+00:00,0.3659155,7.818993126201719,NO ALERT,channel_44,1.9745483,USER-SUPPLIED TELEMETRY — origin not verified,False,False
2013-10-02 17:39:00+00:00,-1.3163106,7.818993126201719,NO ALERT,channel_41,1.5851237,USER-SUPPLIED TELEMETRY — origin not verified,False,False
2013-10-02 17:40:00+00:00,-1.4201537,7.818993126201719,NO ALERT,channel_42,1.5190977,USER-SUPPLIED TELEMETRY — origin not verified,False,False
2013-10-02 17:41:00+00:00,-0.5460642,7.818993126201719,NO ALERT,channel_41,1.567789,USER-SUPPLIED TELEMETRY — origin not verified,False,False
2013-10-02 17:42:00+00:00,0.08841294,7.818993126201719,NO ALERT,channel_42,1.8091567,USER-SUPPLIED TELEMETRY — origin not verified,False,False
2013-10-02 17:43:00+00:00,-0.7819366,7.818993126201719,NO ALERT,channel_42,1.6682317,USER-SUPPLIED TELEMETRY — origin not verified,False,False
2013-10-02 17:44:00+00:00,-1.4989669,7.818993126201719,NO ALERT,channel_42,1.972006,USER-SUPPLIED TELEMETRY — origin not verified,False,False
2013-10-02 17:45:00+00:00,-0.23686408,7.818993126201719,NO ALERT,channel_45,1.6227192,USER-SUPPLIED TELEMETRY — origin not verified,False,False
2013-10-02 17:46:00+00:00,-0.6630955,7.818993126201719,NO ALERT,channel_46,1.6742575,USER-SUPPLIED TELEMETRY — origin not verified,False,False
2013-10-02 17:47:00+00:00,-0.98831606,7.818993126201719,NO ALERT,channel_42,1.4821733,USER-SUPPLIED TELEMETRY — origin not verified,False,False
2013-10-02 17:48:00+00:00,-0.7183974,7.818993126201719,NO ALERT,channel_46,1.6032193,USER-SUPPLIED TELEMETRY — origin not verified,False,False
2013-10-02 17:49:00+00:00,-1.1505004,7.818993126201719,NO ALERT,channel_43,1.2144959,USER-SUPPLIED TELEMETRY — origin not verified,False,False
2013-10-02 17:50:00+00:00,-0.47507408,7.818993126201719,NO ALERT,channel_42,1.935751,USER-SUPPLIED TELEMETRY — origin not verified,False,False
2013-10-02 17:51:00+00:00,-1.2655773,7.818993126201719,NO ALERT,channel_46,1.7737842,USER-SUPPLIED TELEMETRY — origin not verified,False,False
2013-10-02 17:52:00+00:00,-1.2080845,7.818993126201719,NO ALERT,channel_46,2.0013838,USER-SUPPLIED TELEMETRY — origin not verified,False,False
2013-10-02 17:53:00+00:00,-0.5663681,7.818993126201719,NO ALERT,channel_46,1.2538846,USER-SUPPLIED TELEMETRY — origin not verified,False,False
2013-10-02 17:54:00+00:00,-0.43020305,7.818993126201719,NO ALERT,channel_43,1.2820109,USER-SUPPLIED TELEMETRY — origin not verified,False,False
2013-10-02 17:55:00+00:00,-1.1313118,7.818993126201719,NO ALERT,channel_44,1.9598064,USER-SUPPLIED TELEMETRY — origin not verified,False,False
2013-10-02 17:56:00+00:00,-0.6363661,7.818993126201719,NO ALERT,channel_44,1.6500022,USER-SUPPLIED TELEMETRY — origin not verified,False,False
2013-10-02 17:57:00+00:00,-0.03422157,7.818993126201719,NO ALERT,channel_41,1.3167632,USER-SUPPLIED TELEMETRY — origin not verified,False,False
2013-10-02 17:58:00+00:00,0.11734997,7.818993126201719,NO ALERT,channel_46,1.514956,USER-SUPPLIED TELEMETRY — origin not verified,False,False
2013-10-02 17:59:00+00:00,-0.5740602,7.818993126201719,NO ALERT,channel_41,1.5507292,USER-SUPPLIED TELEMETRY — origin not verified,False,False
2013-10-02 18:00:00+00:00,-0.57257676,7.818993126201719,NO ALERT,channel_41,1.6773014,USER-SUPPLIED TELEMETRY — origin not verified,False,False
2013-10-02 18:01:00+00:00,-0.1128061,7.818993126201719,NO ALERT,channel_42,1.4728379,USER-SUPPLIED TELEMETRY — origin not verified,False,False
2013-10-02 18:02:00+00:00,-0.48616132,7.818993126201719,NO ALERT,channel_41,1.3159767,USER-SUPPLIED TELEMETRY — origin not verified,False,False
2013-10-02 18:03:00+00:00,-0.3671684,7.818993126201719,NO ALERT,channel_41,1.2946068,USER-SUPPLIED TELEMETRY — origin not verified,False,False
2013-10-02 18:04:00+00:00,-0.24341674,7.818993126201719,NO ALERT,channel_42,1.1678607,USER-SUPPLIED TELEMETRY — origin not verified,False,False
2013-10-02 18:05:00+00:00,-0.4663878,7.818993126201719,NO ALERT,channel_45,1.345343,USER-SUPPLIED TELEMETRY — origin not verified,False,False
2013-10-02 18:06:00+00:00,-0.77722657,7.818993126201719,NO ALERT,channel_45,1.7583878,USER-SUPPLIED TELEMETRY — origin not verified,False,False
2013-10-02 18:07:00+00:00,-0.7650847,7.818993126201719,NO ALERT,channel_42,1.4377891,USER-SUPPLIED TELEMETRY — origin not verified,False,False
2013-10-02 18:08:00+00:00,0.034467194,7.818993126201719,NO ALERT,channel_42,1.7216903,USER-SUPPLIED TELEMETRY — origin not verified,False,False
2013-10-02 18:09:00+00:00,-1.0867953,7.818993126201719,NO ALERT,channel_45,1.0876448,USER-SUPPLIED TELEMETRY — origin not verified,False,False
2013-10-02 18:10:00+00:00,-0.5351162,7.818993126201719,NO ALERT,channel_45,1.3735834,USER-SUPPLIED TELEMETRY — origin not verified,False,False
2013-10-02 18:11:00+00:00,-0.8897729,7.818993126201719,NO ALERT,channel_46,1.6087617,USER-SUPPLIED TELEMETRY — origin not verified,False,False
2013-10-02 18:12:00+00:00,-1.3018241,7.818993126201719,NO ALERT,channel_43,1.3086758,USER-SUPPLIED TELEMETRY — origin not verified,False,False
2013-10-02 18:13:00+00:00,-0.63816905,7.818993126201719,NO ALERT,channel_42,1.8437908,USER-SUPPLIED TELEMETRY — origin not verified,False,False
2013-10-02 18:14:00+00:00,-0.8324868,7.818993126201719,NO ALERT,channel_46,1.66238,USER-SUPPLIED TELEMETRY — origin not verified,False,False
2013-10-02 18:15:00+00:00,0.4267502,7.818993126201719,NO ALERT,channel_41,1.960454,USER-SUPPLIED TELEMETRY — origin not verified,False,False
2013-10-02 18:16:00+00:00,0.29875535,7.818993126201719,NO ALERT,channel_44,1.7353407,USER-SUPPLIED TELEMETRY — origin not verified,False,False
2013-10-02 18:17:00+00:00,-0.5692957,7.818993126201719,NO ALERT,channel_46,1.489963,USER-SUPPLIED TELEMETRY — origin not verified,False,False
2013-10-02 18:18:00+00:00,-0.7028931,7.818993126201719,NO ALERT,channel_43,1.5100029,USER-SUPPLIED TELEMETRY — origin not verified,False,False
2013-10-02 18:19:00+00:00,-0.6157041,7.818993126201719,NO ALERT,channel_41,1.5113101,USER-SUPPLIED TELEMETRY — origin not verified,False,False
2013-10-02 18:20:00+00:00,-0.08296399,7.818993126201719,NO ALERT,channel_46,1.4508142,USER-SUPPLIED TELEMETRY — origin not verified,False,False
2013-10-02 18:21:00+00:00,0.03804775,7.818993126201719,NO ALERT,channel_44,1.3067262,USER-SUPPLIED TELEMETRY — origin not verified,False,False
2013-10-02 18:22:00+00:00,-1.0177222,7.818993126201719,NO ALERT,channel_44,1.2881538,USER-SUPPLIED TELEMETRY — origin not verified,False,False
2013-10-02 18:23:00+00:00,-0.5333392,7.818993126201719,NO ALERT,channel_44,1.1339309,USER-SUPPLIED TELEMETRY — origin not verified,False,False
2013-10-02 18:24:00+00:00,-0.350519,7.818993126201719,NO ALERT,channel_41,1.3870988,USER-SUPPLIED TELEMETRY — origin not verified,False,False
2013-10-02 18:25:00+00:00,-0.9205064,7.818993126201719,NO ALERT,channel_41,1.5267358,USER-SUPPLIED TELEMETRY — origin not verified,False,False
2013-10-02 18:26:00+00:00,-0.24394159,7.818993126201719,NO ALERT,channel_44,2.0841923,USER-SUPPLIED TELEMETRY — origin not verified,False,False
2013-10-02 18:27:00+00:00,-1.6394638,7.818993126201719,NO ALERT,channel_42,1.3219641,USER-SUPPLIED TELEMETRY — origin not verified,False,False
2013-10-02 18:28:00+00:00,0.6061024,7.818993126201719,NO ALERT,channel_44,1.9048046,USER-SUPPLIED TELEMETRY — origin not verified,False,False
2013-10-02 18:29:00+00:00,-0.96578217,7.818993126201719,NO ALERT,channel_41,1.321507,USER-SUPPLIED TELEMETRY — origin not verified,False,False
2013-10-02 18:30:00+00:00,-1.0574313,7.818993126201719,NO ALERT,channel_42,1.5829713,USER-SUPPLIED TELEMETRY — origin not verified,False,False
2013-10-02 18:31:00+00:00,-0.24542995,7.818993126201719,NO ALERT,channel_42,1.6663435,USER-SUPPLIED TELEMETRY — origin not verified,False,False
2013-10-02 18:32:00+00:00,-1.2949339,7.818993126201719,NO ALERT,channel_46,1.8258225,USER-SUPPLIED TELEMETRY — origin not verified,False,False
2013-10-02 18:33:00+00:00,-0.44284877,7.818993126201719,NO ALERT,channel_42,1.7195933,USER-SUPPLIED TELEMETRY — origin not verified,False,False
2013-10-02 18:34:00+00:00,-0.41825193,7.818993126201719,NO ALERT,channel_45,1.5115292,USER-SUPPLIED TELEMETRY — origin not verified,False,False
2013-10-02 18:35:00+00:00,-0.5373404,7.818993126201719,NO ALERT,channel_45,1.3375845,USER-SUPPLIED TELEMETRY — origin not verified,False,False
2013-10-02 18:36:00+00:00,-1.6771652,7.818993126201719,NO ALERT,channel_45,1.3272382,USER-SUPPLIED TELEMETRY — origin not verified,False,False
2013-10-02 18:37:00+00:00,-1.2836951,7.818993126201719,NO ALERT,channel_43,1.2397989,USER-SUPPLIED TELEMETRY — origin not verified,False,False
2013-10-02 18:38:00+00:00,-1.4695568,7.818993126201719,NO ALERT,channel_43,1.5930147,USER-SUPPLIED TELEMETRY — origin not verified,False,False
2013-10-02 18:39:00+00:00,-0.43719098,7.818993126201719,NO ALERT,channel_46,1.3409445,USER-SUPPLIED TELEMETRY — origin not verified,False,False
2013-10-02 18:40:00+00:00,-1.39567,7.818993126201719,NO ALERT,channel_46,1.3370649,USER-SUPPLIED TELEMETRY — origin not verified,False,False
2013-10-02 18:41:00+00:00,-0.6694111,7.818993126201719,NO ALERT,channel_43,1.9106061,USER-SUPPLIED TELEMETRY — origin not verified,False,False
2013-10-02 18:42:00+00:00,-0.8662607,7.818993126201719,NO ALERT,channel_43,1.4158807,USER-SUPPLIED TELEMETRY — origin not verified,False,False
2013-10-02 18:43:00+00:00,0.31724942,7.818993126201719,NO ALERT,channel_46,1.1653925,USER-SUPPLIED TELEMETRY — origin not verified,False,False
2013-10-02 18:44:00+00:00,-0.71032244,7.818993126201719,NO ALERT,channel_44,1.6266834,USER-SUPPLIED TELEMETRY — origin not verified,False,False
2013-10-02 18:45:00+00:00,-0.6711741,7.818993126201719,NO ALERT,channel_44,1.219273,USER-SUPPLIED TELEMETRY — origin not verified,False,False
2013-10-02 18:46:00+00:00,-1.817362,7.818993126201719,NO ALERT,channel_44,1.584781,USER-SUPPLIED TELEMETRY — origin not verified,False,False
2013-10-02 18:47:00+00:00,-0.73902524,7.818993126201719,NO ALERT,channel_44,1.6801738,USER-SUPPLIED TELEMETRY — origin not verified,False,False
2013-10-02 18:48:00+00:00,0.053547483,7.818993126201719,NO ALERT,channel_44,1.6534734,USER-SUPPLIED TELEMETRY — origin not verified,False,False
2013-10-02 18:49:00+00:00,-0.3814759,7.818993126201719,NO ALERT,channel_41,1.368902,USER-SUPPLIED TELEMETRY — origin not verified,False,False
2013-10-02 18:50:00+00:00,0.32750472,7.818993126201719,NO ALERT,channel_41,1.50071,USER-SUPPLIED TELEMETRY — origin not verified,False,False
2013-10-02 18:51:00+00:00,-0.6528871,7.818993126201719,NO ALERT,channel_44,1.6020852,USER-SUPPLIED TELEMETRY — origin not verified,False,False
2013-10-02 18:52:00+00:00,-0.94777006,7.818993126201719,NO ALERT,channel_42,1.5607924,USER-SUPPLIED TELEMETRY — origin not verified,False,False
2013-10-02 18:53:00+00:00,-1.9959255,7.818993126201719,NO ALERT,channel_42,1.8849468,USER-SUPPLIED TELEMETRY — origin not verified,False,False
2013-10-02 18:54:00+00:00,-0.46779093,7.818993126201719,NO ALERT,channel_45,1.4939486,USER-SUPPLIED TELEMETRY — origin not verified,False,False
2013-10-02 18:55:00+00:00,-0.8883275,7.818993126201719,NO ALERT,channel_45,1.6193309,USER-SUPPLIED TELEMETRY — origin not verified,False,False
2013-10-02 18:56:00+00:00,-0.43577197,7.818993126201719,NO ALERT,channel_45,1.2943909,USER-SUPPLIED TELEMETRY — origin not verified,False,False
2013-10-02 18:57:00+00:00,-0.86073697,7.818993126201719,NO ALERT,channel_45,1.4277711,USER-SUPPLIED TELEMETRY — origin not verified,False,False
2013-10-02 18:58:00+00:00,1.0617934,7.818993126201719,NO ALERT,channel_45,1.9938941,USER-SUPPLIED TELEMETRY — origin not verified,False,False
2013-10-02 18:59:00+00:00,-0.848865,7.818993126201719,NO ALERT,channel_46,1.742365,USER-SUPPLIED TELEMETRY — origin not verified,False,False
2013-10-02 19:00:00+00:00,-1.0350951,7.818993126201719,NO ALERT,channel_42,2.1288385,USER-SUPPLIED TELEMETRY — origin not verified,False,False
2013-10-02 19:01:00+00:00,-0.58879715,7.818993126201719,NO ALERT,channel_46,1.3006023,USER-SUPPLIED TELEMETRY — origin not verified,False,False
2013-10-02 19:02:00+00:00,-0.8335074,7.818993126201719,NO ALERT,channel_43,1.4099643,USER-SUPPLIED TELEMETRY — origin not verified,False,False
2013-10-02 19:03:00+00:00,-0.2119628,7.818993126201719,NO ALERT,channel_46,1.365653,USER-SUPPLIED TELEMETRY — origin not verified,False,False
2013-10-02 19:04:00+00:00,-1.0559121,7.818993126201719,NO ALERT,channel_46,1.212483,USER-SUPPLIED TELEMETRY — origin not verified,False,False
2013-10-02 19:05:00+00:00,-0.95498514,7.818993126201719,NO ALERT,channel_46,1.1961601,USER-SUPPLIED TELEMETRY — origin not verified,False,False
2013-10-02 19:06:00+00:00,-1.0412599,7.818993126201719,NO ALERT,channel_46,1.4171683,USER-SUPPLIED TELEMETRY — origin not verified,False,False
2013-10-02 19:07:00+00:00,-0.63469577,7.818993126201719,NO ALERT,channel_43,1.448181,USER-SUPPLIED TELEMETRY — origin not verified,False,False
2013-10-02 19:08:00+00:00,0.22147684,7.818993126201719,NO ALERT,channel_44,1.5931554,USER-SUPPLIED TELEMETRY — origin not verified,False,False
2013-10-02 19:09:00+00:00,-1.1842567,7.818993126201719,NO ALERT,channel_44,1.5621133,USER-SUPPLIED TELEMETRY — origin not verified,False,False
2013-10-02 19:10:00+00:00,-0.40997872,7.818993126201719,NO ALERT,channel_41,1.7171521,USER-SUPPLIED TELEMETRY — origin not verified,False,False
2013-10-02 19:11:00+00:00,-0.53299284,7.818993126201719,NO ALERT,channel_42,1.5739003,USER-SUPPLIED TELEMETRY — origin not verified,False,False
2013-10-02 19:12:00+00:00,-0.6488699,7.818993126201719,NO ALERT,channel_44,1.2236137,USER-SUPPLIED TELEMETRY — origin not verified,False,False
2013-10-02 19:13:00+00:00,-0.32076636,7.818993126201719,NO ALERT,channel_44,1.8364308,USER-SUPPLIED TELEMETRY — origin not verified,False,False
2013-10-02 19:14:00+00:00,-0.63033366,7.818993126201719,NO ALERT,channel_44,1.1742941,USER-SUPPLIED TELEMETRY — origin not verified,False,False
2013-10-02 19:15:00+00:00,-1.3979689,7.818993126201719,NO ALERT,channel_41,1.3077818,USER-SUPPLIED TELEMETRY — origin not verified,False,False
2013-10-02 19:16:00+00:00,-1.0816078,7.818993126201719,NO ALERT,channel_44,1.5452676,USER-SUPPLIED TELEMETRY — origin not verified,False,False
2013-10-02 19:17:00+00:00,-0.46880957,7.818993126201719,NO ALERT,channel_41,1.6144489,USER-SUPPLIED TELEMETRY — origin not verified,False,False
2013-10-02 19:18:00+00:00,0.26835996,7.818993126201719,NO ALERT,channel_42,2.0880158,USER-SUPPLIED TELEMETRY — origin not verified,False,False
2013-10-02 19:19:00+00:00,-0.79025745,7.818993126201719,NO ALERT,channel_42,1.4744176,USER-SUPPLIED TELEMETRY — origin not verified,False,False
2013-10-02 19:20:00+00:00,-1.305051,7.818993126201719,NO ALERT,channel_44,1.5419915,USER-SUPPLIED TELEMETRY — origin not verified,False,False
2013-10-02 19:21:00+00:00,-0.5923803,7.818993126201719,NO ALERT,channel_45,1.4709154,USER-SUPPLIED TELEMETRY — origin not verified,False,False
2013-10-02 19:22:00+00:00,-1.0355606,7.818993126201719,NO ALERT,channel_46,1.6986092,USER-SUPPLIED TELEMETRY — origin not verified,False,False
2013-10-02 19:23:00+00:00,-0.8010576,7.818993126201719,NO ALERT,channel_45,1.571116,USER-SUPPLIED TELEMETRY — origin not verified,False,False
2013-10-02 19:24:00+00:00,-0.8106062,7.818993126201719,NO ALERT,channel_46,2.1111019,USER-SUPPLIED TELEMETRY — origin not verified,False,False
2013-10-02 19:25:00+00:00,-1.2076082,7.818993126201719,NO ALERT,channel_46,1.2341549,USER-SUPPLIED TELEMETRY — origin not verified,False,False
2013-10-02 19:26:00+00:00,-0.68359905,7.818993126201719,NO ALERT,channel_43,0.95605344,USER-SUPPLIED TELEMETRY — origin not verified,False,False
2013-10-02 19:27:00+00:00,-1.4354371,7.818993126201719,NO ALERT,channel_46,1.4357793,USER-SUPPLIED TELEMETRY — origin not verified,False,False
2013-10-02 19:28:00+00:00,-1.2681022,7.818993126201719,NO ALERT,channel_46,2.0319977,USER-SUPPLIED TELEMETRY — origin not verified,False,False
2013-10-02 19:29:00+00:00,-0.6467211,7.818993126201719,NO ALERT,channel_43,1.5159129,USER-SUPPLIED TELEMETRY — origin not verified,False,False
2013-10-02 19:30:00+00:00,-0.85532594,7.818993126201719,NO ALERT,channel_43,1.0193788,USER-SUPPLIED TELEMETRY — origin not verified,False,False
2013-10-02 19:31:00+00:00,-0.9797155,7.818993126201719,NO ALERT,channel_43,1.3117884,USER-SUPPLIED TELEMETRY — origin not verified,False,False
2013-10-02 19:32:00+00:00,-0.76593846,7.818993126201719,NO ALERT,channel_43,1.4641551,USER-SUPPLIED TELEMETRY — origin not verified,False,False
2013-10-02 19:33:00+00:00,-0.75981045,7.818993126201719,NO ALERT,channel_44,1.4890778,USER-SUPPLIED TELEMETRY — origin not verified,False,False
2013-10-02 19:34:00+00:00,-0.6347869,7.818993126201719,NO ALERT,channel_41,1.5002242,USER-SUPPLIED TELEMETRY — origin not verified,False,False
2013-10-02 19:35:00+00:00,-1.0396942,7.818993126201719,NO ALERT,channel_44,1.6841949,USER-SUPPLIED TELEMETRY — origin not verified,False,False
2013-10-02 19:36:00+00:00,-1.3190391,7.818993126201719,NO ALERT,channel_44,1.646302,USER-SUPPLIED TELEMETRY — origin not verified,False,False
2013-10-02 19:37:00+00:00,-1.2967337,7.818993126201719,NO ALERT,channel_41,1.2492492,USER-SUPPLIED TELEMETRY — origin not verified,False,False
2013-10-02 19:38:00+00:00,-1.5193934,7.818993126201719,NO ALERT,channel_41,1.6784468,USER-SUPPLIED TELEMETRY — origin not verified,False,False
2013-10-02 19:39:00+00:00,-1.4704756,7.818993126201719,NO ALERT,channel_42,1.4594766,USER-SUPPLIED TELEMETRY — origin not verified,False,False
2013-10-02 19:40:00+00:00,-2.626121,7.818993126201719,NO ALERT,channel_42,2.4318628,USER-SUPPLIED TELEMETRY — origin not verified,False,False
2013-10-02 19:41:00+00:00,-0.23440693,7.818993126201719,NO ALERT,channel_42,1.4808904,USER-SUPPLIED TELEMETRY — origin not verified,False,False
2013-10-02 19:42:00+00:00,-0.90838504,7.818993126201719,NO ALERT,channel_45,1.4307246,USER-SUPPLIED TELEMETRY — origin not verified,False,False
2013-10-02 19:43:00+00:00,-0.49856186,7.818993126201719,NO ALERT,channel_45,1.3955994,USER-SUPPLIED TELEMETRY — origin not verified,False,False
2013-10-02 19:44:00+00:00,-0.88831306,7.818993126201719,NO ALERT,channel_45,1.519834,USER-SUPPLIED TELEMETRY — origin not verified,False,False
2013-10-02 19:45:00+00:00,-0.54425657,7.818993126201719,NO ALERT,channel_45,1.6398684,USER-SUPPLIED TELEMETRY — origin not verified,False,False
2013-10-02 19:46:00+00:00,-0.55925524,7.818993126201719,NO ALERT,channel_42,1.1831758,USER-SUPPLIED TELEMETRY — origin not verified,False,False
2013-10-02 19:47:00+00:00,-0.6584552,7.818993126201719,NO ALERT,channel_45,1.4576555,USER-SUPPLIED TELEMETRY — origin not verified,False,False
2013-10-02 19:48:00+00:00,-0.5094717,7.818993126201719,NO ALERT,channel_45,1.6790957,USER-SUPPLIED TELEMETRY — origin not verified,False,False
2013-10-02 19:49:00+00:00,-1.1425117,7.818993126201719,NO ALERT,channel_46,1.2703729,USER-SUPPLIED TELEMETRY — origin not verified,False,False
2013-10-02 19:50:00+00:00,0.00034447387,7.818993126201719,NO ALERT,channel_46,1.4802096,USER-SUPPLIED TELEMETRY — origin not verified,False,False
2013-10-02 19:51:00+00:00,-0.8518821,7.818993126201719,NO ALERT,channel_46,1.3335773,USER-SUPPLIED TELEMETRY — origin not verified,False,False
2013-10-02 19:52:00+00:00,-0.43706617,7.818993126201719,NO ALERT,channel_45,1.1161971,USER-SUPPLIED TELEMETRY — origin not verified,False,False
2013-10-02 19:53:00+00:00,-0.70398664,7.818993126201719,NO ALERT,channel_46,1.5515405,USER-SUPPLIED TELEMETRY — origin not verified,False,False
2013-10-02 19:54:00+00:00,-0.93038017,7.818993126201719,NO ALERT,channel_43,1.6832855,USER-SUPPLIED TELEMETRY — origin not verified,False,False
2013-10-02 19:55:00+00:00,-0.53791225,7.818993126201719,NO ALERT,channel_43,1.344657,USER-SUPPLIED TELEMETRY — origin not verified,False,False
2013-10-02 19:56:00+00:00,-1.1989421,7.818993126201719,NO ALERT,channel_43,1.3286009,USER-SUPPLIED TELEMETRY — origin not verified,False,False
2013-10-02 19:57:00+00:00,-0.96269965,7.818993126201719,NO ALERT,channel_43,1.1543287,USER-SUPPLIED TELEMETRY — origin not verified,False,False
2013-10-02 19:58:00+00:00,0.16801701,7.818993126201719,NO ALERT,channel_43,1.6477686,USER-SUPPLIED TELEMETRY — origin not verified,False,False
2013-10-02 19:59:00+00:00,-0.7753459,7.818993126201719,NO ALERT,channel_44,1.2737813,USER-SUPPLIED TELEMETRY — origin not verified,False,False
2013-10-02 20:00:00+00:00,-1.2401028,7.818993126201719,NO ALERT,channel_44,1.2559508,USER-SUPPLIED TELEMETRY — origin not verified,False,False
2013-10-02 20:01:00+00:00,-1.6254641,7.818993126201719,NO ALERT,channel_43,0.9817706,USER-SUPPLIED TELEMETRY — origin not verified,False,False
2013-10-02 20:02:00+00:00,-0.45257035,7.818993126201719,NO ALERT,channel_44,1.4689208,USER-SUPPLIED TELEMETRY — origin not verified,False,False
2013-10-02 20:03:00+00:00,-1.062308,7.818993126201719,NO ALERT,channel_42,1.7010437,USER-SUPPLIED TELEMETRY — origin not verified,False,False
2013-10-02 20:04:00+00:00,-1.7661275,7.818993126201719,NO ALERT,channel_42,1.3211372,USER-SUPPLIED TELEMETRY — origin not verified,False,False
2013-10-02 20:05:00+00:00,-0.68722796,7.818993126201719,NO ALERT,channel_45,1.3310794,USER-SUPPLIED TELEMETRY — origin not verified,False,False
2013-10-02 20:06:00+00:00,-1.1644092,7.818993126201719,NO ALERT,channel_44,1.2971759,USER-SUPPLIED TELEMETRY — origin not verified,False,False
2013-10-02 20:07:00+00:00,-1.3694173,7.818993126201719,NO ALERT,channel_45,1.423155,USER-SUPPLIED TELEMETRY — origin not verified,False,False
2013-10-02 20:08:00+00:00,-0.2788525,7.818993126201719,NO ALERT,channel_45,1.5917121,USER-SUPPLIED TELEMETRY — origin not verified,False,False
2013-10-02 20:09:00+00:00,-1.4546596,7.818993126201719,NO ALERT,channel_42,1.3111367,USER-SUPPLIED TELEMETRY — origin not verified,False,False
2013-10-02 20:10:00+00:00,-0.8273785,7.818993126201719,NO ALERT,channel_45,1.4997501,USER-SUPPLIED TELEMETRY — origin not verified,False,False
2013-10-02 20:11:00+00:00,-2.0997279,7.818993126201719,NO ALERT,channel_42,1.2826856,USER-SUPPLIED TELEMETRY — origin not verified,False,False
2013-10-02 20:12:00+00:00,-0.1832243,7.818993126201719,NO ALERT,channel_42,1.0623546,USER-SUPPLIED TELEMETRY — origin not verified,False,False
2013-10-02 20:13:00+00:00,-1.2337804,7.818993126201719,NO ALERT,channel_45,1.5995333,USER-SUPPLIED TELEMETRY — origin not verified,False,False
2013-10-02 20:14:00+00:00,-0.2946895,7.818993126201719,NO ALERT,channel_42,1.5849965,USER-SUPPLIED TELEMETRY — origin not verified,False,False
2013-10-02 20:15:00+00:00,-0.52117884,7.818993126201719,NO ALERT,channel_42,1.5647055,USER-SUPPLIED TELEMETRY — origin not verified,False,False
2013-10-02 20:16:00+00:00,-1.0994349,7.818993126201719,NO ALERT,channel_46,1.3144575,USER-SUPPLIED TELEMETRY — origin not verified,False,False
2013-10-02 20:17:00+00:00,-0.9497714,7.818993126201719,NO ALERT,channel_45,1.1078264,USER-SUPPLIED TELEMETRY — origin not verified,False,False
2013-10-02 20:18:00+00:00,-1.9093341,7.818993126201719,NO ALERT,channel_43,1.4957757,USER-SUPPLIED TELEMETRY — origin not verified,False,False
2013-10-02 20:19:00+00:00,-0.9229999,7.818993126201719,NO ALERT,channel_46,1.4127891,USER-SUPPLIED TELEMETRY — origin not verified,False,False
2013-10-02 20:20:00+00:00,-0.48493922,7.818993126201719,NO ALERT,channel_43,1.1466159,USER-SUPPLIED TELEMETRY — origin not verified,False,False
2013-10-02 20:21:00+00:00,-0.646569,7.818993126201719,NO ALERT,channel_46,1.2727128,USER-SUPPLIED TELEMETRY — origin not verified,False,False
2013-10-02 20:22:00+00:00,-1.1853062,7.818993126201719,NO ALERT,channel_43,1.1245313,USER-SUPPLIED TELEMETRY — origin not verified,False,False
2013-10-02 20:23:00+00:00,-1.7656053,7.818993126201719,NO ALERT,channel_44,1.6229912,USER-SUPPLIED TELEMETRY — origin not verified,False,False
2013-10-02 20:24:00+00:00,-1.0768195,7.818993126201719,NO ALERT,channel_44,1.203803,USER-SUPPLIED TELEMETRY — origin not verified,False,False
2013-10-02 20:25:00+00:00,-1.1167691,7.818993126201719,NO ALERT,channel_44,1.8258084,USER-SUPPLIED TELEMETRY — origin not verified,False,False
2013-10-02 20:26:00+00:00,-1.2463812,7.818993126201719,NO ALERT,channel_41,1.1355162,USER-SUPPLIED TELEMETRY — origin not verified,False,False
2013-10-02 20:27:00+00:00,-1.2992915,7.818993126201719,NO ALERT,channel_44,1.3736619,USER-SUPPLIED TELEMETRY — origin not verified,False,False
2013-10-02 20:28:00+00:00,-1.05046,7.818993126201719,NO ALERT,channel_44,1.490805,USER-SUPPLIED TELEMETRY — origin not verified,False,False
2013-10-02 20:29:00+00:00,-0.8355198,7.818993126201719,NO ALERT,channel_44,1.6143878,USER-SUPPLIED TELEMETRY — origin not verified,False,False
2013-10-02 20:30:00+00:00,-1.1542133,7.818993126201719,NO ALERT,channel_41,1.067421,USER-SUPPLIED TELEMETRY — origin not verified,False,False
2013-10-02 20:31:00+00:00,-0.7684329,7.818993126201719,NO ALERT,channel_42,1.5771356,USER-SUPPLIED TELEMETRY — origin not verified,False,False
2013-10-02 20:32:00+00:00,-0.873906,7.818993126201719,NO ALERT,channel_44,1.069455,USER-SUPPLIED TELEMETRY — origin not verified,False,False
2013-10-02 20:33:00+00:00,-1.2166456,7.818993126201719,NO ALERT,channel_44,1.0692813,USER-SUPPLIED TELEMETRY — origin not verified,False,False
2013-10-02 20:34:00+00:00,-1.0682609,7.818993126201719,NO ALERT,channel_41,1.367005,USER-SUPPLIED TELEMETRY — origin not verified,False,False
2013-10-02 20:35:00+00:00,-0.7103518,7.818993126201719,NO ALERT,channel_41,1.0682396,USER-SUPPLIED TELEMETRY — origin not verified,False,False
2013-10-02 20:36:00+00:00,-1.0038046,7.818993126201719,NO ALERT,channel_42,1.0944515,USER-SUPPLIED TELEMETRY — origin not verified,False,False
2013-10-02 20:37:00+00:00,-0.30794784,7.818993126201719,NO ALERT,channel_45,0.93877757,USER-SUPPLIED TELEMETRY — origin not verified,False,False
2013-10-02 20:38:00+00:00,-2.4665055,7.818993126201719,NO ALERT,channel_45,1.2889551,USER-SUPPLIED TELEMETRY — origin not verified,False,False
2013-10-02 20:39:00+00:00,-0.6196511,7.818993126201719,NO ALERT,channel_42,0.6503001,USER-SUPPLIED TELEMETRY — origin not verified,False,False
2013-10-02 20:40:00+00:00,-1.3104649,7.818993126201719,NO ALERT,channel_44,1.1564243,USER-SUPPLIED TELEMETRY — origin not verified,False,False
2013-10-02 20:41:00+00:00,-0.9290352,7.818993126201719,NO ALERT,channel_46,1.4342548,USER-SUPPLIED TELEMETRY — origin not verified,False,False
2013-10-02 20:42:00+00:00,-1.1130607,7.818993126201719,NO ALERT,channel_46,1.5415927,USER-SUPPLIED TELEMETRY — origin not verified,False,False
2013-10-02 20:43:00+00:00,-1.5287464,7.818993126201719,NO ALERT,channel_43,0.89658594,USER-SUPPLIED TELEMETRY — origin not verified,False,False
2013-10-02 20:44:00+00:00,-1.2564229,7.818993126201719,NO ALERT,channel_43,1.0370128,USER-SUPPLIED TELEMETRY — origin not verified,False,False
2013-10-02 20:45:00+00:00,-0.77021116,7.818993126201719,NO ALERT,channel_43,0.87813044,USER-SUPPLIED TELEMETRY — origin not verified,False,False
2013-10-02 20:46:00+00:00,-0.6636971,7.818993126201719,NO ALERT,channel_43,1.4900639,USER-SUPPLIED TELEMETRY — origin not verified,False,False
2013-10-02 20:47:00+00:00,-1.170833,7.818993126201719,NO ALERT,channel_43,1.0101075,USER-SUPPLIED TELEMETRY — origin not verified,False,False
2013-10-02 20:48:00+00:00,-1.5041417,7.818993126201719,NO ALERT,channel_43,1.1761541,USER-SUPPLIED TELEMETRY — origin not verified,False,False
2013-10-02 20:49:00+00:00,-0.46180263,7.818993126201719,NO ALERT,channel_43,1.0012317,USER-SUPPLIED TELEMETRY — origin not verified,False,False
2013-10-02 20:50:00+00:00,-1.065638,7.818993126201719,NO ALERT,channel_43,1.157058,USER-SUPPLIED TELEMETRY — origin not verified,False,False
2013-10-02 20:51:00+00:00,-1.6919919,7.818993126201719,NO ALERT,channel_43,0.8552892,USER-SUPPLIED TELEMETRY — origin not verified,False,False
2013-10-02 20:52:00+00:00,-0.9321662,7.818993126201719,NO ALERT,channel_46,1.1582813,USER-SUPPLIED TELEMETRY — origin not verified,False,False
2013-10-02 20:53:00+00:00,-1.384046,7.818993126201719,NO ALERT,channel_41,0.9915714,USER-SUPPLIED TELEMETRY — origin not verified,False,False
2013-10-02 20:54:00+00:00,-1.0883654,7.818993126201719,NO ALERT,channel_41,0.9885815,USER-SUPPLIED TELEMETRY — origin not verified,False,False
2013-10-02 20:55:00+00:00,-0.7675729,7.818993126201719,NO ALERT,channel_44,1.4684186,USER-SUPPLIED TELEMETRY — origin not verified,False,False
2013-10-02 20:56:00+00:00,-1.0619527,7.818993126201719,NO ALERT,channel_42,1.1501089,USER-SUPPLIED TELEMETRY — origin not verified,False,False
2013-10-02 20:57:00+00:00,-1.1277908,7.818993126201719,NO ALERT,channel_42,1.2506667,USER-SUPPLIED TELEMETRY — origin not verified,False,False
2013-10-02 20:58:00+00:00,-1.150486,7.818993126201719,NO ALERT,channel_42,1.3312187,USER-SUPPLIED TELEMETRY — origin not verified,False,False
2013-10-02 20:59:00+00:00,-1.431161,7.818993126201719,NO ALERT,channel_46,1.1735055,USER-SUPPLIED TELEMETRY — origin not verified,False,False
2013-10-02 21:00:00+00:00,-1.5670975,7.818993126201719,NO ALERT,channel_46,2.0962515,USER-SUPPLIED TELEMETRY — origin not verified,False,False
2013-10-02 21:01:00+00:00,-1.421497,7.818993126201719,NO ALERT,channel_42,1.1497488,USER-SUPPLIED TELEMETRY — origin not verified,False,False
2013-10-02 21:02:00+00:00,-1.2629955,7.818993126201719,NO ALERT,channel_45,1.0912739,USER-SUPPLIED TELEMETRY — origin not verified,False,False
2013-10-02 21:03:00+00:00,-0.773857,7.818993126201719,NO ALERT,channel_45,1.2198045,USER-SUPPLIED TELEMETRY — origin not verified,False,False
2013-10-02 21:04:00+00:00,-1.5324798,7.818993126201719,NO ALERT,channel_44,1.5517216,USER-SUPPLIED TELEMETRY — origin not verified,False,False
2013-10-02 21:05:00+00:00,-0.40541583,7.818993126201719,NO ALERT,channel_45,1.0490881,USER-SUPPLIED TELEMETRY — origin not verified,False,False
2013-10-02 21:06:00+00:00,-1.2941936,7.818993126201719,NO ALERT,channel_45,1.0484704,USER-SUPPLIED TELEMETRY — origin not verified,False,False
2013-10-02 21:07:00+00:00,-1.4293478,7.818993126201719,NO ALERT,channel_43,0.83383536,USER-SUPPLIED TELEMETRY — origin not verified,False,False
2013-10-02 21:08:00+00:00,-1.2618467,7.818993126201719,NO ALERT,channel_46,1.7509847,USER-SUPPLIED TELEMETRY — origin not verified,False,False
2013-10-02 21:09:00+00:00,-0.32956454,7.818993126201719,NO ALERT,channel_41,0.8227308,USER-SUPPLIED TELEMETRY — origin not verified,False,False
2013-10-02 21:10:00+00:00,-1.3823699,7.818993126201719,NO ALERT,channel_43,1.1260875,USER-SUPPLIED TELEMETRY — origin not verified,False,False
2013-10-02 21:11:00+00:00,-1.0707873,7.818993126201719,NO ALERT,channel_41,0.7724417,USER-SUPPLIED TELEMETRY — origin not verified,False,False
2013-10-02 21:12:00+00:00,-1.6591314,7.818993126201719,NO ALERT,channel_44,1.2681463,USER-SUPPLIED TELEMETRY — origin not verified,False,False
2013-10-02 21:13:00+00:00,-1.134691,7.818993126201719,NO ALERT,channel_41,1.4960916,USER-SUPPLIED TELEMETRY — origin not verified,False,False
2013-10-02 21:14:00+00:00,-0.9999733,7.818993126201719,NO ALERT,channel_46,1.025797,USER-SUPPLIED TELEMETRY — origin not verified,False,False
2013-10-02 21:15:00+00:00,-0.7804874,7.818993126201719,NO ALERT,channel_41,1.1093004,USER-SUPPLIED TELEMETRY — origin not verified,False,False
2013-10-02 21:16:00+00:00,-1.2754054,7.818993126201719,NO ALERT,channel_41,1.0859184,USER-SUPPLIED TELEMETRY — origin not verified,False,False
2013-10-02 21:17:00+00:00,-0.89773065,7.818993126201719,NO ALERT,channel_44,1.6712826,USER-SUPPLIED TELEMETRY — origin not verified,False,False
2013-10-02 21:18:00+00:00,-1.2680739,7.818993126201719,NO ALERT,channel_44,1.6045599,USER-SUPPLIED TELEMETRY — origin not verified,False,False
2013-10-02 21:19:00+00:00,-1.0838253,7.818993126201719,NO ALERT,channel_45,1.2784991,USER-SUPPLIED TELEMETRY — origin not verified,False,False
2013-10-02 21:20:00+00:00,-1.5983785,7.818993126201719,NO ALERT,channel_44,1.8877469,USER-SUPPLIED TELEMETRY — origin not verified,False,False
2013-10-02 21:21:00+00:00,-1.0659354,7.818993126201719,NO ALERT,channel_42,1.818146,USER-SUPPLIED TELEMETRY — origin not verified,False,False
2013-10-02 21:22:00+00:00,-1.0777503,7.818993126201719,NO ALERT,channel_42,1.4261012,USER-SUPPLIED TELEMETRY — origin not verified,False,False
2013-10-02 21:23:00+00:00,-1.7757385,7.818993126201719,NO ALERT,channel_42,1.8523031,USER-SUPPLIED TELEMETRY — origin not verified,False,False
2013-10-02 21:24:00+00:00,-0.42034933,7.818993126201719,NO ALERT,channel_45,1.2802539,USER-SUPPLIED TELEMETRY — origin not verified,False,False
2013-10-02 21:25:00+00:00,-1.1912938,7.818993126201719,NO ALERT,channel_45,1.2548013,USER-SUPPLIED TELEMETRY — origin not verified,False,False
2013-10-02 21:26:00+00:00,-1.3669144,7.818993126201719,NO ALERT,channel_42,1.4704499,USER-SUPPLIED TELEMETRY — origin not verified,False,False
2013-10-02 21:27:00+00:00,-1.0662712,7.818993126201719,NO ALERT,channel_46,1.5035336,USER-SUPPLIED TELEMETRY — origin not verified,False,False
2013-10-02 21:28:00+00:00,-0.46098855,7.818993126201719,NO ALERT,channel_46,2.0276852,USER-SUPPLIED TELEMETRY — origin not verified,False,False
2013-10-02 21:29:00+00:00,-0.67840177,7.818993126201719,NO ALERT,channel_46,1.3207563,USER-SUPPLIED TELEMETRY — origin not verified,False,False
2013-10-02 21:30:00+00:00,-0.9531749,7.818993126201719,NO ALERT,channel_46,2.0144331,USER-SUPPLIED TELEMETRY — origin not verified,False,False
2013-10-02 21:31:00+00:00,-1.3532463,7.818993126201719,NO ALERT,channel_46,1.3793291,USER-SUPPLIED TELEMETRY — origin not verified,False,False
2013-10-02 21:32:00+00:00,-1.4856081,7.818993126201719,NO ALERT,channel_43,1.3356781,USER-SUPPLIED TELEMETRY — origin not verified,False,False
2013-10-02 21:33:00+00:00,-1.6369532,7.818993126201719,NO ALERT,channel_46,1.6964896,USER-SUPPLIED TELEMETRY — origin not verified,False,False
2013-10-02 21:34:00+00:00,-1.376143,7.818993126201719,NO ALERT,channel_43,1.2890948,USER-SUPPLIED TELEMETRY — origin not verified,False,False
2013-10-02 21:35:00+00:00,-0.89405334,7.818993126201719,NO ALERT,channel_46,1.8896414,USER-SUPPLIED TELEMETRY — origin not verified,False,False
2013-10-02 21:36:00+00:00,-1.9596503,7.818993126201719,NO ALERT,channel_44,1.2651467,USER-SUPPLIED TELEMETRY — origin not verified,False,False
2013-10-02 21:37:00+00:00,-1.0249323,7.818993126201719,NO ALERT,channel_41,1.6833415,USER-SUPPLIED TELEMETRY — origin not verified,False,False
2013-10-02 21:38:00+00:00,-2.0140905,7.818993126201719,NO ALERT,channel_44,1.4531931,USER-SUPPLIED TELEMETRY — origin not verified,False,False
2013-10-02 21:39:00+00:00,-1.1712655,7.818993126201719,NO ALERT,channel_44,1.5562546,USER-SUPPLIED TELEMETRY — origin not verified,False,False
2013-10-02 21:40:00+00:00,-1.5315846,7.818993126201719,NO ALERT,channel_44,1.3880903,USER-SUPPLIED TELEMETRY — origin not verified,False,False
2013-10-02 21:41:00+00:00,-1.1362782,7.818993126201719,NO ALERT,channel_41,1.5871235,USER-SUPPLIED TELEMETRY — origin not verified,False,False
2013-10-02 21:42:00+00:00,-0.96693647,7.818993126201719,NO ALERT,channel_41,1.871441,USER-SUPPLIED TELEMETRY — origin not verified,False,False
2013-10-02 21:43:00+00:00,-0.62913376,7.818993126201719,NO ALERT,channel_42,1.7422355,USER-SUPPLIED TELEMETRY — origin not verified,False,False
2013-10-02 21:44:00+00:00,-1.658239,7.818993126201719,NO ALERT,channel_42,1.2450796,USER-SUPPLIED TELEMETRY — origin not verified,False,False
2013-10-02 21:45:00+00:00,-1.6308602,7.818993126201719,NO ALERT,channel_41,1.19903,USER-SUPPLIED TELEMETRY — origin not verified,False,False
2013-10-02 21:46:00+00:00,-1.1813425,7.818993126201719,NO ALERT,channel_42,1.539445,USER-SUPPLIED TELEMETRY — origin not verified,False,False
2013-10-02 21:47:00+00:00,-1.6038777,7.818993126201719,NO ALERT,channel_46,1.7679063,USER-SUPPLIED TELEMETRY — origin not verified,False,False
2013-10-02 21:48:00+00:00,-0.9488108,7.818993126201719,NO ALERT,channel_42,1.82366,USER-SUPPLIED TELEMETRY — origin not verified,False,False
2013-10-02 21:49:00+00:00,-0.79088914,7.818993126201719,NO ALERT,channel_42,1.7951804,USER-SUPPLIED TELEMETRY — origin not verified,False,False
2013-10-02 21:50:00+00:00,-0.9999945,7.818993126201719,NO ALERT,channel_46,1.3214622,USER-SUPPLIED TELEMETRY — origin not verified,False,False
2013-10-02 21:51:00+00:00,-0.5965876,7.818993126201719,NO ALERT,channel_45,1.3260416,USER-SUPPLIED TELEMETRY — origin not verified,False,False
2013-10-02 21:52:00+00:00,-0.9277947,7.818993126201719,NO ALERT,channel_45,1.3129575,USER-SUPPLIED TELEMETRY — origin not verified,False,False
2013-10-02 21:53:00+00:00,-1.229714,7.818993126201719,NO ALERT,channel_46,1.4822104,USER-SUPPLIED TELEMETRY — origin not verified,False,False
2013-10-02 21:54:00+00:00,-1.067679,7.818993126201719,NO ALERT,channel_46,1.5820742,USER-SUPPLIED TELEMETRY — origin not verified,False,False
2013-10-02 21:55:00+00:00,-0.41978917,7.818993126201719,NO ALERT,channel_46,1.5647953,USER-SUPPLIED TELEMETRY — origin not verified,False,False
2013-10-02 21:56:00+00:00,-0.6192464,7.818993126201719,NO ALERT,channel_44,1.3233318,USER-SUPPLIED TELEMETRY — origin not verified,False,False
2013-10-02 21:57:00+00:00,-2.496347,7.818993126201719,NO ALERT,channel_46,1.898671,USER-SUPPLIED TELEMETRY — origin not verified,False,False
2013-10-02 21:58:00+00:00,-0.9184934,7.818993126201719,NO ALERT,channel_44,1.7829822,USER-SUPPLIED TELEMETRY — origin not verified,False,False
2013-10-02 21:59:00+00:00,-1.6267991,7.818993126201719,NO ALERT,channel_43,1.6237327,USER-SUPPLIED TELEMETRY — origin not verified,False,False
2013-10-02 22:00:00+00:00,-0.11646859,7.818993126201719,NO ALERT,channel_41,1.2425799,USER-SUPPLIED TELEMETRY — origin not verified,False,False
2013-10-02 22:01:00+00:00,-1.9726882,7.818993126201719,NO ALERT,channel_44,1.9675422,USER-SUPPLIED TELEMETRY — origin not verified,False,False
2013-10-02 22:02:00+00:00,-1.5388435,7.818993126201719,NO ALERT,channel_44,1.656992,USER-SUPPLIED TELEMETRY — origin not verified,False,False
2013-10-02 22:03:00+00:00,-0.78457355,7.818993126201719,NO ALERT,channel_41,1.4669067,USER-SUPPLIED TELEMETRY — origin not verified,False,False
2013-10-02 22:04:00+00:00,-0.6524886,7.818993126201719,NO ALERT,channel_44,1.611779,USER-SUPPLIED TELEMETRY — origin not verified,False,False
2013-10-02 22:05:00+00:00,-0.91552544,7.818993126201719,NO ALERT,channel_41,1.5627357,USER-SUPPLIED TELEMETRY — origin not verified,False,False
2013-10-02 22:06:00+00:00,-0.41498342,7.818993126201719,NO ALERT,channel_41,1.5355053,USER-SUPPLIED TELEMETRY — origin not verified,False,False
2013-10-02 22:07:00+00:00,-1.0053128,7.818993126201719,NO ALERT,channel_41,1.1995914,USER-SUPPLIED TELEMETRY — origin not verified,False,False
2013-10-02 22:08:00+00:00,-1.0939049,7.818993126201719,NO ALERT,channel_42,2.104868,USER-SUPPLIED TELEMETRY — origin not verified,False,False
2013-10-02 22:09:00+00:00,-1.058813,7.818993126201719,NO ALERT,channel_41,1.3212816,USER-SUPPLIED TELEMETRY — origin not verified,False,False
2013-10-02 22:10:00+00:00,-0.9514322,7.818993126201719,NO ALERT,channel_45,1.4021693,USER-SUPPLIED TELEMETRY — origin not verified,False,False
2013-10-02 22:11:00+00:00,-1.5838863,7.818993126201719,NO ALERT,channel_42,1.3537441,USER-SUPPLIED TELEMETRY — origin not verified,False,False
2013-10-02 22:12:00+00:00,-0.8848864,7.818993126201719,NO ALERT,channel_45,1.495951,USER-SUPPLIED TELEMETRY — origin not verified,False,False
2013-10-02 22:13:00+00:00,-1.0161321,7.818993126201719,NO ALERT,channel_44,1.3673129,USER-SUPPLIED TELEMETRY — origin not verified,False,False
2013-10-02 22:14:00+00:00,-1.2883906,7.818993126201719,NO ALERT,channel_45,1.592382,USER-SUPPLIED TELEMETRY — origin not verified,False,False
2013-10-02 22:15:00+00:00,-1.0788926,7.818993126201719,NO ALERT,channel_45,1.4211376,USER-SUPPLIED TELEMETRY — origin not verified,False,False
2013-10-02 22:16:00+00:00,-0.71172583,7.818993126201719,NO ALERT,channel_46,1.8363084,USER-SUPPLIED TELEMETRY — origin not verified,False,False
2013-10-02 22:17:00+00:00,-1.2652801,7.818993126201719,NO ALERT,channel_46,1.4432307,USER-SUPPLIED TELEMETRY — origin not verified,False,False
2013-10-02 22:18:00+00:00,-1.7717823,7.818993126201719,NO ALERT,channel_43,1.5048137,USER-SUPPLIED TELEMETRY — origin not verified,False,False
2013-10-02 22:19:00+00:00,-1.663453,7.818993126201719,NO ALERT,channel_46,1.3869284,USER-SUPPLIED TELEMETRY — origin not verified,False,False
2013-10-02 22:20:00+00:00,-1.11834,7.818993126201719,NO ALERT,channel_46,1.9681724,USER-SUPPLIED TELEMETRY — origin not verified,False,False
2013-10-02 22:21:00+00:00,-1.3396372,7.818993126201719,NO ALERT,channel_46,2.2899354,USER-SUPPLIED TELEMETRY — origin not verified,False,False
2013-10-02 22:22:00+00:00,-1.537865,7.818993126201719,NO ALERT,channel_46,1.650422,USER-SUPPLIED TELEMETRY — origin not verified,False,False
2013-10-02 22:23:00+00:00,-0.69240534,7.818993126201719,NO ALERT,channel_46,1.6396781,USER-SUPPLIED TELEMETRY — origin not verified,False,False
2013-10-02 22:24:00+00:00,-1.4021103,7.818993126201719,NO ALERT,channel_44,1.7829462,USER-SUPPLIED TELEMETRY — origin not verified,False,False
2013-10-02 22:25:00+00:00,-0.73430496,7.818993126201719,NO ALERT,channel_43,1.3239294,USER-SUPPLIED TELEMETRY — origin not verified,False,False
2013-10-02 22:26:00+00:00,-0.84825873,7.818993126201719,NO ALERT,channel_44,1.8607312,USER-SUPPLIED TELEMETRY — origin not verified,False,False
2013-10-02 22:27:00+00:00,-0.9290694,7.818993126201719,NO ALERT,channel_43,1.1431444,USER-SUPPLIED TELEMETRY — origin not verified,False,False
2013-10-02 22:28:00+00:00,-0.98431975,7.818993126201719,NO ALERT,channel_41,1.431638,USER-SUPPLIED TELEMETRY — origin not verified,False,False
2013-10-02 22:29:00+00:00,-0.7485919,7.818993126201719,NO ALERT,channel_44,1.7906768,USER-SUPPLIED TELEMETRY — origin not verified,False,False
2013-10-02 22:30:00+00:00,-1.826615,7.818993126201719,NO ALERT,channel_44,1.3640164,USER-SUPPLIED TELEMETRY — origin not verified,False,False
2013-10-02 22:31:00+00:00,-0.6832671,7.818993126201719,NO ALERT,channel_41,1.362878,USER-SUPPLIED TELEMETRY — origin not verified,False,False
2013-10-02 22:32:00+00:00,-0.30171537,7.818993126201719,NO ALERT,channel_42,1.9147907,USER-SUPPLIED TELEMETRY — origin not verified,False,False
2013-10-02 22:33:00+00:00,-1.0939256,7.818993126201719,NO ALERT,channel_42,1.5125233,USER-SUPPLIED TELEMETRY — origin not verified,False,False
2013-10-02 22:34:00+00:00,-0.8275895,7.818993126201719,NO ALERT,channel_42,1.3617697,USER-SUPPLIED TELEMETRY — origin not verified,False,False
2013-10-02 22:35:00+00:00,-1.6138152,7.818993126201719,NO ALERT,channel_45,1.3236622,USER-SUPPLIED TELEMETRY — origin not verified,False,False
2013-10-02 22:36:00+00:00,-1.125264,7.818993126201719,NO ALERT,channel_45,1.4353746,USER-SUPPLIED TELEMETRY — origin not verified,False,False
2013-10-02 22:37:00+00:00,-1.0179313,7.818993126201719,NO ALERT,channel_45,1.5595368,USER-SUPPLIED TELEMETRY — origin not verified,False,False
2013-10-02 22:38:00+00:00,0.21206371,7.818993126201719,NO ALERT,channel_45,1.6138382,USER-SUPPLIED TELEMETRY — origin not verified,False,False
2013-10-02 22:39:00+00:00,-0.49664086,7.818993126201719,NO ALERT,channel_42,2.0142264,USER-SUPPLIED TELEMETRY — origin not verified,False,False
2013-10-02 22:40:00+00:00,-1.7093605,7.818993126201719,NO ALERT,channel_46,2.0110962,USER-SUPPLIED TELEMETRY — origin not verified,False,False
2013-10-02 22:41:00+00:00,-1.3286573,7.818993126201719,NO ALERT,channel_45,1.4834013,USER-SUPPLIED TELEMETRY — origin not verified,False,False
2013-10-02 22:42:00+00:00,-1.2752947,7.818993126201719,NO ALERT,channel_46,1.3598783,USER-SUPPLIED TELEMETRY — origin not verified,False,False
2013-10-02 22:43:00+00:00,-0.9718009,7.818993126201719,NO ALERT,channel_45,1.3117303,USER-SUPPLIED TELEMETRY — origin not verified,False,False
2013-10-02 22:44:00+00:00,-0.9801097,7.818993126201719,NO ALERT,channel_43,1.2302793,USER-SUPPLIED TELEMETRY — origin not verified,False,False
2013-10-02 22:45:00+00:00,-1.505129,7.818993126201719,NO ALERT,channel_43,1.37481,USER-SUPPLIED TELEMETRY — origin not verified,False,False
2013-10-02 22:46:00+00:00,-0.7079073,7.818993126201719,NO ALERT,channel_43,1.5170017,USER-SUPPLIED TELEMETRY — origin not verified,False,False
2013-10-02 22:47:00+00:00,-1.2680924,7.818993126201719,NO ALERT,channel_43,1.6584243,USER-SUPPLIED TELEMETRY — origin not verified,False,False
2013-10-02 22:48:00+00:00,-1.0785457,7.818993126201719,NO ALERT,channel_46,1.567369,USER-SUPPLIED TELEMETRY — origin not verified,False,False
2013-10-02 22:49:00+00:00,-1.3632692,7.818993126201719,NO ALERT,channel_41,1.2841281,USER-SUPPLIED TELEMETRY — origin not verified,False,False
2013-10-02 22:50:00+00:00,-1.4971063,7.818993126201719,NO ALERT,channel_44,1.2501142,USER-SUPPLIED TELEMETRY — origin not verified,False,False
2013-10-02 22:51:00+00:00,-1.3224223,7.818993126201719,NO ALERT,channel_41,1.371478,USER-SUPPLIED TELEMETRY — origin not verified,False,False
2013-10-02 22:52:00+00:00,-1.1054453,7.818993126201719,NO ALERT,channel_41,1.6489356,USER-SUPPLIED TELEMETRY — origin not verified,False,False
2013-10-02 22:53:00+00:00,-1.3992665,7.818993126201719,NO ALERT,channel_44,1.9632609,USER-SUPPLIED TELEMETRY — origin not verified,False,False
2013-10-02 22:54:00+00:00,-1.1597494,7.818993126201719,NO ALERT,channel_41,1.5963429,USER-SUPPLIED TELEMETRY — origin not verified,False,False
2013-10-02 22:55:00+00:00,-2.4057534,7.818993126201719,NO ALERT,channel_44,1.5363134,USER-SUPPLIED TELEMETRY — origin not verified,False,False
2013-10-02 22:56:00+00:00,-1.2960944,7.818993126201719,NO ALERT,channel_41,1.5642358,USER-SUPPLIED TELEMETRY — origin not verified,False,False
2013-10-02 22:57:00+00:00,-1.684244,7.818993126201719,NO ALERT,channel_44,2.0221262,USER-SUPPLIED TELEMETRY — origin not verified,False,False
2013-10-02 22:58:00+00:00,-0.7980976,7.818993126201719,NO ALERT,channel_42,1.6952001,USER-SUPPLIED TELEMETRY — origin not verified,False,False
2013-10-02 22:59:00+00:00,-2.0500224,7.818993126201719,NO ALERT,channel_45,1.3399537,USER-SUPPLIED TELEMETRY — origin not verified,False,False
2013-10-02 23:00:00+00:00,-1.4147805,7.818993126201719,NO ALERT,channel_45,1.6068618,USER-SUPPLIED TELEMETRY — origin not verified,False,False
2013-10-02 23:01:00+00:00,-1.4689656,7.818993126201719,NO ALERT,channel_46,1.5405095,USER-SUPPLIED TELEMETRY — origin not verified,False,False
2013-10-02 23:02:00+00:00,-1.8636783,7.818993126201719,NO ALERT,channel_42,1.6038784,USER-SUPPLIED TELEMETRY — origin not verified,False,False
2013-10-02 23:03:00+00:00,-1.5861368,7.818993126201719,NO ALERT,channel_46,1.33381,USER-SUPPLIED TELEMETRY — origin not verified,False,False
2013-10-02 23:04:00+00:00,-0.9975861,7.818993126201719,NO ALERT,channel_45,1.3568062,USER-SUPPLIED TELEMETRY — origin not verified,False,False
2013-10-02 23:05:00+00:00,-1.7914428,7.818993126201719,NO ALERT,channel_45,1.3464152,USER-SUPPLIED TELEMETRY — origin not verified,False,False
2013-10-02 23:06:00+00:00,-0.464543,7.818993126201719,NO ALERT,channel_46,1.7189766,USER-SUPPLIED TELEMETRY — origin not verified,False,False
2013-10-02 23:07:00+00:00,-1.426644,7.818993126201719,NO ALERT,channel_46,1.439753,USER-SUPPLIED TELEMETRY — origin not verified,False,False
2013-10-02 23:08:00+00:00,-1.6944932,7.818993126201719,NO ALERT,channel_46,1.9406612,USER-SUPPLIED TELEMETRY — origin not verified,False,False
2013-10-02 23:09:00+00:00,-1.6276835,7.818993126201719,NO ALERT,channel_46,1.6068467,USER-SUPPLIED TELEMETRY — origin not verified,False,False
2013-10-02 23:10:00+00:00,-1.3044072,7.818993126201719,NO ALERT,channel_46,2.300411,USER-SUPPLIED TELEMETRY — origin not verified,False,False
2013-10-02 23:11:00+00:00,-1.6742593,7.818993126201719,NO ALERT,channel_46,1.7834516,USER-SUPPLIED TELEMETRY — origin not verified,False,False
2013-10-02 23:12:00+00:00,-1.2958604,7.818993126201719,NO ALERT,channel_43,1.5702883,USER-SUPPLIED TELEMETRY — origin not verified,False,False
2013-10-02 23:13:00+00:00,-0.44490185,7.818993126201719,NO ALERT,channel_44,1.6025034,USER-SUPPLIED TELEMETRY — origin not verified,False,False
2013-10-02 23:14:00+00:00,-1.1288253,7.818993126201719,NO ALERT,channel_46,1.7116941,USER-SUPPLIED TELEMETRY — origin not verified,False,False
2013-10-02 23:15:00+00:00,-0.5103484,7.818993126201719,NO ALERT,channel_44,2.04476,USER-SUPPLIED TELEMETRY — origin not verified,False,False
2013-10-02 23:16:00+00:00,-1.2861553,7.818993126201719,NO ALERT,channel_44,1.7358236,USER-SUPPLIED TELEMETRY — origin not verified,False,False
2013-10-02 23:17:00+00:00,-0.7008773,7.818993126201719,NO ALERT,channel_41,1.3042862,USER-SUPPLIED TELEMETRY — origin not verified,False,False
2013-10-02 23:18:00+00:00,-0.8658215,7.818993126201719,NO ALERT,channel_44,1.6771153,USER-SUPPLIED TELEMETRY — origin not verified,False,False
2013-10-02 23:19:00+00:00,-0.44969916,7.818993126201719,NO ALERT,channel_42,1.4366862,USER-SUPPLIED TELEMETRY — origin not verified,False,False
2013-10-02 23:20:00+00:00,-1.6228715,7.818993126201719,NO ALERT,channel_42,1.3904431,USER-SUPPLIED TELEMETRY — origin not verified,False,False
2013-10-02 23:21:00+00:00,-1.5204946,7.818993126201719,NO ALERT,channel_45,1.2730258,USER-SUPPLIED TELEMETRY — origin not verified,False,False
2013-10-02 23:22:00+00:00,-0.6930231,7.818993126201719,NO ALERT,channel_44,1.1251922,USER-SUPPLIED TELEMETRY — origin not verified,False,False
2013-10-02 23:23:00+00:00,-0.9690839,7.818993126201719,NO ALERT,channel_42,1.3051918,USER-SUPPLIED TELEMETRY — origin not verified,False,False
2013-10-02 23:24:00+00:00,-1.9105831,7.818993126201719,NO ALERT,channel_42,1.6159806,USER-SUPPLIED TELEMETRY — origin not verified,False,False
2013-10-02 23:25:00+00:00,-0.7788268,7.818993126201719,NO ALERT,channel_45,1.7403858,USER-SUPPLIED TELEMETRY — origin not verified,False,False
2013-10-02 23:26:00+00:00,-0.32094216,7.818993126201719,NO ALERT,channel_42,1.4503593,USER-SUPPLIED TELEMETRY — origin not verified,False,False
2013-10-02 23:27:00+00:00,-0.8081907,7.818993126201719,NO ALERT,channel_42,1.6440656,USER-SUPPLIED TELEMETRY — origin not verified,False,False
2013-10-02 23:28:00+00:00,-1.3775731,7.818993126201719,NO ALERT,channel_42,1.9028357,USER-SUPPLIED TELEMETRY — origin not verified,False,False
2013-10-02 23:29:00+00:00,-0.2315739,7.818993126201719,NO ALERT,channel_42,1.3574357,USER-SUPPLIED TELEMETRY — origin not verified,False,False
2013-10-02 23:30:00+00:00,-0.9261178,7.818993126201719,NO ALERT,channel_45,1.1949424,USER-SUPPLIED TELEMETRY — origin not verified,False,False
2013-10-02 23:31:00+00:00,-1.0732206,7.818993126201719,NO ALERT,channel_46,1.0342981,USER-SUPPLIED TELEMETRY — origin not verified,False,False
2013-10-02 23:32:00+00:00,-1.7020046,7.818993126201719,NO ALERT,channel_46,1.5019953,USER-SUPPLIED TELEMETRY — origin not verified,False,False
2013-10-02 23:33:00+00:00,-1.5995637,7.818993126201719,NO ALERT,channel_46,1.6097213,USER-SUPPLIED TELEMETRY — origin not verified,False,False
2013-10-02 23:34:00+00:00,-0.98748684,7.818993126201719,NO ALERT,channel_46,1.5963959,USER-SUPPLIED TELEMETRY — origin not verified,False,False
2013-10-02 23:35:00+00:00,-1.154627,7.818993126201719,NO ALERT,channel_43,1.2092699,USER-SUPPLIED TELEMETRY — origin not verified,False,False
2013-10-02 23:36:00+00:00,-2.9636424,7.818993126201719,NO ALERT,channel_46,2.9007132,USER-SUPPLIED TELEMETRY — origin not verified,False,False
2013-10-02 23:37:00+00:00,-0.75913775,7.818993126201719,NO ALERT,channel_44,1.5780485,USER-SUPPLIED TELEMETRY — origin not verified,False,False
2013-10-02 23:38:00+00:00,-2.1524875,7.818993126201719,NO ALERT,channel_43,1.5072379,USER-SUPPLIED TELEMETRY — origin not verified,False,False
2013-10-02 23:39:00+00:00,-1.2609442,7.818993126201719,NO ALERT,channel_41,1.4468588,USER-SUPPLIED TELEMETRY — origin not verified,False,False
2013-10-02 23:40:00+00:00,-0.40851268,7.818993126201719,NO ALERT,channel_41,1.2538923,USER-SUPPLIED TELEMETRY — origin not verified,False,False
2013-10-02 23:41:00+00:00,-0.985789,7.818993126201719,NO ALERT,channel_41,1.3767258,USER-SUPPLIED TELEMETRY — origin not verified,False,False
2013-10-02 23:42:00+00:00,-1.1327025,7.818993126201719,NO ALERT,channel_41,1.5040883,USER-SUPPLIED TELEMETRY — origin not verified,False,False
2013-10-02 23:43:00+00:00,-2.032074,7.818993126201719,NO ALERT,channel_41,1.4753808,USER-SUPPLIED TELEMETRY — origin not verified,False,False
2013-10-02 23:44:00+00:00,-1.1297166,7.818993126201719,NO ALERT,channel_41,1.2928606,USER-SUPPLIED TELEMETRY — origin not verified,False,False
2013-10-02 23:45:00+00:00,-1.0961069,7.818993126201719,NO ALERT,channel_41,1.4277655,USER-SUPPLIED TELEMETRY — origin not verified,False,False
2013-10-02 23:46:00+00:00,-0.69888663,7.818993126201719,NO ALERT,channel_45,1.2237755,USER-SUPPLIED TELEMETRY — origin not verified,False,False
2013-10-02 23:47:00+00:00,-1.2092248,7.818993126201719,NO ALERT,channel_44,1.8882849,USER-SUPPLIED TELEMETRY — origin not verified,False,False
2013-10-02 23:48:00+00:00,0.19005205,7.818993126201719,NO ALERT,channel_44,1.7569762,USER-SUPPLIED TELEMETRY — origin not verified,False,False
2013-10-02 23:49:00+00:00,-2.7205536,7.818993126201719,NO ALERT,channel_46,1.2461449,USER-SUPPLIED TELEMETRY — origin not verified,False,False
2013-10-02 23:50:00+00:00,-0.38037583,7.818993126201719,NO ALERT,channel_45,1.2715232,USER-SUPPLIED TELEMETRY — origin not verified,False,False
2013-10-02 23:51:00+00:00,0.043456037,7.818993126201719,NO ALERT,channel_42,1.2620916,USER-SUPPLIED TELEMETRY — origin not verified,False,False
2013-10-02 23:52:00+00:00,-1.2135146,7.818993126201719,NO ALERT,channel_45,2.1358736,USER-SUPPLIED TELEMETRY — origin not verified,False,False
2013-10-02 23:53:00+00:00,-0.5162178,7.818993126201719,NO ALERT,channel_42,1.4829971,USER-SUPPLIED TELEMETRY — origin not verified,False,False
2013-10-02 23:54:00+00:00,-1.0429388,7.818993126201719,NO ALERT,channel_45,1.4998368,USER-SUPPLIED TELEMETRY — origin not verified,False,False
2013-10-02 23:55:00+00:00,-0.9743597,7.818993126201719,NO ALERT,channel_46,1.7228335,USER-SUPPLIED TELEMETRY — origin not verified,False,False
2013-10-02 23:56:00+00:00,-1.0105683,7.818993126201719,NO ALERT,channel_45,1.3317178,USER-SUPPLIED TELEMETRY — origin not verified,False,False
2013-10-02 23:57:00+00:00,-0.69902897,7.818993126201719,NO ALERT,channel_46,1.6507374,USER-SUPPLIED TELEMETRY — origin not verified,False,False
2013-10-02 23:58:00+00:00,-1.7907864,7.818993126201719,NO ALERT,channel_46,1.9648428,USER-SUPPLIED TELEMETRY — origin not verified,False,False
2013-10-02 23:59:00+00:00,-1.0837635,7.818993126201719,NO ALERT,channel_46,1.4837018,USER-SUPPLIED TELEMETRY — origin not verified,False,False
